0b000c01 0b000d01 10000 100 131072 559010 2623 516
0b000401 0b000501 10000 100 131072 559010 2623 516
0b000b01 0b000c01 10006 100 131072 559010 2623 516
0b000301 0b000401 10006 100 131072 559010 2623 516
0b000901 0b000a01 10006 100 131072 559010 2623 516
0b000101 0b000201 10006 100 131072 559010 2623 516
0b000a01 0b000b01 10006 100 131072 559010 2623 516
0b000801 0b000901 10000 100 131072 559010 2623 516
0b000201 0b000301 10006 100 131072 559010 2623 516
0b000f01 0b000801 10006 100 131072 559010 2623 516
0b000001 0b000101 10000 100 131072 559010 2623 516
0b000d01 0b000e01 10006 100 131072 559010 2623 516
0b000e01 0b000f01 10006 100 131072 559010 2623 516
0b000701 0b000001 10006 100 131072 559010 2623 516
0b000501 0b000601 10006 100 131072 559010 2623 516
0b000c01 0b000d01 10006 100 131072 559010 2623 516
0b000601 0b000701 10006 100 131072 559010 2623 516
0b000b01 0b000c01 10005 100 131072 559010 2623 516
0b000901 0b000a01 10005 100 131072 559010 2623 516
0b000401 0b000501 10006 100 131072 559010 2623 516
0b000a01 0b000b01 10005 100 131072 559010 2623 516
0b000301 0b000401 10005 100 131072 559010 2623 516
0b000801 0b000901 10006 100 131072 559010 2623 516
0b000101 0b000201 10005 100 131072 559010 2623 516
0b000201 0b000301 10005 100 131072 559010 2623 516
0b000f01 0b000801 10005 100 131072 559010 2623 516
0b000001 0b000101 10006 100 131072 559010 2623 516
0b000d01 0b000e01 10005 100 131072 559010 2623 516
0b000701 0b000001 10005 100 131072 559010 2623 516
0b000e01 0b000f01 10005 100 131072 559010 2623 516
0b000501 0b000601 10005 100 131072 559010 2623 516
0b000c01 0b000d01 10005 100 131072 559010 2623 516
0b000601 0b000701 10005 100 131072 559010 2623 516
0b000b01 0b000c01 10004 100 131072 559010 2623 516
0b000401 0b000501 10005 100 131072 559010 2623 516
0b000901 0b000a01 10004 100 131072 559010 2623 516
0b000a01 0b000b01 10004 100 131072 559010 2623 516
0b000801 0b000901 10005 100 131072 559010 2623 516
0b000301 0b000401 10004 100 131072 559010 2623 516
0b000f01 0b000801 10004 100 131072 559010 2623 516
0b000d01 0b000e01 10004 100 131072 559010 2623 516
0b000e01 0b000f01 10004 100 131072 559010 2623 516
0b000101 0b000201 10004 100 131072 559010 2623 516
0b000b01 0b000c01 10003 100 131072 559010 2631 516
0b000201 0b000301 10004 100 131072 559010 2623 516
0b000a01 0b000b01 10003 100 131072 559010 2631 516
0b000001 0b000101 10005 100 131072 559010 2623 516
0b000801 0b000901 10004 100 131072 559010 2631 516
0b000901 0b000a01 10003 100 131072 559010 2631 516
0b000701 0b000001 10004 100 131072 559010 2623 516
0b000f01 0b000801 10003 100 131072 559010 2631 516
0b000501 0b000601 10004 100 131072 559010 2623 516
0b000e01 0b000f01 10003 100 131072 559010 2631 516
0b000c01 0b000d01 10004 100 131072 559010 2631 516
0b000d01 0b000e01 10003 100 131072 559010 2631 516
0b000601 0b000701 10004 100 131072 559010 2623 516
0b000301 0b000401 10003 100 131072 559010 2631 516
0b000201 0b000301 10003 100 131072 559010 2631 516
0b000001 0b000101 10004 100 131072 559010 2631 516
0b000101 0b000201 10003 100 131072 559010 2631 516
0b000701 0b000001 10003 100 131072 559010 2631 516
0b000601 0b000701 10003 100 131072 559010 2631 516
0b000401 0b000501 10004 100 131072 559010 2631 516
0b000501 0b000601 10003 100 131072 559010 2631 516
0b000b01 0b000c01 10002 100 131072 559010 2645 516
0b000a01 0b000b01 10002 100 131072 559010 2645 516
0b000801 0b000901 10003 100 131072 559010 2645 516
0b000901 0b000a01 10002 100 131072 559010 2645 516
0b000f01 0b000801 10002 100 131072 559010 2645 516
0b000e01 0b000f01 10002 100 131072 559010 2645 516
0b000c01 0b000d01 10003 100 131072 559010 2645 516
0b000d01 0b000e01 10002 100 131072 559010 2645 516
0b000301 0b000401 10002 100 131072 559010 2645 516
0b000201 0b000301 10002 100 131072 559010 2645 516
0b000001 0b000101 10003 100 131072 559010 2645 516
0b000101 0b000201 10002 100 131072 559010 2645 516
0b000701 0b000001 10002 100 131072 559010 2645 516
0b000b01 0b000c01 10001 100 131072 559010 2659 516
0b000601 0b000701 10002 100 131072 559010 2645 516
0b000401 0b000501 10003 100 131072 559010 2645 516
0b000501 0b000601 10002 100 131072 559010 2645 516
0b000a01 0b000b01 10001 100 131072 559010 2659 516
0b000801 0b000901 10002 100 131072 559010 2659 516
0b000901 0b000a01 10001 100 131072 559010 2659 516
0b000f01 0b000801 10001 100 131072 559010 2659 516
0b000e01 0b000f01 10001 100 131072 559010 2659 516
0b000c01 0b000d01 10002 100 131072 559010 2659 516
0b000d01 0b000e01 10001 100 131072 559010 2659 516
0b000301 0b000401 10001 100 131072 559010 2659 516
0b000201 0b000301 10001 100 131072 559010 2659 516
0b000001 0b000101 10002 100 131072 559010 2659 516
0b000101 0b000201 10001 100 131072 559010 2659 516
0b000701 0b000001 10001 100 131072 559010 2659 516
0b000601 0b000701 10001 100 131072 559010 2659 516
0b000401 0b000501 10002 100 131072 559010 2659 516
0b000501 0b000601 10001 100 131072 559010 2659 516
0b000b01 0b000c01 10000 100 131072 559010 2673 516
0b000a01 0b000b01 10000 100 131072 559010 2673 516
0b000801 0b000901 10001 100 131072 559010 2673 516
0b000901 0b000a01 10000 100 131072 559010 2673 516
0b000f01 0b000801 10000 100 131072 559010 2673 516
0b000301 0b000401 10000 100 131072 559010 2673 516
0b000e01 0b000f01 10000 100 131072 559010 2673 516
0b000201 0b000301 10000 100 131072 559010 2673 516
0b000c01 0b000d01 10001 100 131072 559010 2673 516
0b000001 0b000101 10001 100 131072 559010 2673 516
0b000101 0b000201 10000 100 131072 559010 2673 516
0b000d01 0b000e01 10000 100 131072 559010 2673 516
0b000701 0b000001 10000 100 131072 559010 2673 516
0b000601 0b000701 10000 100 131072 559010 2673 516
0b000401 0b000501 10001 100 131072 559010 2673 516
0b000501 0b000601 10000 100 131072 559010 2673 516
0b000601 0b000701 10007 100 131072 564643 2259 516
0b000e01 0b000f01 10007 100 131072 564643 2259 516
0b000501 0b000601 10007 100 131072 564643 2259 516
0b000d01 0b000e01 10007 100 131072 564643 2259 516
0b000301 0b000401 10007 100 131072 564643 2259 516
0b000b01 0b000c01 10007 100 131072 564643 2259 516
0b000401 0b000501 10007 100 131072 564643 2259 516
0b000c01 0b000d01 10007 100 131072 564643 2259 516
0b000201 0b000301 10007 100 131072 564643 2259 516
0b000a01 0b000b01 10007 100 131072 564643 2259 516
0b000101 0b000201 10007 100 131072 564643 2259 516
0b000701 0b000001 10007 100 131072 564643 2259 516
0b000901 0b000a01 10007 100 131072 564643 2259 516
0b000001 0b000101 10007 100 131072 564643 2259 516
0b000f01 0b000801 10007 100 131072 564643 2259 516
0b000601 0b000701 10008 100 131072 564643 2259 516
0b000801 0b000901 10007 100 131072 564643 2259 516
0b000501 0b000601 10008 100 131072 564643 2259 516
0b000e01 0b000f01 10008 100 131072 564643 2259 516
0b000301 0b000401 10008 100 131072 564643 2259 516
0b000d01 0b000e01 10008 100 131072 564643 2259 516
0b000401 0b000501 10008 100 131072 564643 2259 516
0b000b01 0b000c01 10008 100 131072 564643 2259 516
0b000201 0b000301 10008 100 131072 564643 2259 516
0b000c01 0b000d01 10008 100 131072 564643 2259 516
0b000101 0b000201 10008 100 131072 564643 2259 516
0b000a01 0b000b01 10008 100 131072 564643 2259 516
0b000901 0b000a01 10008 100 131072 564643 2259 516
0b000701 0b000001 10008 100 131072 564643 2259 516
0b000f01 0b000801 10008 100 131072 564643 2259 516
0b000001 0b000101 10008 100 131072 564643 2259 516
0b000801 0b000901 10008 100 131072 564643 2259 516
0b000501 0b000601 10009 100 131072 564651 2259 516
0b000d01 0b000e01 10009 100 131072 564651 2259 516
0b000c01 0b000d01 10009 100 131072 564651 2259 516
0b000401 0b000501 10009 100 131072 564651 2259 516
0b000a01 0b000b01 10009 100 131072 564643 2267 516
0b000201 0b000301 10009 100 131072 564643 2267 516
0b000b01 0b000c01 10009 100 131072 564643 2267 516
0b000301 0b000401 10009 100 131072 564643 2267 516
0b000901 0b000a01 10009 100 131072 564643 2267 516
0b000101 0b000201 10009 100 131072 564643 2267 516
0b000801 0b000901 10009 100 131072 564643 2267 516
0b000001 0b000101 10009 100 131072 564643 2267 516
0b000601 0b000701 10009 100 131072 564651 2259 516
0b000e01 0b000f01 10009 100 131072 564651 2259 516
0b000f01 0b000801 10009 100 131072 564643 2267 516
0b000701 0b000001 10009 100 131072 564643 2267 516
0b000d01 0b000e01 10010 100 131072 564665 2259 516
0b000501 0b000601 10010 100 131072 564665 2259 516
0b000401 0b000501 10010 100 131072 564665 2259 516
0b000c01 0b000d01 10010 100 131072 564665 2259 516
0b000201 0b000301 10010 100 131072 564651 2273 516
0b000a01 0b000b01 10010 100 131072 564651 2273 516
0b000301 0b000401 10010 100 131072 564665 2259 516
0b000b01 0b000c01 10010 100 131072 564665 2259 516
0b000101 0b000201 10010 100 131072 564651 2273 516
0b000901 0b000a01 10010 100 131072 564651 2273 516
0b000001 0b000101 10010 100 131072 564651 2273 516
0b000801 0b000901 10010 100 131072 564651 2273 516
0b000601 0b000701 10010 100 131072 564665 2259 516
0b000e01 0b000f01 10010 100 131072 564665 2259 516
0b000701 0b000001 10010 100 131072 564651 2273 516
0b000f01 0b000801 10010 100 131072 564651 2273 516
0b000d01 0b000e01 10011 100 131072 564679 2259 516
0b000c01 0b000d01 10011 100 131072 564679 2259 516
0b000a01 0b000b01 10011 100 131072 564679 2259 516
0b000b01 0b000c01 10011 100 131072 564679 2259 516
0b000901 0b000a01 10011 100 131072 564665 2273 516
0b000801 0b000901 10011 100 131072 564665 2273 516
0b000e01 0b000f01 10011 100 131072 564679 2259 516
0b000f01 0b000801 10011 100 131072 564665 2273 516
0b000501 0b000601 10011 100 131072 564679 2259 516
0b000401 0b000501 10011 100 131072 564679 2259 516
0b000201 0b000301 10011 100 131072 564679 2259 516
0b000301 0b000401 10011 100 131072 564679 2259 516
0b000101 0b000201 10011 100 131072 564665 2273 516
0b000001 0b000101 10011 100 131072 564665 2273 516
0b000601 0b000701 10011 100 131072 564679 2259 516
0b000701 0b000001 10011 100 131072 564665 2273 516
0b000501 0b000601 10012 100 131072 564693 2259 516
0b000d01 0b000e01 10012 100 131072 564693 2259 516
0b000401 0b000501 10012 100 131072 564693 2259 516
0b000c01 0b000d01 10012 100 131072 564693 2259 516
0b000201 0b000301 10012 100 131072 564693 2259 516
0b000301 0b000401 10012 100 131072 564693 2259 516
0b000a01 0b000b01 10012 100 131072 564693 2259 516
0b000101 0b000201 10012 100 131072 564679 2273 516
0b000b01 0b000c01 10012 100 131072 564693 2259 516
0b000001 0b000101 10012 100 131072 564679 2273 516
0b000901 0b000a01 10012 100 131072 564679 2273 516
0b000601 0b000701 10012 100 131072 564693 2259 516
0b000801 0b000901 10012 100 131072 564679 2273 516
0b000701 0b000001 10012 100 131072 564679 2273 516
0b000e01 0b000f01 10012 100 131072 564693 2259 516
0b000f01 0b000801 10012 100 131072 564679 2273 516
0b000801 0b000901 10013 100 131072 569912 1895 516
0b000f01 0b000801 10013 100 131072 569912 1895 516
0b000d01 0b000e01 10013 100 131072 569912 1895 516
0b000e01 0b000f01 10013 100 131072 569912 1895 516
0b000c01 0b000d01 10013 100 131072 569912 1895 516
0b000b01 0b000c01 10013 100 131072 569912 1895 516
0b000901 0b000a01 10013 100 131072 569912 1895 516
0b000a01 0b000b01 10013 100 131072 569912 1895 516
0b000001 0b000101 10013 100 131072 569912 1895 516
0b000f01 0b000801 10014 100 131072 569912 1903 516
0b000e01 0b000f01 10014 100 131072 569920 1895 516
0b000701 0b000001 10013 100 131072 569912 1895 516
0b000c01 0b000d01 10014 100 131072 569912 1903 516
0b000d01 0b000e01 10014 100 131072 569920 1895 516
0b000501 0b000601 10013 100 131072 569912 1895 516
0b000b01 0b000c01 10014 100 131072 569912 1903 516
0b000601 0b000701 10013 100 131072 569912 1895 516
0b000a01 0b000b01 10014 100 131072 569912 1903 516
0b000401 0b000501 10013 100 131072 569912 1895 516
0b000801 0b000901 10014 100 131072 569912 1903 516
0b000301 0b000401 10013 100 131072 569912 1895 516
0b000901 0b000a01 10014 100 131072 569912 1903 516
0b000101 0b000201 10013 100 131072 569912 1895 516
0b000201 0b000301 10013 100 131072 569912 1895 516
0b000701 0b000001 10014 100 131072 569912 1903 516
0b000601 0b000701 10014 100 131072 569920 1895 516
0b000401 0b000501 10014 100 131072 569912 1903 516
0b000501 0b000601 10014 100 131072 569920 1895 516
0b000301 0b000401 10014 100 131072 569912 1903 516
0b000201 0b000301 10014 100 131072 569912 1903 516
0b000001 0b000101 10014 100 131072 569912 1903 516
0b000101 0b000201 10014 100 131072 569912 1903 516
0b000f01 0b000801 10015 100 131072 569920 1909 516
0b000e01 0b000f01 10015 100 131072 569934 1895 516
0b000c01 0b000d01 10015 100 131072 569934 1895 516
0b000d01 0b000e01 10015 100 131072 569934 1895 516
0b000b01 0b000c01 10015 100 131072 569920 1909 516
0b000a01 0b000b01 10015 100 131072 569920 1909 516
0b000801 0b000901 10015 100 131072 569920 1909 516
0b000901 0b000a01 10015 100 131072 569920 1909 516
0b000701 0b000001 10015 100 131072 569920 1909 516
0b000601 0b000701 10015 100 131072 569934 1895 516
0b000401 0b000501 10015 100 131072 569934 1895 516
0b000501 0b000601 10015 100 131072 569934 1895 516
0b000301 0b000401 10015 100 131072 569920 1909 516
0b000201 0b000301 10015 100 131072 569920 1909 516
0b000001 0b000101 10015 100 131072 569920 1909 516
0b000101 0b000201 10015 100 131072 569920 1909 516
0b000f01 0b000801 10016 100 131072 569934 1909 516
0b000e01 0b000f01 10016 100 131072 569948 1895 516
0b000c01 0b000d01 10016 100 131072 569948 1895 516
0b000d01 0b000e01 10016 100 131072 569948 1895 516
0b000b01 0b000c01 10016 100 131072 569948 1895 516
0b000a01 0b000b01 10016 100 131072 569934 1909 516
0b000801 0b000901 10016 100 131072 569934 1909 516
0b000901 0b000a01 10016 100 131072 569934 1909 516
0b000701 0b000001 10016 100 131072 569934 1909 516
0b000601 0b000701 10016 100 131072 569948 1895 516
0b000f01 0b000801 10017 100 131072 569948 1909 516
0b000401 0b000501 10016 100 131072 569948 1895 516
0b000501 0b000601 10016 100 131072 569948 1895 516
0b000e01 0b000f01 10017 100 131072 569962 1895 516
0b000301 0b000401 10016 100 131072 569948 1895 516
0b000c01 0b000d01 10017 100 131072 569962 1895 516
0b000201 0b000301 10016 100 131072 569934 1909 516
0b000d01 0b000e01 10017 100 131072 569962 1895 516
0b000001 0b000101 10016 100 131072 569934 1909 516
0b000b01 0b000c01 10017 100 131072 569962 1895 516
0b000101 0b000201 10016 100 131072 569934 1909 516
0b000a01 0b000b01 10017 100 131072 569948 1909 516
0b000801 0b000901 10017 100 131072 569948 1909 516
0b000901 0b000a01 10017 100 131072 569948 1909 516
0b000701 0b000001 10017 100 131072 569948 1909 516
0b000601 0b000701 10017 100 131072 569962 1895 516
0b000401 0b000501 10017 100 131072 569962 1895 516
0b000501 0b000601 10017 100 131072 569962 1895 516
0b000301 0b000401 10017 100 131072 569962 1895 516
0b000201 0b000301 10017 100 131072 569948 1909 516
0b000001 0b000101 10017 100 131072 569948 1909 516
0b000101 0b000201 10017 100 131072 569948 1909 516
0b000101 0b000201 10018 100 131072 574817 1539 516
0b000901 0b000a01 10018 100 131072 574817 1539 516
0b000501 0b000601 10018 100 131072 574817 1539 516
0b000d01 0b000e01 10018 100 131072 574817 1539 516
0b000401 0b000501 10018 100 131072 574817 1539 516
0b000c01 0b000d01 10018 100 131072 574817 1539 516
0b000201 0b000301 10018 100 131072 574817 1539 516
0b000a01 0b000b01 10018 100 131072 574817 1539 516
0b000301 0b000401 10018 100 131072 574817 1539 516
0b000b01 0b000c01 10018 100 131072 574817 1539 516
0b000001 0b000101 10018 100 131072 574817 1539 516
0b000801 0b000901 10018 100 131072 574817 1539 516
0b000701 0b000001 10018 100 131072 574825 1539 516
0b000f01 0b000801 10018 100 131072 574825 1539 516
0b000601 0b000701 10018 100 131072 574825 1539 516
0b000e01 0b000f01 10018 100 131072 574825 1539 516
0b000101 0b000201 10019 100 131072 574825 1545 516
0b000901 0b000a01 10019 100 131072 574825 1545 516
0b000001 0b000101 10019 100 131072 574825 1545 516
0b000801 0b000901 10019 100 131072 574825 1545 516
0b000501 0b000601 10019 100 131072 574839 1531 516
0b000d01 0b000e01 10019 100 131072 574839 1531 516
0b000401 0b000501 10019 100 131072 574825 1545 516
0b000c01 0b000d01 10019 100 131072 574825 1545 516
0b000201 0b000301 10019 100 131072 574825 1545 516
0b000a01 0b000b01 10019 100 131072 574825 1545 516
0b000301 0b000401 10019 100 131072 574825 1545 516
0b000b01 0b000c01 10019 100 131072 574825 1545 516
0b000601 0b000701 10019 100 131072 574839 1539 516
0b000701 0b000001 10019 100 131072 574839 1539 516
0b000e01 0b000f01 10019 100 131072 574839 1539 516
0b000f01 0b000801 10019 100 131072 574839 1539 516
0b000101 0b000201 10020 100 131072 574839 1545 516
0b000001 0b000101 10020 100 131072 574839 1545 516
0b000901 0b000a01 10020 100 131072 574839 1545 516
0b000501 0b000601 10020 100 131072 574853 1531 516
0b000801 0b000901 10020 100 131072 574839 1545 516
0b000401 0b000501 10020 100 131072 574853 1531 516
0b000d01 0b000e01 10020 100 131072 574853 1531 516
0b000201 0b000301 10020 100 131072 574839 1545 516
0b000c01 0b000d01 10020 100 131072 574853 1531 516
0b000301 0b000401 10020 100 131072 574839 1545 516
0b000a01 0b000b01 10020 100 131072 574839 1545 516
0b000b01 0b000c01 10020 100 131072 574839 1545 516
0b000701 0b000001 10020 100 131072 574853 1539 516
0b000f01 0b000801 10020 100 131072 574853 1539 516
0b000601 0b000701 10020 100 131072 574853 1539 516
0b000e01 0b000f01 10020 100 131072 574853 1539 516
0b000901 0b000a01 10021 100 131072 574853 1545 516
0b000101 0b000201 10021 100 131072 574853 1545 516
0b000801 0b000901 10021 100 131072 574853 1545 516
0b000d01 0b000e01 10021 100 131072 574867 1531 516
0b000a01 0b000b01 10021 100 131072 574853 1545 516
0b000001 0b000101 10021 100 131072 574853 1545 516
0b000b01 0b000c01 10021 100 131072 574853 1545 516
0b000c01 0b000d01 10021 100 131072 574867 1531 516
0b000501 0b000601 10021 100 131072 574867 1531 516
0b000201 0b000301 10021 100 131072 574853 1545 516
0b000f01 0b000801 10021 100 131072 574867 1539 516
0b000e01 0b000f01 10021 100 131072 574867 1539 516
0b000301 0b000401 10021 100 131072 574853 1545 516
0b000401 0b000501 10021 100 131072 574867 1531 516
0b000701 0b000001 10021 100 131072 574867 1539 516
0b000601 0b000701 10021 100 131072 574867 1539 516
0b000d01 0b000e01 10022 100 131072 579366 1167 516
0b000b01 0b000c01 10022 100 131072 579366 1189 516
0b000c01 0b000d01 10022 100 131072 579366 1189 516
0b000a01 0b000b01 10022 100 131072 579366 1189 516
0b000901 0b000a01 10022 100 131072 579366 1189 516
0b000801 0b000901 10022 100 131072 579374 1189 516
0b000f01 0b000801 10022 100 131072 579374 1189 516
0b000e01 0b000f01 10022 100 131072 579380 1189 516
0b000a01 0b000b01 10023 100 131072 579380 1189 516
0b000901 0b000a01 10023 100 131072 579380 1189 516
0b000d01 0b000e01 10023 100 131072 579394 1175 516
0b000b01 0b000c01 10023 100 131072 579380 1189 516
0b000c01 0b000d01 10023 100 131072 579380 1189 516
0b000f01 0b000801 10023 100 131072 579388 1189 516
0b000801 0b000901 10023 100 131072 579388 1189 516
0b000d01 0b000e01 10024 100 131072 579408 1175 516
0b000e01 0b000f01 10023 100 131072 579394 1189 516
0b000a01 0b000b01 10024 100 131072 579394 1189 516
0b000901 0b000a01 10024 100 131072 579394 1189 516
0b000b01 0b000c01 10024 100 131072 579394 1189 516
0b000c01 0b000d01 10024 100 131072 579394 1189 516
0b000801 0b000901 10024 100 131072 579402 1189 516
0b000f01 0b000801 10024 100 131072 579402 1189 516
0b000501 0b000601 10022 100 131072 579366 1167 516
0b000e01 0b000f01 10024 100 131072 579408 1189 516
0b000301 0b000401 10022 100 131072 579366 1189 516
0b000401 0b000501 10022 100 131072 579366 1189 516
0b000201 0b000301 10022 100 131072 579366 1189 516
0b000101 0b000201 10022 100 131072 579366 1189 516
0b000001 0b000101 10022 100 131072 579374 1189 516
0b000701 0b000001 10022 100 131072 579374 1189 516
0b000601 0b000701 10022 100 131072 579380 1189 516
0b000201 0b000301 10023 100 131072 579380 1189 516
0b000101 0b000201 10023 100 131072 579380 1189 516
0b000501 0b000601 10023 100 131072 579394 1175 516
0b000301 0b000401 10023 100 131072 579380 1189 516
0b000401 0b000501 10023 100 131072 579380 1189 516
0b000701 0b000001 10023 100 131072 579388 1189 516
0b000001 0b000101 10023 100 131072 579388 1189 516
0b000501 0b000601 10024 100 131072 579408 1175 516
0b000601 0b000701 10023 100 131072 579394 1189 516
0b000201 0b000301 10024 100 131072 579394 1189 516
0b000101 0b000201 10024 100 131072 579394 1189 516
0b000301 0b000401 10024 100 131072 579394 1189 516
0b000401 0b000501 10024 100 131072 579394 1189 516
0b000001 0b000101 10024 100 131072 579402 1189 516
0b000701 0b000001 10024 100 131072 579402 1189 516
0b000601 0b000701 10024 100 131072 579408 1189 516
0b000a01 0b000301 10000 100 131072 559010 24949 17428
0b000801 0b000101 10000 100 131072 559010 24953 17428
0b000901 0b000201 10000 100 131072 559010 24953 17428
0b000d01 0b000601 10000 100 131072 559010 24953 17428
0b000e01 0b000701 10000 100 131072 559010 24953 17428
0b000f01 0b000001 10000 100 131072 559010 24953 17428
0b000001 0b000901 10000 100 131072 559010 24949 17428
0b000101 0b000a01 10000 100 131072 559010 24953 17428
0b000201 0b000b01 10000 100 131072 559010 24953 17428
0b000501 0b000e01 10000 100 131072 559010 24953 17428
0b000601 0b000f01 10000 100 131072 559010 24953 17428
0b000701 0b000801 10000 100 131072 559010 24953 17428
0b000401 0b000501 10025 100 131072 583565 839 516
0b000c01 0b000d01 10025 100 131072 583565 839 516
0b000d01 0b000e01 10025 100 131072 583565 839 516
0b000501 0b000601 10025 100 131072 583565 839 516
0b000b01 0b000c01 10025 100 131072 583565 839 516
0b000301 0b000401 10025 100 131072 583565 839 516
0b000a01 0b000b01 10025 100 131072 583565 839 516
0b000201 0b000301 10025 100 131072 583565 839 516
0b000901 0b000a01 10025 100 131072 583573 839 516
0b000101 0b000201 10025 100 131072 583573 839 516
0b000801 0b000901 10025 100 131072 583573 839 516
0b000001 0b000101 10025 100 131072 583573 839 516
0b000f01 0b000801 10025 100 131072 583579 839 516
0b000701 0b000001 10025 100 131072 583579 839 516
0b000b01 0b000c01 10026 100 131072 583579 839 516
0b000301 0b000401 10026 100 131072 583579 839 516
0b000a01 0b000b01 10026 100 131072 583579 839 516
0b000e01 0b000f01 10025 100 131072 583579 839 516
0b000c01 0b000d01 10026 100 131072 583579 839 516
0b000201 0b000301 10026 100 131072 583579 839 516
0b000d01 0b000e01 10026 100 131072 583579 839 516
0b000601 0b000701 10025 100 131072 583579 839 516
0b000901 0b000a01 10026 100 131072 583587 839 516
0b000401 0b000501 10026 100 131072 583579 839 516
0b000801 0b000901 10026 100 131072 583587 839 516
0b000501 0b000601 10026 100 131072 583579 839 516
0b000101 0b000201 10026 100 131072 583587 839 516
0b000001 0b000101 10026 100 131072 583587 839 516
0b000f01 0b000801 10026 100 131072 583593 839 516
0b000e01 0b000f01 10026 100 131072 583593 839 516
0b000701 0b000001 10026 100 131072 583593 839 516
0b000601 0b000701 10026 100 131072 583593 839 516
0b000401 0b000d01 10000 100 131072 559010 27428 17428
0b000c01 0b000501 10000 100 131072 559010 27833 17428
0b000301 0b000401 10027 100 131072 586969 489 516
0b000201 0b000301 10027 100 131072 586973 489 516
0b000001 0b000101 10027 100 131072 586973 489 516
0b000701 0b000001 10027 100 131072 586973 489 516
0b000601 0b000701 10027 100 131072 586973 489 516
0b000901 0b000a01 10027 100 131072 586969 489 516
0b000101 0b000201 10027 100 131072 586973 489 516
0b000b01 0b000c01 10027 100 131072 586973 489 516
0b000801 0b000901 10027 100 131072 586973 489 516
0b000f01 0b000801 10027 100 131072 586973 489 516
0b000e01 0b000f01 10027 100 131072 586973 489 516
0b000a01 0b000b01 10027 100 131072 586973 489 516
0b000501 0b000601 10027 100 131072 587414 489 516
0b000d01 0b000e01 10027 100 131072 587414 489 516
0b000601 0b000701 10028 100 131072 587414 489 516
0b000e01 0b000f01 10028 100 131072 587414 489 516
0b000401 0b000501 10027 100 131072 587414 489 516
0b000c01 0b000d01 10027 100 131072 587414 489 516
0b000301 0b000401 10028 100 131072 587414 489 516
0b000b01 0b000c01 10028 100 131072 587414 489 516
0b000201 0b000301 10028 100 131072 587422 489 516
0b000a01 0b000b01 10028 100 131072 587422 489 516
0b000101 0b000201 10028 100 131072 587422 489 516
0b000901 0b000a01 10028 100 131072 587422 489 516
0b000001 0b000101 10028 100 131072 587428 489 516
0b000801 0b000901 10028 100 131072 587428 489 516
0b000701 0b000001 10028 100 131072 587428 489 516
0b000f01 0b000801 10028 100 131072 587428 489 516
0b000301 0b000c01 10000 100 131072 559010 30041 17428
0b000b01 0b000401 10000 100 131072 559010 30773 17428
0b000d01 0b000e01 10028 100 131072 589448 489 516
0b000501 0b000601 10028 100 131072 589853 489 516
0b000401 0b000501 10028 100 131072 590468 489 516
0b000301 0b000401 10029 100 131072 590472 489 516
0b000101 0b000201 10029 100 131072 590472 489 516
0b000001 0b000101 10029 100 131072 590472 489 516
0b000701 0b000001 10029 100 131072 590472 489 516
0b000201 0b000301 10029 100 131072 590472 489 516
0b000a01 0b000b01 10029 100 131072 590468 489 516
0b000c01 0b000d01 10028 100 131072 590472 489 516
0b000901 0b000a01 10029 100 131072 590472 489 516
0b000801 0b000901 10029 100 131072 590472 489 516
0b000f01 0b000801 10029 100 131072 590472 489 516
0b000b01 0b000c01 10029 100 131072 590472 489 516
0b000c01 0b000d01 10029 100 131072 592061 489 516
0b000401 0b000501 10029 100 131072 592793 489 516
0b000e01 0b000f01 10029 100 131072 592947 489 516
0b000601 0b000701 10029 100 131072 593352 489 516
0b000501 0b000601 10029 100 131072 593967 489 516
0b000401 0b000501 10030 100 131072 593971 489 516
0b000201 0b000301 10030 100 131072 593971 489 516
0b000101 0b000201 10030 100 131072 593971 489 516
0b000001 0b000101 10030 100 131072 593971 489 516
0b000301 0b000401 10030 100 131072 593971 489 516
0b000b01 0b000c01 10030 100 131072 593967 489 516
0b000d01 0b000e01 10029 100 131072 593971 489 516
0b000a01 0b000b01 10030 100 131072 593971 489 516
0b000901 0b000a01 10030 100 131072 593971 489 516
0b000801 0b000901 10030 100 131072 593971 489 516
0b000c01 0b000d01 10030 100 131072 593971 489 516
0b000d01 0b000e01 10030 100 131072 595560 489 516
0b000501 0b000601 10030 100 131072 596292 489 516
0b000f01 0b000801 10030 100 131072 596446 489 516
0b000701 0b000001 10030 100 131072 596851 489 516
0b000c01 0b000d01 10031 100 131072 597466 489 516
0b000e01 0b000f01 10030 100 131072 597470 489 516
0b000b01 0b000c01 10031 100 131072 597470 489 516
0b000a01 0b000b01 10031 100 131072 597470 489 516
0b000901 0b000a01 10031 100 131072 597470 489 516
0b000d01 0b000e01 10031 100 131072 597470 489 516
0b000601 0b000701 10030 100 131072 597466 489 516
0b000501 0b000601 10031 100 131072 597470 489 516
0b000301 0b000401 10031 100 131072 597470 489 516
0b000201 0b000301 10031 100 131072 597470 489 516
0b000101 0b000201 10031 100 131072 597470 489 516
0b000401 0b000501 10031 100 131072 597470 489 516
0b000e01 0b000f01 10031 100 131072 599059 489 516
0b000601 0b000701 10031 100 131072 599791 489 516
0b000801 0b000901 10031 100 131072 599945 489 516
0b000001 0b000101 10031 100 131072 600350 489 516
0b000701 0b000001 10031 100 131072 600965 489 516
0b000601 0b000701 10032 100 131072 600969 489 516
0b000401 0b000501 10032 100 131072 600969 489 516
0b000301 0b000401 10032 100 131072 600969 489 516
0b000201 0b000301 10032 100 131072 600969 489 516
0b000501 0b000601 10032 100 131072 600969 489 516
0b000d01 0b000e01 10032 100 131072 600965 489 516
0b000f01 0b000801 10031 100 131072 600969 489 516
0b000c01 0b000d01 10032 100 131072 600969 489 516
0b000b01 0b000c01 10032 100 131072 600969 489 516
0b000a01 0b000b01 10032 100 131072 600969 489 516
0b000e01 0b000f01 10032 100 131072 600969 489 516
0b000f01 0b000801 10032 100 131072 602558 489 516
0b000701 0b000001 10032 100 131072 603290 489 516
0b000901 0b000a01 10032 100 131072 603444 489 516
0b000101 0b000201 10032 100 131072 603849 489 516
0b000001 0b000101 10032 100 131072 604464 489 516
0b000e01 0b000f01 10033 100 131072 604464 489 516
0b000701 0b000001 10033 100 131072 604468 489 516
0b000801 0b000901 10032 100 131072 604468 489 516
0b000501 0b000601 10033 100 131072 604468 489 516
0b000d01 0b000e01 10033 100 131072 604468 489 516
0b000401 0b000501 10033 100 131072 604468 489 516
0b000c01 0b000d01 10033 100 131072 604468 489 516
0b000301 0b000401 10033 100 131072 604468 489 516
0b000b01 0b000c01 10033 100 131072 604468 489 516
0b000601 0b000701 10033 100 131072 604468 489 516
0b000f01 0b000801 10033 100 131072 604468 489 516
0b000801 0b000901 10033 100 131072 606057 489 516
0b000001 0b000101 10033 100 131072 606789 489 516
0b000a01 0b000b01 10033 100 131072 606943 489 516
0b000201 0b000301 10033 100 131072 607348 489 516
0b000101 0b000201 10033 100 131072 607963 489 516
0b000001 0b000101 10034 100 131072 607967 489 516
0b000f01 0b000801 10034 100 131072 607963 489 516
0b000601 0b000701 10034 100 131072 607967 489 516
0b000501 0b000601 10034 100 131072 607967 489 516
0b000901 0b000a01 10033 100 131072 607967 489 516
0b000401 0b000501 10034 100 131072 607967 489 516
0b000e01 0b000f01 10034 100 131072 607967 489 516
0b000701 0b000001 10034 100 131072 607967 489 516
0b000d01 0b000e01 10034 100 131072 607967 489 516
0b000c01 0b000d01 10034 100 131072 607967 489 516
0b000801 0b000901 10034 100 131072 607967 489 516
0b000901 0b000a01 10034 100 131072 609556 489 516
0b000b01 0b000c01 10034 100 131072 610442 489 516
0b000101 0b000201 10034 100 131072 610288 489 516
0b000301 0b000401 10034 100 131072 610847 489 516
0b000a01 0b000b01 10034 100 131072 613055 489 516
0b000601 0b000f01 10001 100 131072 564643 49569 17428
0b000f01 0b000001 10001 100 131072 564693 49527 17428
0b000a01 0b000301 10001 100 131072 564665 49559 17428
0b000001 0b000901 10001 100 131072 564693 49531 17428
0b000501 0b000e01 10001 100 131072 564643 49581 17428
0b000201 0b000301 10034 100 131072 613787 489 516
0b000701 0b000801 10001 100 131072 564693 50239 17428
0b000901 0b000201 10001 100 131072 564693 50255 17428
0b000201 0b000b01 10001 100 131072 564665 50271 17428
0b000801 0b000101 10001 100 131072 564693 50259 17428
0b000101 0b000a01 10001 100 131072 564693 50255 17428
0b000d01 0b000601 10001 100 131072 564643 51029 17428
0b000e01 0b000701 10001 100 131072 564643 51029 17428
0b000c01 0b000501 10001 100 131072 564643 52457 17428
0b000401 0b000d01 10001 100 131072 564643 52469 17428
0b000b01 0b000401 10001 100 131072 564651 52481 17428
0b000301 0b000c01 10001 100 131072 564651 52481 17428
0b000001 0b000101 10035 100 131072 617230 489 516
0b000301 0b000401 10035 100 131072 617234 489 516
0b000f01 0b000801 10035 100 131072 617222 489 516
0b000901 0b000a01 10035 100 131072 617234 489 516
0b000e01 0b000f01 10035 100 131072 617234 489 516
0b000201 0b000301 10035 100 131072 617958 489 516
0b000101 0b000201 10035 100 131072 617962 489 516
0b000801 0b000901 10035 100 131072 617942 489 516
0b000b01 0b000c01 10035 100 131072 617946 489 516
0b000a01 0b000b01 10035 100 131072 617958 489 516
0b000701 0b000001 10035 100 131072 618682 489 516
0b000601 0b000701 10035 100 131072 618682 489 516
0b000501 0b000601 10035 100 131072 620110 489 516
0b000d01 0b000e01 10035 100 131072 620122 489 516
0b000401 0b000501 10035 100 131072 620142 489 516
0b000c01 0b000d01 10035 100 131072 620142 489 516
0b000801 0b000901 10036 100 131072 620721 489 516
0b000101 0b000201 10036 100 131072 620729 489 516
0b000401 0b000501 10036 100 131072 620733 489 516
0b000a01 0b000b01 10036 100 131072 620733 489 516
0b000f01 0b000801 10036 100 131072 620733 489 516
0b000901 0b000a01 10036 100 131072 621441 489 516
0b000c01 0b000d01 10036 100 131072 621445 489 516
0b000301 0b000401 10036 100 131072 621457 489 516
0b000b01 0b000c01 10036 100 131072 621457 489 516
0b000201 0b000301 10036 100 131072 621461 489 516
0b000001 0b000101 10036 100 131072 622181 489 516
0b000701 0b000001 10036 100 131072 622181 489 516
0b000601 0b000701 10036 100 131072 623609 489 516
0b000501 0b000601 10036 100 131072 623641 489 516
0b000e01 0b000f01 10036 100 131072 623621 489 516
0b000d01 0b000e01 10036 100 131072 623641 489 516
0b000201 0b000301 10037 100 131072 624228 489 516
0b000501 0b000601 10037 100 131072 624232 489 516
0b000901 0b000a01 10037 100 131072 624220 489 516
0b000b01 0b000c01 10037 100 131072 624232 489 516
0b000801 0b000901 10037 100 131072 624232 489 516
0b000401 0b000501 10037 100 131072 624956 489 516
0b000301 0b000401 10037 100 131072 624960 489 516
0b000a01 0b000b01 10037 100 131072 624940 489 516
0b000d01 0b000e01 10037 100 131072 624944 489 516
0b000c01 0b000d01 10037 100 131072 624956 489 516
0b000101 0b000201 10037 100 131072 625680 489 516
0b000001 0b000101 10037 100 131072 625680 489 516
0b000701 0b000001 10037 100 131072 627108 489 516
0b000f01 0b000801 10037 100 131072 627120 489 516
0b000601 0b000701 10037 100 131072 627140 489 516
0b000e01 0b000f01 10037 100 131072 627140 489 516
0b000301 0b000401 10038 100 131072 627727 489 516
0b000601 0b000701 10038 100 131072 627731 489 516
0b000a01 0b000b01 10038 100 131072 627719 489 516
0b000c01 0b000d01 10038 100 131072 627731 489 516
0b000901 0b000a01 10038 100 131072 627731 489 516
0b000501 0b000601 10038 100 131072 628455 489 516
0b000b01 0b000c01 10038 100 131072 628439 489 516
0b000401 0b000501 10038 100 131072 628459 489 516
0b000e01 0b000f01 10038 100 131072 628443 489 516
0b000d01 0b000e01 10038 100 131072 628455 489 516
0b000201 0b000301 10038 100 131072 629179 489 516
0b000101 0b000201 10038 100 131072 629179 489 516
0b000001 0b000101 10038 100 131072 630607 489 516
0b000801 0b000901 10038 100 131072 630619 489 516
0b000f01 0b000801 10038 100 131072 630639 489 516
0b000701 0b000001 10038 100 131072 630639 489 516
0b000401 0b000501 10039 100 131072 631226 489 516
0b000701 0b000001 10039 100 131072 631230 489 516
0b000b01 0b000c01 10039 100 131072 631218 489 516
0b000d01 0b000e01 10039 100 131072 631230 489 516
0b000a01 0b000b01 10039 100 131072 631230 489 516
0b000601 0b000701 10039 100 131072 631954 489 516
0b000501 0b000601 10039 100 131072 631958 489 516
0b000c01 0b000d01 10039 100 131072 631938 489 516
0b000f01 0b000801 10039 100 131072 631942 489 516
0b000e01 0b000f01 10039 100 131072 631954 489 516
0b000301 0b000401 10039 100 131072 632678 489 516
0b000201 0b000301 10039 100 131072 632678 489 516
0b000101 0b000201 10039 100 131072 634106 489 516
0b000001 0b000101 10039 100 131072 634138 489 516
0b000901 0b000a01 10039 100 131072 634118 489 516
0b000801 0b000901 10039 100 131072 634138 489 516
0b000701 0b000801 10002 100 131072 569962 65043 17428
0b000201 0b000b01 10002 100 131072 569962 65047 17428
0b000501 0b000e01 10002 100 131072 569912 65105 17428
0b000801 0b000101 10002 100 131072 569962 65059 17428
0b000a01 0b000301 10002 100 131072 569962 65059 17428
0b000f01 0b000001 10002 100 131072 569962 65059 17428
0b000001 0b000901 10002 100 131072 569962 65059 17428
0b000101 0b000a01 10002 100 131072 569962 65059 17428
0b000c01 0b000d01 10040 100 131072 634717 489 516
0b000e01 0b000f01 10040 100 131072 634729 489 516
0b000b01 0b000c01 10040 100 131072 634729 489 516
0b000501 0b000601 10040 100 131072 634725 489 516
0b000001 0b000101 10040 100 131072 634729 489 516
0b000601 0b000f01 10002 100 131072 569912 65821 17428
0b000701 0b000001 10040 100 131072 635453 489 516
0b000601 0b000701 10040 100 131072 635457 489 516
0b000901 0b000201 10002 100 131072 569962 65783 17428
0b000d01 0b000601 10002 100 131072 569912 65833 17428
0b000e01 0b000701 10002 100 131072 569912 65833 17428
0b000d01 0b000e01 10040 100 131072 635437 489 516
0b000801 0b000901 10040 100 131072 635441 489 516
0b000f01 0b000801 10040 100 131072 635453 489 516
0b000301 0b000c01 10002 100 131072 569934 66539 17428
0b000401 0b000501 10040 100 131072 636177 489 516
0b000301 0b000401 10040 100 131072 636177 489 516
0b000c01 0b000501 10002 100 131072 569920 67253 17428
0b000b01 0b000401 10002 100 131072 569934 67267 17428
0b000401 0b000d01 10002 100 131072 569920 67985 17428
0b000201 0b000301 10040 100 131072 637605 526 516
0b000101 0b000201 10040 100 131072 637637 494 516
0b000a01 0b000b01 10040 100 131072 637617 514 516
0b000901 0b000a01 10040 100 131072 637637 503 516
0b000301 0b000401 10041 100 131072 638031 489 516
0b000a01 0b000b01 10041 100 131072 638031 489 516
0b000901 0b000a01 10041 100 131072 638031 489 516
0b000b01 0b000c01 10041 100 131072 638019 509 516
0b000801 0b000901 10041 100 131072 638015 513 516
0b000001 0b000101 10041 100 131072 638031 500 516
0b000e01 0b000f01 10041 100 131072 638027 514 516
0b000d01 0b000e01 10041 100 131072 638216 489 516
0b000f01 0b000801 10041 100 131072 638228 489 516
0b000c01 0b000d01 10041 100 131072 638228 489 516
0b000101 0b000201 10041 100 131072 638031 664 516
0b000601 0b000701 10041 100 131072 638224 489 516
0b000101 0b000201 10042 100 131072 638228 677 516
0b000f01 0b000801 10042 100 131072 638743 518 516
0b000201 0b000301 10041 100 131072 638755 489 516
0b000601 0b000701 10042 100 131072 638755 500 516
0b000701 0b000001 10042 100 131072 638755 639 516
0b000e01 0b000f01 10042 100 131072 638936 489 516
0b000901 0b000a01 10042 100 131072 638940 489 516
0b000001 0b000101 10042 100 131072 638952 492 516
0b000801 0b000901 10042 100 131072 638952 489 516
0b000701 0b000001 10041 100 131072 638956 652 516
0b000c01 0b000d01 10042 100 131072 639483 489 516
0b000501 0b000601 10041 100 131072 639676 489 516
0b000401 0b000501 10041 100 131072 639676 489 516
0b000501 0b000601 10042 100 131072 640183 489 516
0b000401 0b000501 10042 100 131072 640211 489 516
0b000d01 0b000e01 10042 100 131072 640915 489 516
0b000b01 0b000c01 10042 100 131072 641141 514 516
0b000a01 0b000b01 10042 100 131072 641150 513 516
0b000301 0b000401 10042 100 131072 641141 489 516
0b000201 0b000301 10042 100 131072 641141 500 516
0b000401 0b000501 10043 100 131072 641530 489 516
0b000b01 0b000c01 10043 100 131072 641530 489 516
0b000101 0b000201 10043 100 131072 641541 489 516
0b000a01 0b000b01 10043 100 131072 641530 489 516
0b000c01 0b000d01 10043 100 131072 641538 489 516
0b000901 0b000a01 10043 100 131072 641538 489 516
0b000201 0b000301 10043 100 131072 641705 489 516
0b000f01 0b000801 10043 100 131072 641551 489 516
0b000801 0b000901 10043 100 131072 642271 489 516
0b000301 0b000401 10043 100 131072 642254 489 516
0b000701 0b000001 10043 100 131072 642265 489 516
0b000001 0b000101 10043 100 131072 642404 489 516
0b000d01 0b000e01 10043 100 131072 642982 489 516
0b000801 0b000101 10003 100 131072 574867 69303 17428
0b000a01 0b000301 10003 100 131072 574867 69303 17428
0b000f01 0b000001 10003 100 131072 574817 69353 17428
0b000001 0b000901 10003 100 131072 574867 69303 17428
0b000101 0b000a01 10003 100 131072 574867 69303 17428
0b000501 0b000e01 10003 100 131072 574825 69345 17428
0b000601 0b000701 10043 100 131072 643682 489 516
0b000501 0b000601 10043 100 131072 643710 489 516
0b000701 0b000801 10003 100 131072 574817 70061 17428
0b000601 0b000f01 10003 100 131072 574817 70065 17428
0b000201 0b000b01 10003 100 131072 574867 70019 17428
0b000901 0b000201 10003 100 131072 574867 70027 17428
0b000e01 0b000701 10003 100 131072 574817 70077 17428
0b000e01 0b000f01 10043 100 131072 644414 489 516
0b000501 0b000601 10044 100 131072 645029 489 516
0b000201 0b000301 10044 100 131072 645040 489 516
0b000301 0b000401 10044 100 131072 645204 489 516
0b000c01 0b000d01 10044 100 131072 645029 489 516
0b000b01 0b000c01 10044 100 131072 645029 489 516
0b000d01 0b000e01 10044 100 131072 645037 489 516
0b000a01 0b000b01 10044 100 131072 645037 489 516
0b000801 0b000901 10044 100 131072 645050 489 516
0b000d01 0b000601 10003 100 131072 574825 71202 17428
0b000401 0b000501 10044 100 131072 645753 489 516
0b000001 0b000101 10044 100 131072 645764 489 516
0b000401 0b000d01 10003 100 131072 574839 71491 17428
0b000101 0b000201 10044 100 131072 645903 489 516
0b000901 0b000a01 10044 100 131072 645770 489 516
0b000c01 0b000501 10003 100 131072 574839 71483 17428
0b000301 0b000c01 10003 100 131072 574867 71888 17428
0b000b01 0b000401 10003 100 131072 574867 71892 17428
0b000e01 0b000f01 10044 100 131072 646481 489 516
0b000e01 0b000f01 10045 100 131072 647180 489 516
0b000a01 0b000b01 10045 100 131072 647180 489 516
0b000901 0b000a01 10045 100 131072 647180 489 516
0b000301 0b000401 10045 100 131072 647180 489 516
0b000101 0b000201 10045 100 131072 647180 489 516
0b000001 0b000101 10045 100 131072 647180 489 516
0b000701 0b000001 10044 100 131072 647181 489 516
0b000601 0b000701 10044 100 131072 647209 489 516
0b000001 0b000901 10004 100 131072 579416 68807 17428
0b000101 0b000a01 10004 100 131072 579408 68815 17428
0b000801 0b000101 10004 100 131072 579416 68803 17428
0b000501 0b000e01 10004 100 131072 579380 68843 17428
0b000a01 0b000301 10004 100 131072 579408 68811 17428
0b000f01 0b000001 10004 100 131072 579416 68807 17428
0b000701 0b000001 10045 100 131072 647904 489 516
0b000b01 0b000c01 10045 100 131072 647896 489 516
0b000201 0b000301 10045 100 131072 647904 489 516
0b000801 0b000901 10045 100 131072 647888 504 516
0b000f01 0b000801 10044 100 131072 647892 844 516
0b000f01 0b000801 10045 100 131072 647913 848 516
0b000701 0b000801 10004 100 131072 579416 69515 17428
0b000601 0b000f01 10004 100 131072 579366 69569 17428
0b000201 0b000b01 10004 100 131072 579408 69531 17428
0b000601 0b000701 10045 100 131072 648528 489 516
0b000301 0b000401 10046 100 131072 648539 489 516
0b000e01 0b000701 10004 100 131072 579366 69581 17428
0b000401 0b000501 10045 100 131072 648703 489 516
0b000d01 0b000e01 10045 100 131072 648528 489 516
0b000c01 0b000d01 10045 100 131072 648528 489 516
0b000e01 0b000f01 10046 100 131072 648536 489 516
0b000b01 0b000c01 10046 100 131072 648536 489 516
0b000901 0b000a01 10046 100 131072 648549 489 516
0b000601 0b000701 10046 100 131072 649037 490 516
0b000901 0b000201 10004 100 131072 579408 70263 17428
0b000d01 0b000601 10004 100 131072 579380 70295 17428
0b000a01 0b000b01 10046 100 131072 649269 489 516
0b000d01 0b000e01 10046 100 131072 649340 489 516
0b000301 0b000c01 10004 100 131072 579408 70267 17428
0b000101 0b000201 10046 100 131072 649263 489 516
0b000201 0b000301 10046 100 131072 649402 489 516
0b000501 0b000601 10045 100 131072 649252 767 516
0b000501 0b000601 10046 100 131072 649332 787 516
0b000401 0b000501 10046 100 131072 649769 489 516
0b000c01 0b000d01 10046 100 131072 649765 489 516
0b000401 0b000d01 10004 100 131072 579408 70975 17428
0b000b01 0b000401 10004 100 131072 579408 70995 17428
0b000f01 0b000801 10046 100 131072 649980 489 516
0b000c01 0b000501 10004 100 131072 579408 71691 17428
0b000f01 0b000801 10047 100 131072 650679 489 516
0b000b01 0b000c01 10047 100 131072 650679 489 516
0b000a01 0b000b01 10047 100 131072 650679 489 516
0b000401 0b000501 10047 100 131072 650679 489 516
0b000201 0b000301 10047 100 131072 650679 489 516
0b000101 0b000201 10047 100 131072 650679 489 516
0b000001 0b000101 10046 100 131072 650680 489 516
0b000701 0b000001 10046 100 131072 650708 489 516
0b000e01 0b000f01 10047 100 131072 651233 489 516
0b000101 0b000201 10048 100 131072 651229 504 516
0b000a01 0b000b01 10048 100 131072 651233 500 516
0b000301 0b000401 10047 100 131072 651229 689 516
0b000c01 0b000d01 10047 100 131072 651395 489 516
0b000001 0b000101 10047 100 131072 651233 689 516
0b000901 0b000a01 10047 100 131072 651233 713 516
0b000301 0b000401 10048 100 131072 651403 679 516
0b000001 0b000101 10048 100 131072 651403 704 516
0b000901 0b000a01 10048 100 131072 651402 694 516
0b000401 0b000501 10048 100 131072 652038 489 516
0b000b01 0b000c01 10048 100 131072 651949 524 516
0b000d01 0b000e01 10047 100 131072 652027 489 516
0b000e01 0b000f01 10048 100 131072 652027 493 516
0b000c01 0b000d01 10048 100 131072 652035 489 516
0b000a01 0b000b01 10049 100 131072 652048 489 516
0b000501 0b000601 10047 100 131072 652202 489 516
0b000f01 0b000801 10048 100 131072 651945 776 516
0b000701 0b000001 10048 100 131072 651957 853 516
0b000f01 0b000801 10049 100 131072 652035 764 516
0b000801 0b000901 10046 100 131072 651746 1114 516
0b000801 0b000901 10047 100 131072 651771 1103 516
0b000701 0b000001 10047 100 131072 652027 908 516
0b000801 0b000901 10048 100 131072 651941 1022 516
0b000c01 0b000d01 10049 100 131072 652685 508 516
0b000601 0b000701 10047 100 131072 652685 514 516
0b000b01 0b000c01 10049 100 131072 652768 489 516
0b000701 0b000001 10049 100 131072 652537 662 516
0b000e01 0b000f01 10049 100 131072 652839 489 516
0b000301 0b000401 10049 100 131072 652901 494 516
0b000201 0b000301 10048 100 131072 652681 764 516
0b000201 0b000301 10049 100 131072 652762 772 516
0b000501 0b000601 10048 100 131072 653268 520 516
0b000601 0b000701 10048 100 131072 653029 784 516
0b000601 0b000701 10049 100 131072 653129 773 516
0b000401 0b000501 10049 100 131072 653413 489 516
0b000801 0b000901 10049 100 131072 653479 489 516
0b000d01 0b000e01 10048 100 131072 653264 714 516
0b000d01 0b000e01 10049 100 131072 653393 724 516
0b000801 0b000901 10050 100 131072 654178 489 516
0b000301 0b000401 10050 100 131072 654178 489 516
0b000c01 0b000d01 10050 100 131072 654178 489 516
0b000201 0b000301 10050 100 131072 654178 489 516
0b000b01 0b000c01 10050 100 131072 654178 489 516
0b000101 0b000201 10049 100 131072 654179 489 516
0b000001 0b000101 10049 100 131072 654207 489 516
0b000501 0b000601 10049 100 131072 654109 789 516
0b000501 0b000601 10050 100 131072 654178 784 516
0b000f01 0b000801 10050 100 131072 654732 489 516
0b000201 0b000301 10051 100 131072 654743 514 516
0b000b01 0b000c01 10051 100 131072 654743 513 516
0b000d01 0b000e01 10050 100 131072 654894 489 516
0b000101 0b000201 10050 100 131072 654932 664 516
0b000401 0b000501 10050 100 131072 654928 709 516
0b000a01 0b000b01 10050 100 131072 654956 716 516
0b000101 0b000201 10051 100 131072 655117 668 516
0b000401 0b000501 10051 100 131072 655092 695 516
0b000a01 0b000b01 10051 100 131072 655106 716 516
0b000101 0b000a01 10005 100 131072 583601 72315 17428
0b000501 0b000e01 10005 100 131072 583593 72417 17428
0b000501 0b000601 10051 100 131072 655537 489 516
0b000a01 0b000301 10005 100 131072 583593 72319 17428
0b000801 0b000101 10005 100 131072 583601 72315 17428
0b000f01 0b000001 10005 100 131072 583607 72309 17428
0b000c01 0b000d01 10051 100 131072 655483 503 516
0b000e01 0b000f01 10050 100 131072 655526 489 516
0b000d01 0b000e01 10051 100 131072 655534 489 516
0b000f01 0b000801 10051 100 131072 655530 501 516
0b000b01 0b000c01 10052 100 131072 655547 489 516
0b000601 0b000701 10050 100 131072 655701 489 516
0b000001 0b000901 10005 100 131072 583601 72724 17428
0b000801 0b000901 10051 100 131072 655731 782 516
0b000701 0b000801 10005 100 131072 583607 73017 17428
0b000601 0b000f01 10005 100 131072 583543 73085 17428
0b000201 0b000b01 10005 100 131072 583593 73039 17428
0b000801 0b000901 10052 100 131072 655809 804 516
0b000001 0b000101 10050 100 131072 655820 864 516
0b000701 0b000001 10050 100 131072 656209 500 516
0b000d01 0b000e01 10052 100 131072 656203 503 516
0b000c01 0b000d01 10052 100 131072 656267 489 516
0b000f01 0b000801 10052 100 131072 656338 489 516
0b000401 0b000501 10052 100 131072 656405 500 516
0b000901 0b000a01 10049 100 131072 655870 1139 516
0b000901 0b000a01 10050 100 131072 655884 1139 516
0b000001 0b000101 10051 100 131072 655945 978 516
0b000901 0b000a01 10051 100 131072 655973 1114 516
0b000001 0b000101 10052 100 131072 656209 839 516
0b000301 0b000c01 10005 100 131072 583593 73456 17428
0b000301 0b000401 10051 100 131072 656455 764 516
0b000d01 0b000601 10005 100 131072 583593 73865 17428
0b000901 0b000201 10005 100 131072 583601 73861 17428
0b000301 0b000401 10052 100 131072 656544 764 516
0b000b01 0b000401 10005 100 131072 583593 73869 17428
0b000e01 0b000701 10005 100 131072 583543 73919 17428
0b000601 0b000701 10051 100 131072 656798 514 516
0b000901 0b000a01 10052 100 131072 656978 489 516
0b000401 0b000d01 10005 100 131072 583593 73755 17428
0b000501 0b000601 10052 100 131072 656912 489 516
0b000701 0b000001 10051 100 131072 656823 764 516
0b000e01 0b000f01 10051 100 131072 656988 714 516
0b000701 0b000001 10052 100 131072 656912 764 516
0b000c01 0b000501 10005 100 131072 583593 74156 17428
0b000e01 0b000f01 10052 100 131072 657127 725 516
0b000401 0b000501 10053 100 131072 657677 489 516
0b000901 0b000a01 10053 100 131072 657677 489 516
0b000301 0b000401 10053 100 131072 657677 489 516
0b000201 0b000301 10052 100 131072 657678 489 516
0b000d01 0b000e01 10053 100 131072 657677 489 516
0b000c01 0b000d01 10053 100 131072 657677 489 516
0b000101 0b000201 10052 100 131072 657706 489 516
0b000601 0b000701 10052 100 131072 657908 789 516
0b000801 0b000901 10053 100 131072 658231 489 516
0b000c01 0b000d01 10054 100 131072 658266 489 516
0b000601 0b000701 10053 100 131072 657972 800 516
0b000301 0b000401 10054 100 131072 658267 514 516
0b000e01 0b000f01 10053 100 131072 658393 489 516
0b000201 0b000301 10053 100 131072 658606 670 516
0b000501 0b000601 10053 100 131072 658647 714 516
0b000b01 0b000c01 10053 100 131072 658682 714 516
0b000301 0b000401 10055 100 131072 658922 489 516
0b000101 0b000201 10053 100 131072 658926 489 516
0b000a01 0b000b01 10052 100 131072 658926 509 516
0b000001 0b000101 10053 100 131072 658926 499 516
0b000201 0b000301 10054 100 131072 658795 664 516
0b000501 0b000601 10054 100 131072 658797 703 516
0b000d01 0b000e01 10054 100 131072 658996 499 516
0b000f01 0b000801 10053 100 131072 659025 495 516
0b000601 0b000701 10054 100 131072 659036 489 516
0b000c01 0b000d01 10055 100 131072 659046 489 516
0b000001 0b000901 10006 100 131072 587442 72208 17428
0b000b01 0b000c01 10054 100 131072 658832 703 516
0b000101 0b000a01 10006 100 131072 587436 72214 17428
0b000501 0b000e01 10006 100 131072 587428 72222 17428
0b000801 0b000901 10054 100 131072 659041 494 516
0b000701 0b000001 10053 100 131072 659200 489 516
0b000801 0b000101 10006 100 131072 587442 72208 17428
0b000a01 0b000301 10006 100 131072 587436 72214 17428
0b000f01 0b000001 10006 100 131072 587442 72208 17428
0b000e01 0b000f01 10054 100 131072 659020 871 516
0b000e01 0b000f01 10055 100 131072 659033 883 516
0b000b01 0b000c01 10055 100 131072 659642 502 516
0b000f01 0b000801 10054 100 131072 659638 510 516
0b000901 0b000a01 10054 100 131072 659335 824 516
0b000001 0b000101 10054 100 131072 659719 500 516
0b000701 0b000801 10006 100 131072 587442 72916 17428
0b000201 0b000b01 10006 100 131072 587436 72930 17428
0b000e01 0b000f01 10056 100 131072 659716 521 516
0b000301 0b000c01 10006 100 131072 587428 72946 17428
0b000001 0b000901 10007 100 131072 590927 69455 17428
0b000101 0b000a01 10007 100 131072 590927 69455 17428
0b000501 0b000e01 10007 100 131072 590913 69469 17428
0b000101 0b000201 10054 100 131072 659694 689 516
0b000501 0b000601 10055 100 131072 659915 514 516
0b000d01 0b000e01 10055 100 131072 659766 493 516
0b000801 0b000901 10055 100 131072 659634 640 516
0b000901 0b000201 10006 100 131072 587436 72938 17428
0b000d01 0b000601 10006 100 131072 587428 72946 17428
0b000e01 0b000701 10006 100 131072 587428 72946 17428
0b000f01 0b000001 10007 100 131072 590913 69469 17428
0b000801 0b000901 10056 100 131072 659837 650 516
0b000901 0b000a01 10055 100 131072 659523 971 516
0b000c01 0b000d01 10056 100 131072 660059 499 516
0b000901 0b000a01 10056 100 131072 659623 946 516
0b000d01 0b000e01 10056 100 131072 660358 489 516
0b000101 0b000201 10055 100 131072 659933 939 516
0b000c01 0b000501 10006 100 131072 587428 73646 17428
0b000101 0b000201 10056 100 131072 660058 864 516
0b000b01 0b000401 10006 100 131072 587428 73674 17428
0b000801 0b000101 10007 100 131072 590927 70179 17428
0b000a01 0b000301 10007 100 131072 590921 70185 17428
0b000d01 0b000601 10007 100 131072 590913 70193 17428
0b000201 0b000301 10055 100 131072 660472 489 516
0b000e01 0b000701 10007 100 131072 590913 70193 17428
0b000701 0b000001 10054 100 131072 660322 739 516
0b000401 0b000d01 10006 100 131072 587428 73654 17428
0b000601 0b000f01 10006 100 131072 587428 73658 17428
0b000701 0b000801 10007 100 131072 590913 70177 17428
0b000601 0b000f01 10007 100 131072 590913 70181 17428
0b000201 0b000b01 10007 100 131072 590921 70177 17428
0b000301 0b000c01 10007 100 131072 590921 70185 17428
0b000401 0b000501 10054 100 131072 660229 964 516
0b000601 0b000701 10056 100 131072 660411 789 516
0b000701 0b000001 10055 100 131072 660472 742 516
0b000501 0b000601 10056 100 131072 660759 509 516
0b000601 0b000701 10055 100 131072 660468 808 516
0b000001 0b000101 10055 100 131072 660597 764 516
0b000a01 0b000b01 10053 100 131072 660019 1389 516
0b000a01 0b000b01 10054 100 131072 660033 1389 516
0b000401 0b000501 10055 100 131072 660318 1084 516
0b000f01 0b000801 10055 100 131072 660712 739 516
0b000001 0b000101 10056 100 131072 660686 764 516
0b000a01 0b000b01 10055 100 131072 660097 1414 516
0b000f01 0b000801 10056 100 131072 660862 714 516
0b000401 0b000501 10056 100 131072 660472 1080 516
0b000e01 0b000f01 10057 100 131072 661176 489 516
0b000d01 0b000e01 10057 100 131072 661176 489 516
0b000a01 0b000b01 10056 100 131072 660477 1298 516
0b000301 0b000401 10056 100 131072 661177 494 516
0b000501 0b000601 10057 100 131072 661176 495 516
0b000c01 0b000501 10007 100 131072 590913 70893 17428
0b000901 0b000201 10007 100 131072 590927 70903 17428
0b000b01 0b000401 10007 100 131072 590921 70913 17428
0b000201 0b000301 10056 100 131072 661205 489 516
0b000a01 0b000b01 10057 100 131072 661176 804 516
0b000401 0b000501 10057 100 131072 661176 634 516
0b000401 0b000d01 10007 100 131072 590913 70901 17428
0b000901 0b000a01 10057 100 131072 661730 489 516
0b000401 0b000501 10058 100 131072 661791 489 516
0b000d01 0b000e01 10058 100 131072 661765 489 516
0b000f01 0b000801 10057 100 131072 661892 489 516
0b000701 0b000001 10056 100 131072 661707 814 516
0b000701 0b000001 10057 100 131072 661782 789 516
0b000401 0b000501 10059 100 131072 662421 490 516
0b000b01 0b000c01 10056 100 131072 662445 515 516
0b000201 0b000301 10057 100 131072 662425 535 516
0b000301 0b000401 10057 100 131072 662286 764 516
0b000601 0b000701 10057 100 131072 662371 714 516
0b000c01 0b000d01 10057 100 131072 662406 714 516
0b000101 0b000201 10057 100 131072 662435 664 516
0b000a01 0b000b01 10058 100 131072 662660 489 516
0b000901 0b000a01 10058 100 131072 662660 489 516
0b000001 0b000101 10057 100 131072 662660 489 516
0b000e01 0b000f01 10058 100 131072 662505 696 516
0b000601 0b000701 10058 100 131072 662510 714 516
0b000c01 0b000d01 10058 100 131072 662545 714 516
0b000101 0b000201 10058 100 131072 662660 628 516
0b000e01 0b000f01 10059 100 131072 662660 705 516
0b000301 0b000401 10058 100 131072 662469 945 516
0b000f01 0b000801 10058 100 131072 662901 532 516
0b000301 0b000401 10059 100 131072 662660 849 516
0b000101 0b000201 10059 100 131072 663229 513 516
0b000c01 0b000d01 10059 100 131072 663154 622 516
0b000f01 0b000801 10059 100 131072 663247 545 516
0b000801 0b000901 10057 100 131072 663158 651 516
0b000701 0b000001 10058 100 131072 663384 489 516
0b000601 0b000701 10059 100 131072 663384 489 516
0b000001 0b000101 10058 100 131072 663392 489 516
0b000b01 0b000c01 10057 100 131072 663376 507 516
0b000e01 0b000f01 10060 100 131072 663392 501 516
0b000a01 0b000b01 10059 100 131072 663169 740 516
0b000c01 0b000d01 10060 100 131072 663384 623 516
0b000801 0b000901 10058 100 131072 663368 666 516
0b000d01 0b000e01 10059 100 131072 663568 489 516
0b000901 0b000a01 10060 100 131072 663284 966 516
0b000a01 0b000b01 10060 100 131072 663392 956 516
0b000201 0b000301 10059 100 131072 663384 982 516
0b000201 0b000301 10058 100 131072 663393 973 516
0b000e01 0b000f01 10061 100 131072 663857 510 516
0b000a01 0b000b01 10061 100 131072 663504 908 516
0b000901 0b000a01 10059 100 131072 663392 1058 516
0b000901 0b000a01 10061 100 131072 663497 1028 516
0b000d01 0b000e01 10060 100 131072 664092 489 516
0b000801 0b000901 10059 100 131072 664100 496 516
0b000c01 0b000d01 10061 100 131072 664116 492 516
0b000401 0b000501 10060 100 131072 664112 509 516
0b000201 0b000301 10060 100 131072 663932 698 516
0b000b01 0b000c01 10058 100 131072 664108 614 516
0b000101 0b000201 10060 100 131072 664116 530 516
0b000301 0b000401 10060 100 131072 663971 714 516
0b000001 0b000101 10059 100 131072 664071 720 516
0b000301 0b000401 10061 100 131072 664116 708 516
0b000601 0b000701 10060 100 131072 664116 718 516
0b000501 0b000601 10058 100 131072 664084 821 516
0b000f01 0b000801 10060 100 131072 664096 929 516
0b000001 0b000101 10060 100 131072 664224 717 516
0b000f01 0b000801 10061 100 131072 664106 944 516
0b000101 0b000201 10061 100 131072 664460 530 516
0b000e01 0b000f01 10062 100 131072 664675 524 516
0b000801 0b000901 10060 100 131072 664461 763 516
0b000d01 0b000e01 10061 100 131072 664824 489 516
0b000f01 0b000801 10062 100 131072 664675 638 516
0b000801 0b000901 10061 100 131072 664586 731 516
0b000701 0b000001 10059 100 131072 664116 1028 516
0b000601 0b000701 10061 100 131072 664278 870 516
0b000701 0b000001 10060 100 131072 664210 1084 516
0b000501 0b000601 10059 100 131072 664203 1109 516
0b000201 0b000301 10061 100 131072 664840 489 516
0b000701 0b000001 10061 100 131072 664286 1047 516
0b000401 0b000501 10061 100 131072 664844 493 516
0b000601 0b000701 10062 100 131072 664681 656 516
0b000a01 0b000b01 10062 100 131072 665229 493 516
0b000e01 0b000f01 10063 100 131072 665264 489 516
0b000b01 0b000c01 10059 100 131072 664418 1393 516
0b000b01 0b000c01 10060 100 131072 664432 1393 516
0b000801 0b000901 10062 100 131072 665391 489 516
0b000001 0b000901 10008 100 131072 611466 54425 17428
0b000b01 0b000c01 10061 100 131072 664521 1368 516
0b000101 0b000a01 10008 100 131072 611466 54425 17428
0b000501 0b000e01 10008 100 131072 611466 54425 17428
0b000801 0b000101 10008 100 131072 611462 54429 17428
0b000a01 0b000301 10008 100 131072 611466 54425 17428
0b000f01 0b000001 10008 100 131072 611466 54425 17428
0b000501 0b000601 10060 100 131072 664562 1439 516
0b000b01 0b000c01 10062 100 131072 664990 1080 516
0b000501 0b000601 10061 100 131072 664816 1519 516
0b000501 0b000601 10062 100 131072 664820 1515 516
0b000001 0b000101 10061 100 131072 665531 839 516
0b000001 0b000101 10062 100 131072 665581 814 516
0b000c01 0b000d01 10062 100 131072 665970 514 516
0b000301 0b000401 10062 100 131072 665970 514 516
0b000901 0b000201 10008 100 131072 611466 55149 17428
0b000d01 0b000601 10008 100 131072 611466 55149 17428
0b000401 0b000501 10062 100 131072 666060 508 516
0b000e01 0b000701 10008 100 131072 611466 55149 17428
0b000501 0b000601 10063 100 131072 665290 1309 516
0b000b01 0b000c01 10063 100 131072 666159 489 516
0b000a01 0b000b01 10063 100 131072 666159 489 516
0b000601 0b000f01 10008 100 131072 611466 55137 17428
0b000201 0b000b01 10008 100 131072 611462 55145 17428
0b000101 0b000201 10062 100 131072 666159 500 516
0b000d01 0b000e01 10062 100 131072 666130 714 516
0b000201 0b000301 10062 100 131072 666109 664 516
0b000501 0b000601 10064 100 131072 665921 853 516
0b000701 0b000001 10062 100 131072 666095 714 516
0b000f01 0b000801 10063 100 131072 666211 696 516
0b000701 0b000001 10063 100 131072 666234 724 516
0b000801 0b000901 10063 100 131072 666443 507 516
0b000201 0b000301 10063 100 131072 666298 743 516
0b000d01 0b000e01 10063 100 131072 666269 799 516
0b000f01 0b000801 10064 100 131072 666375 732 516
0b000401 0b000501 10063 100 131072 666424 764 516
0b000401 0b000501 10064 100 131072 666519 758 516
0b000701 0b000801 10008 100 131072 611466 55857 17428
0b000201 0b000301 10064 100 131072 666752 578 516
0b000701 0b000001 10064 100 131072 666883 489 516
0b000001 0b000101 10063 100 131072 666883 489 516
0b000101 0b000201 10063 100 131072 666891 489 516
0b000801 0b000901 10064 100 131072 666802 537 516
0b000c01 0b000d01 10063 100 131072 666893 490 516
0b000b01 0b000c01 10064 100 131072 666919 491 516
0b000f01 0b000801 10065 100 131072 666903 539 516
0b000901 0b000a01 10062 100 131072 666819 641 516
0b000d01 0b000e01 10064 100 131072 666786 761 516
0b000e01 0b000f01 10064 100 131072 667067 530 516
0b000901 0b000a01 10063 100 131072 667044 641 516
0b000d01 0b000e01 10065 100 131072 667017 699 516
0b000f01 0b000801 10066 100 131072 667377 514 516
0b000e01 0b000f01 10065 100 131072 667591 489 516
0b000a01 0b000b01 10064 100 131072 667260 837 516
0b000901 0b000a01 10064 100 131072 667606 493 516
0b000501 0b000601 10065 100 131072 667631 514 516
0b000d01 0b000e01 10066 100 131072 667618 514 516
0b000b01 0b000c01 10065 100 131072 667358 791 516
0b000201 0b000301 10065 100 131072 667656 545 516
0b000c01 0b000d01 10064 100 131072 667732 489 516
0b000b01 0b000c01 10066 100 131072 667422 802 516
0b000601 0b000701 10063 100 131072 667915 493 516
0b000a01 0b000b01 10065 100 131072 667460 999 516
0b000701 0b000001 10065 100 131072 667844 578 516
0b000401 0b000501 10065 100 131072 667695 734 516
0b000301 0b000401 10063 100 131072 667376 1083 516
0b000301 0b000401 10064 100 131072 667376 1083 516
0b000a01 0b000b01 10066 100 131072 667535 949 516
0b000101 0b000201 10064 100 131072 667801 728 516
0b000201 0b000301 10066 100 131072 668000 540 516
0b000401 0b000501 10066 100 131072 667834 745 516
0b000101 0b000201 10065 100 131072 667951 728 516
0b000301 0b000401 10065 100 131072 667640 1078 516
0b000401 0b000d01 10008 100 131072 614346 54433 17428
0b000f01 0b000801 10067 100 131072 668209 514 516
0b000301 0b000c01 10008 100 131072 617286 51517 17428
0b000c01 0b000501 10008 100 131072 613941 54830 17428
0b000601 0b000701 10064 100 131072 668322 511 516
0b000b01 0b000401 10008 100 131072 616554 52245 17428
0b000e01 0b000f01 10066 100 131072 668323 489 516
0b000501 0b000601 10066 100 131072 668347 489 516
0b000701 0b000001 10066 100 131072 668158 771 516
0b000301 0b000401 10066 100 131072 668339 618 516
0b000701 0b000001 10067 100 131072 668347 721 516
0b000901 0b000a01 10065 100 131072 668234 776 516
0b000001 0b000101 10064 100 131072 668154 947 516
0b000801 0b000901 10065 100 131072 668035 1103 516
0b000801 0b000901 10066 100 131072 668060 1078 516
0b000b01 0b000c01 10067 100 131072 668732 494 516
0b000901 0b000a01 10066 100 131072 668327 924 516
0b000801 0b000901 10067 100 131072 668323 939 516
0b000f01 0b000801 10068 100 131072 668763 513 516
0b000e01 0b000f01 10067 100 131072 668901 489 516
0b000301 0b000401 10067 100 131072 668901 489 516
0b000101 0b000201 10066 100 131072 668901 492 516
0b000a01 0b000b01 10067 100 131072 668901 511 516
0b000001 0b000101 10065 100 131072 668304 1201 516
0b000601 0b000701 10065 100 131072 669011 539 516
0b000001 0b000101 10066 100 131072 668343 1212 516
0b000001 0b000101 10067 100 131072 668901 874 516
0b000901 0b000a01 10067 100 131072 668890 911 516
0b000901 0b000a01 10068 100 131072 668901 914 516
0b000c01 0b000d01 10065 100 131072 668821 996 516
0b000401 0b000501 10067 100 131072 669494 514 516
0b000501 0b000601 10067 100 131072 669578 497 516
0b000d01 0b000e01 10067 100 131072 669494 530 516
0b000c01 0b000d01 10066 100 131072 668899 1143 516
0b000701 0b000001 10068 100 131072 669625 500 516
0b000f01 0b000801 10069 100 131072 669613 516 516
0b000101 0b000201 10067 100 131072 669380 864 516
0b000101 0b000201 10068 100 131072 669405 864 516
0b000c01 0b000d01 10067 100 131072 669080 1112 516
0b000301 0b000401 10068 100 131072 669783 606 516
0b000c01 0b000d01 10068 100 131072 669658 762 516
0b000b01 0b000c01 10069 100 131072 669617 814 516
0b000201 0b000301 10067 100 131072 669625 822 516
0b000901 0b000a01 10069 100 131072 669960 507 516
0b000b01 0b000c01 10068 100 131072 669658 837 516
0b000201 0b000301 10068 100 131072 669669 838 516
0b000e01 0b000f01 10068 100 131072 669854 664 516
0b000001 0b000101 10068 100 131072 669819 763 516
0b000801 0b000901 10068 100 131072 669917 790 516
0b000e01 0b000f01 10069 100 131072 670078 665 516
0b000001 0b000101 10069 100 131072 669968 854 516
0b000301 0b000401 10069 100 131072 670051 778 516
0b000901 0b000a01 10070 100 131072 670349 507 516
0b000101 0b000201 10069 100 131072 670382 490 516
0b000d01 0b000e01 10068 100 131072 670393 489 516
0b000201 0b000301 10069 100 131072 670390 496 516
0b000c01 0b000d01 10069 100 131072 670420 489 516
0b000601 0b000701 10066 100 131072 669345 1592 516
0b000601 0b000701 10067 100 131072 669345 1592 516
0b000501 0b000601 10068 100 131072 670198 780 516
0b000301 0b000401 10070 100 131072 670340 660 516
0b000001 0b000101 10070 100 131072 670382 654 516
0b000f01 0b000801 10070 100 131072 670607 500 516
0b000501 0b000601 10069 100 131072 670287 766 516
0b000a01 0b000b01 10068 100 131072 670470 639 516
0b000601 0b000701 10069 100 131072 669609 1633 516
0b000601 0b000701 10068 100 131072 669625 1631 516
0b000801 0b000901 10069 100 131072 670117 1198 516
0b000601 0b000701 10070 100 131072 669784 1586 516
0b000501 0b000e01 10009 100 131072 643175 28241 17428
0b000e01 0b000f01 10070 100 131072 670557 799 516
0b000a01 0b000b01 10069 100 131072 670695 737 516
0b000601 0b000701 10071 100 131072 671155 559 516
0b000f01 0b000801 10071 100 131072 671090 495 516
0b000301 0b000401 10071 100 131072 671211 553 516
0b000e01 0b000f01 10071 100 131072 670726 880 516
0b000801 0b000901 10070 100 131072 670333 1276 516
0b000b01 0b000c01 10070 100 131072 671107 516 516
0b000a01 0b000b01 10070 100 131072 671109 587 516
0b000801 0b000901 10071 100 131072 670452 1271 516
0b000d01 0b000e01 10069 100 131072 671231 503 516
0b000e01 0b000f01 10072 100 131072 671142 657 516
0b000801 0b000901 10072 100 131072 670901 961 516
0b000701 0b000001 10069 100 131072 671418 489 516
0b000001 0b000101 10071 100 131072 671432 511 516
0b000c01 0b000d01 10070 100 131072 671159 812 516
0b000c01 0b000d01 10071 100 131072 671234 837 516
0b000301 0b000401 10072 100 131072 671550 539 516
0b000d01 0b000e01 10070 100 131072 671789 498 516
0b000f01 0b000801 10072 100 131072 671822 489 516
0b000601 0b000f01 10009 100 131072 643175 28969 17428
0b000b01 0b000c01 10071 100 131072 671469 851 516
0b000b01 0b000c01 10072 100 131072 671494 851 516
0b000c01 0b000d01 10072 100 131072 671813 588 516
0b000201 0b000301 10070 100 131072 671539 722 516
0b000501 0b000601 10070 100 131072 671439 855 516
0b000701 0b000001 10070 100 131072 671843 496 516
0b000601 0b000701 10072 100 131072 671846 507 516
0b000201 0b000301 10071 100 131072 671689 722 516
0b000001 0b000101 10072 100 131072 671939 497 516
0b000501 0b000601 10071 100 131072 671589 955 516
0b000101 0b000201 10070 100 131072 672111 492 516
0b000a01 0b000b01 10071 100 131072 672020 628 516
0b000501 0b000601 10072 100 131072 671781 888 516
0b000c01 0b000d01 10073 100 131072 672236 511 516
0b000101 0b000a01 10009 100 131072 642454 30398 17428
0b000801 0b000901 10073 100 131072 672286 514 516
0b000201 0b000301 10072 100 131072 672403 512 516
0b000401 0b000501 10068 100 131072 671469 1514 516
0b000a01 0b000301 10009 100 131072 642439 30417 17428
0b000401 0b000501 10069 100 131072 671469 1528 516
0b000701 0b000001 10071 100 131072 672560 489 516
0b000f01 0b000801 10073 100 131072 672400 489 516
0b000a01 0b000b01 10072 100 131072 672261 637 516
0b000b01 0b000c01 10073 100 131072 672422 503 516
0b000901 0b000a01 10071 100 131072 672148 852 516
0b000901 0b000a01 10072 100 131072 672158 867 516
0b000e01 0b000701 10009 100 131072 641715 31436 17428
0b000a01 0b000b01 10073 100 131072 672825 489 516
0b000d01 0b000e01 10071 100 131072 672827 639 516
0b000e01 0b000f01 10073 100 131072 673034 507 516
0b000801 0b000101 10009 100 131072 641727 31857 17428
0b000f01 0b000001 10009 100 131072 642435 31149 17428
0b000d01 0b000601 10009 100 131072 641727 31911 17428
0b000801 0b000901 10074 100 131072 673139 514 516
0b000401 0b000501 10070 100 131072 671728 1783 516
0b000501 0b000601 10073 100 131072 673018 493 516
0b000201 0b000b01 10009 100 131072 641915 31657 17428
0b000601 0b000701 10073 100 131072 673085 489 516
0b000101 0b000201 10071 100 131072 672515 1059 516
0b000001 0b000901 10009 100 131072 642618 30966 17428
0b000101 0b000201 10072 100 131072 672565 1064 516
0b000401 0b000501 10071 100 131072 671809 1823 516
0b000001 0b000101 10073 100 131072 673135 508 516
0b000401 0b000501 10072 100 131072 671967 1765 516
0b000101 0b000201 10073 100 131072 672785 972 516
0b000201 0b000301 10073 100 131072 673254 528 516
0b000d01 0b000e01 10072 100 131072 673052 764 516
0b000401 0b000501 10073 100 131072 672400 1532 516
0b000a01 0b000b01 10074 100 131072 673477 490 516
0b000f01 0b000801 10074 100 131072 673528 514 516
0b000d01 0b000e01 10073 100 131072 673430 661 516
0b000101 0b000201 10074 100 131072 673592 515 516
0b000901 0b000a01 10073 100 131072 673717 500 516
0b000701 0b000801 10009 100 131072 641723 32569 17428
0b000c01 0b000d01 10074 100 131072 673441 828 516
0b000301 0b000401 10073 100 131072 673457 935 516
0b000901 0b000201 10009 100 131072 642451 31857 17428
0b000201 0b000301 10074 100 131072 673882 514 516
0b000c01 0b000d01 10075 100 131072 673505 814 516
0b000401 0b000501 10074 100 131072 673399 1036 516
0b000a01 0b000b01 10075 100 131072 673866 503 516
0b000e01 0b000f01 10074 100 131072 673892 489 516
0b000d01 0b000e01 10074 100 131072 673919 489 516
0b000301 0b000401 10074 100 131072 673517 975 516
0b000101 0b000201 10075 100 131072 674046 489 516
0b000701 0b000001 10072 100 131072 673947 614 516
0b000601 0b000701 10074 100 131072 674063 498 516
0b000801 0b000901 10075 100 131072 674117 524 516
0b000301 0b000401 10075 100 131072 673896 796 516
0b000b01 0b000c01 10074 100 131072 674119 539 516
0b000401 0b000501 10075 100 131072 673839 942 516
0b000401 0b000501 10076 100 131072 674010 860 516
0b000401 0b000d01 10009 100 131072 644640 30380 17428
0b000901 0b000a01 10074 100 131072 674325 595 516
0b000301 0b000c01 10009 100 131072 644651 30385 17428
0b000e01 0b000f01 10075 100 131072 674426 554 516
0b000c01 0b000501 10009 100 131072 644665 30343 17428
0b000f01 0b000801 10075 100 131072 674366 649 516
0b000401 0b000501 10077 100 131072 674774 489 516
0b000801 0b000901 10076 100 131072 674595 510 516
0b000b01 0b000c01 10075 100 131072 674442 680 516
0b000c01 0b000d01 10076 100 131072 674633 514 516
0b000e01 0b000f01 10076 100 131072 674744 537 516
0b000b01 0b000c01 10076 100 131072 674706 630 516
0b000001 0b000101 10074 100 131072 674917 494 516
0b000101 0b000201 10076 100 131072 674953 496 516
0b000f01 0b000801 10076 100 131072 674616 956 516
0b000901 0b000a01 10075 100 131072 674619 1127 516
0b000b01 0b000401 10009 100 131072 644673 31091 17428
0b000701 0b000001 10073 100 131072 674252 1527 516
0b000701 0b000001 10074 100 131072 674266 1513 516
0b000f01 0b000801 10077 100 131072 674809 974 516
0b000001 0b000101 10075 100 131072 675349 504 516
0b000701 0b000001 10075 100 131072 674380 1474 516
0b000e01 0b000f01 10077 100 131072 675297 523 516
0b000c01 0b000d01 10077 100 131072 675330 490 516
0b000801 0b000901 10077 100 131072 675321 512 516
0b000901 0b000a01 10076 100 131072 674733 1109 516
0b000301 0b000401 10076 100 131072 675421 492 516
0b000d01 0b000e01 10075 100 131072 674981 864 516
0b000101 0b000201 10077 100 131072 675446 492 516
0b000901 0b000a01 10077 100 131072 674872 1034 516
0b000f01 0b000801 10078 100 131072 675154 793 516
0b000601 0b000701 10075 100 131072 675304 713 516
0b000d01 0b000e01 10076 100 131072 675081 928 516
0b000701 0b000001 10076 100 131072 674724 1344 516
0b000201 0b000301 10075 100 131072 675613 503 516
0b000d01 0b000e01 10077 100 131072 675411 799 516
0b000701 0b000001 10077 100 131072 675363 905 516
0b000801 0b000901 10078 100 131072 675899 489 516
0b000b01 0b000c01 10077 100 131072 675908 504 516
0b000c01 0b000d01 10078 100 131072 675935 514 516
0b000601 0b000701 10076 100 131072 675554 914 516
0b000601 0b000701 10077 100 131072 675679 864 516
0b000001 0b000101 10076 100 131072 676059 502 516
0b000301 0b000401 10078 100 131072 675866 789 516
0b000701 0b000001 10078 100 131072 676161 510 516
0b000301 0b000401 10077 100 131072 675925 809 516
0b000a01 0b000b01 10076 100 131072 675862 982 516
0b000b01 0b000c01 10078 100 131072 676324 602 516
0b000501 0b000601 10074 100 131072 675993 928 516
0b000501 0b000601 10075 100 131072 676007 914 516
0b000f01 0b000801 10079 100 131072 676551 500 516
0b000a01 0b000b01 10077 100 131072 676010 1084 516
0b000a01 0b000b01 10078 100 131072 676035 1059 516
0b000001 0b000101 10077 100 131072 676594 500 516
0b000b01 0b000c01 10079 100 131072 676582 670 516
0b000601 0b000701 10079 100 131072 676521 725 516
0b000301 0b000401 10079 100 131072 676792 492 516
0b000101 0b000201 10078 100 131072 676594 790 516
0b000601 0b000701 10078 100 131072 676648 748 516
0b000901 0b000a01 10078 100 131072 676594 808 516
0b000101 0b000201 10079 100 131072 676653 806 516
0b000e01 0b000f01 10078 100 131072 676826 603 516
0b000901 0b000a01 10079 100 131072 676663 789 516
0b000b01 0b000c01 10080 100 131072 676977 564 516
0b000201 0b000301 10076 100 131072 676584 1147 516
0b000801 0b000901 10079 100 131072 677302 514 516
0b000e01 0b000f01 10079 100 131072 677101 728 516
0b000501 0b000601 10076 100 131072 676642 1235 516
0b000301 0b000401 10080 100 131072 677406 506 516
0b000f01 0b000801 10080 100 131072 677391 513 516
0b000201 0b000301 10077 100 131072 676639 1298 516
0b000501 0b000601 10077 100 131072 676742 1235 516
0b000001 0b000101 10078 100 131072 677571 489 516
0b000701 0b000001 10079 100 131072 677571 489 516
0b000e01 0b000f01 10080 100 131072 677418 664 516
0b000201 0b000301 10078 100 131072 676767 1334 516
0b000d01 0b000e01 10078 100 131072 677279 828 516
0b000501 0b000601 10078 100 131072 676942 1310 516
0b000d01 0b000e01 10079 100 131072 677329 817 516
0b000901 0b000a01 10080 100 131072 677651 524 516
0b000c01 0b000d01 10079 100 131072 677668 512 516
0b000401 0b000501 10078 100 131072 677402 961 516
0b000201 0b000301 10079 100 131072 677318 1147 516
0b000401 0b000501 10079 100 131072 677502 1011 516
0b000a01 0b000b01 10079 100 131072 677930 510 516
0b000201 0b000301 10080 100 131072 677545 1001 516
0b000401 0b000501 10080 100 131072 677702 936 516
0b000f01 0b000801 10081 100 131072 677990 539 516
0b000801 0b000901 10080 100 131072 678025 504 516
0b000901 0b000a01 10081 100 131072 678115 489 516
0b000d01 0b000e01 10080 100 131072 678030 716 516
0b000f01 0b000801 10082 100 131072 678291 566 516
0b000101 0b000201 10080 100 131072 678421 493 516
0b000501 0b000601 10079 100 131072 677445 1479 516
0b000201 0b000301 10081 100 131072 678459 489 516
0b000d01 0b000e01 10081 100 131072 678157 739 516
0b000501 0b000601 10080 100 131072 677791 1358 516
0b000c01 0b000d01 10080 100 131072 678046 959 516
0b000c01 0b000d01 10081 100 131072 678132 1023 516
0b000c01 0b000d01 10082 100 131072 678346 917 516
0b000801 0b000901 10081 100 131072 678582 714 516
0b000d01 0b000e01 10082 100 131072 678830 490 516
0b000501 0b000601 10081 100 131072 678018 1306 516
0b000e01 0b000f01 10081 100 131072 678855 489 516
0b000f01 0b000801 10083 100 131072 678830 515 516
0b000501 0b000601 10082 100 131072 678273 1126 516
0b000901 0b000a01 10082 100 131072 678843 528 516
0b000201 0b000301 10082 100 131072 678948 503 516
0b000401 0b000501 10081 100 131072 678774 727 516
0b000701 0b000001 10080 100 131072 679027 512 516
0b000301 0b000401 10081 100 131072 679126 489 516
0b000401 0b000501 10082 100 131072 678923 704 516
0b000801 0b000901 10082 100 131072 678793 930 516
0b000e01 0b000f01 10082 100 131072 679220 514 516
0b000a01 0b000b01 10080 100 131072 678756 1017 516
0b000801 0b000901 10083 100 131072 678957 855 516
0b000901 0b000a01 10083 100 131072 679398 500 516
0b000d01 0b000e01 10083 100 131072 679459 489 516
0b000a01 0b000b01 10081 100 131072 678852 1102 516
0b000001 0b000101 10079 100 131072 678789 1164 516
0b000a01 0b000b01 10082 100 131072 678916 1063 516
0b000101 0b000201 10081 100 131072 679571 507 516
0b000001 0b000101 10080 100 131072 678864 1289 516
0b000701 0b000001 10081 100 131072 679478 803 516
0b000701 0b000001 10082 100 131072 679553 803 516
0b000c01 0b000d01 10083 100 131072 679936 518 516
0b000401 0b000501 10083 100 131072 679665 764 516
0b000801 0b000901 10084 100 131072 680061 489 516
0b000601 0b000701 10080 100 131072 679931 500 516
0b000b01 0b000c01 10081 100 131072 679854 758 516
0b000001 0b000101 10081 100 131072 679078 1403 516
0b000401 0b000501 10084 100 131072 679744 774 516
0b000101 0b000201 10082 100 131072 680104 491 516
0b000001 0b000101 10082 100 131072 679278 1353 516
0b000001 0b000101 10083 100 131072 679681 1075 516
0b000c01 0b000d01 10084 100 131072 680262 631 516
0b000701 0b000001 10083 100 131072 680256 731 516
0b000b01 0b000c01 10082 100 131072 680104 983 516
0b000b01 0b000c01 10083 100 131072 680114 973 516
0b000701 0b000001 10084 100 131072 680406 706 516
0b000c01 0b000d01 10085 100 131072 680551 602 516
0b000201 0b000301 10083 100 131072 680394 826 516
0b000a01 0b000b01 10083 100 131072 680412 839 516
0b000a01 0b000b01 10084 100 131072 680462 803 516
0b000201 0b000301 10084 100 131072 680469 801 516
0b000901 0b000a01 10084 100 131072 680826 527 516
0b000401 0b000501 10085 100 131072 680922 500 516
0b000101 0b000201 10083 100 131072 681070 489 516
0b000001 0b000101 10084 100 131072 681070 489 516
0b000801 0b000901 10085 100 131072 680914 514 516
0b000301 0b000401 10082 100 131072 680947 714 516
0b000f01 0b000801 10084 100 131072 680839 603 516
0b000a01 0b000b01 10085 100 131072 681185 504 516
0b000d01 0b000e01 10084 100 131072 681190 502 516
0b000f01 0b000801 10085 100 131072 681092 625 516
0b000601 0b000701 10081 100 131072 680887 936 516
0b000601 0b000701 10082 100 131072 680987 986 516
0b000e01 0b000f01 10083 100 131072 681117 839 516
0b000b01 0b000c01 10084 100 131072 681450 514 516
0b000e01 0b000f01 10084 100 131072 681156 864 516
0b000801 0b000901 10086 100 131072 681539 514 516
0b000901 0b000a01 10085 100 131072 681539 514 516
0b000601 0b000701 10083 100 131072 681262 911 516
0b000301 0b000401 10083 100 131072 681111 1063 516
0b000a01 0b000b01 10086 100 131072 681614 489 516
0b000501 0b000601 10083 100 131072 681373 906 516
0b000201 0b000301 10085 100 131072 681924 501 516
0b000801 0b000901 10087 100 131072 681867 539 516
0b000501 0b000601 10084 100 131072 681523 1006 516
0b000501 0b000601 10085 100 131072 681648 956 516
0b000301 0b000401 10084 100 131072 681475 1275 516
0b000e01 0b000f01 10085 100 131072 681756 1009 516
0b000901 0b000a01 10086 100 131072 682306 489 516
0b000601 0b000701 10084 100 131072 681934 902 516
0b000f01 0b000801 10086 100 131072 682354 494 516
0b000301 0b000401 10085 100 131072 681556 1294 516
0b000801 0b000901 10088 100 131072 682355 514 516
0b000e01 0b000f01 10086 100 131072 681906 973 516
0b000a01 0b000b01 10087 100 131072 682381 527 516
0b000d01 0b000e01 10085 100 131072 682015 908 516
0b000001 0b000101 10085 100 131072 682549 489 516
0b000301 0b000401 10086 100 131072 681958 1134 516
0b000401 0b000501 10086 100 131072 682625 517 516
0b000e01 0b000f01 10087 100 131072 682330 749 516
0b000501 0b000601 10086 100 131072 682511 732 516
0b000301 0b000401 10087 100 131072 682461 802 516
0b000d01 0b000e01 10086 100 131072 682165 1018 516
0b000d01 0b000e01 10087 100 131072 682273 960 516
0b000f01 0b000801 10087 100 131072 682744 514 516
0b000601 0b000701 10085 100 131072 682159 1198 516
0b000501 0b000601 10087 100 131072 682637 745 516
0b000a01 0b000b01 10088 100 131072 682908 525 516
0b000e01 0b000f01 10088 100 131072 682958 489 516
0b000901 0b000a01 10087 100 131072 682733 764 516
0b000901 0b000a01 10088 100 131072 682822 764 516
0b000b01 0b000c01 10085 100 131072 682783 839 516
0b000601 0b000701 10086 100 131072 682334 1230 516
0b000601 0b000701 10087 100 131072 682409 1180 516
0b000201 0b000301 10086 100 131072 683088 514 516
0b000101 0b000201 10084 100 131072 682963 678 516
0b000f01 0b000001 10010 100 131072 662926 20917 17428
0b000d01 0b000e01 10088 100 131072 683464 508 516
0b000b01 0b000c01 10086 100 131072 682964 1033 516
0b000b01 0b000c01 10087 100 131072 682989 1033 516
0b000701 0b000001 10085 100 131072 683441 500 516
0b000c01 0b000d01 10086 100 131072 683622 506 516
0b000601 0b000f01 10010 100 131072 663439 20592 17428
0b000001 0b000101 10086 100 131072 683291 811 516
0b000201 0b000301 10087 100 131072 683605 497 516
0b000001 0b000101 10087 100 131072 683366 800 516
0b000101 0b000201 10085 100 131072 683163 1028 516
0b000501 0b000601 10088 100 131072 683439 764 516
0b000501 0b000601 10089 100 131072 683528 764 516
0b000e01 0b000701 10010 100 131072 663269 21060 17428
0b000d01 0b000e01 10089 100 131072 683903 494 516
0b000001 0b000101 10088 100 131072 684122 494 516
0b000101 0b000201 10086 100 131072 683491 1278 516
0b000a01 0b000b01 10089 100 131072 684363 514 516
0b000901 0b000a01 10089 100 131072 684438 489 516
0b000101 0b000a01 10010 100 131072 664371 20542 17428
0b000101 0b000201 10087 100 131072 683641 1278 516
0b000801 0b000901 10089 100 131072 684452 489 516
0b000c01 0b000d01 10087 100 131072 684097 864 516
0b000c01 0b000d01 10088 100 131072 684107 854 516
0b000501 0b000601 10090 100 131072 684432 514 516
0b000101 0b000201 10088 100 131072 683766 1267 516
0b000b01 0b000c01 10088 100 131072 684261 863 516
0b000b01 0b000c01 10089 100 131072 684275 849 516
0b000301 0b000401 10088 100 131072 684230 816 516
0b000201 0b000301 10088 100 131072 684569 514 516
0b000301 0b000401 10089 100 131072 684280 805 516
0b000401 0b000501 10087 100 131072 684671 489 516
0b000101 0b000201 10089 100 131072 684569 703 516
0b000a01 0b000301 10010 100 131072 663579 21870 17428
0b000c01 0b000d01 10089 100 131072 684974 514 516
0b000901 0b000a01 10090 100 131072 685063 489 516
0b000b01 0b000c01 10090 100 131072 685113 489 516
0b000401 0b000501 10088 100 131072 685184 501 516
0b000701 0b000001 10086 100 131072 684833 856 516
0b000f01 0b000801 10088 100 131072 684966 789 516
0b000f01 0b000801 10089 100 131072 685030 789 516
0b000901 0b000a01 10091 100 131072 685416 514 516
0b000301 0b000401 10090 100 131072 685435 500 516
0b000701 0b000001 10087 100 131072 684983 970 516
0b000601 0b000701 10088 100 131072 685289 714 516
0b000701 0b000001 10088 100 131072 685183 870 516
0b000001 0b000901 10010 100 131072 662699 23674 17428
0b000701 0b000801 10010 100 131072 662535 23925 17428
0b000a01 0b000b01 10090 100 131072 685805 513 516
0b000f01 0b000801 10090 100 131072 685775 558 516
0b000801 0b000901 10090 100 131072 685858 506 516
0b000901 0b000a01 10092 100 131072 685879 514 516
0b000b01 0b000c01 10091 100 131072 685918 489 516
0b000601 0b000701 10089 100 131072 685539 988 516
0b000e01 0b000f01 10089 100 131072 685933 670 516
0b000601 0b000701 10090 100 131072 685614 978 516
0b000401 0b000501 10089 100 131072 685760 914 516
0b000501 0b000601 10091 100 131072 686152 522 516
0b000f01 0b000801 10091 100 131072 686089 608 516
0b000401 0b000501 10090 100 131072 685860 978 516
0b000801 0b000901 10091 100 131072 686268 510 516
0b000801 0b000101 10010 100 131072 662530 24351 17428
0b000601 0b000701 10091 100 131072 686253 639 516
0b000b01 0b000c01 10092 100 131072 686443 514 516
0b000401 0b000501 10091 100 131072 686102 875 516
0b000f01 0b000801 10092 100 131072 686457 540 516
0b000401 0b000d01 10010 100 131072 664681 22400 17428
0b000e01 0b000f01 10090 100 131072 686193 923 516
0b000c01 0b000d01 10090 100 131072 686632 489 516
0b000201 0b000301 10089 100 131072 686651 489 516
0b000701 0b000001 10089 100 131072 686367 811 516
0b000e01 0b000f01 10091 100 131072 686243 948 516
0b000a01 0b000b01 10091 100 131072 686507 764 516
0b000a01 0b000b01 10092 100 131072 686596 764 516
0b000c01 0b000d01 10091 100 131072 687007 506 516
0b000f01 0b000801 10093 100 131072 687041 491 516
0b000e01 0b000f01 10092 100 131072 686982 556 516
0b000301 0b000401 10091 100 131072 687112 489 516
0b000d01 0b000e01 10090 100 131072 687138 494 516
0b000701 0b000001 10090 100 131072 686574 1064 516
0b000701 0b000001 10091 100 131072 686599 1039 516
0b000001 0b000101 10089 100 131072 686853 806 516
0b000901 0b000201 10010 100 131072 662545 25284 17428
0b000001 0b000101 10090 100 131072 686951 783 516
0b000e01 0b000f01 10093 100 131072 687407 489 516
0b000201 0b000b01 10010 100 131072 663882 23935 17428
0b000701 0b000001 10092 100 131072 687339 613 516
0b000601 0b000701 10092 100 131072 687213 764 516
0b000101 0b000201 10090 100 131072 687112 867 516
0b000601 0b000701 10093 100 131072 687302 764 516
0b000101 0b000201 10091 100 131072 687176 928 516
0b000101 0b000201 10092 100 131072 687626 703 516
0b000b01 0b000c01 10093 100 131072 687887 497 516
0b000a01 0b000b01 10093 100 131072 687923 489 516
0b000301 0b000401 10092 100 131072 688093 525 516
0b000201 0b000301 10090 100 131072 687779 905 516
0b000d01 0b000e01 10091 100 131072 687971 863 516
0b000d01 0b000e01 10092 100 131072 687981 853 516
0b000401 0b000501 10092 100 131072 688056 828 516
0b000401 0b000501 10093 100 131072 688095 825 516
0b000201 0b000301 10091 100 131072 687929 1003 516
0b000c01 0b000d01 10092 100 131072 688134 839 516
0b000301 0b000401 10093 100 131072 688459 489 516
0b000c01 0b000d01 10093 100 131072 688134 853 516
0b000201 0b000301 10092 100 131072 688043 953 516
0b000a01 0b000b01 10094 100 131072 688562 489 516
0b000801 0b000901 10092 100 131072 688765 489 516
0b000501 0b000601 10092 100 131072 688695 489 516
0b000301 0b000c01 10010 100 131072 664704 24577 17428
0b000001 0b000101 10091 100 131072 688699 664 516
0b000701 0b000001 10093 100 131072 689013 500 516
0b000b01 0b000401 10010 100 131072 664785 25016 17428
0b000001 0b000101 10092 100 131072 688963 889 516
0b000001 0b000101 10093 100 131072 689063 853 516
0b000901 0b000a01 10093 100 131072 689383 510 516
0b000a01 0b000b01 10095 100 131072 689403 510 516
0b000501 0b000601 10093 100 131072 689684 489 516
0b000801 0b000901 10093 100 131072 689343 720 516
0b000f01 0b000801 10094 100 131072 689613 494 516
0b000801 0b000901 10094 100 131072 689470 801 516
0b000901 0b000a01 10094 100 131072 689788 508 516
0b000101 0b000201 10093 100 131072 689891 489 516
0b000701 0b000001 10094 100 131072 689902 489 516
0b000301 0b000401 10094 100 131072 690150 489 516
0b000c01 0b000d01 10094 100 131072 689967 503 516
0b000801 0b000901 10095 100 131072 690007 553 516
0b000b01 0b000c01 10094 100 131072 690370 489 516
0b000d01 0b000e01 10093 100 131072 690091 826 516
0b000d01 0b000e01 10094 100 131072 690131 836 516
0b000401 0b000501 10094 100 131072 690611 489 516
0b000801 0b000901 10096 100 131072 690542 495 516
0b000f01 0b000801 10095 100 131072 690548 494 516
0b000101 0b000201 10094 100 131072 690669 518 516
0b000e01 0b000f01 10094 100 131072 690642 495 516
0b000001 0b000101 10094 100 131072 690648 564 516
0b000b01 0b000c01 10095 100 131072 690827 489 516
0b000f01 0b000801 10096 100 131072 690906 495 516
0b000201 0b000301 10093 100 131072 690839 589 516
0b000001 0b000101 10095 100 131072 690962 550 516
0b000701 0b000001 10095 100 131072 690987 764 516
0b000701 0b000001 10096 100 131072 691076 764 516
0b000c01 0b000d01 10095 100 131072 691394 489 516
0b000b01 0b000c01 10096 100 131072 691422 489 516
0b000201 0b000301 10094 100 131072 691114 803 516
0b000201 0b000301 10095 100 131072 691339 742 516
0b000401 0b000501 10095 100 131072 691958 511 516
0b000301 0b000401 10095 100 131072 692006 489 516
0b000601 0b000701 10094 100 131072 692194 503 516
0b000b01 0b000c01 10097 100 131072 692061 505 516
0b000501 0b000601 10094 100 131072 691894 814 516
0b000501 0b000601 10095 100 131072 691930 817 516
0b000901 0b000a01 10095 100 131072 692264 489 516
0b000c01 0b000d01 10096 100 131072 692291 489 516
0b000d01 0b000e01 10095 100 131072 691983 839 516
0b000d01 0b000e01 10096 100 131072 691997 839 516
0b000101 0b000201 10095 100 131072 692373 500 516
0b000001 0b000101 10096 100 131072 692523 503 516
0b000401 0b000501 10096 100 131072 692811 489 516
0b000a01 0b000b01 10096 100 131072 692903 495 516
0b000b01 0b000c01 10098 100 131072 692923 508 516
0b000101 0b000201 10096 100 131072 692926 489 516
0b000801 0b000901 10097 100 131072 693117 506 516
0b000901 0b000a01 10096 100 131072 693073 647 516
0b000a01 0b000b01 10097 100 131072 693306 506 516
0b000601 0b000701 10095 100 131072 693183 489 516
0b000201 0b000301 10096 100 131072 693390 489 516
0b000901 0b000a01 10097 100 131072 693281 645 516
0b000001 0b000101 10097 100 131072 693401 489 516
0b000401 0b000501 10097 100 131072 693649 489 516
0b000c01 0b000d01 10097 100 131072 693869 489 516
0b000901 0b000a01 10098 100 131072 694077 514 516
0b000f01 0b000801 10097 100 131072 694147 505 516
0b000e01 0b000f01 10095 100 131072 693927 814 516
0b000e01 0b000f01 10096 100 131072 693977 803 516
0b000c01 0b000d01 10098 100 131072 694326 489 516
0b000501 0b000e01 10010 100 131072 664412 30120 17428
0b000501 0b000601 10096 100 131072 694110 489 516
0b000201 0b000301 10097 100 131072 694197 500 516
0b000101 0b000201 10097 100 131072 694222 564 516
0b000801 0b000901 10098 100 131072 694441 489 516
0b000301 0b000401 10096 100 131072 694438 489 516
0b000d01 0b000601 10010 100 131072 662545 32431 17428
0b000101 0b000201 10098 100 131072 694522 564 516
0b000c01 0b000501 10010 100 131072 668835 26309 17428
0b000001 0b000101 10098 100 131072 694761 489 516
0b000c01 0b000d01 10099 100 131072 694921 489 516
0b000d01 0b000e01 10097 100 131072 694923 489 516
0b000301 0b000401 10097 100 131072 694927 703 516
0b000301 0b000401 10098 100 131072 695091 689 516
0b000c01 0b000d01 10100 100 131072 695576 494 516
0b000501 0b000601 10097 100 131072 695479 489 516
0b000401 0b000501 10098 100 131072 695505 489 516
0b000601 0b000701 10096 100 131072 695718 489 516
0b000d01 0b000e01 10098 100 131072 695820 489 516
0b000e01 0b000f01 10097 100 131072 695832 489 516
0b000201 0b000301 10098 100 131072 695883 489 516
0b000501 0b000601 10098 100 131072 696310 489 516
0b000b01 0b000c01 10099 100 131072 696408 502 516
0b000901 0b000a01 10099 100 131072 696663 497 516
0b000701 0b000001 10097 100 131072 696712 489 516
0b000a01 0b000b01 10098 100 131072 696760 639 516
0b000301 0b000401 10099 100 131072 696889 489 516
0b000101 0b000201 10099 100 131072 696930 489 516
0b000a01 0b000b01 10099 100 131072 696966 647 516
0b000d01 0b000e01 10099 100 131072 697368 504 516
0b000601 0b000701 10097 100 131072 697609 489 516
0b000e01 0b000f01 10098 100 131072 697572 528 516
0b000a01 0b000b01 10100 100 131072 697631 509 516
0b000801 0b000901 10099 100 131072 697662 528 516
0b000301 0b000401 10100 100 131072 697707 519 516
0b000f01 0b000801 10098 100 131072 697751 489 516
0b000d01 0b000e01 10100 100 131072 697825 489 516
0b000901 0b000a01 10100 100 131072 697940 489 516
0b000201 0b000301 10099 100 131072 697826 584 516
0b000401 0b000501 10099 100 131072 697937 497 516
0b000601 0b000701 10098 100 131072 697986 498 516
0b000501 0b000601 10099 100 131072 698184 489 516
0b000201 0b000301 10100 100 131072 698126 573 516
0b000101 0b000201 10100 100 131072 698260 489 516
0b000d01 0b000e01 10101 100 131072 698420 489 516
0b000e01 0b000f01 10099 100 131072 698422 489 516
0b000401 0b000501 10100 100 131072 698790 489 516
0b000601 0b000701 10099 100 131072 698978 489 516
0b000501 0b000601 10100 100 131072 699004 489 516
0b000701 0b000001 10098 100 131072 699217 489 516
0b000e01 0b000f01 10100 100 131072 699319 489 516
0b000f01 0b000801 10099 100 131072 699331 489 516
0b000601 0b000701 10100 100 131072 699809 489 516
0b000c01 0b000d01 10101 100 131072 699920 489 516
0b000001 0b000101 10099 100 131072 700211 489 516
0b000a01 0b000b01 10101 100 131072 700170 489 516
0b000401 0b000501 10101 100 131072 700388 489 516
0b000b01 0b000c01 10100 100 131072 700409 639 516
0b000201 0b000301 10101 100 131072 700429 489 516
0b000b01 0b000c01 10101 100 131072 700623 639 516
0b000f01 0b000801 10100 100 131072 701110 514 516
0b000b01 0b000c01 10102 100 131072 701150 489 516
0b000801 0b000901 10100 100 131072 701250 489 516
0b000401 0b000501 10102 100 131072 701236 509 516
0b000e01 0b000f01 10101 100 131072 701324 489 516
0b000501 0b000601 10101 100 131072 701444 489 516
0b000301 0b000401 10101 100 131072 701420 564 516
0b000701 0b000001 10099 100 131072 701494 514 516
0b000601 0b000701 10101 100 131072 701683 489 516
0b000301 0b000401 10102 100 131072 701709 564 516
0b000e01 0b000f01 10102 100 131072 701919 489 516
0b000701 0b000001 10100 100 131072 702477 489 516
0b000f01 0b000801 10101 100 131072 702818 489 516
0b000701 0b000001 10101 100 131072 703308 489 516
0b000d01 0b000e01 10102 100 131072 703419 489 516
0b000501 0b000601 10102 100 131072 703887 489 516
0b000c01 0b000d01 10102 100 131072 704272 489 516
0b000c01 0b000d01 10103 100 131072 704649 489 516
0b000801 0b000901 10101 100 131072 704634 514 516
0b000901 0b000a01 10101 100 131072 704749 489 516
0b000501 0b000601 10103 100 131072 704755 513 516
0b000f01 0b000801 10102 100 131072 704823 489 516
0b000601 0b000701 10102 100 131072 704943 489 516
0b000001 0b000101 10100 100 131072 705018 514 516
0b000701 0b000001 10102 100 131072 705182 489 516
0b000401 0b000501 10103 100 131072 705283 489 516
0b000f01 0b000801 10103 100 131072 705418 489 516
0b000001 0b000101 10101 100 131072 705976 489 516
0b000801 0b000901 10102 100 131072 706317 489 516
0b000001 0b000101 10102 100 131072 706837 489 516
0b000e01 0b000f01 10103 100 131072 706918 489 516
0b000601 0b000701 10103 100 131072 707386 489 516
0b000d01 0b000e01 10103 100 131072 707771 489 516
0b000f01 0b000001 10011 100 131072 673753 34527 17428
0b000d01 0b000e01 10104 100 131072 708178 489 516
0b000901 0b000a01 10102 100 131072 708158 514 516
0b000a01 0b000b01 10102 100 131072 708248 489 516
0b000801 0b000901 10103 100 131072 708322 489 516
0b000601 0b000701 10104 100 131072 708308 509 516
0b000701 0b000001 10103 100 131072 708442 494 516
0b000101 0b000201 10101 100 131072 708542 494 516
0b000001 0b000101 10103 100 131072 708711 489 516
0b000501 0b000601 10104 100 131072 708812 489 516
0b000801 0b000901 10104 100 131072 708947 489 516
0b000101 0b000201 10102 100 131072 709475 489 516
0b000901 0b000a01 10103 100 131072 709816 489 516
0b000101 0b000201 10103 100 131072 710336 489 516
0b000f01 0b000801 10104 100 131072 710447 489 516
0b000701 0b000001 10104 100 131072 710915 505 516
0b000001 0b000101 10104 100 131072 711320 489 516
0b000e01 0b000f01 10104 100 131072 711300 489 516
0b000a01 0b000b01 10103 100 131072 711712 514 516
0b000b01 0b000c01 10103 100 131072 711747 489 516
0b000901 0b000a01 10104 100 131072 711851 489 516
0b000001 0b000101 10105 100 131072 711976 489 516
0b000201 0b000301 10102 100 131072 712046 494 516
0b000101 0b000201 10104 100 131072 712240 489 516
0b000001 0b000901 10011 100 131072 672078 41723 17428
0b000a01 0b000b01 10104 100 131072 713345 489 516
0b000101 0b000a01 10011 100 131072 673832 40205 17428
0b000201 0b000301 10103 100 131072 713835 489 516
0b000101 0b000201 10105 100 131072 714849 489 516
0b000201 0b000b01 10011 100 131072 673279 42202 17428
0b000b01 0b000c01 10104 100 131072 715236 489 516
0b000301 0b000401 10103 100 131072 715550 514 516
0b000201 0b000301 10104 100 131072 715739 489 516
0b000601 0b000f01 10011 100 131072 673988 42460 17428
0b000801 0b000101 10011 100 131072 671733 45605 17428
0b000901 0b000a01 10105 100 131072 716841 511 516
0b000a01 0b000b01 10105 100 131072 717077 489 516
0b000a01 0b000301 10011 100 131072 672811 45083 17428
0b000301 0b000c01 10011 100 131072 675271 43543 17428
0b000201 0b000301 10105 100 131072 718378 489 516
0b000401 0b000d01 10011 100 131072 675099 44014 17428
0b000b01 0b000c01 10105 100 131072 718521 494 516
0b000c01 0b000d01 10104 100 131072 718765 489 516
0b000401 0b000501 10104 100 131072 719104 514 516
0b000301 0b000401 10104 100 131072 719268 489 516
0b000f01 0b000801 10105 100 131072 719488 489 516
0b000101 0b000201 10106 100 131072 720378 489 516
0b000a01 0b000b01 10106 100 131072 720392 489 516
0b000b01 0b000c01 10106 100 131072 720606 489 516
0b000e01 0b000701 10011 100 131072 676476 44642 17428
0b000301 0b000401 10105 100 131072 720934 489 516
0b000701 0b000801 10011 100 131072 673947 47862 17428
0b000301 0b000401 10106 100 131072 721907 489 516
0b000901 0b000201 10011 100 131072 672272 50186 17428
0b000c01 0b000d01 10105 100 131072 721854 649 516
0b000d01 0b000e01 10105 100 131072 722153 504 516
0b000c01 0b000d01 10106 100 131072 722055 652 516
0b000801 0b000901 10105 100 131072 723017 489 516
0b000c01 0b000501 10011 100 131072 675355 48598 17428
0b000b01 0b000c01 10107 100 131072 723921 489 516
0b000201 0b000301 10106 100 131072 723907 489 516
0b000c01 0b000d01 10107 100 131072 724135 489 516
0b000701 0b000001 10105 100 131072 724158 489 516
0b000501 0b000e01 10011 100 131072 676521 48276 17428
0b000401 0b000501 10105 100 131072 724463 489 516
0b000801 0b000901 10106 100 131072 724849 489 516
0b000401 0b000501 10106 100 131072 725406 489 516
0b000201 0b000301 10107 100 131072 725498 489 516
0b000d01 0b000e01 10106 100 131072 725543 639 516
0b000e01 0b000f01 10105 100 131072 725697 510 516
0b000d01 0b000e01 10107 100 131072 725747 649 516
0b000d01 0b000601 10011 100 131072 673202 53771 17428
0b000901 0b000a01 10106 100 131072 726546 489 516
0b000501 0b000601 10105 100 131072 726993 489 516
0b000c01 0b000d01 10108 100 131072 727450 489 516
0b000301 0b000401 10107 100 131072 727436 489 516
0b000d01 0b000e01 10108 100 131072 727664 498 516
0b000001 0b000101 10106 100 131072 727687 489 516
0b000e01 0b000f01 10106 100 131072 727837 489 516
0b000501 0b000601 10106 100 131072 727992 489 516
0b000901 0b000a01 10107 100 131072 728378 489 516
0b000501 0b000601 10107 100 131072 728935 489 516
0b000301 0b000401 10108 100 131072 729027 489 516
0b000101 0b000a01 10012 100 131072 678863 50871 17428
0b000f01 0b000801 10106 100 131072 729247 500 516
0b000e01 0b000f01 10107 100 131072 729222 639 516
0b000e01 0b000f01 10108 100 131072 729436 639 516
0b000501 0b000e01 10012 100 131072 677880 52437 17428
0b000601 0b000701 10105 100 131072 730013 489 516
0b000a01 0b000b01 10107 100 131072 730075 489 516
0b000601 0b000701 10106 100 131072 730522 489 516
0b000401 0b000501 10107 100 131072 730935 489 516
0b000d01 0b000e01 10109 100 131072 730949 498 516
0b000201 0b000b01 10012 100 131072 677117 54474 17428
0b000e01 0b000f01 10109 100 131072 731172 494 516
0b000101 0b000201 10107 100 131072 731216 489 516
0b000f01 0b000801 10107 100 131072 731366 489 516
0b000601 0b000701 10107 100 131072 731521 489 516
0b000d01 0b000601 10012 100 131072 675757 56312 17428
0b000701 0b000801 10012 100 131072 676584 55830 17428
0b000a01 0b000b01 10108 100 131072 731907 489 516
0b000b01 0b000401 10011 100 131072 675658 57201 17428
0b000901 0b000201 10012 100 131072 675810 57253 17428
0b000601 0b000701 10108 100 131072 732464 489 516
0b000401 0b000501 10108 100 131072 732526 489 516
0b000a01 0b000b01 10109 100 131072 732774 489 516
0b000801 0b000901 10107 100 131072 732787 514 516
0b000801 0b000101 10012 100 131072 677052 56396 17428
0b000f01 0b000801 10108 100 131072 732901 676 516
0b000a01 0b000301 10012 100 131072 677227 56368 17428
0b000001 0b000901 10012 100 131072 678789 55077 17428
0b000f01 0b000801 10109 100 131072 733085 681 516
0b000e01 0b000f01 10110 100 131072 733327 489 516
0b000701 0b000001 10106 100 131072 733542 489 516
0b000b01 0b000c01 10108 100 131072 733574 489 516
0b000701 0b000001 10107 100 131072 734051 489 516
0b000501 0b000601 10108 100 131072 734434 489 516
0b000e01 0b000f01 10111 100 131072 734457 494 516
0b000201 0b000301 10108 100 131072 734745 489 516
0b000b01 0b000c01 10109 100 131072 734601 489 516
0b000f01 0b000801 10110 100 131072 734676 494 516
0b000801 0b000901 10108 100 131072 734895 489 516
0b000701 0b000001 10108 100 131072 735020 514 516
0b000601 0b000701 10109 100 131072 735109 489 516
0b000b01 0b000c01 10110 100 131072 735406 489 516
0b000801 0b000901 10109 100 131072 735454 489 516
0b000f01 0b000001 10012 100 131072 680439 55603 17428
0b000401 0b000501 10109 100 131072 735869 506 516
0b000501 0b000601 10109 100 131072 736025 489 516
0b000e01 0b000701 10012 100 131072 679019 57485 17428
0b000201 0b000301 10109 100 131072 736103 510 516
0b000b01 0b000c01 10111 100 131072 736273 489 516
0b000101 0b000201 10108 100 131072 736488 489 516
0b000901 0b000a01 10108 100 131072 736311 501 516
0b000301 0b000401 10109 100 131072 736635 489 516
0b000801 0b000901 10110 100 131072 736587 678 516
0b000f01 0b000801 10111 100 131072 736826 500 516
0b000901 0b000a01 10109 100 131072 736876 514 516
0b000801 0b000901 10111 100 131072 736776 664 516
0b000001 0b000101 10107 100 131072 737071 489 516
0b000c01 0b000d01 10109 100 131072 737103 489 516
0b000001 0b000101 10108 100 131072 737580 489 516
0b000401 0b000d01 10012 100 131072 680294 57845 17428
0b000f01 0b000801 10112 100 131072 737961 494 516
0b000601 0b000701 10110 100 131072 737963 489 516
0b000c01 0b000d01 10110 100 131072 738130 489 516
0b000801 0b000901 10112 100 131072 738180 489 516
0b000b01 0b000401 10012 100 131072 677379 61304 17428
0b000301 0b000401 10110 100 131072 738244 489 516
0b000901 0b000a01 10110 100 131072 738394 489 516
0b000301 0b000c01 10012 100 131072 680741 58142 17428
0b000001 0b000101 10109 100 131072 738574 489 516
0b000701 0b000001 10109 100 131072 738608 489 516
0b000c01 0b000d01 10111 100 131072 738905 489 516
0b000001 0b000101 10110 100 131072 739082 489 516
0b000901 0b000a01 10111 100 131072 738953 489 516
0b000501 0b000601 10110 100 131072 739385 489 516
0b000701 0b000001 10110 100 131072 739514 489 516
0b000601 0b000701 10111 100 131072 739524 489 516
0b000301 0b000401 10111 100 131072 739623 494 516
0b000c01 0b000d01 10112 100 131072 739772 489 516
0b000a01 0b000b01 10110 100 131072 739852 489 516
0b000201 0b000301 10110 100 131072 740017 489 516
0b000401 0b000501 10110 100 131072 740134 489 516
0b000101 0b000201 10109 100 131072 740600 489 516
0b000801 0b000901 10113 100 131072 740336 489 516
0b000a01 0b000b01 10111 100 131072 740430 509 516
0b000901 0b000a01 10112 100 131072 740275 689 516
0b000d01 0b000e01 10110 100 131072 740602 489 516
0b000901 0b000a01 10113 100 131072 740450 678 516
0b000601 0b000f01 10012 100 131072 679931 61367 17428
0b000d01 0b000e01 10111 100 131072 741149 489 516
0b000101 0b000201 10110 100 131072 741079 489 516
0b000701 0b000001 10111 100 131072 741462 489 516
0b000d01 0b000e01 10112 100 131072 741629 514 516
0b000a01 0b000b01 10112 100 131072 741893 489 516
0b000c01 0b000d01 10113 100 131072 741893 489 516
0b000401 0b000501 10111 100 131072 741693 814 516
0b000401 0b000501 10112 100 131072 741743 803 516
0b000101 0b000201 10111 100 131072 742073 503 516
0b000001 0b000101 10111 100 131072 742137 489 516
0b000d01 0b000e01 10113 100 131072 742404 489 516
0b000a01 0b000b01 10113 100 131072 742452 489 516
0b000101 0b000201 10112 100 131072 742581 489 516
0b000601 0b000701 10112 100 131072 742884 489 516
0b000d01 0b000e01 10114 100 131072 743271 489 516
0b000701 0b000001 10112 100 131072 743023 489 516
0b000001 0b000101 10112 100 131072 743043 489 516
0b000401 0b000501 10113 100 131072 743127 514 516
0b000b01 0b000c01 10112 100 131072 743351 489 516
0b000c01 0b000501 10012 100 131072 679422 64604 17428
0b000301 0b000401 10112 100 131072 743516 489 516
0b000501 0b000601 10111 100 131072 743633 489 516
0b000901 0b000a01 10114 100 131072 743835 489 516
0b000b01 0b000c01 10113 100 131072 743949 489 516
0b000a01 0b000b01 10114 100 131072 743974 489 516
0b000201 0b000301 10111 100 131072 744099 489 516
0b000f01 0b000801 10113 100 131072 744308 490 516
0b000201 0b000301 10112 100 131072 744578 489 516
0b000e01 0b000f01 10112 100 131072 744648 489 516
0b000e01 0b000f01 10113 100 131072 745153 494 516
0b000b01 0b000c01 10114 100 131072 745392 489 516
0b000d01 0b000e01 10115 100 131072 745422 489 516
0b000101 0b000201 10113 100 131072 745636 489 516
0b000e01 0b000f01 10114 100 131072 745933 489 516
0b000b01 0b000c01 10115 100 131072 745951 489 516
0b000501 0b000601 10112 100 131072 745517 814 516
0b000501 0b000601 10113 100 131072 745556 814 516
0b000201 0b000301 10113 100 131072 746080 489 516
0b000701 0b000001 10113 100 131072 746383 494 516
0b000001 0b000101 10113 100 131072 746552 489 516
0b000101 0b000201 10114 100 131072 746572 489 516
0b000501 0b000601 10114 100 131072 746651 514 516
0b000e01 0b000f01 10115 100 131072 746800 489 516
0b000401 0b000501 10114 100 131072 747015 489 516
0b000501 0b000601 10115 100 131072 747066 489 516
0b000601 0b000701 10113 100 131072 747132 489 516
0b000001 0b000901 10013 100 131072 683997 63705 17428
0b000a01 0b000b01 10115 100 131072 747334 489 516
0b000c01 0b000d01 10114 100 131072 747448 489 516
0b000301 0b000401 10113 100 131072 747598 489 516
0b000801 0b000901 10114 100 131072 747808 514 516
0b000301 0b000401 10114 100 131072 748077 489 516
0b000f01 0b000801 10114 100 131072 748147 489 516
0b000f01 0b000801 10115 100 131072 748657 494 516
0b000201 0b000301 10114 100 131072 749135 489 516
0b000c01 0b000d01 10115 100 131072 748921 489 516
0b000e01 0b000f01 10116 100 131072 748951 489 516
0b000c01 0b000d01 10116 100 131072 749480 489 516
0b000601 0b000701 10114 100 131072 749371 489 516
0b000301 0b000401 10115 100 131072 749579 489 516
0b000001 0b000101 10114 100 131072 749887 489 516
0b000201 0b000301 10115 100 131072 750071 489 516
0b000601 0b000701 10115 100 131072 750205 514 516
0b000f01 0b000801 10116 100 131072 750299 489 516
0b000901 0b000a01 10115 100 131072 750742 489 516
0b000501 0b000601 10116 100 131072 750544 489 516
0b000601 0b000701 10116 100 131072 750595 489 516
0b000701 0b000001 10114 100 131072 750631 489 516
0b000401 0b000501 10115 100 131072 751127 489 516
0b000b01 0b000c01 10116 100 131072 750863 489 516
0b000401 0b000d01 10013 100 131072 686273 65383 17428
0b000101 0b000a01 10013 100 131072 686048 65624 17428
0b000d01 0b000e01 10116 100 131072 750977 489 516
0b000801 0b000101 10013 100 131072 684727 66921 17428
0b000901 0b000a01 10116 100 131072 751362 509 516
0b000801 0b000901 10115 100 131072 751646 489 516
0b000a01 0b000301 10013 100 131072 685063 67149 17428
0b000301 0b000c01 10013 100 131072 686612 65788 17428
0b000b01 0b000401 10013 100 131072 684699 67816 17428
0b000801 0b000901 10116 100 131072 752191 509 516
0b000901 0b000201 10013 100 131072 683560 69237 17428
0b000f01 0b000801 10117 100 131072 752450 489 516
0b000301 0b000401 10116 100 131072 752664 489 516
0b000701 0b000001 10115 100 131072 752870 489 516
0b000d01 0b000e01 10117 100 131072 753009 489 516
0b000401 0b000501 10116 100 131072 753108 489 516
0b000d01 0b000601 10013 100 131072 684163 69525 17428
0b000f01 0b000001 10013 100 131072 685889 68038 17428
0b000101 0b000201 10115 100 131072 753416 489 516
0b000e01 0b000701 10013 100 131072 684702 69278 17428
0b000301 0b000401 10117 100 131072 753600 489 516
0b000801 0b000901 10117 100 131072 753828 489 516
0b000701 0b000001 10116 100 131072 753759 514 516
0b000601 0b000701 10117 100 131072 754073 489 516
0b000701 0b000001 10117 100 131072 754124 489 516
0b000001 0b000101 10115 100 131072 754130 489 516
0b000a01 0b000b01 10116 100 131072 754241 489 516
0b000c01 0b000d01 10117 100 131072 754392 504 516
0b000101 0b000201 10116 100 131072 754688 489 516
0b000e01 0b000f01 10117 100 131072 754506 490 516
0b000d01 0b000e01 10118 100 131072 754696 489 516
0b000a01 0b000b01 10117 100 131072 754682 668 516
0b000a01 0b000b01 10118 100 131072 754881 669 516
0b000301 0b000401 10118 100 131072 755252 503 516
0b000901 0b000a01 10117 100 131072 755175 489 516
0b000c01 0b000d01 10118 100 131072 755440 489 516
0b000401 0b000d01 10014 100 131072 688945 67079 17428
0b000401 0b000501 10117 100 131072 755555 489 516
0b000901 0b000a01 10118 100 131072 755740 514 516
0b000201 0b000301 10116 100 131072 755837 489 516
0b000801 0b000901 10118 100 131072 755979 489 516
0b000401 0b000501 10118 100 131072 756193 489 516
0b000e01 0b000f01 10118 100 131072 756538 489 516
0b000701 0b000801 10013 100 131072 685846 71005 17428
0b000001 0b000101 10116 100 131072 756369 489 516
0b000501 0b000601 10117 100 131072 756637 491 516
0b000601 0b000701 10118 100 131072 756728 492 516
0b000201 0b000301 10117 100 131072 756945 489 516
0b000001 0b000101 10117 100 131072 756937 522 516
0b000701 0b000001 10118 100 131072 757020 506 516
0b000401 0b000501 10119 100 131072 757129 489 516
0b000001 0b000101 10118 100 131072 757283 594 516
0b000a01 0b000301 10014 100 131072 687937 70189 17428
0b000b01 0b000c01 10117 100 131072 757740 489 516
0b000701 0b000001 10119 100 131072 757602 489 516
0b000c01 0b000501 10013 100 131072 687032 71333 17428
0b000101 0b000201 10117 100 131072 757659 489 516
0b000001 0b000101 10119 100 131072 757623 531 516
0b000f01 0b000801 10118 100 131072 758036 514 516
0b000201 0b000301 10118 100 131072 758217 489 516
0b000e01 0b000f01 10119 100 131072 758225 489 516
0b000401 0b000501 10120 100 131072 758795 489 516
0b000b01 0b000c01 10118 100 131072 758360 669 516
0b000f01 0b000001 10014 100 131072 690126 68991 17428
0b000a01 0b000b01 10119 100 131072 758704 489 516
0b000b01 0b000c01 10119 100 131072 758560 653 516
0b000501 0b000601 10118 100 131072 759084 489 516
0b000601 0b000f01 10013 100 131072 686392 73196 17428
0b000201 0b000b01 10013 100 131072 687201 72561 17428
0b000d01 0b000e01 10119 100 131072 758969 764 516
0b000101 0b000a01 10014 100 131072 690744 69034 17428
0b000d01 0b000e01 10120 100 131072 759064 758 516
0b000301 0b000401 10119 100 131072 759366 489 516
0b000f01 0b000001 10015 100 131072 690201 69648 17428
0b000901 0b000a01 10119 100 131072 759508 508 516
0b000801 0b000901 10119 100 131072 759891 489 516
0b000101 0b000201 10118 100 131072 759898 489 516
0b000401 0b000d01 10015 100 131072 691628 68862 17428
0b000201 0b000b01 10014 100 131072 688282 72212 17428
0b000301 0b000c01 10014 100 131072 691694 68808 17428
0b000101 0b000a01 10015 100 131072 692862 67648 17428
0b000001 0b000901 10014 100 131072 690188 70393 17428
0b000601 0b000701 10119 100 131072 760168 492 516
0b000701 0b000001 10120 100 131072 760260 506 516
0b000801 0b000101 10014 100 131072 688829 71972 17428
0b000101 0b000201 10119 100 131072 760499 506 516
0b000001 0b000101 10120 100 131072 760566 489 516
0b000501 0b000601 10119 100 131072 760658 489 516
0b000301 0b000c01 10015 100 131072 691942 69292 17428
0b000001 0b000901 10015 100 131072 690648 70669 17428
0b000d01 0b000601 10014 100 131072 688498 72887 17428
0b000a01 0b000301 10015 100 131072 688940 72511 17428
0b000301 0b000401 10120 100 131072 761166 489 516
0b000101 0b000201 10120 100 131072 761194 489 516
0b000b01 0b000401 10014 100 131072 689328 72430 17428
0b000c01 0b000d01 10119 100 131072 761269 489 516
0b000501 0b000e01 10014 100 131072 689848 71965 17428
0b000501 0b000e01 10013 100 131072 688170 73647 17428
0b000501 0b000601 10120 100 131072 761405 489 516
0b000901 0b000201 10014 100 131072 687951 74089 17428
0b000301 0b000401 10121 100 131072 761716 489 516
0b000f01 0b000801 10119 100 131072 761724 489 516
0b000b01 0b000401 10015 100 131072 690281 72209 17428
0b000501 0b000e01 10015 100 131072 689987 72558 17428
0b000001 0b000101 10121 100 131072 762157 489 516
0b000c01 0b000d01 10120 100 131072 762039 664 516
0b000b01 0b000c01 10120 100 131072 762203 500 516
0b000501 0b000601 10121 100 131072 762294 489 516
0b000901 0b000201 10015 100 131072 689374 73398 17428
0b000c01 0b000d01 10121 100 131072 762223 674 516
0b000601 0b000701 10120 100 131072 762583 489 516
0b000801 0b000101 10015 100 131072 689707 73368 17428
0b000f01 0b000801 10120 100 131072 762598 495 516
0b000001 0b000101 10122 100 131072 762859 489 516
0b000401 0b000501 10121 100 131072 762865 489 516
0b000d01 0b000601 10015 100 131072 690523 72727 17428
0b000b01 0b000c01 10121 100 131072 762772 496 516
0b000a01 0b000b01 10120 100 131072 762818 614 516
0b000e01 0b000f01 10120 100 131072 762743 764 516
0b000e01 0b000f01 10121 100 131072 762832 768 516
0b000201 0b000b01 10015 100 131072 690989 72830 17428
0b000101 0b000a01 10016 100 131072 696036 67795 17428
0b000201 0b000301 10119 100 131072 763427 514 516
0b000a01 0b000b01 10121 100 131072 763056 664 516
0b000601 0b000f01 10014 100 131072 687956 76102 17428
0b000c01 0b000501 10014 100 131072 688612 75258 17428
0b000d01 0b000e01 10121 100 131072 763500 489 516
0b000b01 0b000c01 10122 100 131072 763504 489 516
0b000c01 0b000d01 10122 100 131072 763512 489 516
0b000901 0b000a01 10120 100 131072 763420 639 516
0b000a01 0b000b01 10122 100 131072 763520 539 516
0b000901 0b000a01 10121 100 131072 763621 652 516
0b000001 0b000101 10123 100 131072 763776 490 516
0b000a01 0b000301 10016 100 131072 695763 68608 17428
0b000101 0b000201 10121 100 131072 763841 639 516
0b000801 0b000101 10016 100 131072 694052 70487 17428
0b000201 0b000301 10120 100 131072 764015 490 516
0b000c01 0b000d01 10123 100 131072 764244 489 516
0b000001 0b000901 10016 100 131072 694850 69788 17428
0b000901 0b000a01 10122 100 131072 764327 489 516
0b000101 0b000201 10122 100 131072 764065 629 516
0b000601 0b000701 10121 100 131072 764395 489 516
0b000c01 0b000501 10015 100 131072 689417 75594 17428
0b000301 0b000401 10122 100 131072 764461 507 516
0b000d01 0b000e01 10122 100 131072 764768 489 516
0b000f01 0b000001 10016 100 131072 697790 67568 17428
0b000201 0b000301 10121 100 131072 764693 489 516
0b000301 0b000c01 10016 100 131072 699382 65905 17428
0b000401 0b000501 10122 100 131072 764665 714 516
0b000601 0b000701 10122 100 131072 764904 489 516
0b000201 0b000301 10122 100 131072 765050 496 516
0b000e01 0b000f01 10122 100 131072 764857 814 516
0b000401 0b000501 10123 100 131072 764798 870 516
0b000901 0b000201 10016 100 131072 693570 72118 17428
0b000e01 0b000f01 10123 100 131072 764897 838 516
0b000801 0b000901 10120 100 131072 765253 489 516
0b000d01 0b000601 10016 100 131072 693480 72367 17428
0b000601 0b000f01 10015 100 131072 689684 76239 17428
0b000401 0b000d01 10016 100 131072 698640 67359 17428
0b000e01 0b000f01 10124 100 131072 765555 533 516
0b000701 0b000801 10014 100 131072 689537 76557 17428
0b000401 0b000501 10124 100 131072 765245 887 516
0b000101 0b000201 10123 100 131072 765656 501 516
0b000401 0b000501 10125 100 131072 765500 746 516
0b000d01 0b000e01 10123 100 131072 765713 664 516
0b000201 0b000301 10123 100 131072 765782 503 516
0b000601 0b000701 10123 100 131072 765793 494 516
0b000701 0b000001 10121 100 131072 766112 498 516
0b000101 0b000201 10124 100 131072 766085 589 516
0b000d01 0b000e01 10124 100 131072 765907 676 516
0b000201 0b000b01 10016 100 131072 696425 70310 17428
0b000601 0b000701 10124 100 131072 766260 504 516
0b000801 0b000901 10121 100 131072 766133 509 516
0b000701 0b000801 10015 100 131072 689602 77224 17428
0b000501 0b000601 10122 100 131072 766364 489 516
0b000c01 0b000d01 10124 100 131072 766308 509 516
0b000101 0b000201 10125 100 131072 766358 580 516
0b000b01 0b000c01 10123 100 131072 766442 499 516
0b000501 0b000601 10123 100 131072 766880 489 516
0b000f01 0b000801 10121 100 131072 766517 832 516
0b000301 0b000c01 10017 100 131072 703928 63543 17428
0b000b01 0b000c01 10124 100 131072 766829 626 516
0b000a01 0b000b01 10123 100 131072 766841 652 516
0b000c01 0b000d01 10125 100 131072 767003 490 516
0b000f01 0b000801 10122 100 131072 766610 885 516
0b000e01 0b000f01 10125 100 131072 766999 496 516
0b000d01 0b000e01 10125 100 131072 767011 489 516
0b000b01 0b000c01 10125 100 131072 767069 636 516
0b000f01 0b000801 10123 100 131072 767068 666 516
0b000101 0b000201 10126 100 131072 767276 589 516
0b000a01 0b000b01 10124 100 131072 767069 879 516
0b000501 0b000e01 10016 100 131072 697148 70902 17428
0b000d01 0b000601 10017 100 131072 699080 68955 17428
0b000101 0b000201 10127 100 131072 767549 580 516
0b000301 0b000401 10123 100 131072 767411 718 516
0b000201 0b000301 10124 100 131072 767490 660 516
0b000a01 0b000b01 10125 100 131072 767283 875 516
0b000901 0b000a01 10123 100 131072 767648 510 516
0b000301 0b000401 10124 100 131072 767545 748 516
0b000201 0b000301 10125 100 131072 767704 643 516
0b000701 0b000001 10122 100 131072 767894 489 516
0b000d01 0b000e01 10126 100 131072 767773 489 516
0b000401 0b000501 10126 100 131072 767978 494 516
0b000b01 0b000401 10016 100 131072 696822 71586 17428
0b000e01 0b000701 10014 100 131072 691844 76565 17428
0b000a01 0b000b01 10126 100 131072 767826 596 516
0b000501 0b000601 10124 100 131072 768021 489 516
0b000f01 0b000001 10017 100 131072 701921 66762 17428
0b000e01 0b000f01 10126 100 131072 768267 489 516
0b000401 0b000d01 10017 100 131072 704994 63602 17428
0b000c01 0b000d01 10126 100 131072 768297 489 516
0b000301 0b000401 10125 100 131072 768222 514 516
0b000001 0b000101 10124 100 131072 768398 489 516
0b000701 0b000001 10123 100 131072 768403 489 516
0b000501 0b000601 10125 100 131072 768419 593 516
0b000301 0b000401 10126 100 131072 768556 542 516
0b000e01 0b000701 10015 100 131072 691854 77287 17428
0b000201 0b000301 10126 100 131072 768698 489 516
0b000501 0b000601 10126 100 131072 768678 609 516
0b000901 0b000a01 10124 100 131072 768752 507 516
0b000101 0b000a01 10017 100 131072 703710 65630 17428
0b000601 0b000701 10125 100 131072 768887 510 516
0b000701 0b000801 10016 100 131072 695707 73716 17428
0b000d01 0b000e01 10127 100 131072 769039 498 516
0b000801 0b000901 10122 100 131072 769134 497 516
0b000201 0b000301 10127 100 131072 769167 503 516
0b000f01 0b000801 10124 100 131072 768681 1145 516
0b000301 0b000401 10127 100 131072 769295 514 516
0b000701 0b000001 10124 100 131072 769327 498 516
0b000e01 0b000f01 10127 100 131072 769387 508 516
0b000501 0b000601 10127 100 131072 769142 744 516
0b000f01 0b000801 10125 100 131072 768745 1241 516
0b000501 0b000601 10128 100 131072 769256 762 516
0b000201 0b000b01 10017 100 131072 701759 68301 17428
0b000001 0b000901 10017 100 131072 702716 67431 17428
0b000001 0b000101 10125 100 131072 769650 504 516
0b000901 0b000a01 10125 100 131072 769652 509 516
0b000f01 0b000801 10126 100 131072 768933 1278 516
0b000201 0b000301 10128 100 131072 769684 589 516
0b000b01 0b000c01 10126 100 131072 769745 506 516
0b000701 0b000001 10125 100 131072 769804 514 516
0b000f01 0b000801 10127 100 131072 769098 1164 516
0b000601 0b000701 10126 100 131072 769893 489 516
0b000801 0b000901 10123 100 131072 769836 489 516
0b000d01 0b000e01 10128 100 131072 769827 499 516
0b000201 0b000301 10129 100 131072 769948 589 516
0b000c01 0b000d01 10127 100 131072 769951 489 516
0b000801 0b000101 10017 100 131072 702830 67627 17428
0b000c01 0b000501 10016 100 131072 696441 74079 17428
0b000501 0b000e01 10017 100 131072 702289 68358 17428
0b000b01 0b000401 10017 100 131072 703669 66927 17428
0b000601 0b000701 10127 100 131072 770379 489 516
0b000601 0b000f01 10016 100 131072 695757 75266 17428
0b000e01 0b000f01 10128 100 131072 770510 489 516
0b000f01 0b000801 10128 100 131072 770505 504 516
0b000b01 0b000c01 10127 100 131072 770503 512 516
0b000d01 0b000e01 10129 100 131072 770503 512 516
0b000a01 0b000301 10017 100 131072 701439 69578 17428
0b000801 0b000901 10124 100 131072 770359 814 516
0b000e01 0b000701 10016 100 131072 695846 75483 17428
0b000201 0b000301 10130 100 131072 770875 610 516
0b000801 0b000901 10125 100 131072 770505 932 516
0b000601 0b000701 10128 100 131072 771045 504 516
0b000c01 0b000d01 10129 100 131072 770465 1107 516
0b000c01 0b000d01 10128 100 131072 770481 1091 516
0b000801 0b000901 10126 100 131072 770744 832 516
0b000b01 0b000c01 10128 100 131072 770958 664 516
0b000a01 0b000b01 10127 100 131072 771168 504 516
0b000e01 0b000f01 10129 100 131072 771060 646 516
0b000c01 0b000d01 10130 100 131072 770715 1007 516
0b000201 0b000301 10131 100 131072 771139 596 516
0b000301 0b000401 10128 100 131072 771160 679 516
0b000e01 0b000f01 10130 100 131072 771272 659 516
0b000b01 0b000c01 10129 100 131072 771168 868 516
0b000701 0b000001 10126 100 131072 771449 513 516
0b000401 0b000501 10127 100 131072 771139 839 516
0b000501 0b000601 10129 100 131072 771482 496 516
0b000001 0b000101 10126 100 131072 771423 574 516
0b000601 0b000701 10129 100 131072 771520 489 516
0b000b01 0b000c01 10130 100 131072 771432 743 516
0b000301 0b000401 10129 100 131072 771357 671 516
0b000f01 0b000801 10129 100 131072 771766 489 516
0b000d01 0b000e01 10131 100 131072 771606 664 516
0b000901 0b000201 10017 100 131072 701200 71134 17428
0b000301 0b000c01 10018 100 131072 717364 54888 17428
0b000401 0b000501 10128 100 131072 771303 1019 516
0b000101 0b000201 10128 100 131072 771897 490 516
0b000d01 0b000e01 10130 100 131072 771796 663 516
0b000401 0b000501 10129 100 131072 771418 1029 516
0b000c01 0b000501 10017 100 131072 704058 68650 17428
0b000001 0b000101 10127 100 131072 771723 803 516
0b000601 0b000701 10130 100 131072 772022 604 516
0b000001 0b000101 10128 100 131072 771932 719 516
0b000301 0b000401 10130 100 131072 772197 489 516
0b000401 0b000501 10130 100 131072 772108 612 516
0b000701 0b000801 10017 100 131072 701108 71640 17428
0b000701 0b000001 10127 100 131072 772151 610 516
0b000601 0b000701 10131 100 131072 772297 593 516
0b000801 0b000901 10127 100 131072 772463 503 516
0b000701 0b000001 10128 100 131072 772407 614 516
0b000a01 0b000b01 10128 100 131072 772269 772 516
0b000301 0b000401 10131 100 131072 772680 489 516
0b000e01 0b000f01 10131 100 131072 772547 508 516
0b000401 0b000501 10131 100 131072 772819 489 516
0b000901 0b000a01 10126 100 131072 772641 495 516
0b000a01 0b000b01 10129 100 131072 772350 795 516
0b000001 0b000101 10129 100 131072 772865 499 516
0b000f01 0b000801 10130 100 131072 772905 531 516
0b000601 0b000701 10132 100 131072 772896 734 516
0b000101 0b000201 10129 100 131072 773164 544 516
0b000601 0b000701 10133 100 131072 773028 752 516
0b000b01 0b000c01 10131 100 131072 773070 501 516
0b000a01 0b000b01 10130 100 131072 773171 511 516
0b000801 0b000901 10128 100 131072 772836 871 516
0b000c01 0b000d01 10131 100 131072 773261 489 516
0b000901 0b000a01 10127 100 131072 773157 668 516
0b000001 0b000101 10130 100 131072 773358 495 516
0b000e01 0b000f01 10132 100 131072 773336 553 516
0b000d01 0b000e01 10132 100 131072 773450 500 516
0b000701 0b000001 10129 100 131072 773392 489 516
0b000301 0b000401 10132 100 131072 773283 598 516
0b000901 0b000a01 10128 100 131072 773335 690 516
0b000601 0b000f01 10017 100 131072 702503 71436 17428
0b000801 0b000901 10129 100 131072 772996 1213 516
0b000101 0b000201 10130 100 131072 773467 550 516
0b000501 0b000601 10130 100 131072 773530 501 516
0b000e01 0b000701 10017 100 131072 700882 73359 17428
0b000e01 0b000f01 10133 100 131072 773657 602 516
0b000401 0b000501 10132 100 131072 773606 489 516
0b000301 0b000401 10133 100 131072 773547 589 516
0b000701 0b000001 10130 100 131072 773878 489 516
0b000301 0b000401 10134 100 131072 774027 489 516
0b000801 0b000901 10130 100 131072 773221 1288 516
0b000c01 0b000d01 10132 100 131072 774025 489 516
0b000401 0b000d01 10018 100 131072 722797 52036 17428
0b000201 0b000b01 10018 100 131072 712974 61867 17428
0b000101 0b000a01 10018 100 131072 715505 59340 17428
0b000e01 0b000f01 10134 100 131072 774025 534 516
0b000801 0b000901 10131 100 131072 773272 1312 516
0b000001 0b000901 10018 100 131072 714460 60468 17428
0b000901 0b000a01 10129 100 131072 774183 614 516
0b000801 0b000901 10132 100 131072 774019 793 516
0b000f01 0b000801 10132 100 131072 774009 839 516
0b000f01 0b000801 10131 100 131072 774033 829 516
0b000701 0b000001 10131 100 131072 774339 639 516
0b000c01 0b000d01 10133 100 131072 774632 500 516
0b000301 0b000401 10135 100 131072 774495 629 516
0b000b01 0b000c01 10132 100 131072 774682 489 516
0b000801 0b000101 10018 100 131072 713976 61262 17428
0b000701 0b000001 10132 100 131072 774559 704 516
0b000901 0b000a01 10130 100 131072 774447 864 516
0b000301 0b000401 10136 100 131072 774745 604 516
0b000f01 0b000801 10133 100 131072 774716 664 516
0b000901 0b000a01 10131 100 131072 774586 814 516
0b000001 0b000101 10131 100 131072 774972 495 516
0b000601 0b000701 10134 100 131072 774988 514 516
0b000501 0b000601 10131 100 131072 774988 525 516
0b000f01 0b000801 10134 100 131072 774941 664 516
0b000101 0b000201 10131 100 131072 775007 512 516
0b000401 0b000501 10133 100 131072 774849 678 516
0b000f01 0b000001 10018 100 131072 714829 60819 17428
0b000701 0b000001 10133 100 131072 775019 537 516
0b000d01 0b000e01 10133 100 131072 774582 1164 516
0b000401 0b000501 10134 100 131072 775038 664 516
0b000d01 0b000e01 10134 100 131072 774582 1189 516
0b000d01 0b000e01 10135 100 131072 774732 1089 516
0b000e01 0b000f01 10135 100 131072 775280 664 516
0b000c01 0b000d01 10134 100 131072 775046 914 516
0b000a01 0b000301 10018 100 131072 715380 60733 17428
0b000e01 0b000f01 10136 100 131072 775469 671 516
0b000201 0b000301 10132 100 131072 775344 792 516
0b000c01 0b000d01 10135 100 131072 775185 1041 516
0b000401 0b000501 10135 100 131072 775696 506 516
0b000801 0b000901 10133 100 131072 775758 507 516
0b000201 0b000301 10133 100 131072 775397 814 516
0b000c01 0b000d01 10136 100 131072 775262 1014 516
0b000701 0b000001 10134 100 131072 775636 610 516
0b000901 0b000a01 10132 100 131072 775976 495 516
0b000f01 0b000801 10135 100 131072 776065 506 516
0b000101 0b000201 10132 100 131072 775536 760 516
0b000501 0b000601 10132 100 131072 775332 1022 516
0b000001 0b000101 10132 100 131072 775771 604 516
0b000101 0b000201 10133 100 131072 775661 749 516
0b000701 0b000001 10135 100 131072 775900 610 516
0b000001 0b000101 10133 100 131072 776031 593 516
0b000a01 0b000b01 10131 100 131072 776146 505 516
0b000401 0b000501 10136 100 131072 776179 501 516
0b000901 0b000201 10018 100 131072 712476 64230 17428
0b000501 0b000601 10133 100 131072 775457 1273 516
0b000b01 0b000c01 10133 100 131072 776051 755 516
0b000b01 0b000401 10018 100 131072 716874 59959 17428
0b000101 0b000201 10134 100 131072 776374 494 516
0b000801 0b000901 10134 100 131072 776446 496 516
0b000b01 0b000c01 10134 100 131072 776155 830 516
0b000c01 0b000501 10018 100 131072 715276 61804 17428
0b000c01 0b000d01 10137 100 131072 776581 523 516
0b000901 0b000a01 10133 100 131072 776717 493 516
0b000501 0b000601 10134 100 131072 775718 1448 516
0b000501 0b000601 10135 100 131072 775730 1436 516
0b000d01 0b000e01 10136 100 131072 776760 500 516
0b000201 0b000301 10134 100 131072 776718 545 516
0b000601 0b000f01 10018 100 131072 712341 64923 17428
0b000b01 0b000c01 10135 100 131072 776692 593 516
0b000e01 0b000f01 10137 100 131072 776960 489 516
0b000101 0b000201 10135 100 131072 776863 494 516
0b000701 0b000001 10136 100 131072 776640 726 516
0b000a01 0b000b01 10132 100 131072 776835 684 516
0b000001 0b000101 10134 100 131072 776891 513 516
0b000e01 0b000701 10018 100 131072 711707 65859 17428
0b000501 0b000601 10136 100 131072 776318 1098 516
0b000a01 0b000b01 10133 100 131072 777035 659 516
0b000401 0b000501 10137 100 131072 776891 606 516
0b000601 0b000701 10135 100 131072 777041 506 516
0b000201 0b000301 10135 100 131072 777027 544 516
0b000701 0b000001 10137 100 131072 776790 837 516
0b000501 0b000601 10137 100 131072 777105 575 516
0b000901 0b000a01 10134 100 131072 777219 614 516
0b000701 0b000801 10018 100 131072 711857 65987 17428
0b000401 0b000501 10138 100 131072 777146 698 516
0b000701 0b000001 10138 100 131072 777251 606 516
0b000001 0b000101 10135 100 131072 777377 489 516
0b000401 0b000501 10139 100 131072 777526 582 516
0b000f01 0b000801 10136 100 131072 776899 1084 516
0b000f01 0b000801 10137 100 131072 776949 1109 516
0b000d01 0b000e01 10137 100 131072 777524 539 516
0b000b01 0b000c01 10136 100 131072 777851 506 516
0b000f01 0b000801 10138 100 131072 777269 1114 516
0b000001 0b000101 10136 100 131072 777988 585 516
0b000d01 0b000e01 10138 100 131072 777843 638 516
0b000f01 0b000801 10139 100 131072 777569 914 516
0b000401 0b000501 10140 100 131072 778134 653 516
0b000c01 0b000d01 10138 100 131072 778181 489 516
0b000d01 0b000e01 10139 100 131072 778142 599 516
0b000a01 0b000b01 10135 100 131072 777807 990 516
0b000801 0b000901 10135 100 131072 777858 964 516
0b000801 0b000901 10136 100 131072 777872 964 516
0b000901 0b000a01 10135 100 131072 777519 1317 516
0b000a01 0b000b01 10134 100 131072 777855 1031 516
0b000101 0b000201 10136 100 131072 778248 654 516
0b000901 0b000a01 10137 100 131072 777594 1342 516
0b000401 0b000501 10141 100 131072 778359 628 516
0b000d01 0b000601 10018 100 131072 722294 56759 17428
0b000701 0b000001 10139 100 131072 778512 490 516
0b000201 0b000301 10136 100 131072 778529 508 516
0b000601 0b000701 10136 100 131072 778523 514 516
0b000901 0b000a01 10138 100 131072 777822 1314 516
0b000901 0b000a01 10136 100 131072 777938 1248 516
0b000501 0b000e01 10018 100 131072 722658 56414 17428
0b000001 0b000101 10137 100 131072 778273 818 516
0b000101 0b000201 10137 100 131072 778477 639 516
0b000a01 0b000b01 10136 100 131072 778321 1028 516
0b000801 0b000901 10137 100 131072 778390 964 516
0b000501 0b000601 10138 100 131072 778537 689 516
0b000a01 0b000b01 10137 100 131072 778410 990 516
0b000501 0b000601 10139 100 131072 778712 752 516
0b000801 0b000901 10138 100 131072 778615 839 516
0b000001 0b000101 10139 100 131072 778566 1019 516
0b000f01 0b000801 10140 100 131072 778954 677 516
0b000d01 0b000e01 10140 100 131072 778970 686 516
0b000001 0b000101 10138 100 131072 778658 1077 516
0b000501 0b000601 10140 100 131072 779212 552 516
0b000901 0b000a01 10139 100 131072 779275 531 516
0b000f01 0b000801 10141 100 131072 779150 706 516
0b000601 0b000701 10137 100 131072 779364 501 516
0b000e01 0b000f01 10138 100 131072 778756 1178 516
0b000e01 0b000f01 10139 100 131072 778781 1178 516
0b000e01 0b000f01 10140 100 131072 778831 1153 516
0b000a01 0b000b01 10138 100 131072 779481 505 516
0b000101 0b000201 10138 100 131072 779385 634 516
0b000801 0b000901 10139 100 131072 779581 489 516
0b000b01 0b000c01 10137 100 131072 779661 509 516
0b000d01 0b000e01 10141 100 131072 779236 934 516
0b000d01 0b000e01 10142 100 131072 779286 909 516
0b000201 0b000301 10137 100 131072 779306 843 516
0b000001 0b000101 10140 100 131072 779256 927 516
0b000501 0b000601 10141 100 131072 779690 503 516
0b000601 0b000701 10138 100 131072 779740 500 516
0b000101 0b000201 10139 100 131072 779634 613 516
0b000001 0b000101 10141 100 131072 779520 777 516
0b000301 0b000401 10137 100 131072 779123 1186 516
0b000301 0b000401 10138 100 131072 779146 1163 516
0b000c01 0b000d01 10139 100 131072 779995 564 516
0b000401 0b000501 10142 100 131072 779843 497 516
0b000201 0b000301 10138 100 131072 779420 939 516
0b000301 0b000401 10139 100 131072 779221 1138 516
0b000201 0b000301 10139 100 131072 779716 832 516
0b000501 0b000601 10142 100 131072 780090 511 516
0b000d01 0b000e01 10143 100 131072 780114 520 516
0b000a01 0b000b01 10139 100 131072 780220 509 516
0b000201 0b000301 10140 100 131072 780367 539 516
0b000e01 0b000f01 10141 100 131072 780270 504 516
0b000501 0b000601 10143 100 131072 780507 519 516
0b000c01 0b000d01 10140 100 131072 780295 559 516
0b000f01 0b000801 10142 100 131072 780274 680 516
0b000301 0b000401 10140 100 131072 780581 489 516
0b000f01 0b000801 10143 100 131072 780459 670 516
0b000b01 0b000c01 10138 100 131072 780529 714 516
0b000001 0b000101 10142 100 131072 780637 620 516
0b000a01 0b000b01 10140 100 131072 780843 489 516
0b000b01 0b000c01 10139 100 131072 780704 678 516
0b000101 0b000201 10140 100 131072 780876 500 516
0b000401 0b000d01 10019 100 131072 751606 29779 17428
0b000e01 0b000f01 10142 100 131072 781073 489 516
0b000701 0b000001 10141 100 131072 780557 847 516
0b000701 0b000001 10140 100 131072 780576 853 516
0b000601 0b000701 10139 100 131072 780176 1259 516
0b000601 0b000701 10140 100 131072 780176 1259 516
0b000001 0b000101 10143 100 131072 780867 623 516
0b000501 0b000601 10144 100 131072 780854 650 516
0b000601 0b000701 10141 100 131072 780426 1234 516
0b000501 0b000601 10145 100 131072 781118 606 516
0b000601 0b000701 10142 100 131072 780690 1067 516
0b000c01 0b000d01 10141 100 131072 781367 513 516
0b000801 0b000901 10140 100 131072 780854 1103 516
0b000101 0b000201 10141 100 131072 781583 529 516
0b000e01 0b000f01 10143 100 131072 781491 614 516
0b000d01 0b000e01 10144 100 131072 781680 500 516
0b000b01 0b000c01 10140 100 131072 781896 500 516
0b000501 0b000601 10146 100 131072 781997 491 516
0b000001 0b000101 10144 100 131072 782012 489 516
0b000801 0b000901 10141 100 131072 780993 1464 516
0b000701 0b000001 10142 100 131072 782047 491 516
0b000e01 0b000f01 10144 100 131072 781751 718 516
0b000201 0b000301 10141 100 131072 781912 639 516
0b000301 0b000401 10141 100 131072 782047 504 516
0b000101 0b000201 10142 100 131072 782101 500 516
0b000801 0b000901 10142 100 131072 781068 1489 516
0b000601 0b000701 10143 100 131072 782063 689 516
0b000201 0b000301 10142 100 131072 782126 644 516
0b000e01 0b000f01 10145 100 131072 782082 626 516
0b000801 0b000901 10143 100 131072 781393 1378 516
0b000801 0b000901 10144 100 131072 781493 1342 516
0b000901 0b000a01 10140 100 131072 781832 1017 516
0b000901 0b000a01 10141 100 131072 781846 1028 516
0b000601 0b000701 10144 100 131072 782236 705 516
0b000a01 0b000b01 10141 100 131072 781846 1164 516
0b000e01 0b000f01 10146 100 131072 782666 503 516
0b000b01 0b000c01 10141 100 131072 782359 826 516
0b000b01 0b000c01 10142 100 131072 782410 914 516
0b000601 0b000701 10145 100 131072 782774 506 516
0b000a01 0b000b01 10142 100 131072 781946 1389 516
0b000801 0b000901 10145 100 131072 782641 728 516
0b000101 0b000201 10143 100 131072 782595 734 516
0b000901 0b000a01 10142 100 131072 782364 1113 516
0b000901 0b000a01 10143 100 131072 782464 1074 516
0b000801 0b000901 10146 100 131072 782866 678 516
0b000b01 0b000c01 10143 100 131072 782996 606 516
0b000a01 0b000b01 10143 100 131072 782146 1492 516
0b000a01 0b000b01 10144 100 131072 782196 1442 516
0b000c01 0b000d01 10142 100 131072 783180 489 516
0b000101 0b000201 10144 100 131072 782745 923 516
0b000201 0b000301 10143 100 131072 783029 644 516
0b000901 0b000a01 10144 100 131072 783080 697 516
0b000601 0b000701 10146 100 131072 783203 497 516
0b000a01 0b000b01 10145 100 131072 782816 998 516
0b000701 0b000001 10143 100 131072 783250 511 516
0b000501 0b000601 10147 100 131072 783350 519 516
0b000301 0b000401 10142 100 131072 783159 735 516
0b000201 0b000301 10144 100 131072 783257 666 516
0b000601 0b000701 10147 100 131072 783611 489 516
0b000d01 0b000e01 10145 100 131072 783569 564 516
0b000101 0b000201 10145 100 131072 783193 919 516
0b000e01 0b000f01 10147 100 131072 783180 978 516
0b000101 0b000201 10146 100 131072 783307 869 516
0b000e01 0b000f01 10148 100 131072 783205 978 516
0b000b01 0b000c01 10144 100 131072 783739 489 516
0b000f01 0b000801 10144 100 131072 782944 1289 516
0b000f01 0b000801 10145 100 131072 782969 1289 516
0b000f01 0b000801 10146 100 131072 782994 1264 516
0b000e01 0b000f01 10149 100 131072 783644 767 516
0b000301 0b000401 10143 100 131072 783369 1050 516
0b000d01 0b000e01 10146 100 131072 783864 564 516
0b000a01 0b000301 10019 100 131072 744138 40400 17428
0b000f01 0b000801 10147 100 131072 783784 755 516
0b000601 0b000701 10148 100 131072 784036 509 516
0b000801 0b000901 10147 100 131072 783964 708 516
0b000301 0b000401 10144 100 131072 783558 1053 516
0b000801 0b000901 10148 100 131072 784139 683 516
0b000b01 0b000c01 10145 100 131072 784342 511 516
0b000401 0b000501 10143 100 131072 783319 1307 516
0b000401 0b000501 10144 100 131072 783319 1307 516
0b000d01 0b000e01 10147 100 131072 784395 508 516
0b000401 0b000501 10145 100 131072 783369 1282 516
0b000301 0b000401 10145 100 131072 783916 870 516
0b000701 0b000801 10019 100 131072 735963 48850 17428
0b000201 0b000301 10145 100 131072 784386 495 516
0b000101 0b000201 10147 100 131072 784267 622 516
0b000401 0b000501 10146 100 131072 784080 820 516
0b000c01 0b000d01 10143 100 131072 784253 737 516
0b000f01 0b000801 10148 100 131072 784572 489 516
0b000101 0b000201 10148 100 131072 784500 639 516
0b000c01 0b000d01 10144 100 131072 784392 723 516
0b000601 0b000701 10149 100 131072 784514 656 516
0b000001 0b000101 10145 100 131072 784414 856 516
0b000001 0b000101 10146 100 131072 784439 831 516
0b000601 0b000701 10150 100 131072 784734 636 516
0b000d01 0b000e01 10148 100 131072 784890 500 516
0b000201 0b000b01 10019 100 131072 745586 39860 17428
0b000101 0b000a01 10019 100 131072 750081 35377 17428
0b000901 0b000a01 10145 100 131072 784967 489 516
0b000001 0b000901 10019 100 131072 744991 40542 17428
0b000f01 0b000001 10019 100 131072 749432 36097 17428
0b000f01 0b000801 10149 100 131072 785115 514 516
0b000201 0b000301 10146 100 131072 785122 539 516
0b000e01 0b000f01 10150 100 131072 785190 489 516
0b000801 0b000101 10019 100 131072 741465 44378 17428
0b000901 0b000201 10019 100 131072 741679 44176 17428
0b000701 0b000001 10144 100 131072 784445 1353 516
0b000701 0b000001 10145 100 131072 784445 1353 516
0b000c01 0b000d01 10145 100 131072 785406 489 516
0b000b01 0b000401 10019 100 131072 747503 38479 17428
0b000601 0b000701 10151 100 131072 785498 489 516
0b000101 0b000201 10149 100 131072 785511 500 516
0b000701 0b000001 10146 100 131072 784670 1367 516
0b000401 0b000501 10147 100 131072 785561 500 516
0b000001 0b000101 10147 100 131072 785548 514 516
0b000201 0b000301 10147 100 131072 785611 500 516
0b000701 0b000001 10147 100 131072 784767 1359 516
0b000f01 0b000801 10150 100 131072 785718 489 516
0b000301 0b000401 10146 100 131072 785561 639 516
0b000301 0b000401 10147 100 131072 785780 659 516
0b000901 0b000a01 10146 100 131072 785467 1117 516
0b000b01 0b000c01 10146 100 131072 786020 564 516
0b000701 0b000001 10148 100 131072 785762 1084 516
0b000201 0b000301 10148 100 131072 786339 519 516
0b000f01 0b000801 10151 100 131072 786179 489 516
0b000701 0b000001 10149 100 131072 785951 1028 516
0b000a01 0b000b01 10146 100 131072 785859 947 516
0b000a01 0b000b01 10147 100 131072 785884 947 516
0b000c01 0b000d01 10146 100 131072 786334 575 516
0b000901 0b000a01 10147 100 131072 785567 1420 516
0b000e01 0b000701 10019 100 131072 744101 42929 17428
0b000b01 0b000c01 10147 100 131072 786345 792 516
0b000701 0b000001 10150 100 131072 786290 839 516
0b000d01 0b000e01 10149 100 131072 786679 489 516
0b000c01 0b000d01 10147 100 131072 786612 586 516
0b000201 0b000301 10149 100 131072 786678 530 516
0b000001 0b000101 10148 100 131072 786771 514 516
0b000301 0b000401 10148 100 131072 786683 628 516
0b000901 0b000a01 10148 100 131072 785781 1612 516
0b000901 0b000a01 10149 100 131072 785845 1648 516
0b000601 0b000701 10152 100 131072 786879 506 516
0b000401 0b000501 10148 100 131072 786904 493 516
0b000301 0b000401 10149 100 131072 786933 628 516
0b000701 0b000001 10151 100 131072 787110 489 516
0b000201 0b000301 10150 100 131072 787186 512 516
0b000e01 0b000f01 10151 100 131072 787143 500 516
0b000301 0b000c01 10019 100 131072 760474 27343 17428
0b000a01 0b000b01 10148 100 131072 786487 1200 516
0b000a01 0b000b01 10149 100 131072 786548 1178 516
0b000901 0b000a01 10150 100 131072 786379 1364 516
0b000c01 0b000d01 10148 100 131072 787238 510 516
0b000901 0b000a01 10151 100 131072 786554 1239 516
0b000a01 0b000b01 10150 100 131072 786787 1045 516
0b000b01 0b000c01 10148 100 131072 786648 1239 516
0b000b01 0b000c01 10149 100 131072 786648 1253 516
0b000b01 0b000c01 10150 100 131072 786824 1164 516
0b000701 0b000001 10152 100 131072 787555 489 516
0b000301 0b000401 10150 100 131072 787548 526 516
0b000901 0b000a01 10152 100 131072 787682 511 516
0b000f01 0b000801 10152 100 131072 787168 1095 516
0b000f01 0b000801 10153 100 131072 787193 1095 516
0b000401 0b000501 10149 100 131072 787621 691 516
0b000c01 0b000d01 10149 100 131072 787863 512 516
0b000f01 0b000801 10154 100 131072 787421 972 516
0b000f01 0b000001 10020 100 131072 760067 28338 17428
0b000301 0b000401 10151 100 131072 787891 533 516
0b000e01 0b000f01 10152 100 131072 787913 512 516
0b000401 0b000501 10150 100 131072 787796 690 516
0b000201 0b000301 10151 100 131072 787899 631 516
0b000a01 0b000301 10020 100 131072 759294 29297 17428
0b000601 0b000f01 10019 100 131072 749410 39191 17428
0b000d01 0b000e01 10150 100 131072 788000 750 516
0b000201 0b000301 10152 100 131072 788149 631 516
0b000701 0b000001 10153 100 131072 788380 509 516
0b000d01 0b000e01 10151 100 131072 788125 728 516
0b000e01 0b000f01 10153 100 131072 788400 489 516
0b000b01 0b000c01 10151 100 131072 788456 510 516
0b000901 0b000a01 10153 100 131072 788543 517 516
0b000801 0b000901 10149 100 131072 787243 1846 516
0b000501 0b000601 10148 100 131072 787636 1481 516
0b000501 0b000601 10149 100 131072 787636 1481 516
0b000801 0b000901 10150 100 131072 787268 1846 516
0b000801 0b000901 10151 100 131072 787268 1860 516
0b000501 0b000601 10150 100 131072 787661 1481 516
0b000c01 0b000501 10019 100 131072 746850 42287 17428
0b000d01 0b000601 10019 100 131072 752450 36703 17428
0b000301 0b000401 10152 100 131072 788671 519 516
0b000f01 0b000801 10155 100 131072 788689 496 516
0b000101 0b000201 10150 100 131072 788280 948 516
0b000101 0b000201 10151 100 131072 788280 948 516
0b000501 0b000601 10151 100 131072 787910 1332 516
0b000a01 0b000b01 10152 100 131072 788466 839 516
0b000001 0b000101 10149 100 131072 788539 733 516
0b000a01 0b000b01 10151 100 131072 788468 851 516
0b000d01 0b000e01 10152 100 131072 788905 489 516
0b000201 0b000301 10153 100 131072 788865 518 516
0b000801 0b000901 10152 100 131072 787549 2025 516
0b000701 0b000001 10154 100 131072 788997 506 516
0b000701 0b000801 10020 100 131072 763700 25819 17428
0b000001 0b000901 10020 100 131072 761131 28392 17428
0b000301 0b000401 10153 100 131072 789121 510 516
0b000401 0b000501 10151 100 131072 788992 664 516
0b000101 0b000201 10152 100 131072 788853 925 516
0b000101 0b000a01 10020 100 131072 760917 28909 17428
0b000101 0b000201 10153 100 131072 789072 806 516
0b000801 0b000901 10153 100 131072 787823 1965 516
0b000901 0b000201 10020 100 131072 757357 32551 17428
0b000801 0b000901 10154 100 131072 788071 1881 516
0b000401 0b000501 10152 100 131072 789210 883 516
0b000c01 0b000d01 10150 100 131072 789594 522 516
0b000801 0b000901 10155 100 131072 788639 1527 516
0b000401 0b000501 10153 100 131072 789449 769 516
0b000801 0b000901 10156 100 131072 789217 1063 516
0b000001 0b000101 10150 100 131072 788808 1582 516
0b000301 0b000401 10154 100 131072 789868 528 516
0b000b01 0b000c01 10152 100 131072 789841 531 516
0b000601 0b000f01 10020 100 131072 764157 26246 17428
0b000001 0b000101 10151 100 131072 788808 1607 516
0b000701 0b000001 10155 100 131072 790040 491 516
0b000a01 0b000b01 10153 100 131072 789997 489 516
0b000d01 0b000e01 10153 100 131072 789919 603 516
0b000001 0b000101 10152 100 131072 789047 1657 516
0b000301 0b000401 10155 100 131072 790218 503 516
0b000101 0b000201 10154 100 131072 790295 514 516
0b000001 0b000101 10153 100 131072 789136 1693 516
0b000c01 0b000d01 10151 100 131072 790147 511 516
0b000e01 0b000f01 10154 100 131072 790178 505 516
0b000d01 0b000e01 10154 100 131072 790208 564 516
0b000701 0b000001 10156 100 131072 790395 514 516
0b000501 0b000601 10152 100 131072 790407 503 516
0b000a01 0b000b01 10154 100 131072 790403 519 516
0b000401 0b000501 10154 100 131072 790321 614 516
0b000201 0b000b01 10020 100 131072 761188 29767 17428
0b000501 0b000e01 10019 100 131072 754656 36477 17428
0b000f01 0b000801 10156 100 131072 790653 489 516
0b000401 0b000501 10155 100 131072 790571 603 516
0b000001 0b000101 10154 100 131072 789856 1492 516
0b000b01 0b000c01 10153 100 131072 790697 745 516
0b000001 0b000101 10155 100 131072 790139 1323 516
0b000b01 0b000c01 10154 100 131072 790842 725 516
0b000401 0b000501 10156 100 131072 791084 513 516
0b000001 0b000101 10156 100 131072 790609 992 516
0b000401 0b000d01 10020 100 131072 771746 19925 17428
0b000a01 0b000b01 10155 100 131072 790753 953 516
0b000a01 0b000b01 10156 100 131072 790803 967 516
0b000501 0b000601 10153 100 131072 791322 489 516
0b000c01 0b000d01 10152 100 131072 790827 1014 516
0b000001 0b000101 10157 100 131072 791415 525 516
0b000a01 0b000b01 10157 100 131072 791203 781 516
0b000c01 0b000d01 10153 100 131072 790911 1094 516
0b000c01 0b000d01 10154 100 131072 790998 1046 516
0b000801 0b000901 10157 100 131072 791298 762 516
0b000f01 0b000801 10157 100 131072 791435 725 516
0b000801 0b000901 10158 100 131072 791403 796 516
0b000301 0b000401 10156 100 131072 791601 674 516
0b000d01 0b000601 10020 100 131072 757936 34397 17428
0b000001 0b000101 10158 100 131072 791899 508 516
0b000301 0b000401 10157 100 131072 791790 698 516
0b000c01 0b000d01 10155 100 131072 791976 514 516
0b000e01 0b000f01 10155 100 131072 791760 753 516
0b000f01 0b000801 10158 100 131072 791611 913 516
0b000501 0b000601 10154 100 131072 792147 505 516
0b000a01 0b000b01 10158 100 131072 792070 504 516
0b000f01 0b000801 10159 100 131072 791899 764 516
0b000e01 0b000f01 10156 100 131072 791863 825 516
0b000401 0b000501 10157 100 131072 792200 493 516
0b000101 0b000201 10155 100 131072 792282 506 516
0b000801 0b000101 10020 100 131072 761590 31289 17428
0b000b01 0b000401 10020 100 131072 766730 26217 17428
0b000301 0b000401 10158 100 131072 792393 520 516
0b000e01 0b000f01 10157 100 131072 792404 573 516
0b000801 0b000901 10159 100 131072 792529 495 516
0b000b01 0b000c01 10155 100 131072 792315 846 516
0b000b01 0b000c01 10156 100 131072 792329 857 516
0b000901 0b000a01 10154 100 131072 792099 1189 516
0b000901 0b000a01 10155 100 131072 792124 1178 516
0b000a01 0b000b01 10159 100 131072 792836 491 516
0b000401 0b000501 10158 100 131072 792641 489 516
0b000501 0b000601 10155 100 131072 792666 511 516
0b000201 0b000301 10154 100 131072 792238 989 516
0b000201 0b000301 10155 100 131072 792238 1003 516
0b000d01 0b000e01 10155 100 131072 793126 506 516
0b000201 0b000301 10156 100 131072 792788 987 516
0b000201 0b000301 10157 100 131072 792918 921 516
0b000501 0b000601 10156 100 131072 793103 753 516
0b000c01 0b000d01 10156 100 131072 793382 514 516
0b000f01 0b000801 10160 100 131072 793413 494 516
0b000101 0b000201 10156 100 131072 793400 516 516
0b000b01 0b000c01 10157 100 131072 793496 489 516
0b000501 0b000601 10157 100 131072 793228 753 516
0b000601 0b000701 10153 100 131072 792127 1864 516
0b000601 0b000701 10154 100 131072 792127 1878 516
0b000601 0b000701 10155 100 131072 792152 1867 516
0b000001 0b000101 10159 100 131072 793541 498 516
0b000601 0b000701 10156 100 131072 792163 1882 516
0b000e01 0b000f01 10158 100 131072 793782 489 516
0b000901 0b000a01 10157 100 131072 792533 1769 516
0b000601 0b000701 10157 100 131072 792252 1868 516
0b000401 0b000501 10159 100 131072 793731 489 516
0b000201 0b000301 10158 100 131072 793819 489 516
0b000101 0b000201 10157 100 131072 793839 505 516
0b000001 0b000101 10160 100 131072 793919 514 516
0b000501 0b000601 10158 100 131072 793945 489 516
0b000601 0b000701 10158 100 131072 793920 516 516
0b000901 0b000a01 10156 100 131072 792584 1843 516
0b000301 0b000c01 10020 100 131072 766981 27513 17428
0b000501 0b000e01 10020 100 131072 759722 35051 17428
0b000901 0b000a01 10158 100 131072 792798 1793 516
0b000e01 0b000f01 10159 100 131072 794143 492 516
0b000801 0b000901 10160 100 131072 794152 492 516
0b000901 0b000a01 10159 100 131072 793176 1557 516
0b000b01 0b000c01 10158 100 131072 793932 820 516
0b000901 0b000a01 10160 100 131072 793290 1482 516
0b000b01 0b000c01 10159 100 131072 793965 837 516
0b000c01 0b000d01 10157 100 131072 794452 514 516
0b000101 0b000201 10158 100 131072 794358 589 516
0b000501 0b000601 10159 100 131072 794607 489 516
0b000b01 0b000c01 10160 100 131072 794716 564 516
0b000601 0b000701 10159 100 131072 794821 489 516
0b000101 0b000201 10159 100 131072 794611 725 516
0b000b01 0b000c01 10161 100 131072 794994 575 516
0b000101 0b000201 10160 100 131072 794950 650 516
0b000d01 0b000e01 10156 100 131072 794681 939 516
0b000801 0b000901 10161 100 131072 795170 503 516
0b000901 0b000a01 10161 100 131072 795070 739 516
0b000601 0b000701 10160 100 131072 795343 560 516
0b000401 0b000501 10160 100 131072 795285 643 516
0b000101 0b000201 10161 100 131072 795417 531 516
0b000901 0b000a01 10162 100 131072 795209 725 516
0b000f01 0b000801 10161 100 131072 795523 511 516
0b000b01 0b000c01 10162 100 131072 795584 489 516
0b000601 0b000701 10161 100 131072 795662 534 516
0b000d01 0b000e01 10157 100 131072 794851 1383 516
0b000501 0b000601 10160 100 131072 795703 496 516
0b000801 0b000901 10162 100 131072 795534 728 516
0b000201 0b000301 10159 100 131072 795798 530 516
0b000401 0b000501 10161 100 131072 795498 839 516
0b000801 0b000901 10163 100 131072 795673 753 516
0b000101 0b000201 10162 100 131072 795889 489 516
0b000f01 0b000801 10162 100 131072 795987 489 516
0b000d01 0b000e01 10158 100 131072 795015 1481 516
0b000d01 0b000e01 10159 100 131072 795054 1442 516
0b000901 0b000a01 10163 100 131072 796034 503 516
0b000601 0b000701 10162 100 131072 796187 489 516
0b000d01 0b000e01 10160 100 131072 795500 1146 516
0b000401 0b000501 10163 100 131072 795923 914 516
0b000401 0b000501 10162 100 131072 795957 930 516
0b000a01 0b000b01 10160 100 131072 796312 489 516
0b000b01 0b000c01 10163 100 131072 796337 509 516
0b000c01 0b000d01 10158 100 131072 796171 860 516
0b000c01 0b000d01 10159 100 131072 796196 835 516
0b000301 0b000401 10159 100 131072 796237 1039 516
0b000301 0b000401 10160 100 131072 796251 1025 516
0b000601 0b000701 10163 100 131072 796866 514 516
0b000801 0b000901 10164 100 131072 796917 489 516
0b000d01 0b000e01 10161 100 131072 796906 514 516
0b000201 0b000301 10160 100 131072 796926 498 516
0b000c01 0b000d01 10160 100 131072 796995 489 516
0b000101 0b000201 10163 100 131072 797049 505 516
0b000a01 0b000b01 10161 100 131072 797312 564 516
0b000501 0b000601 10161 100 131072 797230 489 516
0b000301 0b000401 10161 100 131072 796785 1008 516
0b000301 0b000401 10162 100 131072 796849 969 516
0b000201 0b000301 10161 100 131072 797354 514 516
0b000101 0b000201 10164 100 131072 797443 489 516
0b000e01 0b000701 10020 100 131072 769593 28435 17428
0b000f01 0b000801 10163 100 131072 797645 513 516
0b000c01 0b000d01 10161 100 131072 797504 664 516
0b000e01 0b000f01 10160 100 131072 797783 489 516
0b000201 0b000301 10162 100 131072 797957 489 516
0b000701 0b000001 10157 100 131072 797001 1505 516
0b000701 0b000001 10158 100 131072 797015 1491 516
0b000701 0b000001 10159 100 131072 797055 1538 516
0b000c01 0b000d01 10162 100 131072 797762 920 516
0b000a01 0b000b01 10162 100 131072 797601 1114 516
0b000601 0b000701 10164 100 131072 798106 501 516
0b000c01 0b000d01 10163 100 131072 797812 934 516
0b000701 0b000001 10160 100 131072 797130 1527 516
0b000a01 0b000b01 10163 100 131072 797743 1140 516
0b000a01 0b000b01 10164 100 131072 797782 1126 516
0b000c01 0b000501 10020 100 131072 765743 33275 17428
0b000201 0b000301 10163 100 131072 798346 589 516
0b000701 0b000001 10161 100 131072 798320 626 516
0b000c01 0b000d01 10164 100 131072 798579 506 516
0b000201 0b000301 10164 100 131072 798610 589 516
0b000e01 0b000f01 10161 100 131072 798630 489 516
0b000901 0b000a01 10164 100 131072 798683 511 516
0b000501 0b000601 10162 100 131072 798938 489 516
0b000a01 0b000b01 10165 100 131072 798819 489 516
0b000701 0b000001 10162 100 131072 798913 564 516
0b000c01 0b000d01 10165 100 131072 799083 489 516
0b000901 0b000a01 10165 100 131072 799272 689 516
0b000e01 0b000f01 10162 100 131072 799244 739 516
0b000801 0b000901 10165 100 131072 799486 500 516
0b000701 0b000001 10163 100 131072 799206 560 516
0b000301 0b000401 10163 100 131072 799338 489 516
0b000501 0b000601 10163 100 131072 799347 489 516
0b000201 0b000301 10165 100 131072 799388 489 516
0b000a01 0b000b01 10166 100 131072 799547 514 516
0b000701 0b000001 10164 100 131072 799686 489 516
0b000901 0b000a01 10166 100 131072 799436 689 516
0b000101 0b000a01 10021 100 131072 780414 20013 17428
0b000c01 0b000d01 10166 100 131072 799856 510 516
0b000e01 0b000f01 10163 100 131072 799506 1260 516
0b000e01 0b000f01 10164 100 131072 799506 1260 516
0b000501 0b000601 10164 100 131072 799847 839 516
0b000501 0b000601 10165 100 131072 799897 828 516
0b000e01 0b000f01 10165 100 131072 799656 1185 516
0b000401 0b000501 10164 100 131072 800286 498 516
0b000901 0b000a01 10167 100 131072 800416 489 516
0b000701 0b000001 10165 100 131072 800390 514 516
0b000301 0b000401 10164 100 131072 800434 505 516
0b000d01 0b000e01 10162 100 131072 800041 964 516
0b000d01 0b000e01 10163 100 131072 800041 978 516
0b000201 0b000301 10166 100 131072 800564 489 516
0b000d01 0b000e01 10164 100 131072 800494 764 516
0b000601 0b000701 10165 100 131072 800729 509 516
0b000b01 0b000c01 10164 100 131072 800886 489 516
0b000201 0b000301 10167 100 131072 800942 489 516
0b000601 0b000f01 10021 100 131072 782474 19004 17428
0b000701 0b000001 10166 100 131072 801038 489 516
0b000d01 0b000e01 10165 100 131072 801178 489 516
0b000801 0b000901 10166 100 131072 801168 514 516
0b000f01 0b000801 10164 100 131072 801282 489 516
0b000401 0b000501 10165 100 131072 800803 853 516
0b000401 0b000501 10166 100 131072 800828 853 516
0b000301 0b000401 10165 100 131072 801456 489 516
0b000701 0b000001 10167 100 131072 801617 499 516
0b000d01 0b000e01 10166 100 131072 801756 514 516
0b000301 0b000401 10166 100 131072 801945 589 516
0b000501 0b000601 10166 100 131072 802028 509 516
0b000d01 0b000e01 10167 100 131072 802095 514 516
0b000f01 0b000801 10165 100 131072 802129 489 516
0b000b01 0b000c01 10165 100 131072 801725 904 516
0b000301 0b000401 10167 100 131072 802209 589 516
0b000a01 0b000b01 10167 100 131072 802204 510 516
0b000601 0b000701 10166 100 131072 802437 489 516
0b000b01 0b000c01 10166 100 131072 801893 1035 516
0b000b01 0b000c01 10167 100 131072 801918 1024 516
0b000001 0b000101 10161 100 131072 801516 1464 516
0b000001 0b000101 10162 100 131072 801516 1478 516
0b000d01 0b000e01 10168 100 131072 802582 489 516
0b000001 0b000101 10163 100 131072 801603 1505 516
0b000401 0b000501 10167 100 131072 802837 489 516
0b000a01 0b000b01 10168 100 131072 802971 500 516
0b000f01 0b000801 10166 100 131072 802993 489 516
0b000301 0b000401 10168 100 131072 802887 489 516
0b000001 0b000101 10164 100 131072 801956 1616 516
0b000b01 0b000c01 10168 100 131072 803071 491 516
0b000001 0b000101 10165 100 131072 802487 1474 516
0b000d01 0b000e01 10169 100 131072 803376 489 516
0b000a01 0b000b01 10169 100 131072 803437 489 516
0b000001 0b000101 10166 100 131072 802776 1299 516
0b000001 0b000101 10167 100 131072 803185 1004 516
0b000501 0b000601 10167 100 131072 803794 502 516
0b000a01 0b000b01 10170 100 131072 803915 489 516
0b000601 0b000701 10167 100 131072 803696 814 516
0b000601 0b000701 10168 100 131072 803735 814 516
0b000301 0b000401 10169 100 131072 804063 489 516
0b000f01 0b000801 10167 100 131072 803776 814 516
0b000f01 0b000801 10168 100 131072 803851 814 516
0b000c01 0b000d01 10167 100 131072 804385 489 516
0b000e01 0b000f01 10166 100 131072 804015 864 516
0b000e01 0b000f01 10167 100 131072 804029 875 516
0b000001 0b000101 10168 100 131072 804537 489 516
0b000f01 0b000801 10169 100 131072 804488 530 516
0b000901 0b000a01 10168 100 131072 804692 514 516
0b000e01 0b000f01 10168 100 131072 804677 555 516
0b000801 0b000901 10167 100 131072 804781 489 516
0b000401 0b000501 10168 100 131072 804955 489 516
0b000501 0b000601 10168 100 131072 804666 839 516
0b000501 0b000601 10169 100 131072 804691 828 516
0b000001 0b000101 10169 100 131072 805126 489 516
0b000e01 0b000f01 10169 100 131072 805280 489 516
0b000801 0b000101 10021 100 131072 775265 30722 17428
0b000601 0b000701 10169 100 131072 805547 489 516
0b000801 0b000901 10168 100 131072 805628 489 516
0b000c01 0b000d01 10168 100 131072 805639 539 516
0b000b01 0b000c01 10169 100 131072 805724 504 516
0b000401 0b000501 10169 100 131072 805808 489 516
0b000701 0b000001 10168 100 131072 805936 489 516
0b000c01 0b000d01 10169 100 131072 805952 540 516
0b000e01 0b000f01 10170 100 131072 806081 489 516
0b000101 0b000201 10165 100 131072 805990 714 516
0b000501 0b000601 10170 100 131072 806336 489 516
0b000101 0b000201 10166 100 131072 806118 725 516
0b000401 0b000501 10170 100 131072 806386 489 516
0b000b01 0b000c01 10170 100 131072 806481 491 516
0b000801 0b000901 10169 100 131072 806492 489 516
0b000001 0b000901 10021 100 131072 780376 26638 17428
0b000c01 0b000d01 10170 100 131072 806572 514 516
0b000e01 0b000f01 10171 100 131072 806875 489 516
0b000b01 0b000c01 10171 100 131072 806936 489 516
0b000b01 0b000c01 10172 100 131072 807414 489 516
0b000101 0b000201 10167 100 131072 806971 939 516
0b000401 0b000501 10171 100 131072 807562 489 516
0b000801 0b000901 10170 100 131072 807675 514 516
0b000101 0b000201 10168 100 131072 807085 1039 516
0b000d01 0b000e01 10170 100 131072 807884 489 516
0b000101 0b000201 10169 100 131072 807199 1014 516
0b000f01 0b000801 10170 100 131072 807914 525 516
0b000f01 0b000001 10021 100 131072 785479 22968 17428
0b000701 0b000001 10169 100 131072 807520 814 516
0b000701 0b000001 10170 100 131072 807559 814 516
0b000101 0b000201 10170 100 131072 808036 516 516
0b000801 0b000901 10171 100 131072 808028 525 516
0b000a01 0b000b01 10171 100 131072 808216 503 516
0b000f01 0b000801 10171 100 131072 808242 525 516
0b000901 0b000a01 10169 100 131072 808280 489 516
0b000101 0b000201 10171 100 131072 808625 489 516
0b000901 0b000201 10021 100 131072 779952 29297 17428
0b000f01 0b000801 10172 100 131072 808779 489 516
0b000601 0b000701 10170 100 131072 808515 856 516
0b000601 0b000701 10171 100 131072 808529 842 516
0b000101 0b000201 10172 100 131072 808997 489 516
0b000701 0b000001 10171 100 131072 809046 489 516
0b000901 0b000a01 10170 100 131072 809127 489 516
0b000d01 0b000e01 10171 100 131072 809188 489 516
0b000501 0b000601 10171 100 131072 809307 489 516
0b000f01 0b000801 10173 100 131072 809580 489 516
0b000001 0b000101 10170 100 131072 809435 489 516
0b000601 0b000701 10172 100 131072 809835 489 516
0b000201 0b000301 10168 100 131072 809853 489 516
0b000501 0b000601 10172 100 131072 809885 489 516
0b000c01 0b000d01 10171 100 131072 809982 489 516
0b000d01 0b000e01 10172 100 131072 810096 514 516
0b000901 0b000a01 10171 100 131072 809991 814 516
0b000901 0b000a01 10172 100 131072 810024 820 516
0b000f01 0b000801 10174 100 131072 810374 489 516
0b000c01 0b000d01 10172 100 131072 810435 489 516
0b000c01 0b000d01 10173 100 131072 810913 489 516
0b000501 0b000601 10173 100 131072 811061 489 516
0b000201 0b000301 10169 100 131072 810920 739 516
0b000901 0b000a01 10173 100 131072 811199 500 516
0b000e01 0b000f01 10172 100 131072 811383 489 516
0b000801 0b000901 10172 100 131072 811449 514 516
0b000901 0b000a01 10174 100 131072 811563 500 516
0b000b01 0b000c01 10173 100 131072 811729 489 516
0b000a01 0b000b01 10172 100 131072 811779 489 516
0b000201 0b000301 10170 100 131072 811134 1139 516
0b000801 0b000901 10173 100 131072 811777 525 516
0b000201 0b000301 10171 100 131072 811223 1164 516
0b000801 0b000901 10174 100 131072 812278 489 516
0b000001 0b000101 10172 100 131072 811344 1137 516
0b000001 0b000101 10173 100 131072 811383 1148 516
0b000001 0b000101 10171 100 131072 811457 1124 516
0b000201 0b000301 10172 100 131072 811562 1039 516
0b000a01 0b000b01 10173 100 131072 812626 489 516
0b000e01 0b000f01 10173 100 131072 812687 489 516
0b000001 0b000101 10174 100 131072 812545 511 516
0b000201 0b000301 10173 100 131072 812259 875 516
0b000201 0b000301 10174 100 131072 812496 738 516
0b000701 0b000001 10172 100 131072 812381 864 516
0b000701 0b000001 10173 100 131072 812381 864 516
0b000601 0b000701 10173 100 131072 812806 489 516
0b000101 0b000201 10173 100 131072 812934 489 516
0b000301 0b000401 10170 100 131072 813352 489 516
0b000601 0b000701 10174 100 131072 813384 489 516
0b000d01 0b000e01 10173 100 131072 813481 489 516
0b000e01 0b000f01 10174 100 131072 813620 514 516
0b000801 0b000901 10175 100 131072 813873 489 516
0b000d01 0b000e01 10174 100 131072 813934 489 516
0b000a01 0b000b01 10174 100 131072 813815 814 516
0b000a01 0b000b01 10175 100 131072 813854 814 516
0b000d01 0b000e01 10175 100 131072 814412 489 516
0b000301 0b000c01 10021 100 131072 780273 34605 17428
0b000301 0b000401 10171 100 131072 814669 489 516
0b000f01 0b000801 10175 100 131072 814882 489 516
0b000301 0b000401 10172 100 131072 815283 514 516
0b000a01 0b000b01 10176 100 131072 815073 514 516
0b000c01 0b000d01 10174 100 131072 815228 489 516
0b000b01 0b000c01 10174 100 131072 815278 489 516
0b000901 0b000a01 10175 100 131072 815312 489 516
0b000201 0b000b01 10021 100 131072 779878 36242 17428
0b000901 0b000a01 10176 100 131072 815777 489 516
0b000301 0b000401 10173 100 131072 815611 525 516
0b000b01 0b000c01 10175 100 131072 816125 489 516
0b000101 0b000201 10174 100 131072 815541 939 516
0b000101 0b000201 10175 100 131072 815591 939 516
0b000001 0b000101 10175 100 131072 816255 489 516
0b000101 0b000201 10176 100 131072 816066 692 516
0b000301 0b000401 10174 100 131072 816144 782 516
0b000301 0b000401 10175 100 131072 816244 757 516
0b000401 0b000501 10172 100 131072 816851 489 516
0b000701 0b000001 10174 100 131072 816883 489 516
0b000e01 0b000f01 10175 100 131072 817433 489 516
0b000b01 0b000c01 10176 100 131072 817678 510 516
0b000c01 0b000d01 10175 100 131072 817888 489 516
0b000401 0b000501 10173 100 131072 818168 489 516
0b000b01 0b000c01 10177 100 131072 818597 514 516
0b000501 0b000e01 10021 100 131072 781797 37417 17428
0b000c01 0b000d01 10176 100 131072 818777 503 516
0b000a01 0b000b01 10177 100 131072 818811 494 516
0b000401 0b000501 10174 100 131072 819146 489 516
0b000b01 0b000401 10021 100 131072 781807 37761 17428
0b000b01 0b000c01 10178 100 131072 819130 489 516
0b000701 0b000801 10021 100 131072 782875 37617 17428
0b000201 0b000301 10175 100 131072 819490 1014 516
0b000201 0b000301 10176 100 131072 819540 1028 516
0b000201 0b000301 10177 100 131072 819768 939 516
0b000401 0b000501 10175 100 131072 819936 789 516
0b000401 0b000501 10176 100 131072 820011 778 516
0b000f01 0b000801 10176 100 131072 820932 489 516
0b000c01 0b000d01 10177 100 131072 821198 489 516
0b000d01 0b000e01 10176 100 131072 821387 489 516
0b000c01 0b000d01 10178 100 131072 822121 489 516
0b000e01 0b000f01 10176 100 131072 822224 489 516
0b000c01 0b000d01 10179 100 131072 822629 489 516
0b000401 0b000501 10177 100 131072 822578 489 516
0b000501 0b000601 10174 100 131072 822645 489 516
0b000801 0b000901 10176 100 131072 823502 489 516
0b000301 0b000401 10176 100 131072 823578 714 516
0b000301 0b000401 10177 100 131072 823717 714 516
0b000501 0b000601 10175 100 131072 823735 789 516
0b000501 0b000601 10176 100 131072 823799 789 516
0b000801 0b000901 10177 100 131072 824431 489 516
0b000d01 0b000e01 10177 100 131072 824697 489 516
0b000e01 0b000f01 10177 100 131072 824886 489 516
0b000e01 0b000701 10021 100 131072 787438 38663 17428
0b000d01 0b000e01 10178 100 131072 825620 489 516
0b000f01 0b000801 10177 100 131072 825723 489 516
0b000501 0b000601 10177 100 131072 826077 489 516
0b000d01 0b000e01 10179 100 131072 826128 489 516
0b000901 0b000a01 10177 100 131072 827001 489 516
0b000401 0b000d01 10021 100 131072 787429 40307 17428
0b000401 0b000501 10178 100 131072 827302 489 516
0b000601 0b000701 10175 100 131072 827534 789 516
0b000601 0b000701 10176 100 131072 827598 789 516
0b000e01 0b000f01 10178 100 131072 828196 489 516
0b000f01 0b000801 10178 100 131072 828385 489 516
0b000701 0b000001 10175 100 131072 829111 489 516
0b000801 0b000901 10178 100 131072 829222 489 516
0b000e01 0b000f01 10179 100 131072 829627 489 516
0b000601 0b000701 10177 100 131072 829576 489 516
0b000a01 0b000b01 10178 100 131072 830500 489 516
0b000d01 0b000e01 10180 100 131072 830746 489 516
0b000501 0b000601 10178 100 131072 830801 489 516
0b000701 0b000001 10176 100 131072 831333 789 516
0b000701 0b000001 10177 100 131072 831397 789 516
0b000f01 0b000801 10179 100 131072 831695 489 516
0b000801 0b000901 10179 100 131072 831884 489 516
0b000901 0b000a01 10178 100 131072 832721 489 516
0b000001 0b000101 10176 100 131072 832610 489 516
0b000f01 0b000801 10180 100 131072 833126 489 516
0b000701 0b000001 10178 100 131072 833075 489 516
0b000b01 0b000c01 10179 100 131072 833999 489 516
0b000e01 0b000f01 10180 100 131072 834245 489 516
0b000601 0b000701 10178 100 131072 834300 489 516
0b000001 0b000101 10177 100 131072 835132 489 516
0b000c01 0b000501 10021 100 131072 779816 56015 17428
0b000901 0b000a01 10179 100 131072 835383 489 516
0b000101 0b000201 10177 100 131072 836109 489 516
0b000a01 0b000b01 10179 100 131072 836220 489 516
0b000801 0b000901 10180 100 131072 836625 489 516
0b000001 0b000101 10178 100 131072 836574 489 516
0b000c01 0b000d01 10180 100 131072 837498 489 516
0b000f01 0b000801 10181 100 131072 837744 489 516
0b000501 0b000601 10179 100 131072 838841 489 516
0b000a01 0b000b01 10180 100 131072 838882 489 516
0b000201 0b000301 10178 100 131072 839608 489 516
0b000b01 0b000c01 10180 100 131072 839719 489 516
0b000101 0b000201 10178 100 131072 840073 489 516
0b000901 0b000a01 10180 100 131072 840124 489 516
0b000d01 0b000e01 10181 100 131072 840997 489 516
0b000801 0b000901 10181 100 131072 841243 489 516
0b000601 0b000701 10179 100 131072 842340 489 516
0b000301 0b000401 10178 100 131072 843107 489 516
0b000c01 0b000d01 10181 100 131072 843218 489 516
0b000201 0b000301 10179 100 131072 843572 489 516
0b000e01 0b000f01 10181 100 131072 844496 489 516
0b000901 0b000a01 10181 100 131072 844742 489 516
0b000701 0b000801 10022 100 131072 786710 59585 17428
0b000701 0b000001 10179 100 131072 845839 489 516
0b000401 0b000501 10179 100 131072 846606 489 516
0b000201 0b000b01 10022 100 131072 787122 59983 17428
0b000a01 0b000301 10021 100 131072 789594 58378 17428
0b000a01 0b000b01 10181 100 131072 848241 489 516
0b000001 0b000101 10179 100 131072 849338 489 516
0b000901 0b000201 10022 100 131072 787832 61866 17428
0b000801 0b000901 10182 100 131072 849305 489 516
0b000501 0b000601 10180 100 131072 850105 489 516
0b000b01 0b000c01 10181 100 131072 850115 489 516
0b000301 0b000401 10179 100 131072 850982 489 516
0b000201 0b000b01 10023 100 131072 789021 62456 17428
0b000701 0b000801 10023 100 131072 788180 63939 17428
0b000501 0b000e01 10022 100 131072 789071 63052 17428
0b000b01 0b000c01 10182 100 131072 851740 489 516
0b000801 0b000101 10022 100 131072 789678 62680 17428
0b000401 0b000d01 10022 100 131072 791434 61152 17428
0b000c01 0b000501 10022 100 131072 786195 66470 17428
0b000301 0b000c01 10022 100 131072 790708 62124 17428
0b000001 0b000901 10022 100 131072 789989 62889 17428
0b000201 0b000301 10180 100 131072 852708 504 516
0b000901 0b000a01 10182 100 131072 852804 489 516
0b000101 0b000201 10179 100 131072 852837 489 516
0b000101 0b000a01 10022 100 131072 793425 60244 17428
0b000c01 0b000d01 10182 100 131072 853614 489 516
0b000301 0b000c01 10023 100 131072 791540 62748 17428
0b000a01 0b000301 10022 100 131072 790503 63800 17428
0b000b01 0b000401 10022 100 131072 789816 64790 17428
0b000b01 0b000c01 10183 100 131072 854487 489 516
0b000401 0b000501 10180 100 131072 854481 489 516
0b000d01 0b000601 10021 100 131072 790758 64510 17428
0b000101 0b000a01 10023 100 131072 793714 61820 17428
0b000b01 0b000401 10023 100 131072 790736 64602 17428
0b000101 0b000a01 10024 100 131072 794472 61066 17428
0b000801 0b000901 10183 100 131072 855129 489 516
0b000e01 0b000f01 10182 100 131072 855133 489 516
0b000101 0b000201 10180 100 131072 855368 489 516
0b000501 0b000601 10181 100 131072 855675 489 516
0b000d01 0b000601 10022 100 131072 791385 64615 17428
0b000d01 0b000e01 10182 100 131072 855596 496 516
0b000c01 0b000d01 10183 100 131072 855842 489 516
0b000901 0b000a01 10183 100 131072 855888 490 516
0b000a01 0b000b01 10182 100 131072 856303 489 516
0b000301 0b000401 10180 100 131072 856222 514 516
0b000f01 0b000001 10022 100 131072 793693 63212 17428
0b000201 0b000301 10181 100 131072 856336 489 516
0b000001 0b000901 10023 100 131072 791054 65885 17428
0b000501 0b000e01 10023 100 131072 791496 65723 17428
0b000a01 0b000b01 10183 100 131072 856679 489 516
0b000d01 0b000e01 10183 100 131072 857113 510 516
0b000401 0b000d01 10023 100 131072 793406 64276 17428
0b000c01 0b000d01 10184 100 131072 857298 489 516
0b000301 0b000401 10181 100 131072 857313 503 516
0b000401 0b000501 10181 100 131072 857616 489 516
0b000601 0b000f01 10022 100 131072 796991 61369 17428
0b000c01 0b000d01 10185 100 131072 857986 489 516
0b000001 0b000901 10024 100 131072 792513 65882 17428
0b000501 0b000601 10182 100 131072 857980 518 516
0b000601 0b000701 10180 100 131072 858278 489 516
0b000401 0b000501 10182 100 131072 858348 489 516
0b000801 0b000101 10023 100 131072 791273 67633 17428
0b000801 0b000101 10024 100 131072 792195 66719 17428
0b000201 0b000301 10182 100 131072 858867 489 516
0b000901 0b000a01 10184 100 131072 858628 491 516
0b000f01 0b000801 10182 100 131072 858632 489 516
0b000a01 0b000b01 10184 100 131072 858544 839 516
0b000a01 0b000b01 10185 100 131072 858554 843 516
0b000201 0b000b01 10024 100 131072 792888 66597 17428
0b000601 0b000701 10182 100 131072 859010 689 516
0b000e01 0b000f01 10183 100 131072 859102 514 516
0b000601 0b000f01 10023 100 131072 797444 62372 17428
0b000601 0b000701 10181 100 131072 859174 689 516
0b000d01 0b000e01 10184 100 131072 859341 489 516
0b000a01 0b000b01 10186 100 131072 859388 489 516
0b000b01 0b000c01 10184 100 131072 859802 489 516
0b000401 0b000501 10183 100 131072 859746 514 516
0b000e01 0b000701 10022 100 131072 793532 66879 17428
0b000301 0b000401 10182 100 131072 859835 489 516
0b000901 0b000a01 10185 100 131072 859949 489 516
0b000001 0b000101 10180 100 131072 859915 489 516
0b000b01 0b000c01 10185 100 131072 860178 489 516
0b000c01 0b000501 10023 100 131072 790897 69784 17428
0b000e01 0b000f01 10184 100 131072 860229 489 516
0b000e01 0b000f01 10185 100 131072 860633 509 516
0b000401 0b000501 10184 100 131072 860826 489 516
0b000d01 0b000e01 10185 100 131072 860692 739 516
0b000501 0b000601 10183 100 131072 861115 493 516
0b000d01 0b000e01 10186 100 131072 860797 748 516
0b000f01 0b000001 10023 100 131072 795698 65992 17428
0b000f01 0b000801 10183 100 131072 861370 489 516
0b000901 0b000a01 10186 100 131072 861405 489 516
0b000d01 0b000e01 10187 100 131072 861485 489 516
0b000601 0b000701 10183 100 131072 861508 514 516
0b000701 0b000001 10180 100 131072 861777 489 516
0b000501 0b000601 10184 100 131072 861847 489 516
0b000a01 0b000b01 10187 100 131072 862129 489 516
0b000801 0b000901 10184 100 131072 862131 489 516
0b000101 0b000201 10181 100 131072 861916 839 516
0b000101 0b000201 10182 100 131072 861926 843 516
0b000301 0b000401 10183 100 131072 862366 489 516
0b000f01 0b000801 10184 100 131072 862626 664 516
0b000701 0b000001 10181 100 131072 862709 689 516
0b000e01 0b000f01 10186 100 131072 862840 500 516
0b000f01 0b000801 10185 100 131072 862826 653 516
0b000701 0b000001 10182 100 131072 862873 714 516
0b000901 0b000201 10023 100 131072 792138 71494 17428
0b000b01 0b000c01 10186 100 131072 862393 1330 516
0b000501 0b000601 10185 100 131072 863270 489 516
0b000b01 0b000c01 10187 100 131072 862407 1316 516
0b000c01 0b000d01 10186 100 131072 863301 509 516
0b000b01 0b000c01 10188 100 131072 862495 1378 516
0b000601 0b000f01 10024 100 131072 799209 64660 17428
0b000a01 0b000b01 10188 100 131072 863448 489 516
0b000101 0b000201 10183 100 131072 863414 489 516
0b000b01 0b000c01 10189 100 131072 862887 1090 516
0b000701 0b000001 10183 100 131072 863421 505 516
0b000501 0b000601 10186 100 131072 863691 489 516
0b000c01 0b000d01 10187 100 131072 863677 489 516
0b000b01 0b000401 10024 100 131072 794780 69388 17428
0b000f01 0b000801 10186 100 131072 863728 489 516
0b000501 0b000e01 10024 100 131072 794184 70413 17428
0b000f01 0b000801 10187 100 131072 864152 514 516
0b000501 0b000601 10187 100 131072 864325 493 516
0b000901 0b000201 10024 100 131072 792962 72126 17428
0b000601 0b000701 10184 100 131072 864618 489 516
0b000001 0b000101 10181 100 131072 864700 507 516
0b000e01 0b000f01 10187 100 131072 864441 789 516
0b000801 0b000901 10185 100 131072 864869 489 516
0b000a01 0b000b01 10189 100 131072 864904 489 516
0b000e01 0b000f01 10188 100 131072 864555 889 516
0b000c01 0b000501 10024 100 131072 794577 70885 17428
0b000701 0b000001 10184 100 131072 865032 514 516
0b000e01 0b000f01 10189 100 131072 864984 674 516
0b000001 0b000101 10182 100 131072 865276 489 516
0b000201 0b000b01 10025 100 131072 798958 66858 17428
0b000601 0b000701 10185 100 131072 865346 489 516
0b000b01 0b000c01 10190 100 131072 865628 489 516
0b000901 0b000a01 10187 100 131072 865630 489 516
0b000501 0b000e01 10025 100 131072 796140 69913 17428
0b000401 0b000501 10185 100 131072 865865 489 516
0b000201 0b000301 10183 100 131072 865765 839 516
0b000201 0b000301 10184 100 131072 865779 839 516
0b000d01 0b000601 10023 100 131072 793668 72933 17428
0b000801 0b000101 10025 100 131072 799044 67559 17428
0b000f01 0b000801 10188 100 131072 866350 500 516
0b000801 0b000901 10186 100 131072 866300 679 516
0b000001 0b000101 10183 100 131072 866408 664 516
0b000f01 0b000001 10024 100 131072 797281 69824 17428
0b000801 0b000901 10187 100 131072 866489 665 516
0b000201 0b000301 10185 100 131072 866642 589 516
0b000601 0b000701 10186 100 131072 866769 489 516
0b000301 0b000c01 10024 100 131072 797318 70074 17428
0b000001 0b000101 10184 100 131072 866597 839 516
0b000201 0b000301 10186 100 131072 866913 582 516
0b000d01 0b000e01 10188 100 131072 866820 513 516
0b000f01 0b000801 10189 100 131072 866879 498 516
0b000b01 0b000c01 10191 100 131072 866947 511 516
0b000001 0b000101 10185 100 131072 866936 689 516
0b000401 0b000501 10186 100 131072 867178 489 516
0b000d01 0b000e01 10189 100 131072 867176 507 516
0b000601 0b000701 10187 100 131072 867190 489 516
0b000801 0b000901 10188 100 131072 867227 489 516
0b000e01 0b000f01 10190 100 131072 867607 489 516
0b000c01 0b000d01 10188 100 131072 866733 1389 516
0b000c01 0b000d01 10189 100 131072 866743 1393 516
0b000801 0b000901 10189 100 131072 867676 489 516
0b000c01 0b000d01 10190 100 131072 866883 1367 516
0b000601 0b000701 10188 100 131072 867828 489 516
0b000c01 0b000d01 10191 100 131072 866987 1327 516
0b000201 0b000301 10187 100 131072 868098 494 516
0b000701 0b000001 10185 100 131072 868117 514 516
0b000401 0b000d01 10024 100 131072 800286 68414 17428
0b000101 0b000201 10184 100 131072 868217 514 516
0b000901 0b000a01 10188 100 131072 868368 489 516
0b000b01 0b000c01 10192 100 131072 868403 489 516
0b000501 0b000601 10188 100 131072 868472 489 516
0b000f01 0b000801 10190 100 131072 868240 689 516
0b000001 0b000101 10186 100 131072 868556 514 516
0b000901 0b000201 10025 100 131072 797654 71483 17428
0b000101 0b000201 10185 100 131072 868775 489 516
0b000701 0b000001 10186 100 131072 868845 489 516
0b000001 0b000901 10025 100 131072 801667 67742 17428
0b000b01 0b000c01 10193 100 131072 868826 503 516
0b000f01 0b000801 10191 100 131072 868454 909 516
0b000f01 0b000801 10192 100 131072 868668 795 516
0b000c01 0b000501 10025 100 131072 798290 71225 17428
0b000e01 0b000f01 10191 100 131072 869063 489 516
0b000c01 0b000d01 10192 100 131072 869127 489 516
0b000a01 0b000b01 10190 100 131072 869129 489 516
0b000701 0b000801 10024 100 131072 797029 72660 17428
0b000501 0b000601 10189 100 131072 869364 497 516
0b000601 0b000701 10189 100 131072 869611 489 516
0b000101 0b000201 10186 100 131072 869613 489 516
0b000801 0b000901 10190 100 131072 869860 504 516
0b000301 0b000401 10184 100 131072 869614 889 516
0b000301 0b000401 10185 100 131072 869628 889 516
0b000901 0b000a01 10189 100 131072 869989 698 516
0b000101 0b000201 10187 100 131072 870082 489 516
0b000001 0b000101 10187 100 131072 870115 528 516
0b000701 0b000001 10187 100 131072 870268 489 516
0b000901 0b000a01 10190 100 131072 870164 678 516
0b000e01 0b000f01 10192 100 131072 870343 514 516
0b000801 0b000901 10191 100 131072 870387 489 516
0b000301 0b000401 10186 100 131072 870241 790 516
0b000301 0b000c01 10025 100 131072 800878 70158 17428
0b000d01 0b000601 10024 100 131072 797976 73091 17428
0b000101 0b000201 10188 100 131072 870446 664 516
0b000e01 0b000701 10023 100 131072 796642 74468 17428
0b000701 0b000801 10025 100 131072 797446 73699 17428
0b000501 0b000601 10190 100 131072 870677 489 516
0b000e01 0b000f01 10193 100 131072 870693 513 516
0b000701 0b000001 10188 100 131072 870689 489 516
0b000c01 0b000d01 10193 100 131072 870402 805 516
0b000301 0b000401 10187 100 131072 870505 690 516
0b000901 0b000a01 10191 100 131072 870726 489 516
0b000101 0b000201 10189 100 131072 870635 664 516
0b000c01 0b000d01 10194 100 131072 870468 789 516
0b000b01 0b000401 10025 100 131072 799811 71460 17428
0b000601 0b000f01 10025 100 131072 802846 68716 17428
0b000f01 0b000801 10193 100 131072 871106 489 516
0b000901 0b000a01 10192 100 131072 871175 489 516
0b000701 0b000001 10189 100 131072 871327 489 516
0b000b01 0b000401 10026 100 131072 802318 69685 17428
0b000301 0b000401 10188 100 131072 871602 514 516
0b000001 0b000101 10188 100 131072 871641 514 516
0b000201 0b000301 10188 100 131072 871741 514 516
0b000501 0b000e01 10026 100 131072 808454 63832 17428
0b000a01 0b000b01 10191 100 131072 871867 489 516
0b000c01 0b000d01 10195 100 131072 871902 505 516
0b000801 0b000901 10192 100 131072 871939 489 516
0b000601 0b000701 10190 100 131072 871971 489 516
0b000101 0b000201 10190 100 131072 872080 514 516
0b000401 0b000d01 10025 100 131072 803949 68804 17428
0b000201 0b000b01 10026 100 131072 809714 63067 17428
0b000d01 0b000e01 10190 100 131072 871132 1607 516
0b000d01 0b000e01 10191 100 131072 871146 1593 516
0b000001 0b000101 10189 100 131072 872344 489 516
0b000201 0b000301 10189 100 131072 872147 714 516
0b000201 0b000301 10190 100 131072 872274 726 516
0b000c01 0b000d01 10196 100 131072 872339 514 516
0b000501 0b000601 10191 100 131072 872525 496 516
0b000901 0b000a01 10193 100 131072 872419 504 516
0b000d01 0b000e01 10192 100 131072 871260 1689 516
0b000d01 0b000e01 10193 100 131072 871324 1714 516
0b000f01 0b000801 10194 100 131072 872562 511 516
0b000b01 0b000c01 10194 100 131072 872628 489 516
0b000d01 0b000e01 10194 100 131072 871710 1542 516
0b000801 0b000901 10193 100 131072 872373 914 516
0b000601 0b000701 10191 100 131072 872871 489 516
0b000001 0b000901 10026 100 131072 803914 69548 17428
0b000201 0b000b01 10027 100 131072 812124 61389 17428
0b000d01 0b000e01 10195 100 131072 872626 815 516
0b000101 0b000a01 10025 100 131072 806004 67513 17428
0b000801 0b000901 10194 100 131072 872473 1001 516
0b000701 0b000001 10190 100 131072 873110 489 516
0b000201 0b000301 10191 100 131072 873112 489 516
0b000301 0b000c01 10026 100 131072 804441 69290 17428
0b000801 0b000901 10195 100 131072 872699 900 516
0b000901 0b000a01 10194 100 131072 873374 498 516
0b000201 0b000301 10192 100 131072 873581 511 516
0b000101 0b000201 10191 100 131072 873653 514 516
0b000401 0b000d01 10026 100 131072 805544 68665 17428
0b000001 0b000101 10190 100 131072 873767 503 516
0b000901 0b000a01 10195 100 131072 873886 519 516
0b000a01 0b000b01 10192 100 131072 873697 714 516
0b000f01 0b000001 10025 100 131072 803776 70707 17428
0b000c01 0b000d01 10197 100 131072 874046 496 516
0b000401 0b000501 10187 100 131072 873513 1014 516
0b000901 0b000201 10026 100 131072 802996 71654 17428
0b000801 0b000901 10196 100 131072 874155 500 516
0b000f01 0b000801 10195 100 131072 874216 489 516
0b000401 0b000501 10188 100 131072 873527 1014 516
0b000701 0b000001 10191 100 131072 874120 507 516
0b000001 0b000101 10191 100 131072 874188 489 516
0b000a01 0b000b01 10193 100 131072 873852 873 516
0b000201 0b000301 10193 100 131072 874120 664 516
0b000601 0b000701 10192 100 131072 874077 764 516
0b000a01 0b000b01 10194 100 131072 874225 689 516
0b000601 0b000701 10193 100 131072 874176 754 516
0b000201 0b000b01 10028 100 131072 816433 58536 17428
0b000101 0b000a01 10026 100 131072 806582 68391 17428
0b000201 0b000301 10194 100 131072 874309 664 516
0b000d01 0b000e01 10196 100 131072 874217 814 516
0b000001 0b000101 10192 100 131072 874826 489 516
0b000f01 0b000801 10196 100 131072 874572 497 516
0b000d01 0b000e01 10197 100 131072 874267 803 516
0b000801 0b000901 10197 100 131072 874605 489 516
0b000401 0b000501 10189 100 131072 874041 1399 516
0b000801 0b000101 10026 100 131072 807600 67837 17428
0b000a01 0b000301 10023 100 131072 796298 79211 17428
0b000a01 0b000301 10024 100 131072 797437 78080 17428
0b000601 0b000f01 10026 100 131072 807306 68305 17428
0b000101 0b000201 10192 100 131072 875165 489 516
0b000401 0b000501 10190 100 131072 874205 1460 516
0b000401 0b000501 10191 100 131072 874281 1452 516
0b000301 0b000401 10189 100 131072 875265 493 516
0b000c01 0b000501 10026 100 131072 805938 69814 17428
0b000e01 0b000f01 10194 100 131072 875296 496 516
0b000b01 0b000c01 10195 100 131072 875366 489 516
0b000901 0b000a01 10196 100 131072 875438 489 516
0b000d01 0b000e01 10198 100 131072 875417 532 516
0b000701 0b000001 10192 100 131072 875470 489 516
0b000401 0b000501 10192 100 131072 875013 1158 516
0b000e01 0b000701 10024 100 131072 800430 75723 17428
0b000401 0b000501 10193 100 131072 875126 1070 516
0b000a01 0b000301 10025 100 131072 798944 77301 17428
0b000101 0b000201 10193 100 131072 875843 489 516
0b000601 0b000701 10194 100 131072 876031 489 516
0b000b01 0b000c01 10196 100 131072 875791 517 516
0b000a01 0b000b01 10195 100 131072 875933 514 516
0b000d01 0b000e01 10199 100 131072 875763 803 516
0b000301 0b000401 10190 100 131072 875871 714 516
0b000801 0b000901 10198 100 131072 876083 489 516
0b000701 0b000801 10026 100 131072 804248 72406 17428
0b000c01 0b000d01 10198 100 131072 876127 496 516
0b000d01 0b000e01 10200 100 131072 875863 786 516
0b000301 0b000401 10191 100 131072 876010 714 516
0b000701 0b000001 10193 100 131072 876370 489 516
0b000001 0b000101 10193 100 131072 876609 489 516
0b000301 0b000401 10192 100 131072 876611 489 516
0b000a01 0b000b01 10196 100 131072 876527 495 516
0b000b01 0b000c01 10197 100 131072 876523 518 516
0b000901 0b000a01 10197 100 131072 876297 819 516
0b000c01 0b000d01 10199 100 131072 876741 489 516
0b000e01 0b000f01 10195 100 131072 875749 1489 516
0b000e01 0b000f01 10196 100 131072 875759 1493 516
0b000301 0b000401 10193 100 131072 877102 514 516
0b000201 0b000301 10195 100 131072 877177 489 516
0b000a01 0b000b01 10197 100 131072 876882 518 516
0b000901 0b000a01 10198 100 131072 876472 953 516
0b000901 0b000a01 10199 100 131072 876609 906 516
0b000e01 0b000f01 10197 100 131072 875959 1610 516
0b000e01 0b000f01 10198 100 131072 876048 1596 516
0b000e01 0b000f01 10199 100 131072 876262 1446 516
0b000d01 0b000e01 10201 100 131072 877219 514 516
0b000f01 0b000001 10026 100 131072 807889 69919 17428
0b000a01 0b000b01 10198 100 131072 877415 500 516
0b000b01 0b000c01 10198 100 131072 877421 539 516
0b000d01 0b000601 10025 100 131072 801692 76344 17428
0b000d01 0b000e01 10202 100 131072 877552 520 516
0b000201 0b000301 10196 100 131072 877660 509 516
0b000901 0b000a01 10200 100 131072 877665 514 516
0b000101 0b000201 10194 100 131072 877687 495 516
0b000801 0b000901 10199 100 131072 877715 489 516
0b000501 0b000e01 10027 100 131072 820350 57858 17428
0b000001 0b000101 10194 100 131072 877493 733 516
0b000001 0b000101 10195 100 131072 877637 714 516
0b000c01 0b000501 10027 100 131072 809238 69111 17428
0b000501 0b000601 10192 100 131072 877537 839 516
0b000501 0b000601 10193 100 131072 877551 839 516
0b000301 0b000401 10194 100 131072 877794 664 516
0b000a01 0b000b01 10199 100 131072 877983 521 516
0b000701 0b000001 10194 100 131072 877851 764 516
0b000801 0b000901 10200 100 131072 878079 489 516
0b000301 0b000401 10195 100 131072 877983 664 516
0b000901 0b000a01 10201 100 131072 878104 489 516
0b000701 0b000001 10195 100 131072 877940 764 516
0b000b01 0b000c01 10199 100 131072 877735 964 516
0b000e01 0b000f01 10200 100 131072 878041 830 516
0b000e01 0b000f01 10201 100 131072 878080 816 516
0b000b01 0b000c01 10200 100 131072 877924 1041 516
0b000b01 0b000c01 10201 100 131072 877979 1058 516
0b000001 0b000901 10027 100 131072 816255 62720 17428
0b000801 0b000101 10027 100 131072 813079 66088 17428
0b000101 0b000201 10195 100 131072 878325 744 516
0b000a01 0b000301 10026 100 131072 803135 76116 17428
0b000f01 0b000801 10197 100 131072 878621 664 516
0b000201 0b000301 10197 100 131072 878664 508 516
0b000101 0b000201 10196 100 131072 878447 747 516
0b000c01 0b000d01 10200 100 131072 878865 489 516
0b000301 0b000c01 10027 100 131072 815397 63839 17428
0b000401 0b000501 10194 100 131072 878768 529 516
0b000501 0b000e01 10028 100 131072 821667 57682 17428
0b000301 0b000401 10196 100 131072 878519 842 516
0b000301 0b000401 10197 100 131072 878529 846 516
0b000a01 0b000b01 10200 100 131072 878937 489 516
0b000501 0b000601 10194 100 131072 878450 939 516
0b000f01 0b000801 10198 100 131072 878802 672 516
0b000001 0b000101 10196 100 131072 878969 494 516
0b000701 0b000001 10196 100 131072 879163 489 516
0b000301 0b000401 10198 100 131072 879255 490 516
0b000601 0b000f01 10027 100 131072 814560 65423 17428
0b000c01 0b000d01 10201 100 131072 879318 514 516
0b000e01 0b000701 10025 100 131072 804268 75623 17428
0b000801 0b000101 10028 100 131072 818381 61522 17428
0b000b01 0b000c01 10202 100 131072 879457 489 516
0b000701 0b000001 10197 100 131072 879530 489 516
0b000401 0b000501 10195 100 131072 879595 783 516
0b000901 0b000a01 10202 100 131072 879582 507 516
0b000801 0b000901 10201 100 131072 879664 489 516
0b000e01 0b000f01 10202 100 131072 879576 789 516
0b000501 0b000601 10195 100 131072 878675 1734 516
0b000e01 0b000f01 10203 100 131072 879659 806 516
0b000001 0b000901 10028 100 131072 820382 60147 17428
0b000b01 0b000c01 10203 100 131072 880032 503 516
0b000501 0b000601 10196 100 131072 878743 1791 516
0b000501 0b000601 10197 100 131072 878762 1772 516
0b000c01 0b000d01 10202 100 131072 880051 489 516
0b000101 0b000201 10197 100 131072 880108 489 516
0b000401 0b000501 10196 100 131072 879734 897 516
0b000501 0b000601 10198 100 131072 879181 1567 516
0b000d01 0b000e01 10203 100 131072 880240 489 516
0b000501 0b000601 10199 100 131072 879206 1567 516
0b000f01 0b000801 10199 100 131072 880248 514 516
0b000401 0b000d01 10027 100 131072 818807 62048 17428
0b000401 0b000501 10197 100 131072 880110 766 516
0b000e01 0b000701 10026 100 131072 805619 75317 17428
0b000701 0b000801 10027 100 131072 813334 67786 17428
0b000301 0b000401 10199 100 131072 880676 489 516
0b000401 0b000501 10198 100 131072 880626 550 516
0b000a01 0b000b01 10201 100 131072 880435 765 516
0b000001 0b000101 10197 100 131072 880818 493 516
0b000b01 0b000401 10027 100 131072 817639 63593 17428
0b000e01 0b000f01 10204 100 131072 880743 519 516
0b000a01 0b000b01 10202 100 131072 880525 775 516
0b000101 0b000a01 10028 100 131072 819754 61686 17428
0b000101 0b000a01 10027 100 131072 815491 65953 17428
0b000b01 0b000c01 10204 100 131072 880925 514 516
0b000601 0b000701 10195 100 131072 881046 538 516
0b000c01 0b000501 10028 100 131072 819624 62050 17428
0b000301 0b000401 10200 100 131072 881179 489 516
0b000a01 0b000b01 10203 100 131072 881189 514 516
0b000201 0b000301 10198 100 131072 881192 494 516
0b000901 0b000201 10027 100 131072 814973 66736 17428
0b000f01 0b000801 10200 100 131072 880579 1153 516
0b000501 0b000601 10200 100 131072 881359 498 516
0b000601 0b000701 10196 100 131072 881386 513 516
0b000101 0b000201 10198 100 131072 881236 764 516
0b000f01 0b000801 10201 100 131072 880654 1142 516
0b000101 0b000201 10199 100 131072 881361 739 516
0b000e01 0b000f01 10205 100 131072 881082 764 516
0b000f01 0b000801 10202 100 131072 880718 1128 516
0b000e01 0b000f01 10206 100 131072 881218 763 516
0b000b01 0b000c01 10205 100 131072 881514 514 516
0b000901 0b000a01 10203 100 131072 881578 489 516
0b000a01 0b000b01 10204 100 131072 881603 507 516
0b000401 0b000501 10199 100 131072 881657 489 516
0b000301 0b000c01 10028 100 131072 823514 58638 17428
0b000c01 0b000d01 10203 100 131072 881709 489 516
0b000001 0b000101 10198 100 131072 881625 777 516
0b000f01 0b000801 10203 100 131072 881881 489 516
0b000001 0b000101 10199 100 131072 881714 788 516
0b000701 0b000801 10028 100 131072 816305 66271 17428
0b000901 0b000a01 10204 100 131072 881985 510 516
0b000f01 0b000001 10027 100 131072 816186 66403 17428
0b000b01 0b000401 10028 100 131072 822315 60377 17428
0b000201 0b000301 10199 100 131072 882204 512 516
0b000901 0b000201 10028 100 131072 817372 65344 17428
0b000101 0b000201 10200 100 131072 882177 585 516
0b000c01 0b000d01 10204 100 131072 882246 493 516
0b000301 0b000401 10201 100 131072 882261 510 516
0b000501 0b000601 10201 100 131072 882307 514 516
0b000e01 0b000f01 10207 100 131072 882359 489 516
0b000d01 0b000e01 10204 100 131072 882364 489 516
0b000601 0b000701 10197 100 131072 882399 489 516
0b000801 0b000901 10202 100 131072 882295 664 516
0b000101 0b000201 10201 100 131072 882473 564 516
0b000001 0b000101 10200 100 131072 882662 514 516
0b000801 0b000901 10203 100 131072 882484 684 516
0b000801 0b000101 10029 100 131072 835194 48122 17428
0b000f01 0b000001 10028 100 131072 817144 66177 17428
0b000d01 0b000e01 10205 100 131072 882842 514 516
0b000401 0b000501 10200 100 131072 882371 1014 516
0b000401 0b000501 10201 100 131072 882385 1014 516
0b000701 0b000001 10198 100 131072 882901 503 516
0b000101 0b000201 10202 100 131072 882913 491 516
0b000c01 0b000d01 10205 100 131072 882956 489 516
0b000f01 0b000801 10204 100 131072 882993 489 516
0b000001 0b000101 10201 100 131072 883029 489 516
0b000401 0b000501 10202 100 131072 882755 833 516
0b000901 0b000a01 10205 100 131072 883163 489 516
0b000501 0b000601 10202 100 131072 883388 506 516
0b000f01 0b000801 10205 100 131072 883375 514 516
0b000601 0b000f01 10028 100 131072 826144 57896 17428
0b000201 0b000301 10200 100 131072 883607 489 516
0b000901 0b000a01 10206 100 131072 883539 489 516
0b000c01 0b000d01 10206 100 131072 883545 495 516
0b000001 0b000901 10029 100 131072 835196 48973 17428
0b000401 0b000d01 10028 100 131072 827441 56739 17428
0b000901 0b000201 10029 100 131072 827930 56246 17428
0b000e01 0b000f01 10208 100 131072 883739 501 516
0b000d01 0b000601 10026 100 131072 809502 74771 17428
0b000d01 0b000e01 10206 100 131072 883865 489 516
0b000701 0b000001 10199 100 131072 883946 498 516
0b000801 0b000901 10204 100 131072 884130 492 516
0b000f01 0b000801 10206 100 131072 884272 489 516
0b000601 0b000701 10198 100 131072 883419 1365 516
0b000101 0b000201 10203 100 131072 884321 498 516
0b000b01 0b000c01 10206 100 131072 884210 844 516
0b000401 0b000501 10203 100 131072 884175 884 516
0b000701 0b000001 10200 100 131072 884594 514 516
0b000401 0b000501 10204 100 131072 884242 911 516
0b000101 0b000a01 10029 100 131072 838631 46547 17428
0b000b01 0b000c01 10207 100 131072 884310 919 516
0b000501 0b000601 10203 100 131072 884684 519 516
0b000601 0b000701 10199 100 131072 883544 1678 516
0b000601 0b000701 10200 100 131072 883544 1712 516
0b000a01 0b000301 10027 100 131072 814709 70596 17428
0b000201 0b000301 10201 100 131072 884719 589 516
0b000a01 0b000b01 10205 100 131072 884454 898 516
0b000801 0b000901 10205 100 131072 884856 500 516
0b000a01 0b000b01 10206 100 131072 884464 893 516
0b000401 0b000501 10205 100 131072 884678 728 516
0b000601 0b000701 10201 100 131072 883758 1723 516
0b000b01 0b000c01 10208 100 131072 884713 744 516
0b000601 0b000701 10202 100 131072 883783 1723 516
0b000f01 0b000801 10207 100 131072 884856 724 516
0b000501 0b000601 10204 100 131072 885156 497 516
0b000601 0b000701 10203 100 131072 884867 861 516
0b000a01 0b000b01 10207 100 131072 885077 644 516
0b000f01 0b000801 10208 100 131072 884991 739 516
0b000c01 0b000d01 10207 100 131072 885038 739 516
0b000c01 0b000d01 10208 100 131072 885162 737 516
0b000201 0b000301 10202 100 131072 885010 891 516
0b000a01 0b000b01 10208 100 131072 885505 530 516
0b000801 0b000901 10206 100 131072 885380 664 516
0b000101 0b000201 10204 100 131072 885412 512 516
0b000201 0b000301 10203 100 131072 885110 966 516
0b000001 0b000101 10202 100 131072 885599 499 516
0b000d01 0b000e01 10207 100 131072 885749 489 516
0b000801 0b000901 10207 100 131072 885586 658 516
0b000301 0b000401 10202 100 131072 885726 510 516
0b000701 0b000801 10029 100 131072 837799 48511 17428
0b000b01 0b000401 10029 100 131072 842381 43955 17428
0b000701 0b000001 10201 100 131072 885898 508 516
0b000901 0b000a01 10207 100 131072 885969 489 516
0b000401 0b000501 10206 100 131072 885702 768 516
0b000401 0b000501 10207 100 131072 885781 789 516
0b000301 0b000c01 10029 100 131072 847071 39547 17428
0b000201 0b000301 10204 100 131072 885726 899 516
0b000201 0b000301 10205 100 131072 885772 892 516
0b000101 0b000201 10205 100 131072 886186 495 516
0b000801 0b000901 10208 100 131072 886492 489 516
0b000a01 0b000b01 10209 100 131072 886662 489 516
0b000a01 0b000301 10028 100 131072 819276 67898 17428
0b000001 0b000101 10203 100 131072 886331 764 516
0b000e01 0b000701 10027 100 131072 816980 70205 17428
0b000001 0b000101 10204 100 131072 886414 770 516
0b000f01 0b000001 10029 100 131072 847995 39323 17428
0b000801 0b000901 10209 100 131072 886899 501 516
0b000501 0b000601 10205 100 131072 886395 1113 516
0b000f01 0b000801 10209 100 131072 887050 514 516
0b000501 0b000601 10206 100 131072 886409 1099 516
0b000301 0b000401 10203 100 131072 887106 489 516
0b000501 0b000601 10207 100 131072 886598 1035 516
0b000d01 0b000e01 10208 100 131072 887050 714 516
0b000601 0b000701 10204 100 131072 887283 489 516
0b000c01 0b000501 10029 100 131072 855239 32602 17428
0b000e01 0b000f01 10209 100 131072 887364 489 516
0b000d01 0b000e01 10209 100 131072 887190 713 516
0b000d01 0b000601 10027 100 131072 818727 69190 17428
0b000901 0b000a01 10208 100 131072 887632 489 516
0b000001 0b000101 10205 100 131072 887454 489 516
0b000201 0b000301 10206 100 131072 887829 489 516
0b000e01 0b000701 10028 100 131072 817911 70634 17428
0b000001 0b000101 10206 100 131072 888118 514 516
0b000501 0b000601 10208 100 131072 888163 489 516
0b000c01 0b000d01 10209 100 131072 888239 498 516
0b000b01 0b000c01 10209 100 131072 888362 489 516
0b000901 0b000a01 10209 100 131072 888366 489 516
0b000d01 0b000601 10028 100 131072 822290 66764 17428
0b000701 0b000001 10202 100 131072 888232 814 516
0b000701 0b000001 10203 100 131072 888266 819 516
0b000601 0b000f01 10029 100 131072 853604 35626 17428
0b000301 0b000401 10204 100 131072 888315 944 516
0b000301 0b000401 10205 100 131072 888318 966 516
0b000201 0b000301 10207 100 131072 888934 524 516
0b000101 0b000201 10206 100 131072 889108 489 516
0b000401 0b000d01 10029 100 131072 863334 26276 17428
0b000301 0b000401 10206 100 131072 888911 930 516
0b000301 0b000401 10207 100 131072 889086 830 516
0b000501 0b000601 10209 100 131072 889580 489 516
0b000201 0b000301 10208 100 131072 889691 489 516
0b000e01 0b000701 10029 100 131072 829119 61610 17428
0b000301 0b000401 10208 100 131072 890184 489 516
0b000101 0b000201 10207 100 131072 890194 489 516
0b000701 0b000001 10204 100 131072 890195 498 516
0b000a01 0b000301 10029 100 131072 843623 47592 17428
0b000701 0b000001 10205 100 131072 890782 511 516
0b000101 0b000201 10208 100 131072 890953 489 516
0b000601 0b000701 10205 100 131072 890518 1362 516
0b000601 0b000701 10206 100 131072 890528 1352 516
0b000601 0b000701 10207 100 131072 890643 1342 516
0b000701 0b000001 10206 100 131072 891555 494 516
0b000601 0b000701 10208 100 131072 890927 1172 516
0b000d01 0b000601 10029 100 131072 846717 45662 17428
0b000101 0b000201 10209 100 131072 891642 489 516
0b000201 0b000b01 10029 100 131072 875604 16777 17428
0b000601 0b000701 10209 100 131072 892064 489 516
0b000401 0b000501 10208 100 131072 892269 489 516
0b000401 0b000501 10209 100 131072 892926 514 516
0b000301 0b000401 10209 100 131072 893190 489 516
0b000201 0b000301 10209 100 131072 893693 489 516
0b000001 0b000101 10207 100 131072 893703 489 516
0b000001 0b000101 10208 100 131072 894303 489 516
0b000701 0b000001 10207 100 131072 894890 1089 516
0b000701 0b000001 10208 100 131072 894900 1093 516
0b000701 0b000001 10209 100 131072 895109 998 516
0b000001 0b000101 10209 100 131072 898989 489 516
0b000501 0b000e01 10029 100 131072 883641 16753 17428
0b000801 0b000901 10210 100 524288 1446576 10316 1614
0b000801 0b000901 10211 100 524288 1446576 10316 1614
0b000801 0b000901 10212 100 524288 1446576 10341 1614
0b000801 0b000901 10213 100 524288 1446576 10341 1614
0b000801 0b000901 10214 100 524288 1446576 10341 1614
0b000801 0b000901 10215 100 524288 1446576 10341 1614
0b000801 0b000901 10216 100 524288 1446576 10366 1614
0b000901 0b000a01 10210 100 524288 1447742 10300 1614
0b000901 0b000a01 10211 100 524288 1447742 10300 1614
0b000901 0b000a01 10212 100 524288 1447742 10300 1614
0b000901 0b000a01 10213 100 524288 1447742 10300 1614
0b000901 0b000a01 10214 100 524288 1447742 10325 1614
0b000901 0b000a01 10215 100 524288 1447742 10325 1614
0b000901 0b000a01 10216 100 524288 1447742 10325 1614
0b000a01 0b000b01 10210 100 524288 1447867 10301 1614
0b000a01 0b000b01 10211 100 524288 1447867 10301 1614
0b000c01 0b000d01 10210 100 524288 1447863 10305 1614
0b000a01 0b000b01 10212 100 524288 1447867 10301 1614
0b000a01 0b000b01 10213 100 524288 1447867 10301 1614
0b000a01 0b000b01 10214 100 524288 1447867 10326 1614
0b000c01 0b000d01 10211 100 524288 1447863 10330 1614
0b000a01 0b000b01 10215 100 524288 1447867 10326 1614
0b000c01 0b000d01 10212 100 524288 1447863 10330 1614
0b000a01 0b000b01 10216 100 524288 1447867 10326 1614
0b000c01 0b000d01 10213 100 524288 1447863 10330 1614
0b000c01 0b000d01 10214 100 524288 1447863 10330 1614
0b000c01 0b000d01 10215 100 524288 1447863 10355 1614
0b000c01 0b000d01 10216 100 524288 1447863 10355 1614
0b000f01 0b000801 10216 100 524288 1448242 10281 1614
0b000f01 0b000801 10215 100 524288 1448242 10287 1614
0b000f01 0b000801 10214 100 524288 1448242 10293 1614
0b000f01 0b000801 10213 100 524288 1448242 10299 1614
0b000f01 0b000801 10212 100 524288 1448242 10305 1614
0b000f01 0b000801 10211 100 524288 1448242 10311 1614
0b000f01 0b000801 10210 100 524288 1448242 10317 1614
0b000d01 0b000e01 10216 100 524288 1448622 10281 1614
0b000d01 0b000e01 10215 100 524288 1448622 10287 1614
0b000d01 0b000e01 10214 100 524288 1448622 10293 1614
0b000d01 0b000e01 10213 100 524288 1448622 10299 1614
0b000d01 0b000e01 10212 100 524288 1448622 10305 1614
0b000d01 0b000e01 10211 100 524288 1448622 10311 1614
0b000d01 0b000e01 10210 100 524288 1448622 10317 1614
0b000601 0b000701 10210 100 524288 1451440 10324 1614
0b000601 0b000701 10211 100 524288 1451440 10324 1614
0b000601 0b000701 10212 100 524288 1451440 10324 1614
0b000601 0b000701 10213 100 524288 1451440 10324 1614
0b000601 0b000701 10214 100 524288 1451440 10349 1614
0b000601 0b000701 10215 100 524288 1451440 10349 1614
0b000601 0b000701 10216 100 524288 1451440 10349 1614
0b000b01 0b000c01 10216 100 524288 1451393 10734 1614
0b000b01 0b000c01 10215 100 524288 1451393 10759 1614
0b000b01 0b000c01 10214 100 524288 1451393 10759 1614
0b000b01 0b000c01 10213 100 524288 1451393 10759 1614
0b000b01 0b000c01 10212 100 524288 1451393 10759 1614
0b000b01 0b000c01 10211 100 524288 1451393 10784 1614
0b000b01 0b000c01 10210 100 524288 1451393 10784 1614
0b000401 0b000501 10210 100 524288 1452691 10303 1614
0b000401 0b000501 10211 100 524288 1452691 10303 1614
0b000401 0b000501 10212 100 524288 1452691 10303 1614
0b000401 0b000501 10213 100 524288 1452691 10328 1614
0b000401 0b000501 10214 100 524288 1452691 10328 1614
0b000401 0b000501 10215 100 524288 1452691 10328 1614
0b000401 0b000501 10216 100 524288 1452691 10328 1614
0b000201 0b000301 10210 100 524288 1453069 10321 1614
0b000201 0b000301 10211 100 524288 1453069 10321 1614
0b000201 0b000301 10212 100 524288 1453069 10321 1614
0b000201 0b000301 10213 100 524288 1453069 10321 1614
0b000201 0b000301 10214 100 524288 1453069 10346 1614
0b000201 0b000301 10215 100 524288 1453069 10346 1614
0b000201 0b000301 10216 100 524288 1453069 10346 1614
0b000301 0b000401 10210 100 524288 1453194 10281 1614
0b000301 0b000401 10211 100 524288 1453194 10287 1614
0b000301 0b000401 10212 100 524288 1453194 10293 1614
0b000301 0b000401 10213 100 524288 1453194 10299 1614
0b000501 0b000601 10210 100 524288 1453214 10281 1614
0b000301 0b000401 10214 100 524288 1453194 10305 1614
0b000501 0b000601 10211 100 524288 1453214 10287 1614
0b000301 0b000401 10215 100 524288 1453194 10311 1614
0b000501 0b000601 10212 100 524288 1453214 10293 1614
0b000301 0b000401 10216 100 524288 1453194 10317 1614
0b000501 0b000601 10213 100 524288 1453214 10299 1614
0b000501 0b000601 10214 100 524288 1453214 10305 1614
0b000501 0b000601 10215 100 524288 1453214 10311 1614
0b000501 0b000601 10216 100 524288 1453214 10317 1614
0b000701 0b000001 10210 100 524288 1454994 10746 1614
0b000701 0b000001 10211 100 524288 1454994 10746 1614
0b000701 0b000001 10212 100 524288 1454994 10746 1614
0b000701 0b000001 10213 100 524288 1454994 10771 1614
0b000701 0b000001 10214 100 524288 1454994 10771 1614
0b000701 0b000001 10215 100 524288 1454994 10771 1614
0b000701 0b000001 10216 100 524288 1454994 10771 1614
0b000001 0b000101 10210 100 524288 1458365 10321 1614
0b000001 0b000101 10211 100 524288 1458365 10321 1614
0b000001 0b000101 10212 100 524288 1458365 10321 1614
0b000001 0b000101 10213 100 524288 1458365 10321 1614
0b000901 0b000a01 10217 100 524288 1459902 8856 1614
0b000901 0b000a01 10218 100 524288 1459927 8831 1614
0b000901 0b000a01 10219 100 524288 1459927 8831 1614
0b000901 0b000a01 10220 100 524288 1459927 8831 1614
0b000001 0b000101 10214 100 524288 1458365 10346 1614
0b000001 0b000101 10215 100 524288 1458365 10346 1614
0b000001 0b000101 10216 100 524288 1458365 10346 1614
0b000901 0b000a01 10221 100 524288 1459927 8856 1614
0b000901 0b000a01 10222 100 524288 1459952 8831 1614
0b000101 0b000201 10210 100 524288 1458490 10281 1614
0b000101 0b000201 10211 100 524288 1458490 10287 1614
0b000101 0b000201 10212 100 524288 1458490 10293 1614
0b000101 0b000201 10213 100 524288 1458490 10299 1614
0b000101 0b000201 10214 100 524288 1458490 10305 1614
0b000101 0b000201 10215 100 524288 1458490 10311 1614
0b000101 0b000201 10216 100 524288 1458490 10317 1614
0b000a01 0b000b01 10217 100 524288 1461052 8833 1614
0b000a01 0b000b01 10218 100 524288 1461052 8858 1614
0b000a01 0b000b01 10219 100 524288 1461052 8858 1614
0b000a01 0b000b01 10220 100 524288 1461077 8833 1614
0b000a01 0b000b01 10221 100 524288 1461077 8833 1614
0b000a01 0b000b01 10222 100 524288 1461077 8858 1614
0b000d01 0b000e01 10217 100 524288 1461178 8859 1614
0b000d01 0b000e01 10218 100 524288 1461203 8834 1614
0b000d01 0b000e01 10219 100 524288 1461203 8834 1614
0b000d01 0b000e01 10220 100 524288 1461203 8834 1614
0b000d01 0b000e01 10221 100 524288 1461203 8859 1614
0b000d01 0b000e01 10222 100 524288 1461228 8834 1614
0b000801 0b000901 10217 100 524288 1461533 8831 1614
0b000801 0b000901 10218 100 524288 1461539 8831 1614
0b000801 0b000901 10219 100 524288 1461545 8831 1614
0b000801 0b000901 10220 100 524288 1461551 8831 1614
0b000801 0b000901 10221 100 524288 1461557 8831 1614
0b000801 0b000901 10222 100 524288 1461563 8831 1614
0b000b01 0b000c01 10217 100 524288 1461178 9259 1614
0b000b01 0b000c01 10218 100 524288 1461178 9259 1614
0b000b01 0b000c01 10219 100 524288 1461178 9259 1614
0b000b01 0b000c01 10220 100 524288 1461203 9234 1614
0b000b01 0b000c01 10221 100 524288 1461203 9259 1614
0b000b01 0b000c01 10222 100 524288 1461203 9259 1614
0b000701 0b000001 10217 100 524288 1464774 9256 1614
0b000701 0b000001 10218 100 524288 1464774 9256 1614
0b000701 0b000001 10219 100 524288 1464774 9281 1614
0b000701 0b000001 10220 100 524288 1464799 9256 1614
0b000701 0b000001 10221 100 524288 1464799 9256 1614
0b000701 0b000001 10222 100 524288 1464799 9256 1614
0b000c01 0b000d01 10217 100 524288 1465137 9208 1614
0b000c01 0b000d01 10218 100 524288 1465162 9208 1614
0b000c01 0b000d01 10219 100 524288 1465162 9208 1614
0b000c01 0b000d01 10220 100 524288 1465162 9208 1614
0b000c01 0b000d01 10221 100 524288 1465187 9183 1614
0b000c01 0b000d01 10222 100 524288 1465187 9208 1614
0b000501 0b000601 10217 100 524288 1466004 8856 1614
0b000501 0b000601 10218 100 524288 1466004 8856 1614
0b000501 0b000601 10219 100 524288 1466004 8856 1614
0b000501 0b000601 10220 100 524288 1466029 8831 1614
0b000501 0b000601 10221 100 524288 1466029 8856 1614
0b000501 0b000601 10222 100 524288 1466029 8856 1614
0b000301 0b000401 10217 100 524288 1466400 8856 1614
0b000301 0b000401 10218 100 524288 1466400 8856 1614
0b000301 0b000401 10219 100 524288 1466400 8856 1614
0b000301 0b000401 10220 100 524288 1466425 8831 1614
0b000301 0b000401 10221 100 524288 1466425 8856 1614
0b000301 0b000401 10222 100 524288 1466425 8856 1614
0b000401 0b000501 10217 100 524288 1466485 8831 1614
0b000401 0b000501 10218 100 524288 1466491 8831 1614
0b000401 0b000501 10219 100 524288 1466497 8831 1614
0b000401 0b000501 10220 100 524288 1466503 8831 1614
0b000601 0b000701 10217 100 524288 1466505 8831 1614
0b000401 0b000501 10221 100 524288 1466515 8825 1614
0b000601 0b000701 10218 100 524288 1466511 8831 1614
0b000401 0b000501 10222 100 524288 1466521 8825 1614
0b000601 0b000701 10219 100 524288 1466517 8831 1614
0b000601 0b000701 10220 100 524288 1466523 8831 1614
0b000601 0b000701 10221 100 524288 1466529 8831 1614
0b000601 0b000701 10222 100 524288 1466535 8831 1614
0b000e01 0b000f01 10216 100 524288 1459406 18149 1614
0b000e01 0b000f01 10215 100 524288 1459406 18149 1614
0b000e01 0b000f01 10214 100 524288 1459406 18149 1614
0b000e01 0b000f01 10213 100 524288 1459406 18174 1614
0b000e01 0b000f01 10212 100 524288 1459406 18174 1614
0b000e01 0b000f01 10211 100 524288 1459406 18174 1614
0b000e01 0b000f01 10210 100 524288 1459406 18174 1614
0b000001 0b000101 10217 100 524288 1468750 9221 1614
0b000001 0b000101 10218 100 524288 1468750 9221 1614
0b000001 0b000101 10219 100 524288 1468775 9196 1614
0b000001 0b000101 10220 100 524288 1468775 9221 1614
0b000001 0b000101 10221 100 524288 1468775 9221 1614
0b000001 0b000101 10222 100 524288 1468775 9221 1614
0b000a01 0b000b01 10223 100 524288 1471768 7406 1614
0b000a01 0b000b01 10224 100 524288 1471768 7406 1614
0b000a01 0b000b01 10225 100 524288 1471768 7406 1614
0b000a01 0b000b01 10226 100 524288 1471793 7381 1614
0b000a01 0b000b01 10227 100 524288 1471793 7406 1614
0b000b01 0b000c01 10223 100 524288 1472895 7403 1614
0b000b01 0b000c01 10224 100 524288 1472920 7378 1614
0b000b01 0b000c01 10225 100 524288 1472920 7378 1614
0b000b01 0b000c01 10226 100 524288 1472920 7378 1614
0b000b01 0b000c01 10227 100 524288 1472945 7378 1614
0b000101 0b000201 10217 100 524288 1471696 8840 1614
0b000101 0b000201 10218 100 524288 1471696 8865 1614
0b000101 0b000201 10219 100 524288 1471696 8865 1614
0b000101 0b000201 10220 100 524288 1471721 8840 1614
0b000101 0b000201 10221 100 524288 1471721 8840 1614
0b000101 0b000201 10222 100 524288 1471721 8865 1614
0b000901 0b000a01 10223 100 524288 1473374 7381 1614
0b000201 0b000301 10217 100 524288 1471781 8831 1614
0b000901 0b000a01 10224 100 524288 1473380 7381 1614
0b000201 0b000301 10218 100 524288 1471787 8831 1614
0b000901 0b000a01 10225 100 524288 1473386 7381 1614
0b000201 0b000301 10219 100 524288 1471799 8825 1614
0b000901 0b000a01 10226 100 524288 1473392 7381 1614
0b000201 0b000301 10220 100 524288 1471805 8825 1614
0b000901 0b000a01 10227 100 524288 1473398 7381 1614
0b000201 0b000301 10221 100 524288 1471811 8825 1614
0b000201 0b000301 10222 100 524288 1471817 8825 1614
0b000c01 0b000d01 10223 100 524288 1473447 7808 1614
0b000c01 0b000d01 10224 100 524288 1473447 7833 1614
0b000c01 0b000d01 10225 100 524288 1473447 7833 1614
0b000c01 0b000d01 10226 100 524288 1473472 7808 1614
0b000c01 0b000d01 10227 100 524288 1473472 7808 1614
0b000e01 0b000f01 10217 100 524288 1461919 19536 1614
0b000e01 0b000f01 10218 100 524288 1461925 19530 1614
0b000e01 0b000f01 10219 100 524288 1461931 19549 1614
0b000e01 0b000f01 10220 100 524288 1461937 19543 1614
0b000e01 0b000f01 10221 100 524288 1461943 19537 1614
0b000e01 0b000f01 10222 100 524288 1461949 19531 1614
0b000001 0b000101 10223 100 524288 1477040 7862 1614
0b000001 0b000101 10224 100 524288 1477065 7837 1614
0b000001 0b000101 10225 100 524288 1477065 7837 1614
0b000001 0b000101 10226 100 524288 1477065 7862 1614
0b000001 0b000101 10227 100 524288 1477065 7862 1614
0b000d01 0b000e01 10223 100 524288 1477355 7728 1614
0b000d01 0b000e01 10224 100 524288 1477380 7703 1614
0b000d01 0b000e01 10225 100 524288 1477380 7703 1614
0b000d01 0b000e01 10226 100 524288 1477380 7703 1614
0b000d01 0b000e01 10227 100 524288 1477405 7703 1614
0b000601 0b000701 10223 100 524288 1477870 7406 1614
0b000601 0b000701 10224 100 524288 1477870 7431 1614
0b000601 0b000701 10225 100 524288 1477870 7431 1614
0b000601 0b000701 10226 100 524288 1477870 7431 1614
0b000601 0b000701 10227 100 524288 1477895 7406 1614
0b000401 0b000501 10223 100 524288 1478266 7406 1614
0b000e01 0b000f01 10223 100 524288 1473047 12688 1614
0b000401 0b000501 10224 100 524288 1478266 7406 1614
0b000401 0b000501 10225 100 524288 1478266 7406 1614
0b000401 0b000501 10226 100 524288 1478291 7381 1614
0b000401 0b000501 10227 100 524288 1478291 7381 1614
0b000e01 0b000f01 10224 100 524288 1473047 12713 1614
0b000e01 0b000f01 10225 100 524288 1473047 12713 1614
0b000e01 0b000f01 10226 100 524288 1473047 12713 1614
0b000e01 0b000f01 10227 100 524288 1473072 12688 1614
0b000501 0b000601 10223 100 524288 1478326 7381 1614
0b000501 0b000601 10224 100 524288 1478332 7381 1614
0b000501 0b000601 10225 100 524288 1478338 7381 1614
0b000501 0b000601 10226 100 524288 1478344 7381 1614
0b000501 0b000601 10227 100 524288 1478356 7375 1614
0b000701 0b000001 10223 100 524288 1478352 7381 1614
0b000701 0b000001 10224 100 524288 1478358 7381 1614
0b000701 0b000001 10225 100 524288 1478364 7381 1614
0b000701 0b000001 10226 100 524288 1478370 7381 1614
0b000701 0b000001 10227 100 524288 1478376 7381 1614
0b000b01 0b000c01 10228 100 524288 1482184 5956 1614
0b000b01 0b000c01 10229 100 524288 1482184 5956 1614
0b000b01 0b000c01 10230 100 524288 1482184 5956 1614
0b000b01 0b000c01 10231 100 524288 1482209 5931 1614
0b000101 0b000201 10223 100 524288 1480981 7690 1614
0b000101 0b000201 10224 100 524288 1480981 7690 1614
0b000101 0b000201 10225 100 524288 1481006 7690 1614
0b000101 0b000201 10226 100 524288 1481006 7690 1614
0b000101 0b000201 10227 100 524288 1481006 7690 1614
0b000c01 0b000d01 10228 100 524288 1483308 5952 1614
0b000c01 0b000d01 10229 100 524288 1483308 5952 1614
0b000c01 0b000d01 10230 100 524288 1483308 5952 1614
0b000c01 0b000d01 10231 100 524288 1483333 5927 1614
0b000a01 0b000b01 10228 100 524288 1483765 5931 1614
0b000a01 0b000b01 10229 100 524288 1483771 5931 1614
0b000a01 0b000b01 10230 100 524288 1483777 5931 1614
0b000a01 0b000b01 10231 100 524288 1483783 5931 1614
0b000d01 0b000e01 10228 100 524288 1484265 6303 1614
0b000d01 0b000e01 10229 100 524288 1484290 6303 1614
0b000d01 0b000e01 10230 100 524288 1484290 6303 1614
0b000d01 0b000e01 10231 100 524288 1484290 6303 1614
0b000201 0b000301 10223 100 524288 1483546 7390 1614
0b000201 0b000301 10224 100 524288 1483571 7365 1614
0b000201 0b000301 10225 100 524288 1483571 7390 1614
0b000201 0b000301 10226 100 524288 1483571 7390 1614
0b000201 0b000301 10227 100 524288 1483596 7365 1614
0b000301 0b000401 10223 100 524288 1483622 7381 1614
0b000301 0b000401 10224 100 524288 1483628 7381 1614
0b000301 0b000401 10225 100 524288 1483640 7375 1614
0b000301 0b000401 10226 100 524288 1483646 7375 1614
0b000301 0b000401 10227 100 524288 1483652 7375 1614
0b000e01 0b000f01 10228 100 524288 1488093 6252 1614
0b000101 0b000201 10228 100 524288 1487912 6312 1614
0b000101 0b000201 10229 100 524288 1487912 6312 1614
0b000e01 0b000f01 10229 100 524288 1488093 6252 1614
0b000e01 0b000f01 10230 100 524288 1488093 6252 1614
0b000101 0b000201 10230 100 524288 1487937 6287 1614
0b000101 0b000201 10231 100 524288 1487937 6312 1614
0b000e01 0b000f01 10231 100 524288 1488118 6252 1614
0b000701 0b000001 10228 100 524288 1488311 5956 1614
0b000701 0b000001 10229 100 524288 1488311 5956 1614
0b000701 0b000001 10230 100 524288 1488311 5981 1614
0b000701 0b000001 10231 100 524288 1488311 5981 1614
0b000501 0b000601 10228 100 524288 1488682 5956 1614
0b000501 0b000601 10229 100 524288 1488682 5956 1614
0b000501 0b000601 10230 100 524288 1488682 5956 1614
0b000501 0b000601 10231 100 524288 1488682 5956 1614
0b000601 0b000701 10228 100 524288 1488717 5931 1614
0b000601 0b000701 10229 100 524288 1488723 5931 1614
0b000601 0b000701 10230 100 524288 1488729 5931 1614
0b000601 0b000701 10231 100 524288 1488735 5931 1614
0b000001 0b000101 10228 100 524288 1488749 5931 1614
0b000001 0b000101 10229 100 524288 1488755 5931 1614
0b000001 0b000101 10230 100 524288 1488761 5931 1614
0b000001 0b000101 10231 100 524288 1488767 5931 1614
0b000f01 0b000801 10217 100 524288 1480565 14677 1614
0b000f01 0b000801 10218 100 524288 1480565 14677 1614
0b000f01 0b000801 10219 100 524288 1480565 14677 1614
0b000f01 0b000801 10220 100 524288 1480590 14652 1614
0b000f01 0b000801 10221 100 524288 1480590 14677 1614
0b000f01 0b000801 10222 100 524288 1480590 14677 1614
0b000c01 0b000d01 10232 100 524288 1491150 4506 1614
0b000c01 0b000d01 10233 100 524288 1491150 4506 1614
0b000c01 0b000d01 10234 100 524288 1491150 4506 1614
0b000d01 0b000e01 10232 100 524288 1492270 4497 1614
0b000d01 0b000e01 10233 100 524288 1492270 4497 1614
0b000d01 0b000e01 10234 100 524288 1492270 4497 1614
0b000b01 0b000c01 10232 100 524288 1492706 4481 1614
0b000b01 0b000c01 10233 100 524288 1492712 4481 1614
0b000b01 0b000c01 10234 100 524288 1492718 4481 1614
0b000201 0b000301 10228 100 524288 1491681 6190 1614
0b000201 0b000301 10229 100 524288 1491706 6165 1614
0b000201 0b000301 10230 100 524288 1491706 6190 1614
0b000201 0b000301 10231 100 524288 1491706 6190 1614
0b000e01 0b000f01 10232 100 524288 1493578 4823 1614
0b000e01 0b000f01 10233 100 524288 1493603 4823 1614
0b000e01 0b000f01 10234 100 524288 1493603 4823 1614
0b000301 0b000401 10228 100 524288 1493946 5959 1614
0b000301 0b000401 10229 100 524288 1493971 5934 1614
0b000301 0b000401 10230 100 524288 1493971 5934 1614
0b000301 0b000401 10231 100 524288 1493971 5934 1614
0b000401 0b000501 10228 100 524288 1494013 5931 1614
0b000401 0b000501 10229 100 524288 1494019 5931 1614
0b000401 0b000501 10230 100 524288 1494031 5925 1614
0b000401 0b000501 10231 100 524288 1494037 5925 1614
0b000001 0b000101 10232 100 524288 1497277 4512 1614
0b000001 0b000101 10233 100 524288 1497302 4487 1614
0b000001 0b000101 10234 100 524288 1497302 4487 1614
0b000d01 0b000e01 10235 100 524288 1498666 3056 1614
0b000201 0b000301 10232 100 524288 1497234 4787 1614
0b000d01 0b000e01 10236 100 524288 1498666 3081 1614
0b000201 0b000301 10233 100 524288 1497234 4787 1614
0b000201 0b000301 10234 100 524288 1497259 4762 1614
0b000601 0b000701 10232 100 524288 1497648 4481 1614
0b000601 0b000701 10233 100 524288 1497648 4487 1614
0b000601 0b000701 10234 100 524288 1497648 4493 1614
0b000701 0b000001 10232 100 524288 1497664 4481 1614
0b000701 0b000001 10233 100 524288 1497670 4481 1614
0b000f01 0b000801 10223 100 524288 1484465 17762 1614
0b000f01 0b000801 10224 100 524288 1484465 17762 1614
0b000701 0b000001 10234 100 524288 1497676 4481 1614
0b000f01 0b000801 10225 100 524288 1484490 17737 1614
0b000f01 0b000801 10226 100 524288 1484490 17737 1614
0b000101 0b000201 10232 100 524288 1497696 4481 1614
0b000101 0b000201 10233 100 524288 1497702 4481 1614
0b000101 0b000201 10234 100 524288 1497708 4481 1614
0b000f01 0b000801 10227 100 524288 1484490 17762 1614
0b000e01 0b000f01 10235 100 524288 1499777 3054 1614
0b000e01 0b000f01 10236 100 524288 1499777 3054 1614
0b000c01 0b000d01 10235 100 524288 1500197 3031 1614
0b000c01 0b000d01 10236 100 524288 1500203 3031 1614
0b000301 0b000401 10232 100 524288 1500881 4637 1614
0b000301 0b000401 10233 100 524288 1500906 4637 1614
0b000301 0b000401 10234 100 524288 1500906 4637 1614
0b000f01 0b000801 10228 100 524288 1488770 17062 1614
0b000f01 0b000801 10229 100 524288 1488770 17062 1614
0b000f01 0b000801 10230 100 524288 1488770 17062 1614
0b000f01 0b000801 10231 100 524288 1488770 17087 1614
0b000801 0b000901 10223 100 524288 1498252 7703 1614
0b000801 0b000901 10224 100 524288 1498252 7703 1614
0b000801 0b000901 10225 100 524288 1498252 7703 1614
0b000801 0b000901 10226 100 524288 1498252 7703 1614
0b000801 0b000901 10227 100 524288 1498277 7703 1614
0b000e01 0b000f01 10237 100 524288 1504732 1606 1614
0b000401 0b000501 10232 100 524288 1502915 4484 1614
0b000401 0b000501 10233 100 524288 1502915 4509 1614
0b000401 0b000501 10234 100 524288 1502915 4509 1614
0b000501 0b000601 10232 100 524288 1502954 4481 1614
0b000501 0b000601 10233 100 524288 1502960 4481 1614
0b000501 0b000601 10234 100 524288 1502972 4475 1614
0b000d01 0b000e01 10237 100 524288 1506238 1581 1614
0b000101 0b000201 10235 100 524288 1504799 3062 1614
0b000101 0b000201 10236 100 524288 1504799 3062 1614
0b000701 0b000001 10235 100 524288 1505145 3031 1614
0b000701 0b000001 10236 100 524288 1505151 3031 1614
0b000001 0b000101 10235 100 524288 1505161 3031 1614
0b000001 0b000101 10236 100 524288 1505167 3031 1614
0b000201 0b000301 10235 100 524288 1505193 3031 1614
0b000201 0b000301 10236 100 524288 1505199 3031 1614
0b000301 0b000401 10235 100 524288 1505031 3249 1614
0b000301 0b000401 10236 100 524288 1505031 3255 1614
0b000f01 0b000801 10232 100 524288 1497355 12377 1614
0b000f01 0b000801 10233 100 524288 1497355 12377 1614
0b000f01 0b000801 10234 100 524288 1497355 12377 1614
0b000f01 0b000801 10235 100 524288 1501436 9346 1614
0b000f01 0b000801 10236 100 524288 1501436 9371 1614
0b000f01 0b000801 10237 100 524288 1505841 5441 1614
0b000401 0b000501 10235 100 524288 1508553 3137 1614
0b000401 0b000501 10236 100 524288 1508553 3162 1614
0b000201 0b000301 10237 100 524288 1510871 1612 1614
0b000001 0b000101 10237 100 524288 1511192 1581 1614
0b000101 0b000201 10237 100 524288 1511208 1581 1614
0b000301 0b000401 10237 100 524288 1511240 1600 1614
0b000401 0b000501 10237 100 524288 1511296 1763 1614
0b000501 0b000601 10235 100 524288 1510409 3031 1614
0b000501 0b000601 10236 100 524288 1510434 3012 1614
0b000601 0b000701 10235 100 524288 1510445 3031 1614
0b000601 0b000701 10236 100 524288 1510451 3031 1614
0b000801 0b000901 10228 100 524288 1505237 8253 1614
0b000801 0b000901 10229 100 524288 1505237 8278 1614
0b000801 0b000901 10230 100 524288 1505237 8278 1614
0b000801 0b000901 10231 100 524288 1505237 8278 1614
0b000901 0b000a01 10228 100 524288 1508965 5941 1614
0b000901 0b000a01 10229 100 524288 1508965 5941 1614
0b000901 0b000a01 10230 100 524288 1508965 5966 1614
0b000901 0b000a01 10231 100 524288 1508965 5966 1614
0b000501 0b000601 10237 100 524288 1514725 1581 1614
0b000601 0b000701 10237 100 524288 1516450 1581 1614
0b000701 0b000001 10237 100 524288 1516492 1581 1614
0b000801 0b000901 10232 100 524288 1508842 9558 1614
0b000801 0b000901 10233 100 524288 1508842 9558 1614
0b000801 0b000901 10234 100 524288 1508867 9533 1614
0b000801 0b000901 10235 100 524288 1512742 7333 1614
0b000801 0b000901 10236 100 524288 1512742 7333 1614
0b000801 0b000901 10237 100 524288 1513817 6408 1614
0b000901 0b000a01 10232 100 524288 1516500 4491 1614
0b000901 0b000a01 10233 100 524288 1516525 4466 1614
0b000901 0b000a01 10234 100 524288 1516525 4491 1614
0b000a01 0b000b01 10232 100 524288 1517916 4494 1614
0b000a01 0b000b01 10233 100 524288 1517916 4494 1614
0b000a01 0b000b01 10234 100 524288 1517941 4469 1614
0b000901 0b000a01 10235 100 524288 1521410 3666 1614
0b000901 0b000a01 10236 100 524288 1521410 3666 1614
0b000901 0b000a01 10237 100 524288 1523085 2841 1614
0b000a01 0b000b01 10235 100 524288 1524001 3044 1614
0b000a01 0b000b01 10236 100 524288 1524001 3044 1614
0b000b01 0b000c01 10235 100 524288 1525420 3041 1614
0b000b01 0b000c01 10236 100 524288 1525420 3041 1614
0b000a01 0b000b01 10237 100 524288 1528086 1581 1614
0b000b01 0b000c01 10237 100 524288 1530055 1591 1614
0b000c01 0b000d01 10237 100 524288 1531471 1581 1614
0b000f01 0b000001 10030 100 524288 1448242 102873 49068
0b000001 0b000101 10238 100 524288 1554125 1581 1614
0b000101 0b000201 10238 100 524288 1558716 1581 1614
0b000801 0b000101 10030 100 524288 1446576 116694 49068
0b000201 0b000301 10238 100 524288 1563307 1581 1614
0b000101 0b000201 10239 100 524288 1566280 1581 1614
0b000301 0b000401 10238 100 524288 1567898 1581 1614
0b000201 0b000301 10239 100 524288 1570871 1581 1614
0b000401 0b000501 10238 100 524288 1572489 1581 1614
0b000301 0b000401 10239 100 524288 1575462 1581 1614
0b000501 0b000601 10238 100 524288 1577080 1581 1614
0b000401 0b000501 10239 100 524288 1580053 1581 1614
0b000601 0b000701 10238 100 524288 1581671 1581 1614
0b000501 0b000601 10239 100 524288 1584644 1581 1614
0b000601 0b000701 10239 100 524288 1589235 1581 1614
0b000701 0b000001 10238 100 524288 1593826 1581 1614
0b000901 0b000201 10030 100 524288 1447742 153806 49068
0b000201 0b000301 10240 100 524288 1604558 1581 1614
0b000301 0b000401 10240 100 524288 1609149 1581 1614
0b000a01 0b000301 10030 100 524288 1447867 165157 49068
0b000c01 0b000501 10030 100 524288 1447863 167115 49068
0b000401 0b000501 10240 100 524288 1613740 1581 1614
0b000301 0b000401 10241 100 524288 1616034 1581 1614
0b000201 0b000b01 10030 100 524288 1453069 164592 49068
0b000501 0b000601 10240 100 524288 1617988 2706 1614
0b000501 0b000601 10241 100 524288 1618331 2719 1614
0b000401 0b000501 10241 100 524288 1620625 1581 1614
0b000b01 0b000c01 10238 100 524288 1620671 1581 1614
0b000601 0b000f01 10030 100 524288 1451440 171518 49068
0b000601 0b000701 10240 100 524288 1623704 2687 1614
0b000c01 0b000d01 10238 100 524288 1625262 1581 1614
0b000601 0b000701 10241 100 524288 1624060 2687 1614
0b000501 0b000601 10242 100 524288 1625216 1581 1614
0b000f01 0b000801 10238 100 524288 1625968 1581 1614
0b000401 0b000d01 10030 100 524288 1452691 178346 49068
0b000301 0b000c01 10030 100 524288 1453194 177850 49068
0b000d01 0b000e01 10238 100 524288 1629853 1581 1614
0b000601 0b000701 10242 100 524288 1629807 1594 1614
0b000801 0b000901 10238 100 524288 1630559 1581 1614
0b000701 0b000001 10239 100 524288 1629401 2681 1614
0b000701 0b000001 10240 100 524288 1629757 2681 1614
0b000d01 0b000601 10030 100 524288 1448622 185635 49068
0b000c01 0b000d01 10239 100 524288 1634054 1581 1614
0b000d01 0b000e01 10239 100 524288 1634047 1597 1614
0b000e01 0b000f01 10238 100 524288 1634444 1581 1614
0b000701 0b000001 10241 100 524288 1634411 1581 1614
0b000901 0b000a01 10238 100 524288 1635150 1581 1614
0b000001 0b000101 10239 100 524288 1635092 2681 1614
0b000001 0b000101 10240 100 524288 1635448 2681 1614
0b000601 0b000701 10243 100 524288 1637267 1581 1614
0b000d01 0b000e01 10240 100 524288 1638645 1581 1614
0b000e01 0b000f01 10239 100 524288 1638654 1581 1614
0b000501 0b000e01 10030 100 524288 1453214 187274 49068
0b000001 0b000101 10241 100 524288 1639002 1581 1614
0b000f01 0b000801 10239 100 524288 1639035 1581 1614
0b000a01 0b000b01 10238 100 524288 1639741 1581 1614
0b000101 0b000201 10240 100 524288 1640783 1581 1614
0b000701 0b000001 10242 100 524288 1641858 1581 1614
0b000f01 0b000801 10240 100 524288 1643245 1591 1614
0b000101 0b000201 10241 100 524288 1643593 1581 1614
0b000801 0b000901 10239 100 524288 1643626 1581 1614
0b000b01 0b000c01 10239 100 524288 1644332 1581 1614
0b000e01 0b000f01 10240 100 524288 1643236 2781 1614
0b000e01 0b000f01 10241 100 524288 1643498 2775 1614
0b000201 0b000301 10241 100 524288 1645374 1581 1614
0b000001 0b000101 10242 100 524288 1646449 1581 1614
0b000801 0b000901 10240 100 524288 1647846 1606 1614
0b000901 0b000a01 10239 100 524288 1648217 1581 1614
0b000b01 0b000401 10030 100 524288 1451393 198892 49068
0b000c01 0b000d01 10240 100 524288 1648923 1581 1614
0b000301 0b000401 10242 100 524288 1649965 1581 1614
0b000f01 0b000801 10241 100 524288 1649027 2781 1614
0b000f01 0b000801 10242 100 524288 1649283 2781 1614
0b000101 0b000201 10242 100 524288 1651040 1581 1614
0b000901 0b000a01 10240 100 524288 1652462 1581 1614
0b000401 0b000501 10242 100 524288 1653295 1581 1614
0b000d01 0b000e01 10241 100 524288 1653514 1581 1614
0b000201 0b000301 10242 100 524288 1655631 1581 1614
0b000801 0b000901 10241 100 524288 1654818 2781 1614
0b000801 0b000901 10242 100 524288 1655074 2781 1614
0b000a01 0b000b01 10239 100 524288 1657053 1581 1614
0b000501 0b000601 10243 100 524288 1657886 1581 1614
0b000301 0b000401 10243 100 524288 1660222 1581 1614
0b000b01 0b000c01 10240 100 524288 1661644 1581 1614
0b000901 0b000a01 10241 100 524288 1660609 2781 1614
0b000901 0b000a01 10242 100 524288 1660865 2781 1614
0b000601 0b000701 10244 100 524288 1662477 1581 1614
0b000801 0b000101 10031 100 524288 1461569 203829 49068
0b000101 0b000a01 10030 100 524288 1458490 207614 49068
0b000401 0b000501 10243 100 524288 1664813 1581 1614
0b000701 0b000001 10243 100 524288 1667068 1581 1614
0b000a01 0b000b01 10240 100 524288 1666400 2781 1614
0b000701 0b000801 10030 100 524288 1454994 214608 49068
0b000a01 0b000b01 10241 100 524288 1666656 2981 1614
0b000101 0b000201 10243 100 524288 1668408 1581 1614
0b000a01 0b000b01 10242 100 524288 1669114 1779 1614
0b000001 0b000101 10243 100 524288 1671659 1581 1614
0b000801 0b000901 10243 100 524288 1672612 1581 1614
0b000b01 0b000c01 10241 100 524288 1672647 1781 1614
0b000201 0b000301 10243 100 524288 1672999 1581 1614
0b000b01 0b000c01 10242 100 524288 1673903 1781 1614
0b000101 0b000201 10244 100 524288 1676250 1581 1614
0b000901 0b000a01 10243 100 524288 1677203 1581 1614
0b000301 0b000401 10244 100 524288 1677590 1581 1614
0b000c01 0b000d01 10241 100 524288 1677438 1781 1614
0b000c01 0b000d01 10242 100 524288 1678694 1781 1614
0b000201 0b000301 10244 100 524288 1680841 1581 1614
0b000901 0b000201 10031 100 524288 1459902 223186 49068
0b000a01 0b000b01 10243 100 524288 1681794 1581 1614
0b000401 0b000501 10244 100 524288 1682181 1581 1614
0b000d01 0b000e01 10242 100 524288 1683485 1581 1614
0b000201 0b000301 10245 100 524288 1686098 1581 1614
0b000b01 0b000c01 10243 100 524288 1686385 1581 1614
0b000501 0b000601 10244 100 524288 1686772 1581 1614
0b000e01 0b000f01 10242 100 524288 1688076 1581 1614
0b000001 0b000901 10030 100 524288 1458365 232440 49068
0b000301 0b000401 10245 100 524288 1690689 1581 1614
0b000c01 0b000d01 10243 100 524288 1690976 1581 1614
0b000601 0b000701 10245 100 524288 1691363 1581 1614
0b000f01 0b000801 10243 100 524288 1692667 1581 1614
0b000901 0b000a01 10244 100 524288 1693815 1581 1614
0b000401 0b000501 10245 100 524288 1695280 1581 1614
0b000d01 0b000e01 10243 100 524288 1695567 1581 1614
0b000701 0b000001 10244 100 524288 1695954 1581 1614
0b000801 0b000901 10244 100 524288 1697258 1581 1614
0b000a01 0b000b01 10244 100 524288 1698406 1581 1614
0b000501 0b000601 10245 100 524288 1699871 1581 1614
0b000e01 0b000f01 10243 100 524288 1700158 1581 1614
0b000b01 0b000c01 10244 100 524288 1702997 1581 1614
0b000601 0b000701 10246 100 524288 1704462 1581 1614
0b000c01 0b000d01 10244 100 524288 1707588 1581 1614
0b000701 0b000001 10245 100 524288 1709053 1581 1614
0b000a01 0b000301 10031 100 524288 1461052 250443 49068
0b000d01 0b000e01 10244 100 524288 1712179 1581 1614
0b000001 0b000101 10244 100 524288 1713644 1581 1614
0b000301 0b000401 10246 100 524288 1714505 1581 1614
0b000e01 0b000f01 10244 100 524288 1716770 1581 1614
0b000d01 0b000601 10031 100 524288 1461228 258937 49068
0b000401 0b000501 10246 100 524288 1719096 1581 1614
0b000301 0b000c01 10031 100 524288 1466400 255111 49068
0b000b01 0b000401 10031 100 524288 1461178 260634 49068
0b000f01 0b000801 10244 100 524288 1721361 1581 1614
0b000601 0b000701 10247 100 524288 1723175 1587 1614
0b000601 0b000f01 10031 100 524288 1466541 258715 49068
0b000501 0b000601 10246 100 524288 1723687 1585 1614
0b000901 0b000201 10032 100 524288 1473404 252099 49068
0b000c01 0b000d01 10245 100 524288 1724521 1581 1614
0b000401 0b000501 10247 100 524288 1724822 1581 1614
0b000e01 0b000701 10030 100 524288 1459406 268988 49068
0b000701 0b000001 10246 100 524288 1727772 1585 1614
0b000f01 0b000801 10245 100 524288 1728266 1581 1614
0b000601 0b000701 10248 100 524288 1728282 1606 1614
0b000201 0b000301 10246 100 524288 1728513 1581 1614
0b000d01 0b000e01 10245 100 524288 1729112 1581 1614
0b000501 0b000601 10247 100 524288 1729413 1581 1614
0b000401 0b000d01 10031 100 524288 1466509 266098 49068
0b000701 0b000001 10247 100 524288 1731404 1588 1614
0b000001 0b000101 10245 100 524288 1732367 1606 1614
0b000801 0b000901 10245 100 524288 1732857 1581 1614
0b000701 0b000001 10248 100 524288 1732898 1606 1614
0b000501 0b000e01 10031 100 524288 1466029 268562 49068
0b000301 0b000401 10247 100 524288 1733104 1581 1614
0b000e01 0b000f01 10245 100 524288 1733703 1581 1614
0b000c01 0b000501 10031 100 524288 1465162 270318 49068
0b000601 0b000701 10249 100 524288 1734004 1581 1614
0b000d01 0b000e01 10246 100 524288 1735617 1581 1614
0b000001 0b000101 10246 100 524288 1736002 1581 1614
0b000101 0b000201 10245 100 524288 1736983 1606 1614
0b000901 0b000a01 10245 100 524288 1737448 1581 1614
0b000001 0b000101 10247 100 524288 1737514 1606 1614
0b000e01 0b000f01 10246 100 524288 1737601 1593 1614
0b000401 0b000501 10248 100 524288 1737695 1595 1614
0b000f01 0b000801 10246 100 524288 1738294 1581 1614
0b000501 0b000601 10248 100 524288 1738490 1581 1614
0b000701 0b000001 10249 100 524288 1738595 1581 1614
0b000e01 0b000f01 10247 100 524288 1740208 1581 1614
0b000101 0b000201 10246 100 524288 1740593 1581 1614
0b000201 0b000301 10247 100 524288 1741599 1606 1614
0b000a01 0b000b01 10245 100 524288 1742039 1581 1614
0b000f01 0b000801 10247 100 524288 1742204 1581 1614
0b000101 0b000201 10247 100 524288 1742130 1606 1614
0b000501 0b000601 10249 100 524288 1742300 1581 1614
0b000801 0b000901 10246 100 524288 1742885 1581 1614
0b000601 0b000701 10250 100 524288 1743081 1581 1614
0b000001 0b000101 10248 100 524288 1743186 1581 1614
0b000701 0b000801 10031 100 524288 1464774 280194 49068
0b000e01 0b000701 10031 100 524288 1461913 284300 49068
0b000f01 0b000801 10248 100 524288 1744799 1581 1614
0b000201 0b000301 10248 100 524288 1745184 1581 1614
0b000a01 0b000301 10032 100 524288 1471768 275403 49068
0b000301 0b000401 10248 100 524288 1746215 1581 1614
0b000b01 0b000c01 10245 100 524288 1746630 1581 1614
0b000601 0b000701 10251 100 524288 1746891 1581 1614
0b000801 0b000901 10247 100 524288 1746795 1856 1614
0b000901 0b000a01 10246 100 524288 1747476 1600 1614
0b000701 0b000001 10250 100 524288 1747672 1581 1614
0b000101 0b000201 10248 100 524288 1747777 1581 1614
0b000801 0b000901 10248 100 524288 1747978 2179 1614
0b000701 0b000001 10251 100 524288 1749223 1581 1614
0b000801 0b000901 10249 100 524288 1749390 1898 1614
0b000301 0b000401 10249 100 524288 1749775 2631 1614
0b000401 0b000501 10249 100 524288 1750806 1600 1614
0b000201 0b000b01 10031 100 524288 1471793 280926 49068
0b000c01 0b000d01 10246 100 524288 1751221 1581 1614
0b000301 0b000401 10250 100 524288 1750181 2637 1614
0b000701 0b000001 10252 100 524288 1751482 1581 1614
0b000901 0b000a01 10247 100 524288 1751661 1600 1614
0b000a01 0b000b01 10246 100 524288 1752086 1606 1614
0b000001 0b000101 10249 100 524288 1752263 1581 1614
0b000201 0b000301 10249 100 524288 1752368 1581 1614
0b000901 0b000a01 10248 100 524288 1753167 1906 1614
0b000001 0b000101 10250 100 524288 1753814 1581 1614
0b000901 0b000a01 10249 100 524288 1754298 1906 1614
0b000b01 0b000c01 10246 100 524288 1755729 1592 1614
0b000d01 0b000e01 10247 100 524288 1755812 1581 1614
0b000001 0b000101 10251 100 524288 1756073 1581 1614
0b000a01 0b000b01 10247 100 524288 1756271 1581 1614
0b000401 0b000501 10250 100 524288 1755416 2631 1614
0b000101 0b000201 10249 100 524288 1756854 1581 1614
0b000401 0b000501 10251 100 524288 1755828 2625 1614
0b000101 0b000201 10250 100 524288 1758405 1581 1614
0b000601 0b000f01 10032 100 524288 1477895 282309 49068
0b000a01 0b000b01 10248 100 524288 1758083 1906 1614
0b000a01 0b000b01 10249 100 524288 1759214 1923 1614
0b000c01 0b000d01 10247 100 524288 1760331 1606 1614
0b000b01 0b000c01 10247 100 524288 1760862 1581 1614
0b000b01 0b000401 10032 100 524288 1472920 289851 49068
0b000201 0b000301 10250 100 524288 1761445 1581 1614
0b000501 0b000601 10250 100 524288 1761057 2631 1614
0b000501 0b000601 10251 100 524288 1761463 2631 1614
0b000201 0b000301 10251 100 524288 1762996 1581 1614
0b000f01 0b000801 10249 100 524288 1763214 1581 1614
0b000b01 0b000c01 10248 100 524288 1762999 1906 1614
0b000b01 0b000c01 10249 100 524288 1764147 1906 1614
0b000c01 0b000501 10032 100 524288 1473447 292613 49068
0b000d01 0b000e01 10248 100 524288 1764947 1606 1614
0b000c01 0b000d01 10248 100 524288 1765453 1581 1614
0b000401 0b000501 10252 100 524288 1765781 1605 1614
0b000301 0b000401 10251 100 524288 1766036 1581 1614
0b000601 0b000701 10252 100 524288 1767104 1581 1614
0b000301 0b000401 10252 100 524288 1767587 1581 1614
0b000801 0b000901 10250 100 524288 1767805 1581 1614
0b000c01 0b000d01 10249 100 524288 1767915 1581 1614
0b000a01 0b000301 10033 100 524288 1483789 286137 49068
0b000501 0b000601 10252 100 524288 1769070 1706 1614
0b000e01 0b000f01 10248 100 524288 1769563 1581 1614
0b000501 0b000601 10253 100 524288 1770396 1711 1614
0b000101 0b000a01 10031 100 524288 1471696 300696 49068
0b000701 0b000001 10253 100 524288 1771695 1581 1614
0b000401 0b000501 10253 100 524288 1772178 1583 1614
0b000901 0b000a01 10250 100 524288 1772396 1581 1614
0b000d01 0b000e01 10249 100 524288 1772506 1581 1614
0b000401 0b000d01 10032 100 524288 1478266 295790 49068
0b000f01 0b000001 10031 100 524288 1480590 293862 49068
0b000301 0b000401 10253 100 524288 1772936 1581 1614
0b000001 0b000901 10031 100 524288 1468750 305966 49068
0b000601 0b000701 10253 100 524288 1773786 1706 1614
0b000f01 0b000801 10250 100 524288 1774154 1581 1614
0b000601 0b000701 10254 100 524288 1775117 1706 1614
0b000a01 0b000b01 10250 100 524288 1775402 1581 1614
0b000d01 0b000601 10032 100 524288 1477380 299947 49068
0b000001 0b000101 10252 100 524288 1776286 1856 1614
0b000501 0b000601 10254 100 524288 1776771 1606 1614
0b000501 0b000e01 10032 100 524288 1478350 300112 49068
0b000a01 0b000b01 10251 100 524288 1776987 1589 1614
0b000d01 0b000e01 10250 100 524288 1777066 1581 1614
0b000e01 0b000f01 10249 100 524288 1777097 1581 1614
0b000901 0b000a01 10251 100 524288 1777726 1594 1614
0b000401 0b000501 10254 100 524288 1777527 1581 1614
0b000001 0b000101 10253 100 524288 1777462 1865 1614
0b000601 0b000f01 10033 100 524288 1488741 291310 49068
0b000701 0b000001 10254 100 524288 1778502 1706 1614
0b000801 0b000901 10251 100 524288 1778745 1581 1614
0b000701 0b000001 10255 100 524288 1779833 1729 1614
0b000b01 0b000c01 10250 100 524288 1779993 1581 1614
0b000601 0b000701 10255 100 524288 1780337 1581 1614
0b000801 0b000101 10032 100 524288 1498277 284329 49068
0b000101 0b000201 10251 100 524288 1781152 1856 1614
0b000b01 0b000401 10033 100 524288 1482184 300975 49068
0b000b01 0b000c01 10251 100 524288 1781586 1594 1614
0b000501 0b000601 10255 100 524288 1782118 1581 1614
0b000a01 0b000b01 10252 100 524288 1782330 1606 1614
0b000f01 0b000001 10032 100 524288 1484490 299621 49068
0b000101 0b000201 10252 100 524288 1782337 1856 1614
0b000e01 0b000f01 10250 100 524288 1781472 2864 1614
0b000e01 0b000f01 10251 100 524288 1781657 2854 1614
0b000f01 0b000801 10251 100 524288 1783061 1581 1614
0b000001 0b000101 10254 100 524288 1783218 1681 1614
0b000901 0b000a01 10252 100 524288 1783336 1581 1614
0b000e01 0b000701 10032 100 524288 1473072 312640 49068
0b000c01 0b000501 10033 100 524288 1483308 302813 49068
0b000c01 0b000d01 10250 100 524288 1784584 1581 1614
0b000001 0b000101 10255 100 524288 1784572 1706 1614
0b000701 0b000001 10256 100 524288 1784928 1581 1614
0b000301 0b000c01 10032 100 524288 1483634 303043 49068
0b000101 0b000201 10253 100 524288 1785616 1605 1614
0b000401 0b000501 10255 100 524288 1786169 1581 1614
0b000c01 0b000d01 10251 100 524288 1786190 1606 1614
0b000601 0b000701 10256 100 524288 1786709 1581 1614
0b000b01 0b000c01 10252 100 524288 1786946 1581 1614
0b000001 0b000101 10256 100 524288 1787121 1588 1614
0b000201 0b000301 10252 100 524288 1787203 1606 1614
0b000801 0b000901 10252 100 524288 1787652 1594 1614
0b000101 0b000201 10254 100 524288 1787909 1656 1614
0b000f01 0b000801 10252 100 524288 1787346 2881 1614
0b000701 0b000001 10257 100 524288 1788722 1597 1614
0b000f01 0b000801 10253 100 524288 1787521 2862 1614
0b000501 0b000601 10256 100 524288 1789131 1581 1614
0b000d01 0b000e01 10251 100 524288 1789175 1587 1614
0b000101 0b000201 10255 100 524288 1789288 1681 1614
0b000701 0b000801 10032 100 524288 1478346 312681 49068
0b000001 0b000101 10257 100 524288 1789519 1581 1614
0b000c01 0b000d01 10252 100 524288 1789687 1594 1614
0b000201 0b000301 10253 100 524288 1790231 1588 1614
0b000601 0b000f01 10034 100 524288 1497648 294242 49068
0b000501 0b000601 10257 100 524288 1790760 1581 1614
0b000d01 0b000e01 10252 100 524288 1790806 1606 1614
0b000701 0b000001 10258 100 524288 1791300 1581 1614
0b000c01 0b000d01 10253 100 524288 1791537 1581 1614
0b000101 0b000201 10256 100 524288 1791719 1581 1614
0b000301 0b000401 10254 100 524288 1791819 1606 1614
0b000901 0b000a01 10253 100 524288 1792256 1606 1614
0b000201 0b000301 10254 100 524288 1792575 1635 1614
0b000f01 0b000001 10033 100 524288 1488745 305749 49068
0b000d01 0b000601 10033 100 524288 1484290 310509 49068
0b000001 0b000101 10258 100 524288 1793329 1581 1614
0b000601 0b000701 10257 100 524288 1793722 1581 1614
0b000e01 0b000f01 10252 100 524288 1793772 1619 1614
0b000901 0b000201 10033 100 524288 1508990 286592 49068
0b000201 0b000301 10255 100 524288 1793979 1662 1614
0b000101 0b000201 10257 100 524288 1794110 1581 1614
0b000d01 0b000e01 10253 100 524288 1794291 1581 1614
0b000801 0b000101 10033 100 524288 1505262 290639 49068
0b000f01 0b000801 10254 100 524288 1794900 1587 1614
0b000301 0b000401 10255 100 524288 1794829 1606 1614
0b000b01 0b000401 10034 100 524288 1492724 304267 49068
0b000601 0b000701 10258 100 524288 1795351 1581 1614
0b000801 0b000901 10253 100 524288 1793237 3881 1614
0b000001 0b000101 10259 100 524288 1795891 1581 1614
0b000801 0b000901 10254 100 524288 1793393 4031 1614
0b000201 0b000301 10256 100 524288 1796310 1585 1614
0b000d01 0b000e01 10254 100 524288 1796128 1581 1614
0b000801 0b000901 10255 100 524288 1794037 3693 1614
0b000401 0b000501 10256 100 524288 1796435 1585 1614
0b000a01 0b000b01 10253 100 524288 1796872 1581 1614
0b000301 0b000401 10256 100 524288 1797220 1597 1614
0b000001 0b000101 10260 100 524288 1797504 1609 1614
0b000601 0b000701 10259 100 524288 1797809 1604 1614
0b000801 0b000101 10034 100 524288 1508842 290703 49068
0b000f01 0b000801 10255 100 524288 1798401 1606 1614
0b000701 0b000001 10259 100 524288 1798313 1581 1614
0b000101 0b000201 10258 100 524288 1797920 2072 1614
0b000c01 0b000501 10034 100 524288 1491150 308986 49068
0b000e01 0b000f01 10253 100 524288 1798882 1581 1614
0b000801 0b000901 10256 100 524288 1799497 1581 1614
0b000201 0b000b01 10032 100 524288 1483571 317387 49068
0b000101 0b000201 10259 100 524288 1798911 2406 1614
0b000701 0b000001 10260 100 524288 1799942 1581 1614
0b000201 0b000301 10257 100 524288 1798592 2940 1614
0b000201 0b000301 10258 100 524288 1798701 2931 1614
0b000401 0b000501 10257 100 524288 1799445 2510 1614
0b000e01 0b000f01 10254 100 524288 1800719 1581 1614
0b000301 0b000401 10257 100 524288 1800905 1581 1614
0b000401 0b000501 10258 100 524288 1800001 2504 1614
0b000101 0b000201 10260 100 524288 1800482 2106 1614
0b000501 0b000601 10258 100 524288 1801030 1581 1614
0b000601 0b000f01 10035 100 524288 1510457 292357 49068
0b000b01 0b000c01 10253 100 524288 1801463 1581 1614
0b000801 0b000101 10035 100 524288 1512742 290443 49068
0b000901 0b000a01 10254 100 524288 1800128 3739 1614
0b000801 0b000101 10036 100 524288 1513792 290125 49068
0b000801 0b000101 10037 100 524288 1514292 289629 49068
0b000701 0b000001 10261 100 524288 1802423 1581 1614
0b000001 0b000901 10032 100 524288 1477040 327174 49068
0b000501 0b000e01 10033 100 524288 1488682 315638 49068
0b000001 0b000101 10261 100 524288 1802904 1584 1614
0b000901 0b000a01 10255 100 524288 1800434 4156 1614
0b000801 0b000901 10257 100 524288 1803017 1606 1614
0b000501 0b000601 10259 100 524288 1803146 1581 1614
0b000201 0b000301 10259 100 524288 1803002 1761 1614
0b000101 0b000201 10261 100 524288 1802123 2985 1614
0b000901 0b000a01 10256 100 524288 1800740 4156 1614
0b000f01 0b000801 10256 100 524288 1803473 1581 1614
0b000b01 0b000c01 10254 100 524288 1803968 1581 1614
0b000d01 0b000601 10034 100 524288 1492270 313457 49068
0b000101 0b000201 10262 100 524288 1802555 2803 1614
0b000601 0b000f01 10036 100 524288 1516456 289461 49068
0b000901 0b000a01 10257 100 524288 1804088 1989 1614
0b000201 0b000301 10260 100 524288 1804327 1715 1614
0b000001 0b000101 10262 100 524288 1804533 1581 1614
0b000901 0b000201 10034 100 524288 1516525 290168 49068
0b000401 0b000501 10259 100 524288 1805496 1596 1614
0b000601 0b000701 10260 100 524288 1805621 1594 1614
0b000501 0b000601 10260 100 524288 1804965 2506 1614
0b000301 0b000401 10258 100 524288 1804542 2956 1614
0b000c01 0b000d01 10254 100 524288 1806054 1581 1614
0b000301 0b000401 10259 100 524288 1804642 2937 1614
0b000301 0b000c01 10033 100 524288 1493946 313847 49068
0b000f01 0b000801 10257 100 524288 1805310 2545 1614
0b000f01 0b000001 10034 100 524288 1497380 310783 49068
0b000501 0b000601 10261 100 524288 1805515 2497 1614
0b000601 0b000f01 10037 100 524288 1519316 288976 49068
0b000c01 0b000501 10035 100 524288 1500209 308122 49068
0b000f01 0b000801 10258 100 524288 1805824 2556 1614
0b000001 0b000101 10263 100 524288 1807014 1581 1614
0b000901 0b000a01 10258 100 524288 1807224 1615 1614
0b000e01 0b000f01 10255 100 524288 1807330 1581 1614
0b000301 0b000401 10260 100 524288 1807773 1770 1614
0b000d01 0b000601 10035 100 524288 1498666 310892 49068
0b000801 0b000901 10258 100 524288 1808064 1588 1614
0b000701 0b000801 10033 100 524288 1488286 321480 49068
0b000601 0b000701 10261 100 524288 1807737 2056 1614
0b000101 0b000201 10263 100 524288 1806195 3748 1614
0b000a01 0b000b01 10254 100 524288 1806877 3131 1614
0b000401 0b000d01 10033 100 524288 1494025 316089 49068
0b000c01 0b000d01 10255 100 524288 1808559 1581 1614
0b000901 0b000201 10035 100 524288 1521410 288923 49068
0b000f01 0b000801 10259 100 524288 1808927 1581 1614
0b000301 0b000401 10261 100 524288 1809052 1791 1614
0b000901 0b000201 10036 100 524288 1523085 287980 49068
0b000901 0b000201 10037 100 524288 1523235 287834 49068
0b000601 0b000701 10262 100 524288 1808737 2215 1614
0b000201 0b000301 10261 100 524288 1808118 3358 1614
0b000f01 0b000001 10035 100 524288 1501411 310396 49068
0b000501 0b000601 10262 100 524288 1810102 1831 1614
0b000201 0b000301 10262 100 524288 1808368 3583 1614
0b000a01 0b000b01 10255 100 524288 1807600 4564 1614
0b000d01 0b000e01 10255 100 524288 1810645 1583 1614
0b000c01 0b000d01 10256 100 524288 1810803 1581 1614
0b000a01 0b000b01 10256 100 524288 1807906 4714 1614
0b000201 0b000301 10263 100 524288 1809703 2923 1614
0b000101 0b000a01 10032 100 524288 1480981 331671 49068
0b000001 0b000101 10264 100 524288 1811173 1603 1614
0b000101 0b000201 10264 100 524288 1806927 6201 1614
0b000101 0b000201 10265 100 524288 1806937 6191 1614
0b000501 0b000601 10263 100 524288 1811341 1817 1614
0b000801 0b000901 10259 100 524288 1811390 1687 1614
0b000a01 0b000b01 10257 100 524288 1809087 4375 1614
0b000101 0b000201 10266 100 524288 1807498 6155 1614
0b000601 0b000701 10263 100 524288 1810481 3197 1614
0b000f01 0b000801 10260 100 524288 1811302 2444 1614
0b000401 0b000501 10260 100 524288 1810508 3356 1614
0b000401 0b000501 10261 100 524288 1810589 3456 1614
0b000901 0b000a01 10259 100 524288 1812662 1584 1614
0b000601 0b000701 10264 100 524288 1811022 3356 1614
0b000a01 0b000b01 10258 100 524288 1811849 2444 1614
0b000f01 0b000801 10261 100 524288 1811921 2425 1614
0b000101 0b000201 10267 100 524288 1809124 5329 1614
0b000b01 0b000c01 10255 100 524288 1813018 1581 1614
0b000701 0b000001 10262 100 524288 1812803 1883 1614
0b000101 0b000201 10268 100 524288 1811605 3487 1614
0b000801 0b000901 10260 100 524288 1812776 2451 1614
0b000601 0b000701 10265 100 524288 1812568 2666 1614
0b000f01 0b000001 10036 100 524288 1505841 309606 49068
0b000801 0b000901 10261 100 524288 1813518 2365 1614
0b000701 0b000001 10263 100 524288 1813962 1905 1614
0b000401 0b000501 10262 100 524288 1812553 3458 1614
0b000d01 0b000601 10036 100 524288 1506244 309866 49068
0b000f01 0b000001 10037 100 524288 1509348 306831 49068
0b000d01 0b000e01 10256 100 524288 1813124 3331 1614
0b000001 0b000101 10265 100 524288 1814817 1594 1614
0b000401 0b000501 10263 100 524288 1813853 2608 1614
0b000d01 0b000e01 10257 100 524288 1813150 3361 1614
0b000601 0b000701 10266 100 524288 1814943 1970 1614
0b000a01 0b000b01 10259 100 524288 1815662 1600 1614
0b000a01 0b000301 10034 100 524288 1517941 299500 49068
0b000101 0b000201 10269 100 524288 1815786 1592 1614
0b000d01 0b000e01 10258 100 524288 1815394 2223 1614
0b000201 0b000301 10264 100 524288 1812953 4633 1614
0b000901 0b000a01 10260 100 524288 1816087 1619 1614
0b000301 0b000401 10262 100 524288 1814486 3273 1614
0b000601 0b000701 10267 100 524288 1816168 1906 1614
0b000501 0b000601 10264 100 524288 1816874 1581 1614
0b000301 0b000401 10263 100 524288 1814961 3698 1614
0b000b01 0b000c01 10256 100 524288 1815174 3532 1614
0b000a01 0b000b01 10260 100 524288 1817256 1606 1614
0b000301 0b000401 10264 100 524288 1815636 3348 1614
0b000c01 0b000d01 10257 100 524288 1817609 1596 1614
0b000801 0b000901 10262 100 524288 1816756 2456 1614
0b000701 0b000001 10264 100 524288 1816688 2732 1614
0b000801 0b000901 10263 100 524288 1817356 2456 1614
0b000201 0b000b01 10033 100 524288 1491681 328233 49068
0b000b01 0b000c01 10257 100 524288 1815630 4406 1614
0b000901 0b000a01 10261 100 524288 1818237 2381 1614
0b000201 0b000301 10265 100 524288 1813343 7203 1614
0b000601 0b000701 10268 100 524288 1819120 1626 1614
0b000701 0b000001 10265 100 524288 1817388 3383 1614
0b000001 0b000101 10266 100 524288 1817696 3204 1614
0b000101 0b000201 10270 100 524288 1819421 1606 1614
0b000b01 0b000c01 10258 100 524288 1816472 4619 1614
0b000901 0b000a01 10262 100 524288 1818893 2398 1614
0b000701 0b000001 10266 100 524288 1818244 2958 1614
0b000b01 0b000c01 10259 100 524288 1817303 4338 1614
0b000a01 0b000301 10035 100 524288 1524026 297783 49068
0b000501 0b000601 10265 100 524288 1819021 2623 1614
0b000501 0b000e01 10034 100 524288 1502966 319017 49068
0b000501 0b000601 10266 100 524288 1819471 2598 1614
0b000701 0b000801 10034 100 524288 1497658 324488 49068
0b000a01 0b000b01 10261 100 524288 1820716 1606 1614
0b000b01 0b000c01 10260 100 524288 1820272 2307 1614
0b000701 0b000001 10267 100 524288 1821084 1606 1614
0b000601 0b000701 10269 100 524288 1821465 1581 1614
0b000301 0b000c01 10034 100 524288 1500881 322228 49068
0b000001 0b000101 10267 100 524288 1818457 4676 1614
0b000e01 0b000f01 10256 100 524288 1819465 3831 1614
0b000e01 0b000f01 10257 100 524288 1819521 3881 1614
0b000201 0b000301 10266 100 524288 1814075 9257 1614
0b000201 0b000301 10267 100 524288 1814085 9247 1614
0b000401 0b000501 10264 100 524288 1820769 2588 1614
0b000301 0b000401 10265 100 524288 1820451 2926 1614
0b000301 0b000401 10266 100 524288 1820596 2906 1614
0b000001 0b000101 10268 100 524288 1818877 4662 1614
0b000001 0b000101 10269 100 524288 1819189 4456 1614
0b000e01 0b000f01 10258 100 524288 1820627 3331 1614
0b000b01 0b000c01 10261 100 524288 1822924 1604 1614
0b000901 0b000a01 10263 100 524288 1822222 2456 1614
0b000a01 0b000301 10036 100 524288 1528086 296639 49068
0b000401 0b000501 10265 100 524288 1821669 3462 1614
0b000c01 0b000d01 10258 100 524288 1823046 2106 1614
0b000901 0b000a01 10264 100 524288 1822822 2459 1614
0b000401 0b000501 10266 100 524288 1821994 3293 1614
0b000301 0b000401 10267 100 524288 1823556 1796 1614
0b000701 0b000001 10268 100 524288 1823756 1623 1614
0b000101 0b000201 10271 100 524288 1823910 1596 1614
0b000a01 0b000b01 10262 100 524288 1823628 2404 1614
0b000e01 0b000701 10033 100 524288 1488093 338033 49068
0b000a01 0b000301 10037 100 524288 1528936 297245 49068
0b000401 0b000d01 10034 100 524288 1502915 323402 49068
0b000e01 0b000f01 10259 100 524288 1824993 1588 1614
0b000a01 0b000b01 10263 100 524288 1824301 2381 1614
0b000801 0b000901 10264 100 524288 1825156 1600 1614
0b000601 0b000701 10270 100 524288 1825079 1613 1614
0b000001 0b000101 10270 100 524288 1823781 2925 1614
0b000b01 0b000c01 10262 100 524288 1825332 1595 1614
0b000301 0b000401 10268 100 524288 1824819 2045 1614
0b000201 0b000301 10268 100 524288 1816138 10780 1614
0b000201 0b000301 10269 100 524288 1816148 10770 1614
0b000201 0b000301 10270 100 524288 1816663 10655 1614
0b000301 0b000c01 10035 100 524288 1505031 322446 49068
0b000001 0b000101 10271 100 524288 1824212 3344 1614
0b000701 0b000001 10269 100 524288 1826056 1587 1614
0b000201 0b000301 10271 100 524288 1817463 10355 1614
0b000501 0b000601 10267 100 524288 1826367 1595 1614
0b000201 0b000301 10272 100 524288 1818102 9941 1614
0b000001 0b000101 10272 100 524288 1825700 2593 1614
0b000201 0b000301 10273 100 524288 1820388 8255 1614
0b000101 0b000a01 10033 100 524288 1487912 340760 49068
0b000c01 0b000501 10036 100 524288 1531471 297256 49068
0b000c01 0b000d01 10259 100 524288 1824101 4786 1614
0b000201 0b000301 10274 100 524288 1824037 5556 1614
0b000401 0b000501 10267 100 524288 1826387 3381 1614
0b000101 0b000201 10272 100 524288 1826143 3671 1614
0b000c01 0b000d01 10260 100 524288 1824651 5366 1614
0b000401 0b000501 10268 100 524288 1826512 3456 1614
0b000d01 0b000e01 10259 100 524288 1828162 1902 1614
0b000001 0b000101 10273 100 524288 1828389 1597 1614
0b000a01 0b000b01 10264 100 524288 1827688 2478 1614
0b000b01 0b000401 10035 100 524288 1525420 304900 49068
0b000d01 0b000601 10037 100 524288 1536062 294258 49068
0b000501 0b000e01 10035 100 524288 1510434 319939 49068
0b000f01 0b000801 10262 100 524288 1826306 4206 1614
0b000201 0b000301 10275 100 524288 1828516 2058 1614
0b000a01 0b000b01 10265 100 524288 1828291 2475 1614
0b000f01 0b000801 10263 100 524288 1826412 4406 1614
0b000401 0b000d01 10035 100 524288 1508528 322348 49068
0b000501 0b000601 10268 100 524288 1828141 2908 1614
0b000d01 0b000e01 10260 100 524288 1829327 1887 1614
0b000101 0b000201 10273 100 524288 1826549 4529 1614
0b000301 0b000401 10269 100 524288 1826342 4782 1614
0b000301 0b000401 10270 100 524288 1826352 4797 1614
0b000001 0b000901 10033 100 524288 1488743 342431 49068
0b000501 0b000601 10269 100 524288 1828297 2902 1614
0b000101 0b000201 10274 100 524288 1826655 4573 1614
0b000901 0b000a01 10265 100 524288 1829766 1581 1614
0b000f01 0b000801 10264 100 524288 1826968 4406 1614
0b000b01 0b000c01 10263 100 524288 1829042 2422 1614
0b000201 0b000b01 10034 100 524288 1497234 334332 49068
0b000c01 0b000d01 10261 100 524288 1825589 6259 1614
0b000701 0b000001 10270 100 524288 1829136 2511 1614
0b000701 0b000801 10035 100 524288 1505139 326662 49068
0b000401 0b000501 10269 100 524288 1828362 3443 1614
0b000b01 0b000c01 10264 100 524288 1829692 2415 1614
0b000f01 0b000801 10265 100 524288 1829591 2664 1614
0b000701 0b000001 10271 100 524288 1829702 2495 1614
0b000001 0b000101 10274 100 524288 1830653 1583 1614
0b000c01 0b000501 10037 100 524288 1534656 297898 49068
0b000c01 0b000d01 10262 100 524288 1826119 6453 1614
0b000401 0b000501 10270 100 524288 1829874 2481 1614
0b000601 0b000701 10271 100 524288 1830972 1590 1614
0b000301 0b000c01 10036 100 524288 1511234 321339 49068
0b000a01 0b000b01 10266 100 524288 1831682 1594 1614
0b000c01 0b000d01 10263 100 524288 1827538 6088 1614
0b000d01 0b000e01 10261 100 524288 1831897 1935 1614
0b000b01 0b000401 10036 100 524288 1530055 303909 49068
0b000501 0b000601 10270 100 524288 1831737 2368 1614
0b000101 0b000201 10275 100 524288 1829716 4858 1614
0b000501 0b000e01 10036 100 524288 1514700 320037 49068
0b000201 0b000301 10276 100 524288 1832824 1918 1614
0b000c01 0b000d01 10264 100 524288 1829937 4814 1614
0b000401 0b000d01 10036 100 524288 1511290 323604 49068
0b000c01 0b000d01 10265 100 524288 1830487 4564 1614
0b000101 0b000201 10276 100 524288 1830566 4841 1614
0b000301 0b000c01 10037 100 524288 1515493 319992 49068
0b000901 0b000a01 10266 100 524288 1834184 1613 1614
0b000101 0b000201 10277 100 524288 1831303 4604 1614
0b000a01 0b000b01 10267 100 524288 1834357 1594 1614
0b000b01 0b000c01 10265 100 524288 1833176 2943 1614
0b000301 0b000401 10271 100 524288 1827735 8395 1614
0b000501 0b000e01 10037 100 524288 1516069 320128 49068
0b000401 0b000501 10271 100 524288 1833330 2906 1614
0b000001 0b000101 10275 100 524288 1834657 1597 1614
0b000601 0b000701 10272 100 524288 1833330 2963 1614
0b000101 0b000201 10278 100 524288 1832996 3484 1614
0b000d01 0b000e01 10262 100 524288 1833027 3517 1614
0b000e01 0b000f01 10260 100 524288 1833074 3485 1614
0b000b01 0b000401 10037 100 524288 1532677 304203 49068
0b000e01 0b000f01 10261 100 524288 1833383 3801 1614
0b000201 0b000301 10277 100 524288 1834088 3148 1614
0b000201 0b000301 10278 100 524288 1834238 3098 1614
0b000e01 0b000f01 10262 100 524288 1834224 3360 1614
0b000e01 0b000701 10034 100 524288 1493603 344012 49068
0b000b01 0b000c01 10266 100 524288 1833776 3918 1614
0b000501 0b000601 10271 100 524288 1832778 4783 1614
0b000401 0b000d01 10037 100 524288 1515850 321960 49068
0b000501 0b000601 10272 100 524288 1832978 4983 1614
0b000601 0b000701 10273 100 524288 1834059 3946 1614
0b000c01 0b000d01 10266 100 524288 1834474 3689 1614
0b000601 0b000701 10274 100 524288 1834209 3946 1614
0b000401 0b000501 10272 100 524288 1834134 4077 1614
0b000401 0b000501 10273 100 524288 1834159 4052 1614
0b000b01 0b000c01 10267 100 524288 1834576 3924 1614
0b000801 0b000901 10265 100 524288 1833522 4981 1614
0b000d01 0b000e01 10263 100 524288 1833886 5114 1614
0b000c01 0b000d01 10267 100 524288 1835117 4033 1614
0b000b01 0b000c01 10268 100 524288 1836286 2896 1614
0b000e01 0b000f01 10263 100 524288 1837747 1593 1614
0b000601 0b000701 10275 100 524288 1837115 2165 1614
0b000401 0b000501 10274 100 524288 1836974 2337 1614
0b000801 0b000901 10266 100 524288 1833828 5881 1614
0b000c01 0b000d01 10268 100 524288 1835583 4192 1614
0b000301 0b000401 10272 100 524288 1829191 10993 1614
0b000a01 0b000b01 10268 100 524288 1838807 1593 1614
0b000201 0b000301 10279 100 524288 1837584 2805 1614
0b000801 0b000901 10267 100 524288 1834384 6160 1614
0b000501 0b000601 10273 100 524288 1834815 5664 1614
0b000b01 0b000c01 10269 100 524288 1838961 1626 1614
0b000801 0b000901 10268 100 524288 1834811 6008 1614
0b000101 0b000201 10279 100 524288 1839264 1601 1614
0b000801 0b000901 10269 100 524288 1835265 5679 1614
0b000701 0b000801 10036 100 524288 1516486 324429 49068
0b000501 0b000601 10275 100 524288 1835365 5639 1614
0b000701 0b000001 10272 100 524288 1839303 1743 1614
0b000501 0b000601 10274 100 524288 1835564 5565 1614
0b000401 0b000501 10275 100 524288 1839140 2352 1614
0b000301 0b000401 10273 100 524288 1829928 11962 1614
0b000301 0b000401 10274 100 524288 1829938 11952 1614
0b000e01 0b000f01 10264 100 524288 1839207 2733 1614
0b000401 0b000501 10276 100 524288 1839890 2314 1614
0b000d01 0b000e01 10264 100 524288 1834858 7279 1614
0b000e01 0b000f01 10265 100 524288 1839554 2817 1614
0b000201 0b000b01 10035 100 524288 1505187 337299 49068
0b000301 0b000401 10275 100 524288 1830328 12162 1614
0b000c01 0b000d01 10269 100 524288 1838495 4276 1614
0b000201 0b000301 10280 100 524288 1838417 4443 1614
0b000f01 0b000801 10266 100 524288 1840194 2875 1614
0b000301 0b000401 10276 100 524288 1831053 12143 1614
0b000601 0b000701 10276 100 524288 1840571 2677 1614
0b000901 0b000a01 10267 100 524288 1841513 1831 1614
0b000201 0b000301 10281 100 524288 1838917 4449 1614
0b000e01 0b000701 10035 100 524288 1499777 343666 49068
0b000201 0b000301 10282 100 524288 1839490 4051 1614
0b000c01 0b000d01 10270 100 524288 1839129 4581 1614
0b000e01 0b000f01 10266 100 524288 1842010 1711 1614
0b000f01 0b000801 10267 100 524288 1840594 3212 1614
0b000601 0b000701 10277 100 524288 1840971 2652 1614
0b000301 0b000401 10277 100 524288 1831653 12166 1614
0b000501 0b000601 10276 100 524288 1839246 4648 1614
0b000d01 0b000e01 10265 100 524288 1835582 8667 1614
0b000301 0b000401 10278 100 524288 1832603 11847 1614
0b000f01 0b000801 10268 100 524288 1842350 2350 1614
0b000401 0b000501 10277 100 524288 1843194 1609 1614
0b000301 0b000401 10279 100 524288 1833584 11366 1614
0b000b01 0b000c01 10270 100 524288 1843410 1589 1614
0b000101 0b000a01 10034 100 524288 1497690 347726 49068
0b000701 0b000001 10273 100 524288 1840625 4814 1614
0b000201 0b000301 10283 100 524288 1843875 1584 1614
0b000701 0b000801 10037 100 524288 1521041 324433 49068
0b000801 0b000901 10270 100 524288 1843925 1600 1614
0b000001 0b000101 10276 100 524288 1844056 1584 1614
0b000701 0b000001 10274 100 524288 1841015 5174 1614
0b000701 0b000001 10275 100 524288 1841165 5174 1614
0b000c01 0b000d01 10271 100 524288 1840704 5792 1614
0b000301 0b000401 10280 100 524288 1837752 8748 1614
0b000d01 0b000e01 10266 100 524288 1836636 9894 1614
0b000e01 0b000f01 10267 100 524288 1845147 1611 1614
0b000901 0b000a01 10268 100 524288 1842719 4185 1614
0b000201 0b000b01 10036 100 524288 1510871 335987 49068
0b000501 0b000601 10277 100 524288 1841221 5679 1614
0b000501 0b000601 10278 100 524288 1841231 5669 1614
0b000601 0b000701 10278 100 524288 1843489 3452 1614
0b000b01 0b000c01 10271 100 524288 1845496 1608 1614
0b000c01 0b000d01 10272 100 524288 1841510 5748 1614
0b000001 0b000901 10034 100 524288 1497277 349913 49068
0b000701 0b000001 10276 100 524288 1842290 5155 1614
0b000c01 0b000d01 10273 100 524288 1842192 5416 1614
0b000e01 0b000701 10036 100 524288 1504757 343058 49068
0b000301 0b000401 10281 100 524288 1840246 7729 1614
0b000301 0b000401 10282 100 524288 1840346 7654 1614
0b000501 0b000601 10279 100 524288 1842321 5679 1614
0b000c01 0b000d01 10274 100 524288 1843597 4336 1614
0b000f01 0b000801 10269 100 524288 1844950 2984 1614
0b000a01 0b000b01 10269 100 524288 1846354 1596 1614
0b000601 0b000701 10279 100 524288 1844014 4383 1614
0b000901 0b000a01 10269 100 524288 1843554 5081 1614
0b000801 0b000901 10271 100 524288 1846079 2633 1614
0b000601 0b000701 10280 100 524288 1844139 4358 1614
0b000f01 0b000801 10270 100 524288 1845381 3409 1614
0b000e01 0b000f01 10268 100 524288 1847259 1624 1614
0b000d01 0b000e01 10267 100 524288 1837761 11223 1614
0b000901 0b000a01 10270 100 524288 1843829 5156 1614
0b000901 0b000a01 10271 100 524288 1843954 5131 1614
0b000d01 0b000e01 10268 100 524288 1837904 11280 1614
0b000d01 0b000e01 10269 100 524288 1838061 11298 1614
0b000f01 0b000801 10271 100 524288 1846731 2729 1614
0b000601 0b000701 10281 100 524288 1846904 2568 1614
0b000c01 0b000d01 10275 100 524288 1848009 1592 1614
0b000501 0b000601 10280 100 524288 1844502 5285 1614
0b000401 0b000501 10278 100 524288 1844900 4977 1614
0b000401 0b000501 10279 100 524288 1844910 4967 1614
0b000a01 0b000b01 10270 100 524288 1848426 1617 1614
0b000501 0b000601 10281 100 524288 1845214 4923 1614
0b000101 0b000201 10280 100 524288 1848650 1599 1614
0b000901 0b000a01 10272 100 524288 1848535 1900 1614
0b000001 0b000101 10277 100 524288 1848449 2184 1614
0b000501 0b000601 10282 100 524288 1847813 2999 1614
0b000801 0b000901 10272 100 524288 1846816 4077 1614
0b000701 0b000001 10277 100 524288 1846258 4877 1614
0b000201 0b000b01 10037 100 524288 1515799 335427 49068
0b000e01 0b000f01 10269 100 524288 1849540 1611 1614
0b000f01 0b000801 10272 100 524288 1849768 1598 1614
0b000701 0b000001 10278 100 524288 1846453 5082 1614
0b000c01 0b000d01 10276 100 524288 1850114 1604 1614
0b000701 0b000001 10279 100 524288 1846633 5127 1614
0b000b01 0b000c01 10272 100 524288 1849868 1977 1614
0b000901 0b000a01 10273 100 524288 1850200 1666 1614
0b000301 0b000401 10283 100 524288 1845870 6017 1614
0b000801 0b000901 10273 100 524288 1847710 4433 1614
0b000301 0b000401 10284 100 524288 1846376 5911 1614
0b000301 0b000401 10285 100 524288 1846551 5786 1614
0b000001 0b000101 10278 100 524288 1849349 3052 1614
0b000801 0b000901 10274 100 524288 1848484 4209 1614
0b000d01 0b000e01 10270 100 524288 1840820 12024 1614
0b000e01 0b000701 10037 100 524288 1510829 342086 49068
0b000301 0b000401 10286 100 524288 1848469 4343 1614
0b000b01 0b000c01 10273 100 524288 1850960 1960 1614
0b000001 0b000101 10279 100 524288 1850455 2496 1614
0b000401 0b000501 10280 100 524288 1846206 6956 1614
0b000d01 0b000e01 10271 100 524288 1841173 12121 1614
0b000901 0b000a01 10274 100 524288 1851722 1606 1614
0b000f01 0b000801 10273 100 524288 1851893 1601 1614
0b000401 0b000501 10281 100 524288 1846829 7333 1614
0b000d01 0b000e01 10272 100 524288 1842160 12134 1614
0b000801 0b000901 10275 100 524288 1850944 3442 1614
0b000d01 0b000e01 10273 100 524288 1842785 12059 1614
0b000601 0b000701 10282 100 524288 1849910 4652 1614
0b000601 0b000701 10283 100 524288 1849920 4642 1614
0b000401 0b000501 10282 100 524288 1847460 7302 1614
0b000201 0b000301 10284 100 524288 1853259 1584 1614
0b000b01 0b000c01 10274 100 524288 1853053 1892 1614
0b000e01 0b000f01 10270 100 524288 1852194 2906 1614
0b000101 0b000201 10281 100 524288 1853643 1602 1614
0b000e01 0b000f01 10271 100 524288 1852369 2881 1614
0b000801 0b000901 10276 100 524288 1852470 2941 1614
0b000901 0b000a01 10275 100 524288 1853903 1837 1614
0b000f01 0b000801 10274 100 524288 1854161 1604 1614
0b000801 0b000101 10038 100 524288 1725952 129900 49068
0b000501 0b000601 10283 100 524288 1852887 3043 1614
0b000501 0b000601 10284 100 524288 1852897 3058 1614
0b000b01 0b000c01 10275 100 524288 1854236 1884 1614
0b000a01 0b000b01 10271 100 524288 1851645 4689 1614
0b000801 0b000901 10277 100 524288 1854376 2033 1614
0b000c01 0b000d01 10277 100 524288 1854855 1595 1614
0b000101 0b000a01 10035 100 524288 1504799 351736 49068
0b000401 0b000501 10283 100 524288 1849510 7126 1614
0b000601 0b000701 10284 100 524288 1851010 5666 1614
0b000001 0b000101 10280 100 524288 1854145 2681 1614
0b000701 0b000001 10280 100 524288 1849951 7052 1614
0b000001 0b000101 10281 100 524288 1854545 2662 1614
0b000d01 0b000e01 10274 100 524288 1845781 11523 1614
0b000101 0b000201 10282 100 524288 1855961 1581 1614
0b000901 0b000201 10038 100 524288 1701849 155653 49068
0b000d01 0b000e01 10275 100 524288 1846720 11184 1614
0b000a01 0b000b01 10272 100 524288 1851995 5939 1614
0b000001 0b000901 10035 100 524288 1505155 352971 49068
0b000701 0b000001 10281 100 524288 1850825 7328 1614
0b000801 0b000901 10278 100 524288 1856504 1605 1614
0b000a01 0b000b01 10273 100 524288 1852095 6064 1614
0b000401 0b000501 10284 100 524288 1850985 7418 1614
0b000401 0b000501 10285 100 524288 1851010 7418 1614
0b000601 0b000701 10285 100 524288 1852797 5675 1614
0b000901 0b000a01 10276 100 524288 1855153 3210 1614
0b000601 0b000701 10286 100 524288 1853147 5500 1614
0b000e01 0b000f01 10272 100 524288 1855854 2858 1614
0b000601 0b000701 10287 100 524288 1853822 4975 1614
0b000701 0b000001 10282 100 524288 1851407 7658 1614
0b000701 0b000001 10283 100 524288 1851507 7683 1614
0b000901 0b000a01 10277 100 524288 1855703 3547 1614
0b000301 0b000401 10287 100 524288 1857853 1602 1614
0b000e01 0b000f01 10273 100 524288 1856304 3283 1614
0b000501 0b000601 10285 100 524288 1857172 2476 1614
0b000a01 0b000301 10038 100 524288 1652808 206893 49068
0b000a01 0b000b01 10274 100 524288 1853445 6301 1614
0b000c01 0b000d01 10278 100 524288 1857955 1882 1614
0b000201 0b000301 10285 100 524288 1858255 1582 1614
0b000701 0b000001 10284 100 524288 1852482 7683 1614
0b000101 0b000a01 10036 100 524288 1511202 348977 49068
0b000d01 0b000e01 10276 100 524288 1850268 10018 1614
0b000e01 0b000f01 10274 100 524288 1857854 2514 1614
0b000801 0b000901 10279 100 524288 1858775 1610 1614
0b000d01 0b000e01 10277 100 524288 1850618 9943 1614
0b000501 0b000601 10286 100 524288 1857772 2907 1614
0b000d01 0b000e01 10278 100 524288 1850943 9818 1614
0b000401 0b000501 10286 100 524288 1854897 5837 1614
0b000901 0b000a01 10278 100 524288 1857396 3548 1614
0b000c01 0b000d01 10279 100 524288 1859130 1875 1614
0b000f01 0b000801 10275 100 524288 1858110 2929 1614
0b000401 0b000501 10287 100 524288 1855347 5612 1614
0b000f01 0b000801 10276 100 524288 1858260 2904 1614
0b000401 0b000501 10288 100 524288 1855822 5237 1614
0b000a01 0b000b01 10275 100 524288 1854876 6301 1614
0b000101 0b000201 10283 100 524288 1858862 2401 1614
0b000d01 0b000e01 10279 100 524288 1852611 8653 1614
0b000901 0b000a01 10279 100 524288 1858421 3054 1614
0b000501 0b000601 10287 100 524288 1859646 2119 1614
0b000d01 0b000e01 10280 100 524288 1854728 7092 1614
0b000e01 0b000f01 10275 100 524288 1860314 1603 1614
0b000001 0b000101 10282 100 524288 1860013 1943 1614
0b000601 0b000701 10288 100 524288 1858940 3050 1614
0b000601 0b000701 10289 100 524288 1858965 3025 1614
0b000a01 0b000b01 10276 100 524288 1856338 5945 1614
0b000d01 0b000e01 10281 100 524288 1859460 3138 1614
0b000501 0b000601 10288 100 524288 1861438 1702 1614
0b000101 0b000201 10284 100 524288 1859836 3333 1614
0b000f01 0b000801 10277 100 524288 1861722 1581 1614
0b000101 0b000201 10285 100 524288 1860217 3152 1614
0b000201 0b000301 10286 100 524288 1860512 3024 1614
0b000201 0b000301 10287 100 524288 1860552 3009 1614
0b000701 0b000001 10285 100 524288 1855925 7858 1614
0b000001 0b000901 10036 100 524288 1511186 352768 49068
0b000401 0b000501 10289 100 524288 1862465 1596 1614
0b000b01 0b000c01 10276 100 524288 1860944 3287 1614
0b000901 0b000a01 10281 100 524288 1861119 3480 1614
0b000901 0b000a01 10280 100 524288 1861136 3463 1614
0b000d01 0b000e01 10282 100 524288 1862847 1899 1614
0b000b01 0b000c01 10277 100 524288 1861169 3662 1614
0b000601 0b000701 10290 100 524288 1862658 2036 1614
0b000f01 0b000801 10278 100 524288 1863378 1618 1614
0b000a01 0b000b01 10277 100 524288 1858750 6395 1614
0b000001 0b000101 10283 100 524288 1861163 4024 1614
0b000101 0b000a01 10037 100 524288 1515783 349492 49068
0b000301 0b000401 10288 100 524288 1862711 2912 1614
0b000501 0b000601 10289 100 524288 1864069 1595 1614
0b000901 0b000a01 10282 100 524288 1863395 2304 1614
0b000701 0b000001 10286 100 524288 1857572 8167 1614
0b000701 0b000001 10287 100 524288 1857582 8157 1614
0b000301 0b000401 10289 100 524288 1862847 2926 1614
0b000201 0b000301 10288 100 524288 1864273 1581 1614
0b000d01 0b000e01 10283 100 524288 1864015 1881 1614
0b000a01 0b000b01 10278 100 524288 1859545 6786 1614
0b000f01 0b000801 10279 100 524288 1864927 1619 1614
0b000601 0b000701 10291 100 524288 1863689 2935 1614
0b000b01 0b000c01 10278 100 524288 1862756 4162 1614
0b000001 0b000101 10284 100 524288 1862075 4949 1614
0b000001 0b000101 10285 100 524288 1862200 4974 1614
0b000801 0b000901 10280 100 524288 1864049 3215 1614
0b000801 0b000901 10281 100 524288 1864174 3290 1614
0b000001 0b000101 10286 100 524288 1863175 4649 1614
0b000b01 0b000c01 10279 100 524288 1864187 3706 1614
0b000601 0b000701 10292 100 524288 1864775 3174 1614
0b000201 0b000301 10289 100 524288 1866379 1592 1614
0b000701 0b000001 10288 100 524288 1859686 8465 1614
0b000b01 0b000c01 10280 100 524288 1865293 3150 1614
0b000901 0b000a01 10283 100 524288 1866964 1622 1614
0b000601 0b000701 10293 100 524288 1866150 2480 1614
0b000001 0b000101 10287 100 524288 1866793 2112 1614
0b000801 0b000901 10282 100 524288 1866313 2654 1614
0b000a01 0b000b01 10279 100 524288 1861373 7826 1614
0b000c01 0b000d01 10280 100 524288 1867241 2458 1614
0b000101 0b000201 10286 100 524288 1868197 1602 1614
0b000301 0b000401 10290 100 524288 1866546 3337 1614
0b000301 0b000401 10291 100 524288 1866571 3312 1614
0b000e01 0b000f01 10276 100 524288 1863296 6681 1614
0b000b01 0b000c01 10281 100 524288 1868155 2019 1614
0b000701 0b000001 10289 100 524288 1861482 8792 1614
0b000801 0b000901 10283 100 524288 1868006 2317 1614
0b000c01 0b000d01 10281 100 524288 1867841 2664 1614
0b000701 0b000001 10290 100 524288 1861657 8717 1614
0b000701 0b000001 10291 100 524288 1861807 8642 1614
0b000a01 0b000b01 10280 100 524288 1862260 8539 1614
0b000301 0b000401 10292 100 524288 1868864 2194 1614
0b000b01 0b000c01 10282 100 524288 1869341 1939 1614
0b000801 0b000901 10284 100 524288 1869556 1918 1614
0b000701 0b000001 10292 100 524288 1865000 6474 1614
0b000701 0b000001 10293 100 524288 1865010 6464 1614
0b000401 0b000501 10290 100 524288 1868633 2923 1614
0b000e01 0b000f01 10277 100 524288 1863571 8162 1614
0b000401 0b000501 10291 100 524288 1868783 2898 1614
0b000001 0b000101 10288 100 524288 1868749 3285 1614
0b000001 0b000101 10289 100 524288 1868759 3300 1614
0b000a01 0b000b01 10281 100 524288 1863189 9035 1614
0b000e01 0b000f01 10278 100 524288 1863771 8568 1614
0b000301 0b000401 10293 100 524288 1870981 1581 1614
0b000c01 0b000d01 10282 100 524288 1869928 3006 1614
0b000001 0b000101 10290 100 524288 1871161 2098 1614
0b000a01 0b000b01 10282 100 524288 1863954 9195 1614
0b000e01 0b000f01 10279 100 524288 1864274 8985 1614
0b000a01 0b000b01 10283 100 524288 1864485 9164 1614
0b000901 0b000a01 10284 100 524288 1870274 3474 1614
0b000e01 0b000f01 10280 100 524288 1864830 8929 1614
0b000b01 0b000c01 10283 100 524288 1872209 1614 1614
0b000001 0b000901 10037 100 524288 1521083 353063 49068
0b000e01 0b000f01 10281 100 524288 1865608 8601 1614
0b000901 0b000a01 10285 100 524288 1870474 3799 1614
0b000d01 0b000e01 10284 100 524288 1872709 1606 1614
0b000201 0b000301 10290 100 524288 1872809 1600 1614
0b000c01 0b000d01 10283 100 524288 1870903 3481 1614
0b000101 0b000201 10287 100 524288 1870034 4575 1614
0b000f01 0b000801 10280 100 524288 1872987 1595 1614
0b000401 0b000501 10292 100 524288 1872893 1898 1614
0b000101 0b000201 10288 100 524288 1870184 4800 1614
0b000e01 0b000f01 10282 100 524288 1867756 7137 1614
0b000c01 0b000d01 10284 100 524288 1871453 3456 1614
0b000e01 0b000f01 10283 100 524288 1868906 6187 1614
0b000b01 0b000c01 10284 100 524288 1873809 1639 1614
0b000101 0b000201 10289 100 524288 1870834 4800 1614
0b000a01 0b000b01 10284 100 524288 1867609 8252 1614
0b000a01 0b000b01 10285 100 524288 1867609 8252 1614
0b000101 0b000201 10290 100 524288 1871915 4069 1614
0b000a01 0b000b01 10286 100 524288 1868285 7801 1614
0b000c01 0b000d01 10285 100 524288 1874290 1850 1614
0b000401 0b000501 10293 100 524288 1874068 2123 1614
0b000f01 0b000801 10281 100 524288 1874743 1581 1614
0b000901 0b000a01 10286 100 524288 1871977 4414 1614
0b000a01 0b000b01 10287 100 524288 1871596 4946 1614
0b000901 0b000a01 10287 100 524288 1873333 3950 1614
0b000d01 0b000e01 10285 100 524288 1875944 1614 1614
0b000401 0b000501 10294 100 524288 1875572 1819 1614
0b000501 0b000601 10290 100 524288 1874566 2931 1614
0b000001 0b000101 10291 100 524288 1873284 4310 1614
0b000501 0b000601 10291 100 524288 1874691 2912 1614
0b000001 0b000101 10292 100 524288 1873384 4385 1614
0b000001 0b000101 10293 100 524288 1873459 4318 1614
0b000101 0b000201 10291 100 524288 1876269 1581 1614
0b000b01 0b000c01 10285 100 524288 1875234 2549 1614
0b000901 0b000a01 10288 100 524288 1874484 3608 1614
0b000c01 0b000d01 10286 100 524288 1876833 1613 1614
0b000e01 0b000f01 10284 100 524288 1877325 1606 1614
0b000301 0b000401 10294 100 524288 1877419 1600 1614
0b000d01 0b000e01 10286 100 524288 1877394 1589 1614
0b000901 0b000a01 10289 100 524288 1877156 2002 1614
0b000801 0b000901 10285 100 524288 1877592 1602 1614
0b000501 0b000601 10292 100 524288 1877801 1656 1614
0b000a01 0b000b01 10288 100 524288 1876758 2538 1614
0b000c01 0b000d01 10287 100 524288 1878458 1594 1614
0b000b01 0b000c01 10286 100 524288 1876159 3911 1614
0b000a01 0b000b01 10289 100 524288 1877283 2794 1614
0b000f01 0b000801 10282 100 524288 1876269 4315 1614
0b000d01 0b000e01 10287 100 524288 1879150 1593 1614
0b000801 0b000901 10286 100 524288 1879334 1591 1614
0b000b01 0b000c01 10287 100 524288 1876659 4411 1614
0b000201 0b000301 10291 100 524288 1877994 3085 1614
0b000501 0b000601 10293 100 524288 1879201 1981 1614
0b000701 0b000801 10038 100 524288 1586262 295075 49068
0b000601 0b000701 10294 100 524288 1880507 1606 1614
0b000e01 0b000f01 10285 100 524288 1880568 1632 1614
0b000501 0b000601 10294 100 524288 1880401 1903 1614
0b000c01 0b000d01 10288 100 524288 1880793 1590 1614
0b000f01 0b000801 10283 100 524288 1876769 5730 1614
0b000a01 0b000b01 10290 100 524288 1879401 3278 1614
0b000201 0b000301 10292 100 524288 1878644 4335 1614
0b000f01 0b000801 10284 100 524288 1877219 5955 1614
0b000201 0b000301 10293 100 524288 1878994 4335 1614
0b000401 0b000501 10295 100 524288 1882029 1581 1614
0b000e01 0b000f01 10286 100 524288 1881993 1619 1614
0b000f01 0b000801 10285 100 524288 1877903 5715 1614
0b000f01 0b000801 10286 100 524288 1878103 5571 1614
0b000901 0b000a01 10290 100 524288 1882204 1597 1614
0b000201 0b000301 10294 100 524288 1880860 3094 1614
0b000601 0b000701 10295 100 524288 1882467 1581 1614
0b000b01 0b000c01 10288 100 524288 1878871 5480 1614
0b000a01 0b000b01 10291 100 524288 1880293 4171 1614
0b000101 0b000201 10292 100 524288 1880604 4181 1614
0b000b01 0b000c01 10289 100 524288 1879096 5461 1614
0b000d01 0b000e01 10288 100 524288 1883062 1591 1614
0b000c01 0b000d01 10289 100 524288 1883080 1590 1614
0b000b01 0b000c01 10290 100 524288 1879552 5255 1614
0b000101 0b000201 10293 100 524288 1880779 4312 1614
0b000101 0b000201 10294 100 524288 1880787 4310 1614
0b000a01 0b000b01 10292 100 524288 1881102 4174 1614
0b000e01 0b000f01 10287 100 524288 1883753 1581 1614
0b000b01 0b000c01 10291 100 524288 1882306 3276 1614
0b000a01 0b000b01 10293 100 524288 1882168 3451 1614
0b000301 0b000401 10295 100 524288 1884089 1581 1614
0b000601 0b000701 10296 100 524288 1884192 1581 1614
0b000801 0b000901 10287 100 524288 1884347 1881 1614
0b000701 0b000001 10294 100 524288 1885123 1581 1614
0b000d01 0b000e01 10289 100 524288 1885393 1581 1614
0b000b01 0b000c01 10292 100 524288 1885689 1581 1614
0b000301 0b000401 10296 100 524288 1886339 1581 1614
0b000f01 0b000801 10287 100 524288 1886622 1591 1614
0b000501 0b000601 10295 100 524288 1886620 1581 1614
0b000701 0b000001 10295 100 524288 1887058 1581 1614
0b000e01 0b000f01 10288 100 524288 1887663 1581 1614
0b000201 0b000301 10295 100 524288 1888101 1581 1614
0b000f01 0b000801 10288 100 524288 1888344 1584 1614
0b000701 0b000001 10296 100 524288 1888783 1581 1614
0b000801 0b000901 10288 100 524288 1885509 4679 1614
0b000b01 0b000c01 10293 100 524288 1888629 1582 1614
0b000901 0b000a01 10291 100 524288 1889238 1596 1614
0b000001 0b000101 10294 100 524288 1889714 1581 1614
0b000801 0b000901 10289 100 524288 1886184 5131 1614
0b000c01 0b000d01 10290 100 524288 1887361 3956 1614
0b000901 0b000201 10039 100 524288 1807633 83735 49068
0b000e01 0b000f01 10289 100 524288 1889984 1581 1614
0b000f01 0b000001 10038 100 524288 1704749 186925 49068
0b000801 0b000901 10290 100 524288 1886628 5093 1614
0b000c01 0b000d01 10291 100 524288 1887567 4156 1614
0b000801 0b000901 10291 100 524288 1886684 5068 1614
0b000c01 0b000d01 10292 100 524288 1887817 4037 1614
0b000401 0b000501 10296 100 524288 1890930 1581 1614
0b000001 0b000101 10295 100 524288 1891649 1581 1614
0b000801 0b000901 10292 100 524288 1892938 1585 1614
0b000c01 0b000d01 10293 100 524288 1893221 1581 1614
0b000901 0b000a01 10292 100 524288 1893198 2046 1614
0b000a01 0b000b01 10294 100 524288 1893844 1585 1614
0b000101 0b000201 10295 100 524288 1894305 1584 1614
0b000201 0b000301 10296 100 524288 1894378 1581 1614
0b000f01 0b000801 10289 100 524288 1894575 1581 1614
0b000001 0b000101 10296 100 524288 1894714 1581 1614
0b000501 0b000601 10296 100 524288 1895521 1581 1614
0b000901 0b000a01 10293 100 524288 1894325 3160 1614
0b000901 0b000a01 10294 100 524288 1894762 2929 1614
0b000d01 0b000e01 10290 100 524288 1894327 3656 1614
0b000c01 0b000501 10038 100 524288 1666235 232575 49068
0b000d01 0b000e01 10291 100 524288 1894733 4456 1614
0b000d01 0b000e01 10292 100 524288 1894864 4431 1614
0b000b01 0b000c01 10294 100 524288 1898439 1581 1614
0b000d01 0b000e01 10293 100 524288 1897812 2464 1614
0b000301 0b000401 10297 100 524288 1898969 1581 1614
0b000801 0b000901 10293 100 524288 1899166 1581 1614
0b000101 0b000201 10296 100 524288 1899335 1581 1614
0b000e01 0b000f01 10290 100 524288 1900993 2031 1614
0b000501 0b000601 10297 100 524288 1901820 1581 1614
0b000c01 0b000d01 10294 100 524288 1903030 1581 1614
0b000401 0b000501 10297 100 524288 1903560 1581 1614
0b000201 0b000301 10297 100 524288 1903956 1581 1614
0b000801 0b000101 10039 100 524288 1810865 95410 49068
0b000e01 0b000f01 10291 100 524288 1902199 4260 1614
0b000e01 0b000f01 10292 100 524288 1902305 4279 1614
0b000e01 0b000f01 10293 100 524288 1903286 3673 1614
0b000f01 0b000801 10290 100 524288 1906034 1581 1614
0b000601 0b000701 10297 100 524288 1906411 1581 1614
0b000b01 0b000401 10038 100 524288 1672191 236598 49068
0b000d01 0b000e01 10294 100 524288 1907621 1581 1614
0b000501 0b000601 10298 100 524288 1908151 1581 1614
0b000301 0b000401 10298 100 524288 1908547 1581 1614
0b000101 0b000201 10297 100 524288 1909315 1581 1614
0b000701 0b000001 10297 100 524288 1911002 1581 1614
0b000f01 0b000801 10291 100 524288 1909469 4118 1614
0b000401 0b000501 10298 100 524288 1911799 1706 1614
0b000f01 0b000801 10292 100 524288 1909594 4187 1614
0b000e01 0b000f01 10294 100 524288 1912212 1594 1614
0b000d01 0b000601 10038 100 524288 1682229 231644 49068
0b000f01 0b000801 10293 100 524288 1909969 3993 1614
0b000601 0b000701 10298 100 524288 1912742 1581 1614
0b000401 0b000501 10299 100 524288 1913138 1698 1614
0b000201 0b000301 10298 100 524288 1913936 1581 1614
0b000001 0b000101 10297 100 524288 1915623 1581 1614
0b000801 0b000901 10294 100 524288 1916597 1581 1614
0b000501 0b000601 10299 100 524288 1916515 1718 1614
0b000601 0b000701 10299 100 524288 1916883 1613 1614
0b000701 0b000001 10298 100 524288 1917333 1581 1614
0b000501 0b000601 10300 100 524288 1917846 1706 1614
0b000301 0b000401 10299 100 524288 1918527 1581 1614
0b000101 0b000201 10298 100 524288 1920244 1581 1614
0b000601 0b000701 10300 100 524288 1921243 1738 1614
0b000701 0b000001 10299 100 524288 1921506 1618 1614
0b000001 0b000101 10298 100 524288 1921924 1581 1614
0b000601 0b000701 10301 100 524288 1922562 1718 1614
0b000401 0b000501 10300 100 524288 1923118 1581 1614
0b000201 0b000301 10299 100 524288 1924865 1581 1614
0b000701 0b000001 10300 100 524288 1925991 1593 1614
0b000001 0b000101 10299 100 524288 1926134 1581 1614
0b000501 0b000601 10301 100 524288 1927709 1581 1614
0b000a01 0b000301 10039 100 524288 1787927 141849 49068
0b000301 0b000401 10300 100 524288 1929456 1581 1614
0b000001 0b000101 10300 100 524288 1930594 1586 1614
0b000101 0b000201 10299 100 524288 1930755 1581 1614
0b000601 0b000f01 10038 100 524288 1766698 166643 49068
0b000601 0b000701 10302 100 524288 1932300 1581 1614
0b000301 0b000401 10301 100 524288 1932786 1581 1614
0b000101 0b000201 10300 100 524288 1935220 1581 1614
0b000201 0b000301 10300 100 524288 1935376 1581 1614
0b000f01 0b000801 10294 100 524288 1936381 1581 1614
0b000701 0b000001 10301 100 524288 1936891 1581 1614
0b000401 0b000501 10301 100 524288 1937407 1581 1614
0b000201 0b000301 10301 100 524288 1939841 1601 1614
0b000301 0b000401 10302 100 524288 1939967 1581 1614
0b000501 0b000e01 10038 100 524288 1669404 272548 49068
0b000401 0b000d01 10038 100 524288 1654556 287545 49068
0b000801 0b000901 10295 100 524288 1940972 1581 1614
0b000501 0b000601 10302 100 524288 1941998 1581 1614
0b000401 0b000501 10302 100 524288 1944588 1581 1614
0b000e01 0b000f01 10295 100 524288 1944962 1599 1614
0b000d01 0b000e01 10295 100 524288 1945111 1581 1614
0b000901 0b000a01 10295 100 524288 1945563 1581 1614
0b000601 0b000701 10303 100 524288 1946589 1581 1614
0b000f01 0b000801 10295 100 524288 1949601 1601 1614
0b000e01 0b000f01 10296 100 524288 1949702 1581 1614
0b000a01 0b000b01 10295 100 524288 1950154 1581 1614
0b000701 0b000001 10302 100 524288 1951180 1581 1614
0b000601 0b000f01 10039 100 524288 1781387 172346 49068
0b000801 0b000901 10296 100 524288 1954212 1586 1614
0b000f01 0b000801 10296 100 524288 1954323 1581 1614
0b000b01 0b000c01 10295 100 524288 1954745 1581 1614
0b000001 0b000901 10038 100 524288 1598417 358184 49068
0b000001 0b000101 10301 100 524288 1955771 1581 1614
0b000f01 0b000801 10297 100 524288 1956773 1581 1614
0b000801 0b000901 10297 100 524288 1958914 1594 1614
0b000c01 0b000d01 10295 100 524288 1959336 1581 1614
0b000901 0b000a01 10296 100 524288 1958808 2231 1614
0b000101 0b000201 10301 100 524288 1960362 1581 1614
0b000901 0b000a01 10297 100 524288 1959611 2253 1614
0b000f01 0b000001 10039 100 524288 1781688 180980 49068
0b000801 0b000901 10298 100 524288 1961364 1581 1614
0b000901 0b000a01 10298 100 524288 1963518 1581 1614
0b000d01 0b000e01 10296 100 524288 1963927 1581 1614
0b000a01 0b000b01 10296 100 524288 1964049 2256 1614
0b000a01 0b000b01 10297 100 524288 1964874 2231 1614
0b000001 0b000101 10302 100 524288 1965678 1581 1614
0b000901 0b000a01 10299 100 524288 1965955 1581 1614
0b000201 0b000b01 10038 100 524288 1648184 320250 49068
0b000a01 0b000b01 10298 100 524288 1968109 1581 1614
0b000301 0b000c01 10038 100 524288 1685432 285119 49068
0b000b01 0b000c01 10296 100 524288 1969315 2281 1614
0b000101 0b000201 10302 100 524288 1970269 1581 1614
0b000a01 0b000b01 10299 100 524288 1970546 1600 1614
0b000b01 0b000c01 10297 100 524288 1970115 3162 1614
0b000b01 0b000c01 10298 100 524288 1971444 3192 1614
0b000b01 0b000c01 10299 100 524288 1972700 2586 1614
0b000c01 0b000d01 10296 100 524288 1973561 2020 1614
0b000201 0b000301 10302 100 524288 1974890 1581 1614
0b000b01 0b000c01 10300 100 524288 1975156 1592 1614
0b000c01 0b000d01 10297 100 524288 1974606 2192 1614
0b000c01 0b000d01 10298 100 524288 1976287 2067 1614
0b000c01 0b000d01 10299 100 524288 1977646 1870 1614
0b000d01 0b000e01 10297 100 524288 1978591 1597 1614
0b000301 0b000401 10303 100 524288 1979511 1581 1614
0b000c01 0b000d01 10300 100 524288 1979788 1581 1614
0b000d01 0b000e01 10298 100 524288 1981394 1881 1614
0b000d01 0b000e01 10299 100 524288 1982556 1897 1614
0b000e01 0b000f01 10297 100 524288 1983228 1601 1614
0b000401 0b000501 10303 100 524288 1984132 1581 1614
0b000d01 0b000e01 10300 100 524288 1984379 1581 1614
0b000e01 0b000f01 10298 100 524288 1986315 1879 1614
0b000e01 0b000f01 10299 100 524288 1987493 1876 1614
0b000f01 0b000801 10298 100 524288 1987869 1581 1614
0b000501 0b000601 10303 100 524288 1988753 1581 1614
0b000b01 0b000401 10039 100 524288 1756702 234538 49068
0b000c01 0b000501 10039 100 524288 1769063 223122 49068
0b000f01 0b000801 10299 100 524288 1991234 1901 1614
0b000801 0b000901 10299 100 524288 1992460 1605 1614
0b000f01 0b000801 10300 100 524288 1992409 1862 1614
0b000601 0b000701 10304 100 524288 1993344 1581 1614
0b000401 0b000501 10304 100 524288 1994280 1595 1614
0b000501 0b000601 10304 100 524288 1995225 1581 1614
0b000d01 0b000601 10039 100 524288 1770044 227236 49068
0b000901 0b000a01 10300 100 524288 1997075 1586 1614
0b000801 0b000901 10300 100 524288 1997311 1581 1614
0b000501 0b000601 10305 100 524288 1998915 1581 1614
0b000601 0b000701 10305 100 524288 1999846 2581 1614
0b000601 0b000701 10306 100 524288 2000320 2563 1614
0b000a01 0b000b01 10300 100 524288 2001671 1606 1614
0b000901 0b000a01 10301 100 524288 2001902 1581 1614
0b000e01 0b000701 10038 100 524288 1658105 346425 49068
0b000601 0b000701 10307 100 524288 2003536 1581 1614
0b000101 0b000a01 10038 100 524288 1641139 367015 49068
0b000701 0b000001 10303 100 524288 2005437 2756 1614
0b000701 0b000001 10304 100 524288 2005893 3631 1614
0b000701 0b000001 10305 100 524288 2007540 3640 1614
0b000701 0b000001 10306 100 524288 2008127 3276 1614
0b000a01 0b000b01 10301 100 524288 2011194 1581 1614
0b000001 0b000101 10303 100 524288 2011203 1706 1614
0b000001 0b000101 10304 100 524288 2012534 1706 1614
0b000001 0b000101 10305 100 524288 2014190 2854 1614
0b000001 0b000101 10306 100 524288 2014413 2831 1614
0b000b01 0b000c01 10301 100 524288 2015815 1581 1614
0b000101 0b000201 10303 100 524288 2015919 1706 1614
0b000101 0b000201 10304 100 524288 2017250 1706 1614
0b000c01 0b000d01 10301 100 524288 2020436 1581 1614
0b000201 0b000301 10303 100 524288 2020665 1714 1614
0b000101 0b000201 10305 100 524288 2020054 2867 1614
0b000101 0b000201 10306 100 524288 2020254 2842 1614
0b000201 0b000301 10304 100 524288 2021996 1706 1614
0b000d01 0b000e01 10301 100 524288 2025027 1581 1614
0b000301 0b000401 10304 100 524288 2025389 1747 1614
0b000301 0b000401 10305 100 524288 2026712 1724 1614
0b000201 0b000301 10305 100 524288 2025961 2906 1614
0b000201 0b000301 10306 100 524288 2026106 2892 1614
0b000801 0b000101 10040 100 524288 1851800 178239 49068
0b000e01 0b000f01 10300 100 524288 2029648 1581 1614
0b000401 0b000501 10305 100 524288 2031446 1606 1614
0b000301 0b000401 10306 100 524288 2031877 1581 1614
0b000501 0b000e01 10039 100 524288 1755416 278455 49068
0b000101 0b000201 10307 100 524288 2033049 1581 1614
0b000f01 0b000801 10301 100 524288 2034269 1581 1614
0b000401 0b000501 10306 100 524288 2036468 1581 1614
0b000e01 0b000f01 10301 100 524288 2036911 1581 1614
0b000201 0b000301 10307 100 524288 2037640 1581 1614
0b000801 0b000901 10301 100 524288 2038890 1581 1614
0b000501 0b000601 10306 100 524288 2041089 1581 1614
0b000f01 0b000801 10302 100 524288 2041532 1581 1614
0b000901 0b000201 10040 100 524288 1859419 184284 49068
0b000301 0b000401 10307 100 524288 2042231 1581 1614
0b000601 0b000f01 10040 100 524288 1824654 220998 49068
0b000801 0b000901 10302 100 524288 2046153 1581 1614
0b000201 0b000301 10308 100 524288 2046713 1581 1614
0b000401 0b000501 10307 100 524288 2046822 1581 1614
0b000f01 0b000801 10303 100 524288 2048692 1581 1614
0b000901 0b000a01 10302 100 524288 2050774 1581 1614
0b000301 0b000401 10308 100 524288 2051304 1581 1614
0b000501 0b000601 10307 100 524288 2051443 1581 1614
0b000301 0b000c01 10039 100 524288 1756959 298040 49068
0b000801 0b000901 10303 100 524288 2053313 1581 1614
0b000a01 0b000b01 10302 100 524288 2055395 1581 1614
0b000401 0b000501 10308 100 524288 2055895 1581 1614
0b000601 0b000701 10308 100 524288 2056034 1581 1614
0b000901 0b000a01 10303 100 524288 2057934 1581 1614
0b000c01 0b000d01 10302 100 524288 2058039 1581 1614
0b000b01 0b000c01 10302 100 524288 2060016 1581 1614
0b000001 0b000901 10039 100 524288 1700545 361079 49068
0b000501 0b000601 10308 100 524288 2060516 1581 1614
0b000701 0b000001 10307 100 524288 2060625 1581 1614
0b000a01 0b000301 10040 100 524288 1849914 213281 49068
0b000b01 0b000401 10040 100 524288 1821872 242172 49068
0b000a01 0b000b01 10303 100 524288 2062555 1581 1614
0b000d01 0b000e01 10302 100 524288 2062630 1581 1614
0b000c01 0b000501 10040 100 524288 1821716 242728 49068
0b000c01 0b000d01 10303 100 524288 2064607 1581 1614
0b000901 0b000a01 10304 100 524288 2064664 1581 1614
0b000601 0b000701 10309 100 524288 2065137 1581 1614
0b000401 0b000d01 10039 100 524288 1770627 297072 49068
0b000301 0b000401 10309 100 524288 2066205 1599 1614
0b000401 0b000501 10309 100 524288 2067054 1605 1614
0b000b01 0b000c01 10303 100 524288 2067176 1581 1614
0b000e01 0b000f01 10302 100 524288 2067251 1581 1614
0b000501 0b000601 10309 100 524288 2067484 1581 1614
0b000a01 0b000b01 10304 100 524288 2069285 1581 1614
0b000701 0b000001 10308 100 524288 2069728 1581 1614
0b000d01 0b000e01 10303 100 524288 2070709 1583 1614
0b000401 0b000501 10310 100 524288 2070814 1585 1614
0b000501 0b000601 10310 100 524288 2071699 1581 1614
0b000c01 0b000d01 10304 100 524288 2071767 1581 1614
0b000f01 0b000801 10304 100 524288 2071872 1581 1614
0b000601 0b000701 10310 100 524288 2072105 1581 1614
0b000d01 0b000601 10040 100 524288 1822215 251696 49068
0b000b01 0b000c01 10304 100 524288 2073906 1581 1614
0b000001 0b000101 10307 100 524288 2074319 1581 1614
0b000e01 0b000f01 10303 100 524288 2075332 1601 1614
0b000501 0b000601 10311 100 524288 2075439 1581 1614
0b000d01 0b000e01 10304 100 524288 2076358 1581 1614
0b000801 0b000901 10304 100 524288 2076493 1581 1614
0b000701 0b000001 10309 100 524288 2076726 1594 1614
0b000601 0b000701 10311 100 524288 2076320 2406 1614
0b000601 0b000701 10312 100 524288 2076951 2406 1614
0b000201 0b000b01 10039 100 524288 1746746 332726 49068
0b000c01 0b000d01 10305 100 524288 2078527 1581 1614
0b000f01 0b000801 10305 100 524288 2079973 1581 1614
0b000601 0b000701 10313 100 524288 2080060 1581 1614
0b000901 0b000a01 10305 100 524288 2081114 1581 1614
0b000001 0b000101 10308 100 524288 2081330 1586 1614
0b000b01 0b000c01 10305 100 524288 2082512 1581 1614
0b000701 0b000001 10310 100 524288 2081766 2406 1614
0b000d01 0b000e01 10305 100 524288 2083118 1581 1614
0b000701 0b000001 10311 100 524288 2082397 2406 1614
0b000801 0b000901 10305 100 524288 2084594 1581 1614
0b000101 0b000a01 10039 100 524288 1718235 368010 49068
0b000701 0b000001 10312 100 524288 2084681 1581 1614
0b000a01 0b000b01 10305 100 524288 2085705 1581 1614
0b000101 0b000201 10308 100 524288 2085926 1606 1614
0b000c01 0b000d01 10306 100 524288 2087133 1581 1614
0b000e01 0b000f01 10304 100 524288 2087739 1581 1614
0b000001 0b000101 10309 100 524288 2087182 2506 1614
0b000901 0b000a01 10306 100 524288 2089215 1581 1614
0b000a01 0b000b01 10306 100 524288 2089255 1581 1614
0b000001 0b000101 10310 100 524288 2087813 3131 1614
0b000001 0b000101 10311 100 524288 2089272 2403 1614
0b000201 0b000301 10309 100 524288 2090542 1581 1614
0b000d01 0b000e01 10306 100 524288 2091724 1581 1614
0b000f01 0b000801 10306 100 524288 2092330 1581 1614
0b000101 0b000201 10309 100 524288 2092698 1756 1614
0b000a01 0b000b01 10307 100 524288 2093806 1581 1614
0b000b01 0b000c01 10306 100 524288 2093876 1581 1614
0b000301 0b000c01 10040 100 524288 1798651 297307 49068
0b000101 0b000201 10310 100 524288 2093984 2651 1614
0b000301 0b000401 10310 100 524288 2095133 1581 1614
0b000101 0b000201 10311 100 524288 2094715 2476 1614
0b000e01 0b000f01 10305 100 524288 2096345 1581 1614
0b000201 0b000301 10310 100 524288 2097494 1581 1614
0b000b01 0b000c01 10307 100 524288 2098397 1600 1614
0b000c01 0b000d01 10307 100 524288 2098497 2531 1614
0b000201 0b000301 10311 100 524288 2099675 1581 1614
0b000c01 0b000d01 10308 100 524288 2098998 2536 1614
0b000401 0b000d01 10040 100 524288 1801827 300092 49068
0b000f01 0b000801 10307 100 524288 2100936 1581 1614
0b000501 0b000e01 10040 100 524288 1817055 286167 49068
0b000f01 0b000001 10040 100 524288 1839569 265978 49068
0b000301 0b000401 10311 100 524288 2104266 1581 1614
0b000801 0b000901 10306 100 524288 2105557 1581 1614
0b000d01 0b000e01 10307 100 524288 2104038 3324 1614
0b000e01 0b000f01 10306 100 524288 2106262 1582 1614
0b000d01 0b000e01 10308 100 524288 2104544 3806 1614
0b000d01 0b000e01 10309 100 524288 2104929 3602 1614
0b000001 0b000101 10312 100 524288 2108587 1581 1614
0b000401 0b000501 10311 100 524288 2108857 1581 1614
0b000901 0b000a01 10307 100 524288 2110148 1581 1614
0b000f01 0b000801 10308 100 524288 2110854 1598 1614
0b000e01 0b000701 10039 100 524288 1760403 352249 49068
0b000e01 0b000f01 10307 100 524288 2110402 2456 1614
0b000701 0b000801 10039 100 524288 1810225 302998 49068
0b000101 0b000201 10312 100 524288 2113208 1581 1614
0b000e01 0b000f01 10308 100 524288 2111390 3424 1614
0b000e01 0b000f01 10309 100 524288 2111571 3324 1614
0b000a01 0b000301 10041 100 524288 1868709 247093 49068
0b000201 0b000b01 10040 100 524288 1786018 330769 49068
0b000701 0b000001 10313 100 524288 2115692 1581 1614
0b000f01 0b000801 10309 100 524288 2115868 1599 1614
0b000901 0b000201 10041 100 524288 1883935 233594 49068
0b000801 0b000901 10307 100 524288 2115492 2281 1614
0b000801 0b000901 10308 100 524288 2116263 2286 1614
0b000201 0b000301 10312 100 524288 2117829 1588 1614
0b000301 0b000401 10312 100 524288 2118842 1581 1614
0b000f01 0b000801 10310 100 524288 2117824 2978 1614
0b000f01 0b000801 10311 100 524288 2117905 2972 1614
0b000b01 0b000c01 10308 100 524288 2119797 1581 1614
0b000001 0b000101 10313 100 524288 2120313 1581 1614
0b000801 0b000901 10309 100 524288 2120477 1581 1614
0b000201 0b000301 10313 100 524288 2120569 1581 1614
0b000901 0b000a01 10308 100 524288 2120783 2256 1614
0b000901 0b000a01 10309 100 524288 2121559 2261 1614
0b000301 0b000401 10313 100 524288 2122457 1601 1614
0b000401 0b000501 10312 100 524288 2123433 1581 1614
0b000c01 0b000d01 10309 100 524288 2124418 1581 1614
0b000101 0b000201 10313 100 524288 2124934 1581 1614
0b000801 0b000101 10041 100 524288 1883594 242728 49068
0b000301 0b000401 10314 100 524288 2125190 1581 1614
0b000801 0b000901 10310 100 524288 2123812 2981 1614
0b000801 0b000901 10311 100 524288 2123887 2962 1614
0b000a01 0b000b01 10308 100 524288 2126049 2256 1614
0b000401 0b000501 10313 100 524288 2127068 1586 1614
0b000a01 0b000b01 10309 100 524288 2126830 2256 1614
0b000501 0b000601 10312 100 524288 2128054 1581 1614
0b000701 0b000801 10040 100 524288 1819923 310772 49068
0b000d01 0b000e01 10310 100 524288 2129009 1581 1614
0b000101 0b000201 10314 100 524288 2129362 1593 1614
0b000201 0b000301 10314 100 524288 2129555 1581 1614
0b000401 0b000501 10314 100 524288 2129781 1581 1614
0b000601 0b000f01 10041 100 524288 1868674 263988 49068
0b000901 0b000a01 10310 100 524288 2129803 2956 1614
0b000101 0b000a01 10040 100 524288 1760664 372221 49068
0b000901 0b000a01 10311 100 524288 2129889 2951 1614
0b000c01 0b000501 10041 100 524288 1855930 277141 49068
0b000501 0b000601 10313 100 524288 2131664 1586 1614
0b000b01 0b000c01 10309 100 524288 2131315 2231 1614
0b000601 0b000701 10314 100 524288 2132675 1581 1614
0b000201 0b000b01 10041 100 524288 1805598 328665 49068
0b000b01 0b000c01 10310 100 524288 2132126 2226 1614
0b000e01 0b000f01 10310 100 524288 2133630 1581 1614
0b000801 0b000901 10312 100 524288 2133705 1581 1614
0b000201 0b000301 10315 100 524288 2133995 1581 1614
0b000301 0b000401 10315 100 524288 2134176 1581 1614
0b000501 0b000601 10314 100 524288 2134372 1581 1614
0b000d01 0b000601 10041 100 524288 1849506 286472 49068
0b000f01 0b000801 10312 100 524288 2135672 1581 1614
0b000501 0b000601 10315 100 524288 2136081 1584 1614
0b000601 0b000701 10315 100 524288 2136290 1601 1614
0b000701 0b000001 10314 100 524288 2137266 1581 1614
0b000c01 0b000d01 10310 100 524288 2136586 2248 1614
0b000b01 0b000c01 10311 100 524288 2137303 1591 1614
0b000c01 0b000d01 10311 100 524288 2137392 2231 1614
0b000f01 0b000801 10313 100 524288 2138221 1581 1614
0b000901 0b000a01 10312 100 524288 2138326 1593 1614
0b000a01 0b000b01 10310 100 524288 2135769 4306 1614
0b000a01 0b000b01 10312 100 524288 2135850 4381 1614
0b000a01 0b000b01 10311 100 524288 2135895 4367 1614
0b000b01 0b000401 10041 100 524288 1859344 280981 49068
0b000301 0b000401 10316 100 524288 2138616 1601 1614
0b000401 0b000501 10315 100 524288 2138767 1581 1614
0b000301 0b000c01 10041 100 524288 1830828 310457 49068
0b000901 0b000201 10042 100 524288 1894731 246826 49068
0b000801 0b000901 10313 100 524288 2140263 1581 1614
0b000601 0b000701 10316 100 524288 2138963 3631 1614
0b000601 0b000701 10317 100 524288 2138988 3612 1614
0b000601 0b000701 10318 100 524288 2140675 2783 1614
0b000001 0b000101 10314 100 524288 2141887 1581 1614
0b000c01 0b000d01 10312 100 524288 2141934 1612 1614
0b000d01 0b000e01 10311 100 524288 2142633 1581 1614
0b000801 0b000901 10314 100 524288 2142812 1581 1614
0b000a01 0b000b01 10313 100 524288 2142959 1587 1614
0b000801 0b000101 10042 100 524288 1891223 253486 49068
0b000501 0b000601 10316 100 524288 2143358 1594 1614
0b000c01 0b000d01 10313 100 524288 2144325 1596 1614
0b000401 0b000501 10317 100 524288 2143227 2931 1614
0b000201 0b000301 10316 100 524288 2144597 1581 1614
0b000b01 0b000c01 10312 100 524288 2143271 3006 1614
0b000401 0b000501 10316 100 524288 2143335 2929 1614
0b000901 0b000201 10043 100 524288 1897533 248770 49068
0b000b01 0b000c01 10313 100 524288 2143302 3006 1614
0b000901 0b000a01 10313 100 524288 2144884 1581 1614
0b000601 0b000f01 10042 100 524288 1880613 266613 49068
0b000d01 0b000e01 10312 100 524288 2146556 1593 1614
0b000101 0b000201 10315 100 524288 2146508 1806 1614
0b000e01 0b000f01 10311 100 524288 2147224 1581 1614
0b000901 0b000a01 10314 100 524288 2147433 1581 1614
0b000f01 0b000001 10041 100 524288 1862597 286471 49068
0b000b01 0b000c01 10314 100 524288 2147586 1581 1614
0b000101 0b000201 10316 100 524288 2147749 1819 1614
0b000701 0b000001 10315 100 524288 2145604 4056 1614
0b000701 0b000001 10316 100 524288 2145610 4056 1614
0b000701 0b000001 10317 100 524288 2146468 3629 1614
0b000a01 0b000301 10042 100 524288 1886811 263398 49068
0b000d01 0b000e01 10313 100 524288 2148931 1592 1614
0b000301 0b000401 10317 100 524288 2149218 1600 1614
0b000c01 0b000d01 10314 100 524288 2149348 1581 1614
0b000601 0b000f01 10043 100 524288 1885314 265552 49068
0b000201 0b000301 10317 100 524288 2149343 1581 1614
0b000a01 0b000b01 10314 100 524288 2149505 1581 1614
0b000901 0b000201 10044 100 524288 1903757 247646 49068
0b000f01 0b000801 10314 100 524288 2150236 1598 1614
0b000501 0b000601 10317 100 524288 2149168 2931 1614
0b000501 0b000601 10318 100 524288 2149274 2931 1614
0b000e01 0b000f01 10312 100 524288 2151159 1581 1614
0b000601 0b000f01 10044 100 524288 1891211 261843 49068
0b000701 0b000801 10041 100 524288 1835572 317695 49068
0b000c01 0b000d01 10315 100 524288 2152207 1581 1614
0b000201 0b000301 10318 100 524288 2152608 1591 1614
0b000e01 0b000f01 10313 100 524288 2153533 1606 1614
0b000f01 0b000801 10315 100 524288 2153876 1598 1614
0b000401 0b000501 10318 100 524288 2153828 1596 1614
0b000d01 0b000e01 10314 100 524288 2153939 1581 1614
0b000301 0b000401 10318 100 524288 2153249 2344 1614
0b000b01 0b000c01 10315 100 524288 2154096 1581 1614
0b000201 0b000301 10319 100 524288 2154443 1587 1614
0b000001 0b000101 10315 100 524288 2152108 4056 1614
0b000301 0b000401 10319 100 524288 2153964 2322 1614
0b000801 0b000901 10315 100 524288 2154874 1626 1614
0b000601 0b000f01 10045 100 524288 1900112 257314 49068
0b000801 0b000901 10316 100 524288 2156307 1618 1614
0b000001 0b000101 10316 100 524288 2152700 5195 1614
0b000001 0b000101 10317 100 524288 2152706 5195 1614
0b000601 0b000701 10319 100 524288 2155109 2931 1614
0b000001 0b000101 10318 100 524288 2153137 4920 1614
0b000601 0b000701 10320 100 524288 2155215 2931 1614
0b000d01 0b000e01 10315 100 524288 2156798 1581 1614
0b000f01 0b000801 10316 100 524288 2155750 2781 1614
0b000301 0b000401 10320 100 524288 2157239 1589 1614
0b000f01 0b000801 10317 100 524288 2156094 3111 1614
0b000e01 0b000701 10040 100 524288 1795422 364550 49068
0b000501 0b000601 10319 100 524288 2158434 1594 1614
0b000e01 0b000f01 10314 100 524288 2158530 1582 1614
0b000801 0b000901 10317 100 524288 2158514 1623 1614
0b000f01 0b000801 10318 100 524288 2158179 2064 1614
0b000c01 0b000d01 10316 100 524288 2158717 1581 1614
0b000301 0b000401 10321 100 524288 2159040 1588 1614
0b000101 0b000201 10317 100 524288 2159204 1581 1614
0b000401 0b000501 10319 100 524288 2158603 2356 1614
0b000901 0b000a01 10315 100 524288 2159540 1631 1614
0b000401 0b000501 10320 100 524288 2159296 2344 1614
0b000301 0b000c01 10042 100 524288 1843399 318461 49068
0b000c01 0b000501 10042 100 524288 1873184 288649 49068
0b000f01 0b000801 10319 100 524288 2160436 1603 1614
0b000901 0b000a01 10316 100 524288 2160965 1631 1614
0b000e01 0b000f01 10315 100 524288 2161389 1581 1614
0b000901 0b000201 10045 100 524288 1921188 241863 49068
0b000401 0b000501 10321 100 524288 2161838 1581 1614
0b000101 0b000201 10318 100 524288 2160941 2906 1614
0b000101 0b000201 10319 100 524288 2161067 2933 1614
0b000801 0b000901 10318 100 524288 2161571 2751 1614
0b000701 0b000001 10318 100 524288 2161050 3388 1614
0b000701 0b000001 10319 100 524288 2161156 3481 1614
0b000601 0b000701 10321 100 524288 2163038 1611 1614
0b000f01 0b000801 10320 100 524288 2163122 1605 1614
0b000901 0b000a01 10317 100 524288 2163147 1605 1614
0b000d01 0b000e01 10316 100 524288 2163338 1581 1614
0b000401 0b000501 10322 100 524288 2163638 1586 1614
0b000201 0b000301 10320 100 524288 2163825 1581 1614
0b000701 0b000001 10320 100 524288 2162982 2561 1614
0b000801 0b000901 10319 100 524288 2162215 3493 1614
0b000a01 0b000b01 10315 100 524288 2164181 1631 1614
0b000f01 0b000001 10042 100 524288 1875349 290841 49068
0b000c01 0b000d01 10317 100 524288 2164900 1581 1614
0b000801 0b000901 10320 100 524288 2163253 3511 1614
0b000a01 0b000301 10043 100 524288 1898254 268699 49068
0b000a01 0b000b01 10316 100 524288 2165606 1612 1614
0b000501 0b000601 10320 100 524288 2163999 3231 1614
0b000801 0b000901 10321 100 524288 2165079 2453 1614
0b000a01 0b000301 10044 100 524288 1900495 267914 49068
0b000a01 0b000301 10045 100 524288 1900701 267712 49068
0b000201 0b000301 10321 100 524288 2166061 2855 1614
0b000901 0b000a01 10318 100 524288 2167332 1685 1614
0b000701 0b000001 10321 100 524288 2167659 1588 1614
0b000801 0b000901 10322 100 524288 2167767 1596 1614
0b000a01 0b000b01 10317 100 524288 2167762 1601 1614
0b000501 0b000601 10321 100 524288 2164680 4881 1614
0b000501 0b000601 10322 100 524288 2164873 4919 1614
0b000801 0b000101 10043 100 524288 1910625 259031 49068
0b000001 0b000101 10319 100 524288 2167647 2356 1614
0b000301 0b000401 10322 100 524288 2168416 1601 1614
0b000b01 0b000401 10042 100 524288 1878871 291306 49068
0b000201 0b000301 10322 100 524288 2166857 3606 1614
0b000201 0b000301 10323 100 524288 2167040 3523 1614
0b000b01 0b000c01 10316 100 524288 2168822 1631 1614
0b000901 0b000a01 10319 100 524288 2168718 2226 1614
0b000d01 0b000e01 10317 100 524288 2169521 1581 1614
0b000501 0b000601 10323 100 524288 2166459 4406 1614
0b000501 0b000601 10324 100 524288 2168264 3151 1614
0b000301 0b000401 10323 100 524288 2169963 1581 1614
0b000001 0b000101 10320 100 524288 2168553 3256 1614
0b000b01 0b000c01 10317 100 524288 2170228 1631 1614
0b000601 0b000701 10322 100 524288 2170240 1581 1614
0b000001 0b000101 10321 100 524288 2169200 2940 1614
0b000f01 0b000001 10043 100 524288 1881941 290805 49068
0b000901 0b000a01 10320 100 524288 2169774 3126 1614
0b000901 0b000a01 10321 100 524288 2170542 2739 1614
0b000b01 0b000401 10043 100 524288 1883087 290738 49068
0b000b01 0b000c01 10318 100 524288 2172373 1595 1614
0b000001 0b000101 10322 100 524288 2172257 1584 1614
0b000c01 0b000501 10043 100 524288 1884080 290133 49068
0b000c01 0b000d01 10318 100 524288 2173493 1656 1614
0b000d01 0b000601 10042 100 524288 1873515 301966 49068
0b000801 0b000101 10044 100 524288 1916791 258693 49068
0b000a01 0b000b01 10318 100 524288 2173954 1581 1614
0b000e01 0b000f01 10316 100 524288 2174112 1581 1614
0b000101 0b000201 10320 100 524288 2172666 3056 1614
0b000801 0b000101 10045 100 524288 1916972 259244 49068
0b000f01 0b000001 10044 100 524288 1885210 291180 49068
0b000701 0b000001 10322 100 524288 2174831 1620 1614
0b000401 0b000501 10323 100 524288 2173027 3467 1614
0b000c01 0b000d01 10319 100 524288 2174869 1661 1614
0b000601 0b000701 10323 100 524288 2172601 4031 1614
0b000101 0b000201 10321 100 524288 2173013 3693 1614
0b000401 0b000501 10324 100 524288 2173217 3627 1614
0b000301 0b000401 10324 100 524288 2171419 5570 1614
0b000301 0b000401 10325 100 524288 2171429 5560 1614
0b000601 0b000701 10324 100 524288 2172832 4481 1614
0b000e01 0b000701 10041 100 524288 1815238 362210 49068
0b000001 0b000101 10323 100 524288 2175756 1597 1614
0b000301 0b000401 10326 100 524288 2171956 5783 1614
0b000c01 0b000501 10044 100 524288 1888592 289269 49068
0b000401 0b000501 10325 100 524288 2174584 3478 1614
0b000b01 0b000401 10044 100 524288 1887474 290715 49068
0b000601 0b000701 10325 100 524288 2173905 4473 1614
0b000c01 0b000d01 10320 100 524288 2176978 1586 1614
0b000a01 0b000b01 10319 100 524288 2175910 2656 1614
0b000c01 0b000501 10045 100 524288 1890280 288313 49068
0b000101 0b000201 10322 100 524288 2174819 3690 1614
0b000601 0b000701 10326 100 524288 2174455 4098 1614
0b000401 0b000d01 10041 100 524288 1845500 333070 49068
0b000101 0b000201 10323 100 524288 2175150 3465 1614
0b000301 0b000401 10327 100 524288 2173503 5292 1614
0b000301 0b000401 10328 100 524288 2173603 5259 1614
0b000501 0b000601 10325 100 524288 2177253 1617 1614
0b000401 0b000501 10326 100 524288 2176865 2111 1614
0b000b01 0b000401 10045 100 524288 1888286 290639 49068
0b000a01 0b000b01 10320 100 524288 2176291 2679 1614
0b000d01 0b000601 10043 100 524288 1877919 301210 49068
0b000f01 0b000001 10045 100 524288 1892254 287052 49068
0b000d01 0b000e01 10318 100 524288 2178189 1656 1614
0b000b01 0b000c01 10319 100 524288 2178545 1581 1614
0b000601 0b000701 10327 100 524288 2178521 1613 1614
0b000f01 0b000801 10321 100 524288 2178703 1581 1614
0b000201 0b000301 10324 100 524288 2178762 2057 1614
0b000101 0b000201 10324 100 524288 2178494 2481 1614
0b000d01 0b000e01 10319 100 524288 2179570 1656 1614
0b000201 0b000301 10325 100 524288 2179746 2254 1614
0b000001 0b000101 10324 100 524288 2179400 2992 1614
0b000101 0b000201 10325 100 524288 2179226 3215 1614
0b000001 0b000101 10325 100 524288 2179461 3006 1614
0b000101 0b000201 10326 100 524288 2180393 2623 1614
0b000701 0b000001 10323 100 524288 2179642 3968 1614
0b000401 0b000d01 10042 100 524288 1847960 335710 49068
0b000b01 0b000c01 10320 100 524288 2181980 1581 1614
0b000001 0b000101 10326 100 524288 2182316 1582 1614
0b000501 0b000601 10326 100 524288 2179534 4740 1614
0b000d01 0b000601 10044 100 524288 1881456 302952 49068
0b000d01 0b000e01 10320 100 524288 2181604 3057 1614
0b000d01 0b000e01 10321 100 524288 2181610 3057 1614
0b000c01 0b000d01 10321 100 524288 2183136 1581 1614
0b000601 0b000701 10328 100 524288 2181910 2805 1614
0b000801 0b000901 10323 100 524288 2183324 1581 1614
0b000201 0b000301 10326 100 524288 2181549 3405 1614
0b000601 0b000701 10329 100 524288 2182169 2796 1614
0b000201 0b000301 10327 100 524288 2181655 3399 1614
0b000301 0b000401 10329 100 524288 2183829 1607 1614
0b000e01 0b000f01 10317 100 524288 2184236 1581 1614
0b000501 0b000601 10327 100 524288 2179884 5990 1614
0b000d01 0b000601 10045 100 524288 1887680 298920 49068
0b000401 0b000501 10327 100 524288 2179999 6672 1614
0b000401 0b000501 10328 100 524288 2180009 6662 1614
0b000701 0b000001 10324 100 524288 2180323 6652 1614
0b000201 0b000301 10328 100 524288 2183985 3117 1614
0b000701 0b000001 10325 100 524288 2180458 6717 1614
0b000501 0b000601 10328 100 524288 2180901 7010 1614
0b000501 0b000601 10329 100 524288 2181072 6970 1614
0b000401 0b000501 10329 100 524288 2180749 7340 1614
0b000c01 0b000d01 10322 100 524288 2186571 1589 1614
0b000701 0b000001 10326 100 524288 2181388 6801 1614
0b000001 0b000101 10327 100 524288 2186650 1616 1614
0b000501 0b000601 10330 100 524288 2181603 6689 1614
0b000701 0b000001 10327 100 524288 2181563 6826 1614
0b000501 0b000601 10331 100 524288 2182016 6401 1614
0b000401 0b000501 10330 100 524288 2181199 7340 1614
0b000501 0b000e01 10041 100 524288 1856172 332441 49068
0b000d01 0b000e01 10322 100 524288 2186710 2017 1614
0b000201 0b000301 10329 100 524288 2185451 3376 1614
0b000401 0b000501 10331 100 524288 2181805 7159 1614
0b000401 0b000501 10332 100 524288 2181935 7079 1614
0b000101 0b000201 10327 100 524288 2185402 3656 1614
0b000201 0b000301 10330 100 524288 2186026 3088 1614
0b000101 0b000201 10328 100 524288 2185477 3687 1614
0b000e01 0b000f01 10318 100 524288 2187677 1589 1614
0b000701 0b000001 10328 100 524288 2183144 6220 1614
0b000901 0b000a01 10322 100 524288 2187915 1581 1614
0b000d01 0b000e01 10323 100 524288 2187757 1990 1614
0b000101 0b000201 10329 100 524288 2186908 2987 1614
0b000f01 0b000001 10046 100 524288 1916816 273414 49068
0b000401 0b000501 10333 100 524288 2188476 1863 1614
0b000301 0b000401 10330 100 524288 2187964 3281 1614
0b000601 0b000701 10330 100 524288 2187314 3972 1614
0b000701 0b000001 10329 100 524288 2187725 3645 1614
0b000301 0b000401 10331 100 524288 2188064 3337 1614
0b000701 0b000001 10330 100 524288 2188005 3440 1614
0b000601 0b000701 10331 100 524288 2187448 4638 1614
0b000d01 0b000e01 10324 100 524288 2191200 1598 1614
0b000401 0b000d01 10043 100 524288 1855297 337841 49068
0b000301 0b000401 10332 100 524288 2190142 3131 1614
0b000f01 0b000801 10322 100 524288 2192276 1597 1614
0b000a01 0b000b01 10321 100 524288 2192506 1581 1614
0b000001 0b000101 10328 100 524288 2189985 4006 1614
0b000201 0b000301 10331 100 524288 2192098 2209 1614
0b000e01 0b000f01 10319 100 524288 2191623 2931 1614
0b000e01 0b000f01 10320 100 524288 2191737 2923 1614
0b000001 0b000101 10329 100 524288 2190185 4612 1614
0b000501 0b000601 10332 100 524288 2189711 5094 1614
0b000501 0b000601 10333 100 524288 2189751 5179 1614
0b000201 0b000301 10332 100 524288 2192935 2203 1614
0b000301 0b000401 10333 100 524288 2191867 3363 1614
0b000301 0b000401 10334 100 524288 2192154 3226 1614
0b000001 0b000901 10040 100 524288 1822430 373007 49068
0b000601 0b000701 10332 100 524288 2188914 7534 1614
0b000701 0b000001 10331 100 524288 2195096 1611 1614
0b000401 0b000501 10334 100 524288 2194255 3292 1614
0b000d01 0b000e01 10325 100 524288 2196178 1581 1614
0b000601 0b000701 10333 100 524288 2189610 7969 1614
0b000501 0b000601 10334 100 524288 2191129 6532 1614
0b000001 0b000101 10330 100 524288 2191399 6427 1614
0b000401 0b000501 10335 100 524288 2194411 3436 1614
0b000501 0b000601 10335 100 524288 2191549 6543 1614
0b000501 0b000601 10336 100 524288 2192024 6293 1614
0b000801 0b000901 10324 100 524288 2196913 1601 1614
0b000501 0b000601 10337 100 524288 2193349 5243 1614
0b000001 0b000101 10331 100 524288 2192374 6752 1614
0b000101 0b000201 10330 100 524288 2197001 2233 1614
0b000601 0b000701 10334 100 524288 2190921 8423 1614
0b000601 0b000701 10335 100 524288 2191082 8393 1614
0b000401 0b000501 10336 100 524288 2196283 3214 1614
0b000501 0b000e01 10042 100 524288 1861413 338124 49068
0b000301 0b000401 10335 100 524288 2197347 2226 1614
0b000601 0b000701 10336 100 524288 2191332 8351 1614
0b000601 0b000701 10337 100 524288 2191427 8356 1614
0b000001 0b000101 10332 100 524288 2193240 6568 1614
0b000901 0b000a01 10323 100 524288 2198447 1581 1614
0b000101 0b000201 10331 100 524288 2197807 2233 1614
0b000f01 0b000801 10323 100 524288 2197564 2931 1614
0b000501 0b000e01 10043 100 524288 1863744 336521 49068
0b000301 0b000401 10336 100 524288 2198178 2220 1614
0b000001 0b000101 10333 100 524288 2194380 6153 1614
0b000001 0b000101 10334 100 524288 2194455 6078 1614
0b000f01 0b000801 10324 100 524288 2197670 2931 1614
0b000501 0b000e01 10044 100 524288 1863969 337028 49068
0b000701 0b000001 10332 100 524288 2199458 1904 1614
0b000401 0b000501 10337 100 524288 2198240 3342 1614
0b000401 0b000501 10338 100 524288 2198390 3292 1614
0b000001 0b000101 10335 100 524288 2199747 2017 1614
0b000e01 0b000f01 10321 100 524288 2200769 1581 1614
0b000701 0b000001 10333 100 524288 2200619 1893 1614
0b000901 0b000a01 10324 100 524288 2201524 1589 1614
0b000601 0b000f01 10046 100 524288 2045680 157638 49068
0b000501 0b000601 10338 100 524288 2200557 3151 1614
0b000601 0b000701 10338 100 524288 2197815 5973 1614
0b000601 0b000701 10339 100 524288 2197940 5973 1614
0b000801 0b000101 10046 100 524288 1996145 207922 49068
0b000501 0b000601 10339 100 524288 2200857 3376 1614
0b000201 0b000301 10333 100 524288 2202274 2237 1614
0b000a01 0b000b01 10322 100 524288 2203038 1581 1614
0b000501 0b000e01 10045 100 524288 1867071 337566 49068
0b000701 0b000801 10042 100 524288 1867704 337088 49068
0b000401 0b000501 10339 100 524288 2202583 2236 1614
0b000e01 0b000f01 10322 100 524288 2202547 2681 1614
0b000e01 0b000701 10042 100 524288 1836842 368481 49068
0b000201 0b000301 10334 100 524288 2203080 2237 1614
0b000101 0b000201 10332 100 524288 2202136 3241 1614
0b000401 0b000501 10340 100 524288 2203408 2217 1614
0b000501 0b000601 10340 100 524288 2202507 3217 1614
0b000001 0b000101 10336 100 524288 2204402 1932 1614
0b000801 0b000901 10325 100 524288 2203535 2975 1614
0b000801 0b000901 10326 100 524288 2203611 2974 1614
0b000e01 0b000f01 10323 100 524288 2203275 3410 1614
0b000e01 0b000f01 10324 100 524288 2204007 3053 1614
0b000601 0b000701 10340 100 524288 2200671 6554 1614
0b000f01 0b000801 10325 100 524288 2205360 2056 1614
0b000001 0b000101 10337 100 524288 2205552 1907 1614
0b000601 0b000701 10341 100 524288 2201102 6698 1614
0b000a01 0b000b01 10323 100 524288 2206123 1581 1614
0b000501 0b000601 10341 100 524288 2204592 3325 1614
0b000601 0b000701 10342 100 524288 2201327 6610 1614
0b000501 0b000601 10342 100 524288 2204692 3306 1614
0b000601 0b000701 10343 100 524288 2201602 6460 1614
0b000701 0b000001 10334 100 524288 2202384 5714 1614
0b000f01 0b000801 10326 100 524288 2206358 2064 1614
0b000101 0b000201 10333 100 524288 2202848 5575 1614
0b000701 0b000001 10335 100 524288 2202515 6258 1614
0b000b01 0b000c01 10321 100 524288 2207629 1581 1614
0b000e01 0b000f01 10325 100 524288 2207647 1600 1614
0b000701 0b000001 10336 100 524288 2202723 6575 1614
0b000801 0b000901 10327 100 524288 2207802 1595 1614
0b000701 0b000001 10337 100 524288 2202823 6575 1614
0b000f01 0b000801 10327 100 524288 2208268 1585 1614
0b000601 0b000701 10344 100 524288 2207243 2469 1614
0b000301 0b000401 10337 100 524288 2207551 2266 1614
0b000701 0b000801 10043 100 524288 1869634 340258 49068
0b000101 0b000201 10334 100 524288 2203573 6356 1614
0b000101 0b000201 10335 100 524288 2203573 6362 1614
0b000201 0b000301 10335 100 524288 2208417 1593 1614
0b000501 0b000601 10343 100 524288 2207829 2275 1614
0b000301 0b000401 10338 100 524288 2208327 2261 1614
0b000401 0b000d01 10044 100 524288 1872893 337721 49068
0b000701 0b000801 10044 100 524288 1870959 339665 49068
0b000701 0b000801 10045 100 524288 1871640 338988 49068
0b000601 0b000701 10345 100 524288 2208734 2034 1614
0b000501 0b000601 10344 100 524288 2208635 2239 1614
0b000101 0b000201 10336 100 524288 2204804 6112 1614
0b000b01 0b000c01 10322 100 524288 2210714 1581 1614
0b000101 0b000a01 10041 100 524288 1835246 377357 49068
0b000101 0b000201 10337 100 524288 2207107 5506 1614
0b000f01 0b000801 10328 100 524288 2209725 2757 1614
0b000801 0b000901 10328 100 524288 2210426 2058 1614
0b000901 0b000a01 10325 100 524288 2209550 2982 1614
0b000901 0b000a01 10326 100 524288 2209625 3007 1614
0b000201 0b000301 10336 100 524288 2211463 1584 1614
0b000f01 0b000801 10329 100 524288 2210070 3062 1614
0b000301 0b000c01 10043 100 524288 1885989 327400 49068
0b000101 0b000201 10338 100 524288 2209374 4239 1614
0b000c01 0b000d01 10323 100 524288 2212220 1584 1614
0b000101 0b000201 10339 100 524288 2210499 3439 1614
0b000901 0b000a01 10327 100 524288 2212437 1620 1614
0b000f01 0b000801 10330 100 524288 2212257 1975 1614
0b000601 0b000701 10346 100 524288 2210927 3356 1614
0b000601 0b000701 10347 100 524288 2211008 3525 1614
0b000001 0b000101 10338 100 524288 2211138 3470 1614
0b000801 0b000901 10329 100 524288 2211432 3431 1614
0b000301 0b000401 10339 100 524288 2213020 1624 1614
0b000701 0b000001 10338 100 524288 2206828 7886 1614
0b000701 0b000001 10339 100 524288 2206953 7961 1614
0b000d01 0b000e01 10326 100 524288 2213654 1581 1614
0b000c01 0b000501 10046 100 524288 1978296 237075 49068
0b000401 0b000501 10341 100 524288 2213598 1581 1614
0b000701 0b000001 10340 100 524288 2208363 8051 1614
0b000001 0b000101 10339 100 524288 2211813 4738 1614
0b000601 0b000701 10348 100 524288 2213114 3512 1614
0b000601 0b000701 10349 100 524288 2213884 2992 1614
0b000001 0b000101 10340 100 524288 2212338 4738 1614
0b000001 0b000101 10341 100 524288 2212438 4663 1614
0b000901 0b000a01 10328 100 524288 2215524 1614 1614
0b000001 0b000901 10041 100 524288 1835207 382074 49068
0b000201 0b000301 10337 100 524288 2212969 4656 1614
0b000201 0b000301 10338 100 524288 2212975 4656 1614
0b000901 0b000201 10046 100 524288 2043481 174055 49068
0b000301 0b000401 10340 100 524288 2216057 1599 1614
0b000301 0b000c01 10044 100 524288 1886964 330797 49068
0b000c01 0b000d01 10324 100 524288 2216399 1595 1614
0b000d01 0b000e01 10327 100 524288 2216844 1601 1614
0b000701 0b000001 10341 100 524288 2210265 8939 1614
0b000401 0b000501 10342 100 524288 2217654 1585 1614
0b000101 0b000201 10340 100 524288 2217648 1606 1614
0b000201 0b000301 10339 100 524288 2213956 5581 1614
0b000901 0b000a01 10329 100 524288 2217903 1610 1614
0b000e01 0b000f01 10326 100 524288 2218245 1581 1614
0b000701 0b000001 10342 100 524288 2210840 9114 1614
0b000701 0b000001 10343 100 524288 2210977 9077 1614
0b000701 0b000001 10344 100 524288 2211102 8952 1614
0b000801 0b000901 10330 100 524288 2212863 7883 1614
0b000801 0b000901 10331 100 524288 2212902 7869 1614
0b000a01 0b000b01 10325 100 524288 2215542 5404 1614
0b000701 0b000001 10345 100 524288 2213808 7071 1614
0b000501 0b000601 10346 100 524288 2218189 2877 1614
0b000a01 0b000b01 10324 100 524288 2215613 5533 1614
0b000a01 0b000b01 10326 100 524288 2215672 5549 1614
0b000001 0b000101 10342 100 524288 2217754 3402 1614
0b000501 0b000601 10345 100 524288 2218381 2860 1614
0b000701 0b000001 10346 100 524288 2217323 4118 1614
0b000001 0b000101 10343 100 524288 2217954 3537 1614
0b000201 0b000301 10340 100 524288 2215653 5838 1614
0b000901 0b000a01 10330 100 524288 2220321 1604 1614
0b000801 0b000901 10332 100 524288 2213634 8372 1614
0b000801 0b000901 10333 100 524288 2213644 8368 1614
0b000301 0b000c01 10045 100 524288 1892692 329437 49068
0b000a01 0b000b01 10327 100 524288 2217097 5069 1614
0b000201 0b000301 10341 100 524288 2216653 5588 1614
0b000401 0b000501 10343 100 524288 2220666 1594 1614
0b000401 0b000d01 10045 100 524288 1888680 333586 49068
0b000001 0b000101 10344 100 524288 2219454 2812 1614
0b000c01 0b000d01 10325 100 524288 2220771 1588 1614
0b000201 0b000301 10342 100 524288 2216978 5363 1614
0b000201 0b000b01 10042 100 524288 1866179 356387 49068
0b000d01 0b000e01 10328 100 524288 2221034 1596 1614
0b000e01 0b000f01 10327 100 524288 2221455 1581 1614
0b000101 0b000201 10341 100 524288 2219591 3503 1614
0b000a01 0b000b01 10328 100 524288 2220178 3044 1614
0b000801 0b000901 10334 100 524288 2215492 7744 1614
0b000801 0b000901 10335 100 524288 2216142 7344 1614
0b000801 0b000101 10047 100 524288 2096951 126593 49068
0b000801 0b000901 10336 100 524288 2217242 6419 1614
0b000101 0b000201 10342 100 524288 2220116 3978 1614
0b000101 0b000201 10343 100 524288 2220141 3953 1614
0b000201 0b000301 10343 100 524288 2220576 3596 1614
0b000301 0b000401 10341 100 524288 2220635 3551 1614
0b000301 0b000401 10342 100 524288 2220641 3545 1614
0b000f01 0b000801 10331 100 524288 2222836 1581 1614
0b000a01 0b000b01 10329 100 524288 2222553 1878 1614
0b000201 0b000301 10344 100 524288 2222294 2477 1614
0b000001 0b000101 10345 100 524288 2222244 3002 1614
0b000301 0b000401 10343 100 524288 2222547 3156 1614
0b000601 0b000701 10350 100 524288 2224251 1594 1614
0b000d01 0b000601 10046 100 524288 1979808 245945 49068
0b000a01 0b000b01 10330 100 524288 2224965 1616 1614
0b000001 0b000101 10346 100 524288 2222994 3702 1614
0b000001 0b000101 10347 100 524288 2223094 3652 1614
0b000c01 0b000d01 10326 100 524288 2225139 1592 1614
0b000501 0b000601 10347 100 524288 2225270 1581 1614
0b000e01 0b000f01 10328 100 524288 2225640 1586 1614
0b000f01 0b000801 10332 100 524288 2226046 1581 1614
0b000301 0b000401 10344 100 524288 2224501 3283 1614
0b000101 0b000201 10344 100 524288 2224196 3788 1614
0b000d01 0b000e01 10329 100 524288 2225276 2956 1614
0b000d01 0b000e01 10330 100 524288 2225369 2944 1614
0b000401 0b000501 10344 100 524288 2227196 1588 1614
0b000101 0b000201 10345 100 524288 2224531 4428 1614
0b000301 0b000401 10345 100 524288 2225351 3683 1614
0b000801 0b000901 10337 100 524288 2227427 1604 1614
0b000e01 0b000701 10043 100 524288 1851994 377361 49068
0b000101 0b000201 10346 100 524288 2225306 4428 1614
0b000901 0b000a01 10331 100 524288 2223756 6131 1614
0b000901 0b000a01 10332 100 524288 2223781 6112 1614
0b000201 0b000301 10345 100 524288 2227134 3055 1614
0b000201 0b000301 10346 100 524288 2227134 3080 1614
0b000401 0b000501 10345 100 524288 2228713 1602 1614
0b000701 0b000001 10347 100 524288 2228885 1603 1614
0b000601 0b000701 10351 100 524288 2228763 1956 1614
0b000101 0b000201 10347 100 524288 2226584 4136 1614
0b000301 0b000401 10346 100 524288 2227182 3564 1614
0b000301 0b000401 10347 100 524288 2227781 3188 1614
0b000b01 0b000c01 10323 100 524288 2223956 7256 1614
0b000d01 0b000e01 10331 100 524288 2229771 1596 1614
0b000f01 0b000801 10333 100 524288 2230236 1606 1614
0b000601 0b000701 10352 100 524288 2229861 1939 1614
0b000601 0b000f01 10047 100 524288 2147962 83935 49068
0b000b01 0b000c01 10324 100 524288 2224156 8287 1614
0b000001 0b000901 10042 100 524288 1849199 383374 49068
0b000401 0b000501 10346 100 524288 2230794 1806 1614
0b000b01 0b000c01 10325 100 524288 2224231 8368 1614
0b000101 0b000201 10348 100 524288 2229736 3308 1614
0b000101 0b000201 10349 100 524288 2229786 3283 1614
0b000901 0b000a01 10333 100 524288 2225016 8187 1614
0b000901 0b000a01 10334 100 524288 2225056 8172 1614
0b000a01 0b000301 10046 100 524288 2006493 226907 49068
0b000401 0b000501 10347 100 524288 2232044 1805 1614
0b000701 0b000001 10348 100 524288 2232395 1683 1614
0b000e01 0b000f01 10329 100 524288 2231242 2956 1614
0b000b01 0b000c01 10326 100 524288 2225176 9077 1614
0b000e01 0b000f01 10330 100 524288 2231323 2956 1614
0b000901 0b000a01 10335 100 524288 2226276 8152 1614
0b000901 0b000a01 10336 100 524288 2226526 8052 1614
0b000901 0b000a01 10337 100 524288 2226701 7927 1614
0b000b01 0b000c01 10327 100 524288 2225606 9047 1614
0b000201 0b000301 10347 100 524288 2232744 2056 1614
0b000301 0b000401 10348 100 524288 2233199 1601 1614
0b000001 0b000101 10348 100 524288 2233528 1598 1614
0b000401 0b000501 10348 100 524288 2233756 1581 1614
0b000b01 0b000c01 10328 100 524288 2226262 8766 1614
0b000701 0b000001 10349 100 524288 2233759 1673 1614
0b000b01 0b000c01 10329 100 524288 2227471 7957 1614
0b000201 0b000301 10348 100 524288 2233730 2051 1614
0b000901 0b000a01 10338 100 524288 2232071 3506 1614
0b000b01 0b000c01 10330 100 524288 2229621 6132 1614
0b000a01 0b000b01 10331 100 524288 2232903 3035 1614
0b000a01 0b000b01 10332 100 524288 2232927 3036 1614
0b000e01 0b000f01 10331 100 524288 2234377 1605 1614
0b000c01 0b000d01 10327 100 524288 2234252 1806 1614
0b000801 0b000901 10338 100 524288 2234852 1586 1614
0b000f01 0b000801 10334 100 524288 2234907 1581 1614
0b000e01 0b000701 10044 100 524288 1857304 379335 49068
0b000501 0b000601 10348 100 524288 2235610 1581 1614
0b000901 0b000a01 10339 100 524288 2235613 1600 1614
0b000c01 0b000d01 10328 100 524288 2235483 1806 1614
0b000301 0b000401 10349 100 524288 2236410 1669 1614
0b000001 0b000101 10349 100 524288 2237118 1698 1614
0b000201 0b000301 10349 100 524288 2236054 3062 1614
0b000201 0b000301 10350 100 524288 2236079 3037 1614
0b000101 0b000201 10350 100 524288 2238166 1583 1614
0b000501 0b000601 10349 100 524288 2238347 1581 1614
0b000301 0b000401 10350 100 524288 2237810 2187 1614
0b000001 0b000101 10350 100 524288 2238472 1707 1614
0b000001 0b000901 10043 100 524288 1854770 385815 49068
0b000f01 0b000801 10335 100 524288 2237208 3490 1614
0b000f01 0b000801 10336 100 524288 2237289 3559 1614
0b000301 0b000401 10351 100 524288 2238791 2112 1614
0b000901 0b000a01 10340 100 524288 2239478 1585 1614
0b000801 0b000901 10339 100 524288 2239498 1597 1614
0b000701 0b000001 10350 100 524288 2239679 1597 1614
0b000c01 0b000d01 10329 100 524288 2237293 3985 1614
0b000f01 0b000801 10337 100 524288 2238992 2709 1614
0b000601 0b000701 10353 100 524288 2240201 1581 1614
0b000d01 0b000e01 10332 100 524288 2240329 1595 1614
0b000b01 0b000c01 10331 100 524288 2238978 3060 1614
0b000b01 0b000c01 10332 100 524288 2239003 3035 1614
0b000201 0b000b01 10043 100 524288 1877619 364607 49068
0b000c01 0b000d01 10330 100 524288 2237693 4687 1614
0b000a01 0b000b01 10333 100 524288 2236213 6406 1614
0b000a01 0b000b01 10334 100 524288 2236238 6387 1614
0b000401 0b000501 10349 100 524288 2241089 1581 1614
0b000c01 0b000d01 10331 100 524288 2238468 4668 1614
0b000e01 0b000701 10045 100 524288 1860914 382281 49068
0b000c01 0b000d01 10332 100 524288 2238793 4449 1614
0b000101 0b000201 10351 100 524288 2241826 1683 1614
0b000201 0b000301 10351 100 524288 2242759 1598 1614
0b000601 0b000701 10354 100 524288 2242938 1581 1614
0b000101 0b000201 10352 100 524288 2243189 1697 1614
0b000401 0b000501 10350 100 524288 2243007 2131 1614
0b000001 0b000101 10351 100 524288 2244286 1586 1614
0b000401 0b000501 10351 100 524288 2243913 2142 1614
0b000a01 0b000b01 10335 100 524288 2237438 8512 1614
0b000901 0b000a01 10341 100 524288 2243625 2558 1614
0b000a01 0b000b01 10336 100 524288 2237588 8618 1614
0b000a01 0b000b01 10337 100 524288 2237638 8593 1614
0b000d01 0b000e01 10333 100 524288 2244318 1960 1614
0b000e01 0b000f01 10332 100 524288 2244934 1590 1614
0b000701 0b000001 10351 100 524288 2244822 1656 1614
0b000101 0b000a01 10042 100 524288 1855411 391157 49068
0b000901 0b000a01 10342 100 524288 2244135 2548 1614
0b000a01 0b000b01 10338 100 524288 2238587 8229 1614
0b000901 0b000201 10047 100 524288 2125068 121966 49068
0b000501 0b000601 10350 100 524288 2245680 1581 1614
0b000a01 0b000b01 10339 100 524288 2240223 7143 1614
0b000801 0b000901 10340 100 524288 2243708 3806 1614
0b000801 0b000901 10341 100 524288 2243858 3912 1614
0b000a01 0b000b01 10340 100 524288 2244073 3918 1614
0b000701 0b000001 10352 100 524288 2246205 1854 1614
0b000c01 0b000d01 10333 100 524288 2245078 3063 1614
0b000c01 0b000d01 10334 100 524288 2245078 3063 1614
0b000801 0b000901 10342 100 524288 2244711 3490 1614
0b000201 0b000301 10352 100 524288 2246519 1673 1614
0b000b01 0b000c01 10333 100 524288 2245266 3706 1614
0b000301 0b000401 10352 100 524288 2247367 1583 1614
0b000701 0b000001 10353 100 524288 2247529 1786 1614
0b000d01 0b000e01 10334 100 524288 2245420 4023 1614
0b000201 0b000301 10353 100 524288 2247896 1661 1614
0b000d01 0b000e01 10335 100 524288 2246176 4067 1614
0b000501 0b000601 10351 100 524288 2248148 2131 1614
0b000d01 0b000e01 10336 100 524288 2246252 4016 1614
0b000101 0b000201 10353 100 524288 2248882 1587 1614
0b000b01 0b000c01 10334 100 524288 2245659 5034 1614
0b000b01 0b000c01 10335 100 524288 2245699 5144 1614
0b000e01 0b000f01 10333 100 524288 2249318 1591 1614
0b000f01 0b000801 10338 100 524288 2249534 1581 1614
0b000501 0b000601 10352 100 524288 2249065 2131 1614
0b000201 0b000301 10354 100 524288 2250044 1583 1614
0b000601 0b000701 10355 100 524288 2250271 1581 1614
0b000d01 0b000e01 10337 100 524288 2251151 1611 1614
0b000001 0b000101 10352 100 524288 2251069 1781 1614
0b000301 0b000401 10353 100 524288 2251202 1681 1614
0b000a01 0b000b01 10341 100 524288 2249193 3711 1614
0b000c01 0b000d01 10335 100 524288 2252012 1597 1614
0b000a01 0b000b01 10342 100 524288 2249578 4076 1614
0b000a01 0b000b01 10343 100 524288 2249693 4036 1614
0b000001 0b000101 10353 100 524288 2252325 1781 1614
0b000d01 0b000601 10047 100 524288 2069198 184947 49068
0b000301 0b000401 10354 100 524288 2252567 1687 1614
0b000901 0b000a01 10343 100 524288 2250554 3796 1614
0b000e01 0b000f01 10334 100 524288 2252453 2231 1614
0b000201 0b000301 10355 100 524288 2253479 1583 1614
0b000901 0b000a01 10344 100 524288 2250810 4040 1614
0b000901 0b000a01 10345 100 524288 2251241 3809 1614
0b000e01 0b000f01 10335 100 524288 2253278 2212 1614
0b000801 0b000901 10343 100 524288 2254125 1581 1614
0b000601 0b000701 10356 100 524288 2254206 1581 1614
0b000b01 0b000401 10046 100 524288 2006287 249834 49068
0b000301 0b000401 10355 100 524288 2254637 1581 1614
0b000201 0b000b01 10044 100 524288 1887795 368507 49068
0b000b01 0b000c01 10336 100 524288 2248990 7443 1614
0b000701 0b000001 10354 100 524288 2254862 1581 1614
0b000501 0b000e01 10046 100 524288 1949179 307341 49068
0b000c01 0b000d01 10336 100 524288 2253733 2907 1614
0b000c01 0b000d01 10337 100 524288 2253883 2913 1614
0b000b01 0b000c01 10337 100 524288 2249246 7575 1614
0b000201 0b000b01 10045 100 524288 1888107 368927 49068
0b000b01 0b000c01 10338 100 524288 2249286 7691 1614
0b000e01 0b000f01 10336 100 524288 2255772 1597 1614
0b000101 0b000201 10354 100 524288 2255860 1581 1614
0b000b01 0b000c01 10339 100 524288 2249856 7629 1614
0b000401 0b000501 10352 100 524288 2255893 1681 1614
0b000b01 0b000c01 10340 100 524288 2250406 7504 1614
0b000d01 0b000e01 10338 100 524288 2256619 1581 1614
0b000601 0b000701 10357 100 524288 2257155 1581 1614
0b000301 0b000c01 10046 100 524288 1944452 314435 49068
0b000401 0b000501 10353 100 524288 2257264 1683 1614
0b000301 0b000401 10356 100 524288 2258072 1584 1614
0b000f01 0b000801 10339 100 524288 2257694 2236 1614
0b000701 0b000001 10355 100 524288 2258797 1581 1614
0b000f01 0b000801 10340 100 524288 2258500 2255 1614
0b000a01 0b000b01 10344 100 524288 2257360 3454 1614
0b000001 0b000101 10354 100 524288 2259453 1581 1614
0b000401 0b000d01 10046 100 524288 1934047 326994 49068
0b000e01 0b000f01 10337 100 524288 2259530 1600 1614
0b000a01 0b000b01 10345 100 524288 2257860 3904 1614
0b000a01 0b000b01 10346 100 524288 2258060 3804 1614
0b000201 0b000301 10356 100 524288 2260451 1581 1614
0b000401 0b000501 10354 100 524288 2259131 2959 1614
0b000b01 0b000c01 10341 100 524288 2255914 6184 1614
0b000501 0b000601 10353 100 524288 2260584 1581 1614
0b000401 0b000501 10355 100 524288 2259228 2940 1614
0b000d01 0b000e01 10339 100 524288 2259680 2918 1614
0b000b01 0b000c01 10342 100 524288 2256664 5959 1614
0b000b01 0b000c01 10343 100 524288 2256739 5959 1614
0b000d01 0b000e01 10340 100 524288 2259836 2887 1614
0b000e01 0b000f01 10338 100 524288 2261210 1581 1614
0b000101 0b000a01 10043 100 524288 1864966 398338 49068
0b000701 0b000001 10356 100 524288 2261746 1581 1614
0b000901 0b000201 10048 100 524288 2172373 91401 49068
0b000401 0b000501 10356 100 524288 2262666 1581 1614
0b000b01 0b000c01 10344 100 524288 2259312 4942 1614
0b000c01 0b000d01 10338 100 524288 2259473 4840 1614
0b000801 0b000901 10344 100 524288 2262940 1600 1614
0b000b01 0b000c01 10345 100 524288 2260044 4560 1614
0b000101 0b000201 10355 100 524288 2264044 1581 1614
0b000d01 0b000e01 10341 100 524288 2264081 1623 1614
0b000f01 0b000801 10341 100 524288 2264140 1593 1614
0b000b01 0b000c01 10346 100 524288 2263854 1925 1614
0b000701 0b000801 10046 100 524288 1927290 338627 49068
0b000c01 0b000d01 10339 100 524288 2259861 6199 1614
0b000c01 0b000d01 10340 100 524288 2260017 6499 1614
0b000301 0b000401 10357 100 524288 2265042 1581 1614
0b000f01 0b000801 10342 100 524288 2265801 1582 1614
0b000a01 0b000b01 10347 100 524288 2266314 1591 1614
0b000001 0b000101 10355 100 524288 2266337 1581 1614
0b000c01 0b000d01 10341 100 524288 2260920 7327 1614
0b000201 0b000301 10357 100 524288 2266784 1581 1614
0b000501 0b000601 10354 100 524288 2265100 3306 1614
0b000501 0b000601 10355 100 524288 2265178 3384 1614
0b000e01 0b000f01 10339 100 524288 2265608 2931 1614
0b000201 0b000b01 10046 100 524288 1898899 369847 49068
0b000e01 0b000f01 10340 100 524288 2265733 2912 1614
0b000901 0b000a01 10346 100 524288 2267580 1588 1614
0b000501 0b000601 10356 100 524288 2267257 2336 1614
0b000c01 0b000d01 10342 100 524288 2261897 7706 1614
0b000e01 0b000f01 10341 100 524288 2268714 1581 1614
0b000401 0b000501 10357 100 524288 2269633 1581 1614
0b000801 0b000901 10345 100 524288 2268743 3406 1614
0b000101 0b000201 10356 100 524288 2270928 1581 1614
0b000801 0b000901 10346 100 524288 2268927 3578 1614
0b000001 0b000901 10044 100 524288 1874484 398133 49068
0b000301 0b000401 10358 100 524288 2271375 1581 1614
0b000d01 0b000e01 10342 100 524288 2271287 1691 1614
0b000c01 0b000d01 10343 100 524288 2265108 8018 1614
0b000b01 0b000c01 10347 100 524288 2270945 2214 1614
0b000001 0b000901 10045 100 524288 1874494 398855 49068
0b000801 0b000901 10347 100 524288 2270393 2843 1614
0b000c01 0b000d01 10344 100 524288 2265633 7893 1614
0b000c01 0b000d01 10345 100 524288 2265708 7843 1614
0b000b01 0b000c01 10348 100 524288 2271786 2210 1614
0b000c01 0b000d01 10346 100 524288 2267264 6829 1614
0b000601 0b000701 10358 100 524288 2271416 2881 1614
0b000c01 0b000d01 10347 100 524288 2267644 6524 1614
0b000d01 0b000e01 10343 100 524288 2272643 1681 1614
0b000601 0b000701 10359 100 524288 2271572 2902 1614
0b000f01 0b000801 10343 100 524288 2273305 1581 1614
0b000501 0b000601 10357 100 524288 2274224 1581 1614
0b000201 0b000301 10358 100 524288 2275519 1581 1614
0b000401 0b000501 10358 100 524288 2275966 1581 1614
0b000e01 0b000f01 10342 100 524288 2275988 1728 1614
0b000c01 0b000d01 10348 100 524288 2276169 2222 1614
0b000101 0b000a01 10044 100 524288 1875044 403735 49068
0b000e01 0b000f01 10343 100 524288 2277334 1707 1614
0b000c01 0b000d01 10349 100 524288 2277006 2210 1614
0b000101 0b000a01 10045 100 524288 1875069 404442 49068
0b000801 0b000901 10348 100 524288 2277896 1593 1614
0b000701 0b000001 10357 100 524288 2277307 2856 1614
0b000701 0b000001 10358 100 524288 2277484 2860 1614
0b000901 0b000a01 10347 100 524288 2275189 5406 1614
0b000301 0b000401 10359 100 524288 2280110 1581 1614
0b000d01 0b000e01 10344 100 524288 2276166 5656 1614
0b000901 0b000a01 10348 100 524288 2275545 6469 1614
0b000501 0b000601 10358 100 524288 2280557 1581 1614
0b000901 0b000a01 10349 100 524288 2275657 6507 1614
0b000f01 0b000801 10344 100 524288 2280726 1731 1614
0b000901 0b000a01 10351 100 524288 2276246 6318 1614
0b000901 0b000a01 10350 100 524288 2276359 6255 1614
0b000f01 0b000801 10345 100 524288 2282051 1712 1614
0b000d01 0b000e01 10345 100 524288 2276536 7292 1614
0b000d01 0b000e01 10346 100 524288 2276561 7273 1614
0b000901 0b000a01 10352 100 524288 2282499 1590 1614
0b000a01 0b000b01 10348 100 524288 2281789 2481 1614
0b000d01 0b000e01 10347 100 524288 2277103 7437 1614
0b000d01 0b000e01 10348 100 524288 2277178 7443 1614
0b000001 0b000101 10356 100 524288 2283173 2856 1614
0b000001 0b000101 10357 100 524288 2283354 2856 1614
0b000401 0b000501 10359 100 524288 2284701 1581 1614
0b000d01 0b000e01 10349 100 524288 2281401 4931 1614
0b000a01 0b000b01 10349 100 524288 2282521 3855 1614
0b000e01 0b000f01 10344 100 524288 2284832 1601 1614
0b000d01 0b000e01 10350 100 524288 2282226 4257 1614
0b000601 0b000701 10360 100 524288 2285148 1581 1614
0b000a01 0b000301 10047 100 524288 2114739 172553 49068
0b000801 0b000901 10349 100 524288 2286773 1581 1614
0b000b01 0b000c01 10349 100 524288 2287280 1602 1614
0b000a01 0b000b01 10350 100 524288 2283635 5297 1614
0b000e01 0b000f01 10345 100 524288 2286838 3355 1614
0b000101 0b000201 10357 100 524288 2289039 1581 1614
0b000b01 0b000c01 10350 100 524288 2289386 1596 1614
0b000f01 0b000801 10346 100 524288 2289443 1601 1614
0b000701 0b000001 10359 100 524288 2289739 1581 1614
0b000a01 0b000b01 10351 100 524288 2285054 6384 1614
0b000a01 0b000b01 10352 100 524288 2285174 6365 1614
0b000a01 0b000b01 10353 100 524288 2285624 6165 1614
0b000301 0b000401 10360 100 524288 2290302 1581 1614
0b000a01 0b000b01 10354 100 524288 2287099 5040 1614
0b000d01 0b000601 10048 100 524288 2141844 150352 49068
0b000901 0b000a01 10353 100 524288 2291364 1581 1614
0b000e01 0b000f01 10346 100 524288 2287550 5425 1614
0b000e01 0b000f01 10347 100 524288 2287631 5425 1614
0b000c01 0b000d01 10350 100 524288 2291892 1581 1614
0b000b01 0b000c01 10351 100 524288 2291942 1581 1614
0b000e01 0b000f01 10348 100 524288 2289342 4886 1614
0b000e01 0b000f01 10349 100 524288 2289493 4760 1614
0b000f01 0b000801 10347 100 524288 2293203 1581 1614
0b000c01 0b000501 10047 100 524288 2103037 192064 49068
0b000001 0b000901 10046 100 524288 1893374 401819 49068
0b000201 0b000301 10359 100 524288 2293630 1581 1614
0b000c01 0b000d01 10351 100 524288 2293992 1606 1614
0b000001 0b000101 10358 100 524288 2294330 1581 1614
0b000401 0b000501 10360 100 524288 2294893 1581 1614
0b000601 0b000701 10361 100 524288 2295206 1581 1614
0b000801 0b000101 10048 100 524288 2230637 66526 49068
0b000a01 0b000b01 10355 100 524288 2295955 1593 1614
0b000d01 0b000e01 10351 100 524288 2296483 1581 1614
0b000c01 0b000d01 10352 100 524288 2296533 1590 1614
0b000801 0b000901 10350 100 524288 2297794 1591 1614
0b000b01 0b000c01 10352 100 524288 2294448 5281 1614
0b000501 0b000601 10359 100 524288 2298111 1681 1614
0b000901 0b000a01 10354 100 524288 2298203 1581 1614
0b000b01 0b000c01 10353 100 524288 2294549 5486 1614
0b000d01 0b000e01 10352 100 524288 2298608 1581 1614
0b000b01 0b000c01 10354 100 524288 2294799 5492 1614
0b000b01 0b000c01 10355 100 524288 2295149 5248 1614
0b000f01 0b000801 10348 100 524288 2295985 4556 1614
0b000f01 0b000801 10349 100 524288 2296066 4706 1614
0b000501 0b000601 10360 100 524288 2299484 1664 1614
0b000701 0b000001 10360 100 524288 2299797 1581 1614
0b000101 0b000201 10358 100 524288 2300173 1581 1614
0b000f01 0b000801 10350 100 524288 2297238 4711 1614
0b000f01 0b000801 10351 100 524288 2297263 4686 1614
0b000e01 0b000f01 10350 100 524288 2301074 1581 1614
0b000601 0b000701 10362 100 524288 2302802 1681 1614
0b000a01 0b000b01 10356 100 524288 2302794 1581 1614
0b000e01 0b000f01 10351 100 524288 2303199 1581 1614
0b000601 0b000701 10363 100 524288 2304158 1681 1614
0b000001 0b000101 10359 100 524288 2304388 1581 1614
0b000201 0b000301 10360 100 524288 2304764 1581 1614
0b000c01 0b000d01 10353 100 524288 2302739 3756 1614
0b000c01 0b000d01 10354 100 524288 2303045 4056 1614
0b000c01 0b000d01 10355 100 524288 2303301 3931 1614
0b000f01 0b000801 10352 100 524288 2305665 1586 1614
0b000801 0b000901 10351 100 524288 2303551 4106 1614
0b000101 0b000a01 10046 100 524288 1896240 411850 49068
0b000801 0b000901 10352 100 524288 2303782 4558 1614
0b000b01 0b000c01 10356 100 524288 2307385 1581 1614
0b000701 0b000001 10361 100 524288 2307493 1681 1614
0b000f01 0b000801 10353 100 524288 2307790 1598 1614
0b000801 0b000901 10353 100 524288 2304959 4535 1614
0b000801 0b000901 10354 100 524288 2304959 4541 1614
0b000701 0b000001 10362 100 524288 2308849 1681 1614
0b000101 0b000201 10359 100 524288 2308979 1581 1614
0b000301 0b000401 10361 100 524288 2309355 1581 1614
0b000a01 0b000301 10048 100 524288 2152054 159457 49068
0b000801 0b000901 10355 100 524288 2310261 1581 1614
0b000a01 0b000b01 10357 100 524288 2311100 1592 1614
0b000d01 0b000e01 10353 100 524288 2309505 3246 1614
0b000901 0b000a01 10355 100 524288 2310667 2581 1614
0b000c01 0b000d01 10356 100 524288 2311976 1585 1614
0b000001 0b000101 10360 100 524288 2312184 1681 1614
0b000d01 0b000e01 10354 100 524288 2310111 3831 1614
0b000d01 0b000e01 10355 100 524288 2310242 3756 1614
0b000801 0b000901 10356 100 524288 2312398 1600 1614
0b000901 0b000a01 10356 100 524288 2311350 3229 1614
0b000901 0b000a01 10357 100 524288 2312510 2650 1614
0b000201 0b000301 10361 100 524288 2313570 1601 1614
0b000001 0b000101 10361 100 524288 2313540 1681 1614
0b000401 0b000501 10361 100 524288 2313946 1600 1614
0b000301 0b000401 10362 100 524288 2314521 1581 1614
0b000b01 0b000c01 10357 100 524288 2315702 1581 1614
0b000e01 0b000f01 10352 100 524288 2315761 2110 1614
0b000901 0b000201 10049 100 524288 2258746 59421 49068
0b000d01 0b000e01 10356 100 524288 2316571 1596 1614
0b000101 0b000201 10360 100 524288 2316875 1681 1614
0b000301 0b000401 10363 100 524288 2318181 1581 1614
0b000101 0b000201 10361 100 524288 2318231 1681 1614
0b000501 0b000601 10361 100 524288 2318556 1606 1614
0b000e01 0b000f01 10353 100 524288 2316952 3271 1614
0b000e01 0b000f01 10354 100 524288 2317008 3246 1614
0b000401 0b000501 10362 100 524288 2319112 1581 1614
0b000c01 0b000d01 10357 100 524288 2320293 1581 1614
0b000e01 0b000f01 10355 100 524288 2321177 1581 1614
0b000201 0b000301 10362 100 524288 2321177 2656 1614
0b000201 0b000301 10363 100 524288 2321566 2648 1614
0b000401 0b000501 10363 100 524288 2322772 1581 1614
0b000601 0b000701 10364 100 524288 2323172 1606 1614
0b000501 0b000601 10362 100 524288 2323703 1581 1614
0b000201 0b000b01 10047 100 524288 1964983 361195 49068
0b000f01 0b000001 10047 100 524288 2151815 174392 49068
0b000f01 0b000801 10354 100 524288 2323233 3181 1614
0b000d01 0b000e01 10357 100 524288 2324884 1581 1614
0b000f01 0b000801 10355 100 524288 2323264 3206 1614
0b000f01 0b000801 10356 100 524288 2325768 1958 1614
0b000701 0b000001 10363 100 524288 2327788 1606 1614
0b000301 0b000401 10364 100 524288 2326843 2656 1614
0b000601 0b000701 10365 100 524288 2328294 1581 1614
0b000301 0b000401 10365 100 524288 2327224 2656 1614
0b000001 0b000101 10362 100 524288 2329217 1581 1614
0b000b01 0b000c01 10358 100 524288 2329188 1581 1614
0b000e01 0b000f01 10356 100 524288 2329475 1581 1614
0b000a01 0b000301 10049 100 524288 2172027 159868 49068
0b000301 0b000c01 10047 100 524288 2032008 301704 49068
0b000401 0b000501 10364 100 524288 2332509 1581 1614
0b000701 0b000001 10364 100 524288 2332885 1581 1614
0b000c01 0b000d01 10358 100 524288 2333779 1581 1614
0b000101 0b000201 10362 100 524288 2333808 1581 1614
0b000f01 0b000801 10357 100 524288 2334066 1581 1614
0b000701 0b000801 10047 100 524288 1997935 337874 49068
0b000301 0b000401 10366 100 524288 2334905 1581 1614
0b000101 0b000a01 10047 100 524288 1926545 411397 49068
0b000c01 0b000d01 10359 100 524288 2336722 1581 1614
0b000501 0b000601 10363 100 524288 2337100 1581 1614
0b000001 0b000101 10363 100 524288 2337476 1581 1614
0b000d01 0b000e01 10358 100 524288 2338370 1581 1614
0b000201 0b000301 10364 100 524288 2338399 1581 1614
0b000401 0b000501 10365 100 524288 2339496 1581 1614
0b000001 0b000901 10047 100 524288 1941482 399766 49068
0b000801 0b000901 10357 100 524288 2338657 2881 1614
0b000b01 0b000401 10047 100 524288 2090326 251349 49068
0b000801 0b000901 10358 100 524288 2338819 2875 1614
0b000a01 0b000b01 10358 100 524288 2340952 1581 1614
0b000d01 0b000e01 10359 100 524288 2341313 1581 1614
0b000601 0b000701 10366 100 524288 2341691 1581 1614
0b000101 0b000201 10363 100 524288 2342067 1581 1614
0b000c01 0b000501 10048 100 524288 2149317 194751 49068
0b000e01 0b000f01 10357 100 524288 2342961 1581 1614
0b000301 0b000401 10367 100 524288 2342990 1581 1614
0b000501 0b000601 10364 100 524288 2344087 1598 1614
0b000401 0b000501 10366 100 524288 2344685 1581 1614
0b000901 0b000a01 10358 100 524288 2344258 2606 1614
0b000b01 0b000c01 10359 100 524288 2345543 1581 1614
0b000901 0b000a01 10359 100 524288 2344704 2591 1614
0b000f01 0b000001 10048 100 524288 2166010 181309 49068
0b000e01 0b000f01 10358 100 524288 2345904 1581 1614
0b000701 0b000001 10365 100 524288 2346282 1581 1614
0b000501 0b000601 10365 100 524288 2347078 1603 1614
0b000f01 0b000801 10358 100 524288 2347552 1581 1614
0b000401 0b000501 10367 100 524288 2347581 1581 1614
0b000601 0b000701 10367 100 524288 2348695 1606 1614
0b000501 0b000601 10366 100 524288 2349276 1581 1614
0b000501 0b000e01 10047 100 524288 2036092 315446 49068
0b000c01 0b000d01 10360 100 524288 2350134 1581 1614
0b000f01 0b000801 10359 100 524288 2350495 1581 1614
0b000a01 0b000b01 10359 100 524288 2349874 2606 1614
0b000a01 0b000b01 10360 100 524288 2350305 2606 1614
0b000001 0b000101 10364 100 524288 2350329 2506 1614
0b000601 0b000701 10368 100 524288 2351691 1606 1614
0b000001 0b000101 10365 100 524288 2350873 2493 1614
0b000801 0b000901 10359 100 524288 2352143 1581 1614
0b000501 0b000601 10367 100 524288 2352172 1581 1614
0b000701 0b000001 10366 100 524288 2353311 1606 1614
0b000601 0b000701 10369 100 524288 2353867 1581 1614
0b000e01 0b000f01 10359 100 524288 2354548 1602 1614
0b000d01 0b000e01 10360 100 524288 2354725 1581 1614
0b000801 0b000901 10360 100 524288 2355086 1581 1614
0b000401 0b000d01 10047 100 524288 2030176 326424 49068
0b000101 0b000201 10364 100 524288 2355845 1581 1614
0b000701 0b000001 10367 100 524288 2356307 1606 1614
0b000b01 0b000c01 10360 100 524288 2355490 2606 1614
0b000901 0b000a01 10360 100 524288 2356734 1581 1614
0b000601 0b000701 10370 100 524288 2356763 1581 1614
0b000b01 0b000c01 10361 100 524288 2355921 2606 1614
0b000001 0b000101 10366 100 524288 2357927 1606 1614
0b000701 0b000001 10368 100 524288 2358458 1581 1614
0b000601 0b000f01 10048 100 524288 2206718 153685 49068
0b000f01 0b000801 10360 100 524288 2359160 1606 1614
0b000e01 0b000f01 10360 100 524288 2359316 1594 1614
0b000d01 0b000e01 10361 100 524288 2359610 1596 1614
0b000901 0b000a01 10361 100 524288 2359677 1581 1614
0b000201 0b000301 10365 100 524288 2360436 1581 1614
0b000001 0b000101 10367 100 524288 2360923 1581 1614
0b000c01 0b000d01 10361 100 524288 2361106 2606 1614
0b000101 0b000201 10365 100 524288 2362543 1606 1614
0b000c01 0b000d01 10362 100 524288 2361537 2606 1614
0b000001 0b000101 10368 100 524288 2363049 1581 1614
0b000801 0b000901 10361 100 524288 2363776 1587 1614
0b000e01 0b000f01 10361 100 524288 2364216 1597 1614
0b000a01 0b000b01 10361 100 524288 2364268 1581 1614
0b000f01 0b000801 10361 100 524288 2363413 2531 1614
0b000f01 0b000801 10362 100 524288 2363920 2530 1614
0b000301 0b000401 10368 100 524288 2365027 1581 1614
0b000101 0b000201 10366 100 524288 2365514 1581 1614
0b000e01 0b000701 10046 100 524288 1968518 399543 49068
0b000101 0b000201 10367 100 524288 2367640 1581 1614
0b000d01 0b000e01 10362 100 524288 2366722 2606 1614
0b000d01 0b000e01 10363 100 524288 2367153 2606 1614
0b000901 0b000a01 10362 100 524288 2368373 1606 1614
0b000f01 0b000801 10363 100 524288 2368823 1581 1614
0b000801 0b000901 10362 100 524288 2368954 2531 1614
0b000401 0b000501 10368 100 524288 2369618 1581 1614
0b000201 0b000301 10366 100 524288 2370105 1581 1614
0b000801 0b000901 10363 100 524288 2369460 2531 1614
0b000701 0b000001 10369 100 524288 2371071 1581 1614
0b000201 0b000301 10367 100 524288 2372231 1581 1614
0b000a01 0b000b01 10362 100 524288 2372989 1606 1614
0b000e01 0b000f01 10362 100 524288 2372338 2606 1614
0b000801 0b000901 10364 100 524288 2373414 1581 1614
0b000e01 0b000f01 10363 100 524288 2372769 2606 1614
0b000501 0b000601 10368 100 524288 2374209 1581 1614
0b000901 0b000a01 10363 100 524288 2374495 1581 1614
0b000301 0b000401 10369 100 524288 2374696 1581 1614
0b000001 0b000101 10369 100 524288 2375662 1581 1614
0b000b01 0b000c01 10362 100 524288 2377605 1606 1614
0b000f01 0b000801 10364 100 524288 2377954 1581 1614
0b000901 0b000a01 10364 100 524288 2378005 1581 1614
0b000601 0b000701 10371 100 524288 2378800 1581 1614
0b000a01 0b000b01 10363 100 524288 2379086 1581 1614
0b000101 0b000201 10368 100 524288 2380253 1581 1614
0b000c01 0b000d01 10363 100 524288 2382221 1606 1614
0b000a01 0b000b01 10364 100 524288 2382596 1581 1614
0b000b01 0b000c01 10363 100 524288 2383677 1581 1614
0b000201 0b000301 10368 100 524288 2384844 1581 1614
0b000e01 0b000701 10047 100 524288 1989000 398721 49068
0b000b01 0b000c01 10364 100 524288 2387187 1581 1614
0b000c01 0b000d01 10364 100 524288 2388268 1581 1614
0b000301 0b000401 10370 100 524288 2389435 1581 1614
0b000f01 0b000001 10049 100 524288 2188827 203095 49068
0b000701 0b000001 10370 100 524288 2390731 1581 1614
0b000d01 0b000e01 10364 100 524288 2392859 1581 1614
0b000401 0b000501 10369 100 524288 2394026 1581 1614
0b000301 0b000c01 10048 100 524288 2102085 294967 49068
0b000001 0b000101 10370 100 524288 2394932 2656 1614
0b000001 0b000101 10371 100 524288 2395322 2647 1614
0b000501 0b000601 10369 100 524288 2398617 1581 1614
0b000c01 0b000d01 10365 100 524288 2400062 1581 1614
0b000b01 0b000401 10048 100 524288 2143115 258984 49068
0b000101 0b000201 10369 100 524288 2400598 2656 1614
0b000101 0b000201 10370 100 524288 2400979 2656 1614
0b000601 0b000f01 10049 100 524288 2224076 180011 49068
0b000d01 0b000e01 10365 100 524288 2404653 1581 1614
0b000401 0b000501 10370 100 524288 2405109 1581 1614
0b000f01 0b000801 10365 100 524288 2407097 1581 1614
0b000201 0b000301 10369 100 524288 2406264 2656 1614
0b000201 0b000301 10370 100 524288 2406645 2656 1614
0b000e01 0b000f01 10364 100 524288 2409244 1581 1614
0b000501 0b000601 10370 100 524288 2409700 1581 1614
0b000801 0b000901 10365 100 524288 2411688 1581 1614
0b000301 0b000401 10371 100 524288 2411930 2656 1614
0b000301 0b000401 10372 100 524288 2412311 2656 1614
0b000f01 0b000801 10366 100 524288 2413835 1581 1614
0b000601 0b000701 10372 100 524288 2414291 1581 1614
0b000901 0b000a01 10365 100 524288 2416279 1581 1614
0b000801 0b000901 10366 100 524288 2418426 1581 1614
0b000401 0b000501 10371 100 524288 2417596 2656 1614
0b000701 0b000001 10371 100 524288 2418882 1581 1614
0b000401 0b000501 10372 100 524288 2417977 2656 1614
0b000a01 0b000b01 10365 100 524288 2420870 1581 1614
0b000901 0b000a01 10366 100 524288 2423017 1581 1614
0b000001 0b000101 10372 100 524288 2423473 1581 1614
0b000401 0b000d01 10048 100 524288 2099724 325499 49068
0b000501 0b000601 10371 100 524288 2423262 2656 1614
0b000501 0b000601 10372 100 524288 2423643 2656 1614
0b000b01 0b000c01 10365 100 524288 2425461 1581 1614
0b000a01 0b000b01 10366 100 524288 2427608 1581 1614
0b000101 0b000201 10371 100 524288 2428064 1581 1614
0b000d01 0b000e01 10366 100 524288 2428233 1581 1614
0b000601 0b000701 10373 100 524288 2428928 1581 1614
0b000c01 0b000d01 10366 100 524288 2430052 1581 1614
0b000201 0b000301 10371 100 524288 2432655 1581 1614
0b000e01 0b000f01 10365 100 524288 2432824 1581 1614
0b000d01 0b000e01 10367 100 524288 2434643 1581 1614
0b000f01 0b000801 10367 100 524288 2437415 1581 1614
0b000501 0b000e01 10048 100 524288 2113478 329796 49068
0b000801 0b000901 10367 100 524288 2442006 1581 1614
0b000801 0b000101 10049 100 524288 2263765 179917 49068
0b000e01 0b000f01 10366 100 524288 2446284 1581 1614
0b000901 0b000a01 10367 100 524288 2446597 1581 1614
0b000101 0b000201 10372 100 524288 2446692 1581 1614
0b000f01 0b000801 10368 100 524288 2450875 1581 1614
0b000a01 0b000b01 10367 100 524288 2451188 1581 1614
0b000201 0b000301 10372 100 524288 2451283 1581 1614
0b000b01 0b000401 10049 100 524288 2181576 275127 49068
0b000801 0b000901 10368 100 524288 2455466 1581 1614
0b000b01 0b000c01 10366 100 524288 2455779 1581 1614
0b000301 0b000401 10373 100 524288 2455874 1581 1614
0b000901 0b000a01 10368 100 524288 2460057 1581 1614
0b000401 0b000501 10373 100 524288 2459713 2281 1614
0b000401 0b000501 10374 100 524288 2460465 2285 1614
0b000a01 0b000b01 10368 100 524288 2464648 1581 1614
0b000001 0b000901 10048 100 524288 2065216 400898 49068
0b000501 0b000601 10373 100 524288 2465004 2281 1614
0b000501 0b000601 10374 100 524288 2465760 2281 1614
0b000c01 0b000501 10049 100 524288 2215305 253442 49068
0b000901 0b000a01 10369 100 524288 2469124 1581 1614
0b000b01 0b000c01 10367 100 524288 2469239 1581 1614
0b000201 0b000b01 10048 100 524288 2100231 370865 49068
0b000601 0b000701 10374 100 524288 2470295 2287 1614
0b000601 0b000701 10375 100 524288 2471051 2281 1614
0b000501 0b000601 10375 100 524288 2471757 1581 1614
0b000a01 0b000b01 10369 100 524288 2473715 1591 1614
0b000c01 0b000d01 10367 100 524288 2473830 1601 1614
0b000b01 0b000c01 10368 100 524288 2474106 1581 1614
0b000d01 0b000601 10049 100 524288 2239098 237660 49068
0b000701 0b000001 10372 100 524288 2475592 2306 1614
0b000601 0b000701 10376 100 524288 2476348 1600 1614
0b000701 0b000001 10373 100 524288 2476342 2287 1614
0b000b01 0b000c01 10369 100 524288 2478316 1581 1614
0b000c01 0b000d01 10368 100 524288 2478697 1581 1614
0b000b01 0b000401 10050 100 524288 2197097 283821 49068
0b000701 0b000801 10048 100 524288 2140901 340341 49068
0b000601 0b000701 10377 100 524288 2479768 1590 1614
0b000e01 0b000701 10048 100 524288 2080979 400845 49068
0b000601 0b000f01 10050 100 524288 2253289 228153 49068
0b000001 0b000101 10373 100 524288 2480908 1581 1614
0b000701 0b000001 10374 100 524288 2480958 1581 1614
0b000301 0b000c01 10049 100 524288 2185010 299402 49068
0b000c01 0b000d01 10369 100 524288 2482907 1581 1614
0b000d01 0b000e01 10368 100 524288 2483288 1581 1614
0b000401 0b000501 10375 100 524288 2483928 1581 1614
0b000801 0b000901 10369 100 524288 2484252 1600 1614
0b000f01 0b000801 10369 100 524288 2484452 1581 1614
0b000701 0b000001 10375 100 524288 2484368 2581 1614
0b000101 0b000201 10373 100 524288 2485499 1581 1614
0b000001 0b000101 10374 100 524288 2485549 1600 1614
0b000701 0b000001 10376 100 524288 2484834 2571 1614
0b000c01 0b000d01 10370 100 524288 2487422 1582 1614
0b000d01 0b000e01 10369 100 524288 2487498 1581 1614
0b000e01 0b000f01 10367 100 524288 2487879 1581 1614
0b000501 0b000601 10376 100 524288 2488519 1581 1614
0b000901 0b000a01 10370 100 524288 2488862 1606 1614
0b000801 0b000901 10370 100 524288 2489043 1581 1614
0b000201 0b000301 10373 100 524288 2490090 1600 1614
0b000101 0b000201 10374 100 524288 2490159 1600 1614
0b000001 0b000101 10375 100 524288 2489959 2581 1614
0b000001 0b000101 10376 100 524288 2490415 2581 1614
0b000d01 0b000e01 10370 100 524288 2492014 1581 1614
0b000e01 0b000f01 10368 100 524288 2492089 1581 1614
0b000f01 0b000801 10370 100 524288 2492470 1581 1614
0b000601 0b000701 10378 100 524288 2493110 1581 1614
0b000a01 0b000b01 10370 100 524288 2493478 1606 1614
0b000901 0b000a01 10371 100 524288 2493634 1581 1614
0b000a01 0b000301 10050 100 524288 2272178 223167 49068
0b000101 0b000a01 10048 100 524288 2078910 416471 49068
0b000201 0b000301 10374 100 524288 2494769 1606 1614
0b000e01 0b000f01 10369 100 524288 2496605 1581 1614
0b000101 0b000201 10375 100 524288 2495550 2581 1614
0b000f01 0b000801 10371 100 524288 2496680 1581 1614
0b000801 0b000901 10371 100 524288 2497061 1581 1614
0b000101 0b000201 10376 100 524288 2496006 2581 1614
0b000701 0b000001 10377 100 524288 2497701 1581 1614
0b000601 0b000f01 10051 100 524288 2265175 234471 49068
0b000b01 0b000c01 10370 100 524288 2498094 1606 1614
0b000301 0b000401 10374 100 524288 2498355 2006 1614
0b000a01 0b000b01 10371 100 524288 2498225 2881 1614
0b000a01 0b000b01 10372 100 524288 2498391 2871 1614
0b000301 0b000401 10375 100 524288 2499385 2031 1614
0b000f01 0b000801 10372 100 524288 2501196 1581 1614
0b000901 0b000a01 10372 100 524288 2501652 1581 1614
0b000201 0b000301 10375 100 524288 2501141 2581 1614
0b000001 0b000101 10377 100 524288 2502292 1581 1614
0b000201 0b000301 10376 100 524288 2501597 2581 1614
0b000f01 0b000801 10373 100 524288 2502656 1581 1614
0b000c01 0b000d01 10371 100 524288 2502710 1606 1614
0b000401 0b000501 10376 100 524288 2503371 1581 1614
0b000801 0b000101 10050 100 524288 2285467 219558 49068
0b000d01 0b000601 10050 100 524288 2251151 255459 49068
0b000b01 0b000c01 10371 100 524288 2504116 2881 1614
0b000b01 0b000c01 10372 100 524288 2504272 2881 1614
0b000801 0b000901 10372 100 524288 2505787 1581 1614
0b000601 0b000f01 10052 100 524288 2272603 235970 49068
0b000801 0b000901 10373 100 524288 2507247 1581 1614
0b000d01 0b000e01 10371 100 524288 2507326 1581 1614
0b000101 0b000201 10377 100 524288 2506883 1881 1614
0b000301 0b000401 10376 100 524288 2506732 2581 1614
0b000501 0b000601 10377 100 524288 2507962 1581 1614
0b000301 0b000401 10377 100 524288 2507188 2581 1614
0b000101 0b000201 10378 100 524288 2508035 1885 1614
0b000601 0b000f01 10053 100 524288 2278815 231946 49068
0b000601 0b000701 10379 100 524288 2509620 1581 1614
0b000901 0b000a01 10373 100 524288 2510378 1581 1614
0b000c01 0b000d01 10372 100 524288 2510007 2881 1614
0b000c01 0b000d01 10373 100 524288 2510163 2881 1614
0b000f01 0b000801 10374 100 524288 2511583 1584 1614
0b000901 0b000a01 10374 100 524288 2511838 1581 1614
0b000e01 0b000f01 10370 100 524288 2511917 1581 1614
0b000201 0b000301 10377 100 524288 2511774 1881 1614
0b000401 0b000d01 10049 100 524288 2181872 331817 49068
0b000601 0b000701 10380 100 524288 2512553 1581 1614
0b000a01 0b000301 10051 100 524288 2285574 228699 49068
0b000901 0b000201 10050 100 524288 2302395 211982 49068
0b000c01 0b000501 10050 100 524288 2235639 279163 49068
0b000201 0b000301 10378 100 524288 2512930 1881 1614
0b000401 0b000501 10377 100 524288 2512323 2581 1614
0b000401 0b000501 10378 100 524288 2512779 2581 1614
0b000f01 0b000801 10375 100 524288 2513771 1581 1614
0b000701 0b000001 10378 100 524288 2514211 1581 1614
0b000a01 0b000b01 10373 100 524288 2514969 1581 1614
0b000801 0b000901 10374 100 524288 2516177 1581 1614
0b000a01 0b000b01 10374 100 524288 2516429 1581 1614
0b000f01 0b000001 10050 100 524288 2253919 264890 49068
0b000701 0b000001 10379 100 524288 2517144 1581 1614
0b000201 0b000301 10379 100 524288 2517387 1596 1614
0b000c01 0b000501 10051 100 524288 2238068 281106 49068
0b000501 0b000e01 10049 100 524288 2191974 327577 49068
0b000d01 0b000e01 10372 100 524288 2515898 3856 1614
0b000801 0b000901 10375 100 524288 2518362 1581 1614
0b000d01 0b000e01 10373 100 524288 2516054 4006 1614
0b000301 0b000401 10378 100 524288 2517283 2506 1614
0b000d01 0b000e01 10374 100 524288 2516699 3692 1614
0b000501 0b000601 10378 100 524288 2517812 2481 1614
0b000301 0b000401 10379 100 524288 2517821 2499 1614
0b000001 0b000101 10378 100 524288 2518802 1581 1614
0b000501 0b000601 10379 100 524288 2518370 2479 1614
0b000901 0b000a01 10375 100 524288 2520768 1581 1614
0b000b01 0b000c01 10373 100 524288 2521020 1581 1614
0b000301 0b000401 10380 100 524288 2521993 1581 1614
0b000501 0b000601 10380 100 524288 2522184 1615 1614
0b000901 0b000a01 10376 100 524288 2522953 1581 1614
0b000001 0b000101 10380 100 524288 2521735 2958 1614
0b000001 0b000101 10379 100 524288 2521819 2974 1614
0b000601 0b000701 10381 100 524288 2523303 1581 1614
0b000101 0b000201 10379 100 524288 2523393 1581 1614
0b000401 0b000501 10379 100 524288 2522799 2506 1614
0b000401 0b000501 10380 100 524288 2523330 2506 1614
0b000e01 0b000f01 10371 100 524288 2522561 3331 1614
0b000801 0b000101 10051 100 524288 2294054 232091 49068
0b000f01 0b000001 10051 100 524288 2260379 266442 49068
0b000e01 0b000f01 10372 100 524288 2523070 3828 1614
0b000a01 0b000b01 10375 100 524288 2525359 1581 1614
0b000e01 0b000f01 10373 100 524288 2523401 3653 1614
0b000c01 0b000d01 10374 100 524288 2525611 1581 1614
0b000401 0b000501 10381 100 524288 2526584 1581 1614
0b000601 0b000701 10382 100 524288 2526809 1606 1614
0b000a01 0b000b01 10376 100 524288 2527544 1581 1614
0b000701 0b000001 10380 100 524288 2527894 1581 1614
0b000201 0b000301 10380 100 524288 2527984 1594 1614
0b000201 0b000b01 10049 100 524288 2151354 378901 49068
0b000501 0b000601 10381 100 524288 2528315 2506 1614
0b000f01 0b000801 10376 100 524288 2528902 2406 1614
0b000101 0b000201 10380 100 524288 2527703 3659 1614
0b000b01 0b000c01 10374 100 524288 2529950 1581 1614
0b000501 0b000601 10382 100 524288 2528846 2556 1614
0b000001 0b000101 10381 100 524288 2529831 1603 1614
0b000101 0b000201 10381 100 524288 2527803 3712 1614
0b000d01 0b000e01 10375 100 524288 2530202 1581 1614
0b000101 0b000201 10382 100 524288 2529155 3041 1614
0b000501 0b000601 10383 100 524288 2531175 1633 1614
0b000701 0b000001 10381 100 524288 2531425 1585 1614
0b000f01 0b000801 10377 100 524288 2529908 3406 1614
0b000f01 0b000801 10378 100 524288 2530064 3331 1614
0b000b01 0b000c01 10375 100 524288 2532135 1906 1614
0b000001 0b000101 10382 100 524288 2532485 1581 1614
0b000301 0b000401 10381 100 524288 2532588 1581 1614
0b000b01 0b000c01 10376 100 524288 2533265 1926 1614
0b000801 0b000901 10376 100 524288 2534318 1581 1614
0b000c01 0b000d01 10375 100 524288 2534541 1581 1614
0b000101 0b000201 10383 100 524288 2534444 1581 1614
0b000601 0b000701 10383 100 524288 2533831 2631 1614
0b000201 0b000301 10381 100 524288 2534525 2356 1614
0b000d01 0b000601 10051 100 524288 2267353 270024 49068
0b000201 0b000301 10382 100 524288 2535206 2370 1614
0b000001 0b000101 10383 100 524288 2536020 1581 1614
0b000601 0b000701 10384 100 524288 2534412 3206 1614
0b000601 0b000701 10385 100 524288 2535818 2506 1614
0b000f01 0b000001 10052 100 524288 2271549 266920 49068
0b000101 0b000201 10384 100 524288 2537076 1581 1614
0b000401 0b000501 10382 100 524288 2537179 1581 1614
0b000c01 0b000d01 10376 100 524288 2537051 1906 1614
0b000f01 0b000001 10053 100 524288 2271655 267546 49068
0b000801 0b000901 10377 100 524288 2536324 2960 1614
0b000801 0b000901 10378 100 524288 2536405 2979 1614
0b000c01 0b000d01 10377 100 524288 2538201 1906 1614
0b000901 0b000a01 10377 100 524288 2538909 1581 1614
0b000901 0b000201 10051 100 524288 2312504 228081 49068
0b000d01 0b000e01 10376 100 524288 2539132 1581 1614
0b000201 0b000301 10383 100 524288 2539035 1581 1614
0b000d01 0b000601 10052 100 524288 2269100 271921 49068
0b000c01 0b000501 10052 100 524288 2260525 280680 49068
0b000701 0b000001 10382 100 524288 2539472 1890 1614
0b000601 0b000701 10386 100 524288 2540387 1591 1614
0b000101 0b000201 10385 100 524288 2540611 1593 1614
0b000301 0b000401 10382 100 524288 2539891 2376 1614
0b000d01 0b000601 10053 100 524288 2269556 272921 49068
0b000301 0b000c01 10050 100 524288 2225251 317055 49068
0b000301 0b000401 10383 100 524288 2540586 2356 1614
0b000201 0b000301 10384 100 524288 2541667 1581 1614
0b000701 0b000001 10383 100 524288 2540628 2951 1614
0b000001 0b000101 10384 100 524288 2541479 2330 1614
0b000701 0b000001 10384 100 524288 2541334 2651 1614
0b000901 0b000a01 10378 100 524288 2542394 1581 1614
0b000001 0b000101 10385 100 524288 2542211 2330 1614
0b000d01 0b000e01 10377 100 524288 2543117 1581 1614
0b000a01 0b000b01 10377 100 524288 2543500 1581 1614
0b000201 0b000301 10385 100 524288 2543595 1581 1614
0b000301 0b000401 10384 100 524288 2543626 1581 1614
0b000901 0b000201 10052 100 524288 2314852 230837 49068
0b000601 0b000701 10387 100 524288 2544031 1584 1614
0b000501 0b000601 10384 100 524288 2544215 1612 1614
0b000001 0b000101 10386 100 524288 2544372 1616 1614
0b000701 0b000801 10049 100 524288 2194326 351716 49068
0b000701 0b000001 10385 100 524288 2544988 1599 1614
0b000c01 0b000d01 10378 100 524288 2545316 1581 1614
0b000c01 0b000501 10053 100 524288 2268819 278214 49068
0b000201 0b000301 10386 100 524288 2545214 1594 1614
0b000601 0b000701 10388 100 524288 2545487 1581 1614
0b000401 0b000501 10383 100 524288 2545277 2406 1614
0b000301 0b000401 10385 100 524288 2546258 1600 1614
0b000401 0b000501 10384 100 524288 2545952 2384 1614
0b000a01 0b000b01 10378 100 524288 2546985 1581 1614
0b000001 0b000101 10387 100 524288 2546995 1599 1614
0b000901 0b000201 10053 100 524288 2317008 231593 49068
0b000101 0b000201 10386 100 524288 2546819 2330 1614
0b000e01 0b000f01 10374 100 524288 2547708 1581 1614
0b000b01 0b000c01 10377 100 524288 2548091 1581 1614
0b000301 0b000401 10386 100 524288 2548186 1588 1614
0b000401 0b000501 10385 100 524288 2548217 1581 1614
0b000701 0b000001 10386 100 524288 2548625 1612 1614
0b000b01 0b000401 10051 100 524288 2251031 299238 49068
0b000201 0b000301 10387 100 524288 2548699 1601 1614
0b000601 0b000701 10389 100 524288 2548837 1606 1614
0b000101 0b000201 10387 100 524288 2547551 3046 1614
0b000801 0b000901 10379 100 524288 2549052 1581 1614
0b000001 0b000101 10388 100 524288 2549597 1609 1614
0b000101 0b000201 10388 100 524288 2548998 2314 1614
0b000d01 0b000e01 10378 100 524288 2549907 1581 1614
0b000301 0b000401 10387 100 524288 2549818 1581 1614
0b000701 0b000001 10387 100 524288 2550078 1584 1614
0b000501 0b000601 10385 100 524288 2550043 2941 1614
0b000b01 0b000c01 10378 100 524288 2551576 1581 1614
0b000f01 0b000801 10379 100 524288 2552299 1581 1614
0b000c01 0b000d01 10379 100 524288 2552682 1581 1614
0b000201 0b000301 10388 100 524288 2551611 2730 1614
0b000301 0b000c01 10051 100 524288 2233224 321295 49068
0b000501 0b000601 10386 100 524288 2550693 4166 1614
0b000001 0b000101 10389 100 524288 2553247 1656 1614
0b000301 0b000401 10388 100 524288 2553310 1607 1614
0b000901 0b000a01 10379 100 524288 2553643 1581 1614
0b000701 0b000001 10388 100 524288 2553453 1600 1614
0b000401 0b000501 10386 100 524288 2552784 2571 1614
0b000401 0b000d01 10050 100 524288 2212827 342545 49068
0b000201 0b000301 10389 100 524288 2552159 3232 1614
0b000501 0b000601 10387 100 524288 2551346 4169 1614
0b000101 0b000201 10389 100 524288 2554216 1587 1614
0b000401 0b000501 10387 100 524288 2553279 2557 1614
0b000e01 0b000f01 10375 100 524288 2554498 1581 1614
0b000501 0b000601 10388 100 524288 2552808 3184 1614
0b000201 0b000301 10390 100 524288 2553607 2497 1614
0b000001 0b000101 10390 100 524288 2554672 1612 1614
0b000a01 0b000301 10052 100 524288 2316258 240975 49068
0b000601 0b000701 10390 100 524288 2555994 1581 1614
0b000a01 0b000301 10053 100 524288 2317589 240372 49068
0b000a01 0b000301 10054 100 524288 2318170 239795 49068
0b000801 0b000901 10380 100 524288 2556890 1581 1614
0b000c01 0b000d01 10380 100 524288 2557529 1603 1614
0b000d01 0b000601 10054 100 524288 2301133 258279 49068
0b000301 0b000401 10389 100 524288 2557351 2087 1614
0b000401 0b000501 10388 100 524288 2557927 1605 1614
0b000101 0b000201 10390 100 524288 2557913 1681 1614
0b000a01 0b000b01 10379 100 524288 2558234 1581 1614
0b000001 0b000101 10391 100 524288 2558063 1581 1614
0b000d01 0b000e01 10379 100 524288 2558382 1581 1614
0b000f01 0b000001 10054 100 524288 2320881 239436 49068
0b000201 0b000301 10391 100 524288 2558813 1606 1614
0b000f01 0b000801 10380 100 524288 2559089 1581 1614
0b000601 0b000701 10391 100 524288 2557869 2971 1614
0b000501 0b000601 10389 100 524288 2558365 2560 1614
0b000101 0b000201 10391 100 524288 2559294 1656 1614
0b000501 0b000601 10390 100 524288 2558846 2579 1614
0b000601 0b000701 10392 100 524288 2558525 3606 1614
0b000701 0b000001 10389 100 524288 2560585 1596 1614
0b000601 0b000701 10393 100 524288 2559002 3360 1614
0b000301 0b000401 10390 100 524288 2558401 4328 1614
0b000c01 0b000501 10054 100 524288 2303407 259479 49068
0b000901 0b000a01 10380 100 524288 2561481 1581 1614
0b000d01 0b000e01 10380 100 524288 2562142 1581 1614
0b000601 0b000701 10394 100 524288 2562422 1595 1614
0b000401 0b000501 10389 100 524288 2562448 1615 1614
0b000501 0b000601 10391 100 524288 2562542 1593 1614
0b000101 0b000201 10392 100 524288 2562654 1598 1614
0b000301 0b000401 10391 100 524288 2559114 5171 1614
0b000201 0b000301 10392 100 524288 2562604 1690 1614
0b000b01 0b000c01 10379 100 524288 2562825 1581 1614
0b000e01 0b000f01 10376 100 524288 2562973 1581 1614
0b000301 0b000c01 10052 100 524288 2242126 322589 49068
0b000001 0b000101 10392 100 524288 2563327 1581 1614
0b000801 0b000901 10381 100 524288 2563680 1581 1614
0b000201 0b000301 10393 100 524288 2563960 1684 1614
0b000301 0b000c01 10053 100 524288 2242136 324035 49068
0b000301 0b000401 10392 100 524288 2560243 6146 1614
0b000601 0b000701 10395 100 524288 2563935 2561 1614
0b000701 0b000001 10390 100 524288 2565141 1600 1614
0b000001 0b000101 10393 100 524288 2565191 1581 1614
0b000601 0b000701 10396 100 524288 2564435 2561 1614
0b000301 0b000401 10393 100 524288 2560971 6168 1614
0b000301 0b000401 10394 100 524288 2560981 6158 1614
0b000401 0b000501 10390 100 524288 2565739 1598 1614
0b000b01 0b000401 10052 100 524288 2264804 302941 49068
0b000501 0b000601 10392 100 524288 2565896 1899 1614
0b000301 0b000401 10395 100 524288 2563429 4508 1614
0b000e01 0b000f01 10377 100 524288 2566733 1581 1614
0b000901 0b000201 10054 100 524288 2344548 223900 49068
0b000b01 0b000401 10053 100 524288 2264904 303573 49068
0b000701 0b000001 10391 100 524288 2567027 1593 1614
0b000601 0b000701 10397 100 524288 2567145 1582 1614
0b000201 0b000301 10394 100 524288 2567262 1606 1614
0b000401 0b000501 10391 100 524288 2567295 1598 1614
0b000501 0b000601 10393 100 524288 2567073 1860 1614
0b000601 0b000f01 10054 100 524288 2403208 165821 49068
0b000f01 0b000801 10381 100 524288 2567564 1581 1614
0b000301 0b000401 10396 100 524288 2567304 2170 1614
0b000101 0b000201 10393 100 524288 2567918 1581 1614
0b000901 0b000a01 10381 100 524288 2568271 1581 1614
0b000c01 0b000d01 10381 100 524288 2567416 3156 1614
0b000301 0b000401 10397 100 524288 2568654 1945 1614
0b000c01 0b000d01 10382 100 524288 2567725 3453 1614
0b000001 0b000901 10049 100 524288 2167478 403683 49068
0b000101 0b000201 10394 100 524288 2569782 1581 1614
0b000c01 0b000d01 10383 100 524288 2569181 2728 1614
0b000501 0b000601 10394 100 524288 2570347 1602 1614
0b000701 0b000001 10392 100 524288 2569506 2699 1614
0b000601 0b000701 10398 100 524288 2570805 1923 1614
0b000701 0b000001 10393 100 524288 2570006 3130 1614
0b000001 0b000101 10394 100 524288 2571630 1588 1614
0b000f01 0b000801 10382 100 524288 2571324 2331 1614
0b000201 0b000301 10395 100 524288 2571458 1981 1614
0b000301 0b000401 10398 100 524288 2571878 1611 1614
0b000501 0b000601 10395 100 524288 2571903 1596 1614
0b000801 0b000901 10382 100 524288 2572155 1600 1614
0b000601 0b000701 10399 100 524288 2571943 1900 1614
0b000701 0b000001 10394 100 524288 2571737 2262 1614
0b000401 0b000501 10392 100 524288 2569399 4606 1614
0b000201 0b000301 10396 100 524288 2572509 1986 1614
0b000f01 0b000801 10383 100 524288 2572039 2322 1614
0b000a01 0b000b01 10380 100 524288 2572862 1584 1614
0b000901 0b000a01 10382 100 524288 2574171 1581 1614
0b000e01 0b000701 10049 100 524288 2167929 407994 49068
0b000201 0b000301 10397 100 524288 2574373 1581 1614
0b000d01 0b000e01 10381 100 524288 2573582 2931 1614
0b000601 0b000701 10400 100 524288 2574959 1604 1614
0b000a01 0b000301 10055 100 524288 2361325 215572 49068
0b000001 0b000101 10395 100 524288 2575215 2223 1614
0b000d01 0b000e01 10382 100 524288 2574188 3531 1614
0b000701 0b000801 10050 100 524288 2212752 364781 49068
0b000701 0b000001 10395 100 524288 2575738 1933 1614
0b000201 0b000b01 10050 100 524288 2192204 385586 49068
0b000101 0b000201 10395 100 524288 2576228 1593 1614
0b000d01 0b000e01 10383 100 524288 2574919 3156 1614
0b000901 0b000a01 10383 100 524288 2576765 1600 1614
0b000401 0b000501 10393 100 524288 2570149 8231 1614
0b000401 0b000501 10394 100 524288 2570159 8246 1614
0b000301 0b000401 10399 100 524288 2576449 1993 1614
0b000501 0b000601 10396 100 524288 2577015 1602 1614
0b000f01 0b000001 10055 100 524288 2378385 200510 49068
0b000801 0b000901 10383 100 524288 2576665 2331 1614
0b000701 0b000001 10396 100 524288 2576853 1943 1614
0b000401 0b000501 10395 100 524288 2570755 8425 1614
0b000001 0b000101 10396 100 524288 2576146 3137 1614
0b000401 0b000501 10396 100 524288 2570947 8383 1614
0b000301 0b000401 10400 100 524288 2577505 2005 1614
0b000401 0b000501 10397 100 524288 2571487 8048 1614
0b000801 0b000901 10384 100 524288 2577371 2331 1614
0b000401 0b000501 10398 100 524288 2572484 7232 1614
0b000001 0b000101 10397 100 524288 2577009 2724 1614
0b000601 0b000f01 10055 100 524288 2429309 150644 49068
0b000a01 0b000b01 10381 100 524288 2578762 1581 1614
0b000401 0b000d01 10051 100 524288 2227196 353310 49068
0b000701 0b000001 10397 100 524288 2578933 1581 1614
0b000901 0b000201 10055 100 524288 2375001 205827 49068
0b000e01 0b000f01 10378 100 524288 2579523 1906 1614
0b000301 0b000401 10401 100 524288 2579907 1599 1614
0b000501 0b000e01 10050 100 524288 2222249 359751 49068
0b000801 0b000901 10385 100 524288 2580543 1588 1614
0b000b01 0b000c01 10380 100 524288 2580800 1600 1614
0b000201 0b000301 10398 100 524288 2580831 1587 1614
0b000001 0b000101 10398 100 524288 2580681 1837 1614
0b000a01 0b000b01 10382 100 524288 2581375 1606 1614
0b000601 0b000701 10401 100 524288 2581627 1588 1614
0b000401 0b000501 10399 100 524288 2581452 1988 1614
0b000e01 0b000f01 10379 100 524288 2580729 3112 1614
0b000101 0b000a01 10049 100 524288 2160935 422749 49068
0b000001 0b000101 10399 100 524288 2581905 1888 1614
0b000101 0b000201 10396 100 524288 2582293 1600 1614
0b000e01 0b000f01 10380 100 524288 2581085 2956 1614
0b000701 0b000801 10051 100 524288 2217573 366516 49068
0b000901 0b000a01 10384 100 524288 2582006 2331 1614
0b000401 0b000501 10400 100 524288 2582520 1970 1614
0b000f01 0b000801 10384 100 524288 2582963 1581 1614
0b000701 0b000801 10052 100 524288 2219666 365155 49068
0b000b01 0b000c01 10381 100 524288 2583353 1581 1614
0b000901 0b000a01 10385 100 524288 2582712 2331 1614
0b000d01 0b000e01 10384 100 524288 2583516 1594 1614
0b000001 0b000101 10400 100 524288 2583524 1650 1614
0b000201 0b000301 10399 100 524288 2583838 1581 1614
0b000801 0b000101 10052 100 524288 2329424 256016 49068
0b000701 0b000801 10053 100 524288 2219916 365633 49068
0b000401 0b000501 10401 100 524288 2584516 1599 1614
0b000401 0b000d01 10052 100 524288 2233979 352355 49068
0b000501 0b000601 10397 100 524288 2581390 5056 1614
0b000501 0b000601 10398 100 524288 2581415 5037 1614
0b000801 0b000101 10053 100 524288 2329480 256692 49068
0b000801 0b000101 10054 100 524288 2330736 255440 49068
0b000e01 0b000f01 10381 100 524288 2585010 1581 1614
0b000901 0b000a01 10386 100 524288 2585141 1581 1614
0b000c01 0b000d01 10384 100 524288 2585410 1606 1614
0b000101 0b000201 10397 100 524288 2585528 1800 1614
0b000b01 0b000c01 10382 100 524288 2585991 1603 1614
0b000501 0b000601 10399 100 524288 2582190 5343 1614
0b000501 0b000601 10400 100 524288 2582545 5244 1614
0b000701 0b000001 10398 100 524288 2586225 1581 1614
0b000201 0b000301 10400 100 524288 2586903 1606 1614
0b000501 0b000601 10401 100 524288 2586450 2345 1614
0b000101 0b000201 10398 100 524288 2586803 2187 1614
0b000a01 0b000b01 10383 100 524288 2586694 2831 1614
0b000c01 0b000d01 10385 100 524288 2587944 1600 1614
0b000e01 0b000f01 10382 100 524288 2588120 1599 1614
0b000f01 0b000801 10385 100 524288 2586851 2873 1614
0b000b01 0b000401 10054 100 524288 2300558 289222 49068
0b000301 0b000401 10402 100 524288 2588429 1581 1614
0b000f01 0b000801 10386 100 524288 2587051 3023 1614
0b000501 0b000601 10402 100 524288 2589125 1581 1614
0b000801 0b000901 10386 100 524288 2587099 4089 1614
0b000a01 0b000b01 10384 100 524288 2587347 3984 1614
0b000f01 0b000801 10387 100 524288 2589601 1754 1614
0b000d01 0b000e01 10385 100 524288 2589344 2356 1614
0b000401 0b000d01 10053 100 524288 2237810 353811 49068
0b000001 0b000901 10050 100 524288 2191199 400608 49068
0b000a01 0b000b01 10385 100 524288 2588053 3984 1614
0b000d01 0b000e01 10386 100 524288 2590026 2355 1614
0b000001 0b000101 10401 100 524288 2590816 1599 1614
0b000801 0b000901 10387 100 524288 2587554 4982 1614
0b000a01 0b000b01 10386 100 524288 2589732 2928 1614
0b000801 0b000901 10388 100 524288 2587831 4961 1614
0b000801 0b000901 10389 100 524288 2588559 4720 1614
0b000101 0b000201 10399 100 524288 2588184 5216 1614
0b000201 0b000301 10401 100 524288 2592000 1596 1614
0b000101 0b000201 10400 100 524288 2588450 5327 1614
0b000b01 0b000c01 10383 100 524288 2592535 1581 1614
0b000d01 0b000e01 10387 100 524288 2592554 1581 1614
0b000f01 0b000801 10388 100 524288 2592729 1594 1614
0b000101 0b000201 10401 100 524288 2589182 5201 1614
0b000101 0b000201 10402 100 524288 2589192 5197 1614
0b000601 0b000701 10402 100 524288 2589456 5631 1614
0b000601 0b000701 10403 100 524288 2589466 5627 1614
0b000501 0b000e01 10051 100 524288 2231794 363310 49068
0b000401 0b000501 10402 100 524288 2592790 2806 1614
0b000401 0b000501 10403 100 524288 2593020 2807 1614
0b000d01 0b000e01 10388 100 524288 2594631 1604 1614
0b000801 0b000901 10390 100 524288 2592734 3714 1614
0b000101 0b000201 10403 100 524288 2595425 1585 1614
0b000801 0b000901 10391 100 524288 2593084 3714 1614
0b000e01 0b000f01 10383 100 524288 2594710 2356 1614
0b000601 0b000701 10404 100 524288 2590543 6656 1614
0b000601 0b000701 10405 100 524288 2590799 6631 1614
0b000e01 0b000701 10050 100 524288 2182855 414562 49068
0b000801 0b000901 10392 100 524288 2594365 3058 1614
0b000701 0b000801 10054 100 524288 2234840 362739 49068
0b000b01 0b000c01 10384 100 524288 2595047 2454 1614
0b000901 0b000a01 10387 100 524288 2594198 3635 1614
0b000601 0b000701 10406 100 524288 2591805 6131 1614
0b000b01 0b000c01 10385 100 524288 2595670 2431 1614
0b000e01 0b000f01 10384 100 524288 2595391 2831 1614
0b000301 0b000401 10403 100 524288 2596606 1604 1614
0b000601 0b000701 10407 100 524288 2593716 4606 1614
0b000e01 0b000701 10051 100 524288 2187671 410665 49068
0b000c01 0b000d01 10386 100 524288 2597126 1581 1614
0b000d01 0b000601 10055 100 524288 2386837 211915 49068
0b000801 0b000901 10393 100 524288 2597333 1596 1614
0b000401 0b000d01 10054 100 524288 2251960 348401 49068
0b000901 0b000a01 10388 100 524288 2594817 5693 1614
0b000e01 0b000f01 10385 100 524288 2597145 3481 1614
0b000201 0b000301 10402 100 524288 2596410 4206 1614
0b000501 0b000601 10403 100 524288 2598606 2806 1614
0b000e01 0b000f01 10386 100 524288 2598114 3462 1614
0b000501 0b000601 10404 100 524288 2598837 2806 1614
0b000501 0b000e01 10053 100 524288 2236859 364801 49068
0b000501 0b000e01 10052 100 524288 2233325 368339 49068
0b000201 0b000301 10403 100 524288 2596787 4960 1614
0b000f01 0b000801 10389 100 524288 2600076 1908 1614
0b000e01 0b000f01 10387 100 524288 2599245 2897 1614
0b000801 0b000901 10394 100 524288 2600589 1618 1614
0b000701 0b000001 10399 100 524288 2598097 4240 1614
0b000701 0b000001 10400 100 524288 2598107 4230 1614
0b000201 0b000301 10404 100 524288 2597393 4960 1614
0b000201 0b000301 10405 100 524288 2597403 4956 1614
0b000a01 0b000b01 10387 100 524288 2600843 1592 1614
0b000c01 0b000d01 10387 100 524288 2601111 1581 1614
0b000901 0b000a01 10389 100 524288 2595546 7170 1614
0b000f01 0b000801 10390 100 524288 2601232 1881 1614
0b000d01 0b000e01 10389 100 524288 2601717 1581 1614
0b000601 0b000701 10408 100 524288 2601762 1597 1614
0b000901 0b000a01 10390 100 524288 2595802 7520 1614
0b000801 0b000101 10055 100 524288 2382545 221294 49068
0b000901 0b000a01 10391 100 524288 2596289 7556 1614
0b000e01 0b000701 10052 100 524288 2192757 411590 49068
0b000d01 0b000e01 10390 100 524288 2603371 1603 1614
0b000e01 0b000701 10053 100 524288 2195808 409271 49068
0b000a01 0b000b01 10388 100 524288 2603520 1583 1614
0b000301 0b000401 10404 100 524288 2603626 1956 1614
0b000101 0b000a01 10050 100 524288 2176851 428864 49068
0b000601 0b000701 10409 100 524288 2604422 1587 1614
0b000f01 0b000801 10391 100 524288 2603636 2363 1614
0b000701 0b000001 10401 100 524288 2600209 6363 1614
0b000701 0b000001 10403 100 524288 2600427 6444 1614
0b000801 0b000901 10395 100 524288 2604994 1923 1614
0b000701 0b000001 10402 100 524288 2600440 6437 1614
0b000001 0b000101 10402 100 524288 2605347 1605 1614
0b000601 0b000f01 10056 100 524288 2523859 83209 49068
0b000b01 0b000c01 10386 100 524288 2605445 1606 1614
0b000301 0b000c01 10054 100 524288 2298221 308909 49068
0b000901 0b000a01 10392 100 524288 2599458 7667 1614
0b000701 0b000001 10404 100 524288 2601346 5887 1614
0b000d01 0b000e01 10391 100 524288 2605702 1597 1614
0b000901 0b000a01 10393 100 524288 2599808 7617 1614
0b000c01 0b000501 10055 100 524288 2391778 215707 49068
0b000901 0b000a01 10394 100 524288 2600433 7292 1614
0b000f01 0b000801 10392 100 524288 2604586 3288 1614
0b000801 0b000901 10396 100 524288 2606123 1925 1614
0b000f01 0b000801 10393 100 524288 2605152 2997 1614
0b000901 0b000a01 10395 100 524288 2601939 6287 1614
0b000101 0b000201 10404 100 524288 2606849 1581 1614
0b000e01 0b000f01 10388 100 524288 2604674 3781 1614
0b000e01 0b000f01 10389 100 524288 2604684 3777 1614
0b000301 0b000401 10405 100 524288 2604757 4210 1614
0b000a01 0b000b01 10389 100 524288 2605726 3051 1614
0b000901 0b000a01 10396 100 524288 2605217 3690 1614
0b000301 0b000401 10406 100 524288 2605363 4229 1614
0b000301 0b000401 10407 100 524288 2605373 4219 1614
0b000b01 0b000c01 10387 100 524288 2608113 1594 1614
0b000e01 0b000f01 10390 100 524288 2606308 3759 1614
0b000401 0b000501 10404 100 524288 2608592 1581 1614
0b000701 0b000001 10405 100 524288 2606369 3863 1614
0b000201 0b000b01 10051 100 524288 2226134 384529 49068
0b000a01 0b000b01 10390 100 524288 2606332 4320 1614
0b000e01 0b000f01 10391 100 524288 2607984 2844 1614
0b000a01 0b000b01 10391 100 524288 2606855 4822 1614
0b000701 0b000001 10406 100 524288 2607357 4375 1614
0b000f01 0b000801 10394 100 524288 2610078 1745 1614
0b000901 0b000a01 10397 100 524288 2609927 1932 1614
0b000e01 0b000f01 10392 100 524288 2610309 1775 1614
0b000501 0b000601 10405 100 524288 2610495 1582 1614
0b000701 0b000001 10407 100 524288 2608089 4393 1614
0b000701 0b000001 10408 100 524288 2609019 3763 1614
0b000201 0b000301 10406 100 524288 2611440 1581 1614
0b000901 0b000a01 10398 100 524288 2611058 1926 1614
0b000c01 0b000d01 10388 100 524288 2610061 3056 1614
0b000c01 0b000d01 10389 100 524288 2610140 3133 1614
0b000801 0b000901 10397 100 524288 2610884 2800 1614
0b000801 0b000901 10398 100 524288 2611159 2775 1614
0b000c01 0b000d01 10390 100 524288 2612717 1845 1614
0b000f01 0b000001 10056 100 524288 2516508 98083 49068
0b000a01 0b000b01 10392 100 524288 2608725 6012 1614
0b000501 0b000601 10406 100 524288 2613183 1594 1614
0b000001 0b000101 10403 100 524288 2609582 5281 1614
0b000401 0b000501 10405 100 524288 2611977 3281 1614
0b000f01 0b000801 10395 100 524288 2611465 4268 1614
0b000f01 0b000801 10396 100 524288 2611475 4258 1614
0b000901 0b000201 10056 100 524288 2542294 73832 49068
0b000201 0b000b01 10052 100 524288 2231024 385412 49068
0b000001 0b000101 10404 100 524288 2609881 6563 1614
0b000001 0b000101 10405 100 524288 2609887 6563 1614
0b000401 0b000501 10406 100 524288 2612602 3879 1614
0b000401 0b000501 10407 100 524288 2612612 3869 1614
0b000801 0b000901 10399 100 524288 2614833 1588 1614
0b000601 0b000701 10410 100 524288 2615087 1581 1614
0b000001 0b000101 10406 100 524288 2610243 6838 1614
0b000a01 0b000b01 10393 100 524288 2610135 6934 1614
0b000201 0b000b01 10053 100 524288 2231999 385169 49068
0b000301 0b000401 10408 100 524288 2616031 1581 1614
0b000f01 0b000801 10397 100 524288 2613077 4150 1614
0b000f01 0b000801 10398 100 524288 2613838 3645 1614
0b000b01 0b000c01 10389 100 524288 2613662 4000 1614
0b000b01 0b000c01 10388 100 524288 2613673 3989 1614
0b000a01 0b000b01 10394 100 524288 2610735 6959 1614
0b000a01 0b000b01 10395 100 524288 2611236 6833 1614
0b000001 0b000901 10051 100 524288 2223094 395112 49068
0b000a01 0b000b01 10396 100 524288 2611917 6452 1614
0b000b01 0b000c01 10390 100 524288 2614687 3787 1614
0b000a01 0b000b01 10397 100 524288 2614869 4100 1614
0b000101 0b000a01 10051 100 524288 2191276 427659 49068
0b000101 0b000201 10405 100 524288 2617873 1608 1614
0b000901 0b000a01 10399 100 524288 2616694 2824 1614
0b000b01 0b000c01 10391 100 524288 2617747 1914 1614
0b000d01 0b000e01 10392 100 524288 2616127 3556 1614
0b000001 0b000901 10053 100 524288 2224481 395181 49068
0b000901 0b000a01 10400 100 524288 2616944 2974 1614
0b000d01 0b000e01 10393 100 524288 2616283 3706 1614
0b000501 0b000601 10407 100 524288 2618268 2081 1614
0b000001 0b000901 10052 100 524288 2223919 396471 49068
0b000d01 0b000e01 10394 100 524288 2617572 3048 1614
0b000001 0b000101 10407 100 524288 2613242 7486 1614
0b000201 0b000301 10407 100 524288 2619136 1593 1614
0b000901 0b000a01 10401 100 524288 2619431 1762 1614
0b000701 0b000001 10409 100 524288 2619678 1584 1614
0b000001 0b000101 10408 100 524288 2614742 7162 1614
0b000401 0b000501 10408 100 524288 2620622 1602 1614
0b000001 0b000101 10409 100 524288 2615492 6862 1614
0b000001 0b000101 10410 100 524288 2615792 6687 1614
0b000501 0b000601 10408 100 524288 2619491 3264 1614
0b000501 0b000601 10409 100 524288 2619501 3260 1614
0b000001 0b000101 10411 100 524288 2617601 5228 1614
0b000901 0b000a01 10402 100 524288 2621216 1627 1614
0b000501 0b000e01 10054 100 524288 2261957 361010 49068
0b000801 0b000901 10400 100 524288 2618743 4406 1614
0b000801 0b000901 10401 100 524288 2618753 4402 1614
0b000b01 0b000c01 10392 100 524288 2619446 3874 1614
0b000101 0b000201 10406 100 524288 2619454 4187 1614
0b000101 0b000201 10407 100 524288 2619460 4181 1614
0b000101 0b000201 10408 100 524288 2620091 3956 1614
0b000201 0b000301 10408 100 524288 2622491 1606 1614
0b000801 0b000901 10402 100 524288 2620237 4388 1614
0b000801 0b000901 10403 100 524288 2620493 4207 1614
0b000101 0b000a01 10052 100 524288 2200836 423927 49068
0b000601 0b000701 10411 100 524288 2623359 1581 1614
0b000a01 0b000b01 10398 100 524288 2621945 3155 1614
0b000301 0b000401 10409 100 524288 2623739 1581 1614
0b000c01 0b000d01 10391 100 524288 2620672 4770 1614
0b000c01 0b000d01 10392 100 524288 2620672 4770 1614
0b000d01 0b000601 10056 100 524288 2478441 147251 49068
0b000001 0b000101 10412 100 524288 2624272 1581 1614
0b000101 0b000201 10409 100 524288 2623738 2190 1614
0b000c01 0b000d01 10393 100 524288 2621484 4758 1614
0b000e01 0b000f01 10393 100 524288 2622693 3656 1614
0b000a01 0b000b01 10399 100 524288 2622528 3847 1614
0b000901 0b000a01 10403 100 524288 2623400 3182 1614
0b000901 0b000a01 10404 100 524288 2623410 3197 1614
0b000b01 0b000c01 10393 100 524288 2620178 6535 1614
0b000a01 0b000b01 10400 100 524288 2622928 3859 1614
0b000c01 0b000d01 10394 100 524288 2622671 4127 1614
0b000e01 0b000f01 10394 100 524288 2622999 4256 1614
0b000601 0b000701 10412 100 524288 2625765 1581 1614
0b000b01 0b000c01 10394 100 524288 2620704 7009 1614
0b000e01 0b000f01 10395 100 524288 2623630 4231 1614
0b000a01 0b000b01 10401 100 524288 2625853 2059 1614
0b000b01 0b000c01 10395 100 524288 2621079 6994 1614
0b000c01 0b000d01 10395 100 524288 2626330 1755 1614
0b000b01 0b000c01 10396 100 524288 2621379 6844 1614
0b000b01 0b000c01 10397 100 524288 2621979 6494 1614
0b000a01 0b000301 10056 100 524288 2506243 122370 49068
0b000e01 0b000f01 10396 100 524288 2625977 2675 1614
0b000101 0b000201 10410 100 524288 2624914 4262 1614
0b000201 0b000301 10409 100 524288 2626651 2633 1614
0b000a01 0b000b01 10402 100 524288 2627773 1614 1614
0b000701 0b000001 10410 100 524288 2627950 1602 1614
0b000101 0b000201 10411 100 524288 2625364 4251 1614
0b000201 0b000301 10410 100 524288 2627057 2633 1614
0b000101 0b000201 10412 100 524288 2625839 3932 1614
0b000401 0b000501 10409 100 524288 2628330 1581 1614
0b000801 0b000101 10056 100 524288 2501271 128776 49068
0b000901 0b000a01 10405 100 524288 2626159 3983 1614
0b000b01 0b000c01 10398 100 524288 2628110 2032 1614
0b000901 0b000a01 10406 100 524288 2626169 3973 1614
0b000601 0b000701 10413 100 524288 2628702 1581 1614
0b000901 0b000a01 10407 100 524288 2627710 3107 1614
0b000b01 0b000c01 10399 100 524288 2629385 2132 1614
0b000b01 0b000401 10055 100 524288 2368859 262982 49068
0b000c01 0b000d01 10396 100 524288 2629723 2311 1614
0b000a01 0b000b01 10403 100 524288 2629592 3042 1614
0b000a01 0b000b01 10404 100 524288 2629617 3017 1614
0b000b01 0b000c01 10400 100 524288 2630922 2007 1614
0b000f01 0b000801 10399 100 524288 2630265 2906 1614
0b000d01 0b000e01 10395 100 524288 2628452 5577 1614
0b000d01 0b000e01 10396 100 524288 2628452 5577 1614
0b000b01 0b000c01 10401 100 524288 2632397 1805 1614
0b000c01 0b000d01 10397 100 524288 2630723 3591 1614
0b000f01 0b000801 10400 100 524288 2630871 3506 1614
0b000301 0b000401 10410 100 524288 2631623 2988 1614
0b000101 0b000201 10413 100 524288 2633057 1604 1614
0b000f01 0b000801 10401 100 524288 2631662 3096 1614
0b000701 0b000001 10411 100 524288 2633293 1581 1614
0b000c01 0b000d01 10398 100 524288 2631233 3706 1614
0b000d01 0b000e01 10397 100 524288 2629252 5914 1614
0b000201 0b000301 10411 100 524288 2632186 3568 1614
0b000d01 0b000e01 10398 100 524288 2629808 5958 1614
0b000301 0b000401 10411 100 524288 2632294 3648 1614
0b000301 0b000401 10412 100 524288 2632700 3442 1614
0b000a01 0b000b01 10405 100 524288 2633152 3042 1614
0b000a01 0b000b01 10406 100 524288 2633162 3032 1614
0b000d01 0b000e01 10399 100 524288 2631095 5271 1614
0b000401 0b000501 10410 100 524288 2634851 1581 1614
0b000201 0b000301 10412 100 524288 2632625 3973 1614
0b000201 0b000301 10413 100 524288 2632781 3898 1614
0b000001 0b000901 10054 100 524288 2249488 387205 49068
0b000c01 0b000501 10056 100 524288 2460370 176239 49068
0b000c01 0b000d01 10399 100 524288 2633152 3792 1614
0b000d01 0b000e01 10400 100 524288 2635044 2278 1614
0b000501 0b000e01 10055 100 524288 2289292 348426 49068
0b000801 0b000901 10404 100 524288 2636181 1581 1614
0b000c01 0b000d01 10400 100 524288 2634527 3717 1614
0b000b01 0b000c01 10402 100 524288 2635644 3034 1614
0b000b01 0b000c01 10403 100 524288 2635654 3049 1614
0b000e01 0b000701 10054 100 524288 2253253 385696 49068
0b000201 0b000301 10414 100 524288 2637671 1593 1614
0b000801 0b000901 10405 100 524288 2637768 1581 1614
0b000401 0b000501 10411 100 524288 2637621 1743 1614
0b000001 0b000101 10413 100 524288 2637884 1581 1614
0b000c01 0b000d01 10401 100 524288 2635939 3615 1614
0b000c01 0b000d01 10402 100 524288 2637212 2867 1614
0b000001 0b000901 10055 100 524288 2263388 376949 49068
0b000101 0b000a01 10053 100 524288 2228286 412485 49068
0b000301 0b000401 10413 100 524288 2638764 2213 1614
0b000901 0b000a01 10408 100 524288 2639703 1581 1614
0b000e01 0b000f01 10397 100 524288 2637039 4315 1614
0b000e01 0b000f01 10398 100 524288 2637039 4315 1614
0b000d01 0b000e01 10401 100 524288 2639954 1597 1614
0b000301 0b000401 10414 100 524288 2639608 2194 1614
0b000401 0b000501 10412 100 524288 2638952 3065 1614
0b000b01 0b000c01 10404 100 524288 2639204 3034 1614
0b000401 0b000501 10413 100 524288 2639152 2965 1614
0b000b01 0b000c01 10405 100 524288 2639214 3049 1614
0b000501 0b000601 10410 100 524288 2639442 2856 1614
0b000501 0b000601 10411 100 524288 2639619 2860 1614
0b000701 0b000001 10412 100 524288 2641959 1581 1614
0b000301 0b000401 10415 100 524288 2642274 1581 1614
0b000501 0b000601 10412 100 524288 2642374 1581 1614
0b000201 0b000b01 10054 100 524288 2268635 375607 49068
0b000901 0b000a01 10409 100 524288 2642359 2072 1614
0b000c01 0b000d01 10403 100 524288 2641688 3051 1614
0b000c01 0b000d01 10404 100 524288 2641713 3026 1614
0b000e01 0b000f01 10399 100 524288 2638776 6038 1614
0b000d01 0b000e01 10402 100 524288 2642564 2543 1614
0b000901 0b000a01 10410 100 524288 2643347 2059 1614
0b000e01 0b000f01 10400 100 524288 2639376 6213 1614
0b000d01 0b000e01 10403 100 524288 2643089 2534 1614
0b000f01 0b000801 10402 100 524288 2644364 1599 1614
0b000401 0b000501 10414 100 524288 2643987 2240 1614
0b000e01 0b000f01 10401 100 524288 2640332 5937 1614
0b000a01 0b000b01 10407 100 524288 2643781 2531 1614
0b000e01 0b000f01 10402 100 524288 2640728 5697 1614
0b000a01 0b000b01 10408 100 524288 2644294 2524 1614
0b000c01 0b000d01 10405 100 524288 2645248 1581 1614
0b000401 0b000501 10415 100 524288 2644812 2215 1614
0b000e01 0b000f01 10403 100 524288 2644561 2795 1614
0b000d01 0b000601 10057 100 524288 2557273 90251 49068
0b000501 0b000601 10413 100 524288 2645027 2956 1614
0b000501 0b000601 10414 100 524288 2645127 2956 1614
0b000001 0b000101 10414 100 524288 2646550 1581 1614
0b000601 0b000701 10414 100 524288 2645308 2856 1614
0b000601 0b000701 10415 100 524288 2645489 2856 1614
0b000b01 0b000c01 10406 100 524288 2647252 1589 1614
0b000a01 0b000b01 10409 100 524288 2647441 2081 1614
0b000a01 0b000b01 10410 100 524288 2648416 2081 1614
0b000801 0b000901 10406 100 524288 2648973 1601 1614
0b000501 0b000601 10415 100 524288 2649237 1597 1614
0b000e01 0b000f01 10404 100 524288 2648117 2557 1614
0b000d01 0b000e01 10404 100 524288 2647749 3049 1614
0b000d01 0b000e01 10405 100 524288 2647759 3039 1614
0b000f01 0b000801 10403 100 524288 2647824 3024 1614
0b000e01 0b000f01 10405 100 524288 2648633 2522 1614
0b000401 0b000d01 10055 100 524288 2332890 318622 49068
0b000b01 0b000c01 10407 100 524288 2649322 2531 1614
0b000601 0b000701 10416 100 524288 2650534 1590 1614
0b000b01 0b000c01 10408 100 524288 2649828 2548 1614
0b000101 0b000201 10414 100 524288 2651141 1581 1614
0b000c01 0b000d01 10406 100 524288 2651851 1581 1614
0b000f01 0b000801 10404 100 524288 2648599 5262 1614
0b000701 0b000001 10413 100 524288 2651174 2856 1614
0b000701 0b000001 10414 100 524288 2651355 2856 1614
0b000501 0b000e01 10056 100 524288 2327363 327831 49068
0b000b01 0b000c01 10409 100 524288 2653507 1581 1614
0b000901 0b000a01 10411 100 524288 2653584 1599 1614
0b000801 0b000901 10407 100 524288 2653858 1603 1614
0b000f01 0b000801 10405 100 524288 2649279 6254 1614
0b000f01 0b000801 10406 100 524288 2649435 6298 1614
0b000d01 0b000e01 10406 100 524288 2654522 1591 1614
0b000f01 0b000801 10407 100 524288 2650366 6042 1614
0b000701 0b000001 10415 100 524288 2655134 1581 1614
0b000e01 0b000f01 10406 100 524288 2653808 3059 1614
0b000e01 0b000f01 10407 100 524288 2653818 3049 1614
0b000201 0b000301 10415 100 524288 2655732 1581 1614
0b000c01 0b000d01 10407 100 524288 2654863 2554 1614
0b000c01 0b000d01 10408 100 524288 2655386 2531 1614
0b000f01 0b000801 10408 100 524288 2653684 4337 1614
0b000d01 0b000e01 10407 100 524288 2656442 1581 1614
0b000e01 0b000701 10055 100 524288 2286844 371220 49068
0b000f01 0b000801 10409 100 524288 2654165 3981 1614
0b000301 0b000c01 10055 100 524288 2376822 281646 49068
0b000801 0b000901 10408 100 524288 2656871 1581 1614
0b000101 0b000a01 10054 100 524288 2257116 402647 49068
0b000c01 0b000d01 10409 100 524288 2658098 1581 1614
0b000e01 0b000f01 10408 100 524288 2658204 2148 1614
0b000e01 0b000f01 10409 100 524288 2659123 2254 1614
0b000f01 0b000801 10410 100 524288 2659877 1614 1614
0b000a01 0b000301 10057 100 524288 2566072 95679 49068
0b000301 0b000401 10416 100 524288 2660323 1581 1614
0b000701 0b000001 10416 100 524288 2661074 1581 1614
0b000e01 0b000f01 10410 100 524288 2661033 1669 1614
0b000801 0b000901 10409 100 524288 2658543 4194 1614
0b000d01 0b000e01 10408 100 524288 2660427 2576 1614
0b000901 0b000a01 10412 100 524288 2661462 1587 1614
0b000c01 0b000d01 10410 100 524288 2661478 1605 1614
0b000801 0b000901 10410 100 524288 2658743 4512 1614
0b000d01 0b000e01 10409 100 524288 2660927 2537 1614
0b000801 0b000901 10411 100 524288 2659418 4494 1614
0b000a01 0b000b01 10411 100 524288 2662773 1581 1614
0b000801 0b000901 10412 100 524288 2661156 3356 1614
0b000f01 0b000801 10411 100 524288 2663362 2031 1614
0b000301 0b000401 10417 100 524288 2664761 1581 1614
0b000001 0b000101 10415 100 524288 2665665 1581 1614
0b000b01 0b000401 10056 100 524288 2432199 234777 49068
0b000f01 0b000801 10412 100 524288 2664387 2601 1614
0b000e01 0b000f01 10411 100 524288 2666013 1611 1614
0b000d01 0b000e01 10410 100 524288 2666093 1581 1614
0b000901 0b000a01 10413 100 524288 2666265 1581 1614
0b000f01 0b000801 10413 100 524288 2665712 2143 1614
0b000b01 0b000c01 10410 100 524288 2667364 1581 1614
0b000801 0b000901 10413 100 524288 2668403 1581 1614
0b000001 0b000901 10056 100 524288 2332404 337781 49068
0b000801 0b000901 10414 100 524288 2669998 1586 1614
0b000401 0b000501 10416 100 524288 2669352 2406 1614
0b000101 0b000201 10415 100 524288 2670256 1581 1614
0b000f01 0b000801 10414 100 524288 2670634 1581 1614
0b000e01 0b000f01 10412 100 524288 2670684 1581 1614
0b000401 0b000501 10417 100 524288 2669986 2403 1614
0b000101 0b000a01 10055 100 524288 2289220 383651 49068
0b000c01 0b000d01 10411 100 524288 2671955 1581 1614
0b000901 0b000a01 10414 100 524288 2673195 1581 1614
0b000401 0b000d01 10056 100 524288 2379287 296436 49068
0b000101 0b000a01 10056 100 524288 2298921 376866 49068
0b000201 0b000b01 10055 100 524288 2322922 353348 49068
0b000201 0b000301 10416 100 524288 2674847 1581 1614
0b000501 0b000601 10416 100 524288 2675399 1581 1614
0b000f01 0b000801 10415 100 524288 2675275 1581 1614
0b000a01 0b000b01 10412 100 524288 2675881 1581 1614
0b000d01 0b000e01 10411 100 524288 2676546 1581 1614
0b000701 0b000801 10055 100 524288 2361354 317057 49068
0b000a01 0b000b01 10413 100 524288 2677786 2044 1614
0b000d01 0b000e01 10412 100 524288 2678733 1581 1614
0b000a01 0b000b01 10414 100 524288 2678797 2033 1614
0b000b01 0b000c01 10411 100 524288 2679280 1856 1614
0b000601 0b000701 10417 100 524288 2679990 1581 1614
0b000b01 0b000c01 10412 100 524288 2680472 1845 1614
0b000e01 0b000f01 10413 100 524288 2681137 1581 1614
0b000801 0b000901 10415 100 524288 2681421 1581 1614
0b000b01 0b000c01 10413 100 524288 2682840 2056 1614
0b000e01 0b000f01 10414 100 524288 2683324 1581 1614
0b000b01 0b000c01 10414 100 524288 2683840 2056 1614
0b000f01 0b000001 10057 100 524288 2584439 101468 49068
0b000c01 0b000d01 10412 100 524288 2684146 1856 1614
0b000701 0b000801 10056 100 524288 2383391 303760 49068
0b000c01 0b000d01 10413 100 524288 2685327 1856 1614
0b000901 0b000a01 10415 100 524288 2686012 1581 1614
0b000601 0b000f01 10057 100 524288 2617787 70508 49068
0b000201 0b000b01 10056 100 524288 2346658 341988 49068
0b000f01 0b000801 10416 100 524288 2687915 1581 1614
0b000001 0b000101 10416 100 524288 2688917 1581 1614
0b000c01 0b000d01 10414 100 524288 2688906 1581 1614
0b000d01 0b000e01 10413 100 524288 2689012 1856 1614
0b000801 0b000901 10416 100 524288 2690161 1594 1614
0b000d01 0b000e01 10414 100 524288 2690193 1856 1614
0b000a01 0b000b01 10415 100 524288 2690603 1603 1614
0b000c01 0b000501 10057 100 524288 2556167 136148 49068
0b000301 0b000c01 10056 100 524288 2437246 255446 49068
0b000f01 0b000801 10417 100 524288 2691305 1581 1614
0b000b01 0b000c01 10415 100 524288 2691656 1581 1614
0b000101 0b000a01 10057 100 524288 2356376 338343 49068
0b000101 0b000201 10416 100 524288 2693508 1581 1614
0b000201 0b000b01 10057 100 524288 2367159 328043 49068
0b000e01 0b000f01 10415 100 524288 2693878 1581 1614
0b000901 0b000a01 10416 100 524288 2694765 1606 1614
0b000501 0b000601 10417 100 524288 2695325 1581 1614
0b000b01 0b000c01 10416 100 524288 2695216 1586 1614
0b000801 0b000901 10417 100 524288 2695896 1581 1614
0b000c01 0b000d01 10415 100 524288 2695702 2506 1614
0b000c01 0b000d01 10416 100 524288 2696247 2515 1614
0b000801 0b000101 10057 100 524288 2609009 89844 49068
0b000a01 0b000b01 10416 100 524288 2697729 1583 1614
0b000b01 0b000c01 10417 100 524288 2698212 1594 1614
0b000a01 0b000b01 10417 100 524288 2699381 1581 1614
0b000601 0b000701 10418 100 524288 2699916 1581 1614
0b000901 0b000201 10057 100 524288 2627635 75222 49068
0b000101 0b000201 10417 100 524288 2701863 1581 1614
0b000d01 0b000e01 10415 100 524288 2701218 2498 1614
0b000b01 0b000c01 10418 100 524288 2702322 1594 1614
0b000d01 0b000e01 10416 100 524288 2701772 2494 1614
0b000c01 0b000d01 10417 100 524288 2702816 1581 1614
0b000701 0b000801 10057 100 524288 2433519 271295 49068
0b000e01 0b000701 10056 100 524288 2397450 307210 49068
0b000a01 0b000301 10058 100 524288 2615994 90006 49068
0b000b01 0b000401 10057 100 524288 2519560 187293 49068
0b000e01 0b000f01 10416 100 524288 2706726 1581 1614
0b000201 0b000301 10417 100 524288 2705867 2456 1614
0b000201 0b000301 10418 100 524288 2706454 2450 1614
0b000701 0b000001 10417 100 524288 2707670 1581 1614
0b000801 0b000901 10418 100 524288 2707824 1581 1614
0b000301 0b000401 10418 100 524288 2709010 1603 1614
0b000401 0b000501 10418 100 524288 2709863 1595 1614
0b000301 0b000401 10419 100 524288 2711333 1581 1614
0b000001 0b000101 10417 100 524288 2712261 1581 1614
0b000901 0b000a01 10417 100 524288 2712415 1581 1614
0b000301 0b000c01 10057 100 524288 2494700 219840 49068
0b000c01 0b000501 10058 100 524288 2590604 124470 49068
0b000501 0b000601 10418 100 524288 2714468 1581 1614
0b000101 0b000201 10418 100 524288 2716852 1581 1614
0b000401 0b000d01 10057 100 524288 2504426 214444 49068
0b000c01 0b000d01 10418 100 524288 2717550 1581 1614
0b000e01 0b000701 10057 100 524288 2439234 280181 49068
0b000501 0b000601 10419 100 524288 2718084 1581 1614
0b000501 0b000e01 10057 100 524288 2517914 202792 49068
0b000001 0b000901 10057 100 524288 2481639 239343 49068
0b000301 0b000c01 10058 100 524288 2516665 204427 49068
0b000701 0b000001 10418 100 524288 2722425 1581 1614
0b000f01 0b000001 10058 100 524288 2615094 108856 49068
0b000d01 0b000e01 10417 100 524288 2721880 2797 1614
0b000d01 0b000e01 10418 100 524288 2722141 2811 1614
0b000e01 0b000f01 10417 100 524288 2723716 1581 1614
0b000901 0b000a01 10418 100 524288 2723992 1581 1614
0b000c01 0b000d01 10419 100 524288 2724102 1581 1614
0b000501 0b000e01 10058 100 524288 2541770 185164 49068
0b000b01 0b000401 10058 100 524288 2577456 149789 49068
0b000d01 0b000601 10058 100 524288 2637324 91756 49068
0b000e01 0b000f01 10418 100 524288 2727687 1595 1614
0b000c01 0b000501 10059 100 524288 2631083 98545 49068
0b000001 0b000101 10418 100 524288 2726960 2981 1614
0b000001 0b000101 10419 100 524288 2727016 2981 1614
0b000f01 0b000801 10418 100 524288 2728307 1581 1614
0b000201 0b000b01 10058 100 524288 2534372 195969 49068
0b000a01 0b000b01 10418 100 524288 2728583 1581 1614
0b000401 0b000d01 10058 100 524288 2550868 179500 49068
0b000d01 0b000601 10059 100 524288 2641254 89272 49068
0b000b01 0b000401 10059 100 524288 2594341 136926 49068
0b000a01 0b000301 10059 100 524288 2658193 73275 49068
0b000e01 0b000f01 10419 100 524288 2729944 1581 1614
0b000401 0b000501 10419 100 524288 2730255 1581 1614
0b000401 0b000d01 10059 100 524288 2554409 177602 49068
0b000501 0b000e01 10059 100 524288 2582340 150422 49068
0b000301 0b000c01 10059 100 524288 2591519 141760 49068
0b000601 0b000701 10419 100 524288 2732090 1581 1614
0b000201 0b000b01 10059 100 524288 2554322 179659 49068
0b000701 0b000801 10058 100 524288 2563850 170271 49068
0b000f01 0b000001 10059 100 524288 2629359 104783 49068
0b000101 0b000a01 10058 100 524288 2551604 183346 49068
0b000b01 0b000c01 10419 100 524288 2733351 1581 1614
0b000d01 0b000e01 10419 100 524288 2733378 1581 1614
0b000001 0b000901 10058 100 524288 2546589 188864 49068
0b000701 0b000801 10059 100 524288 2565372 171311 49068
0b000e01 0b000701 10058 100 524288 2522764 214288 49068
0b000801 0b000101 10058 100 524288 2637387 100494 49068
0b000001 0b000901 10059 100 524288 2569751 168618 49068
0b000101 0b000a01 10059 100 524288 2580448 158333 49068
0b000e01 0b000701 10059 100 524288 2534793 203898 49068
0b000801 0b000901 10419 100 524288 2737131 1582 1614
0b000a01 0b000b01 10419 100 524288 2737960 1603 1614
0b000901 0b000a01 10419 100 524288 2738463 1581 1614
0b000701 0b000001 10419 100 524288 2740062 1581 1614
0b000101 0b000201 10419 100 524288 2740891 1581 1614
0b000801 0b000101 10059 100 524288 2661031 89365 49068
0b000601 0b000f01 10058 100 524288 2650993 100556 49068
0b000601 0b000f01 10059 100 524288 2651093 101367 49068
0b000f01 0b000801 10419 100 524288 2754559 1581 1614
0b000901 0b000201 10058 100 524288 2658471 100189 49068
0b000901 0b000201 10059 100 524288 2666922 96269 49068
0b000201 0b000301 10419 100 524288 2761670 1581 1614
