0b000c01 0b000d01 10000 100 131072 559010 2623 516
0b000b01 0b000c01 10006 100 131072 559010 2623 516
0b000901 0b000a01 10006 100 131072 559010 2623 516
0b000a01 0b000b01 10006 100 131072 559010 2623 516
0b000801 0b000901 10000 100 131072 559010 2623 516
0b000f01 0b000801 10006 100 131072 559010 2623 516
0b000d01 0b000e01 10006 100 131072 559010 2623 516
0b000e01 0b000f01 10006 100 131072 559010 2623 516
0b000c01 0b000d01 10006 100 131072 559010 2623 516
0b000b01 0b000c01 10005 100 131072 559010 2623 516
0b000901 0b000a01 10005 100 131072 559010 2623 516
0b000a01 0b000b01 10005 100 131072 559010 2623 516
0b000801 0b000901 10006 100 131072 559010 2623 516
0b000f01 0b000801 10005 100 131072 559010 2623 516
0b000d01 0b000e01 10005 100 131072 559010 2623 516
0b000e01 0b000f01 10005 100 131072 559010 2623 516
0b000c01 0b000d01 10005 100 131072 559010 2623 516
0b000b01 0b000c01 10004 100 131072 559010 2623 516
0b000901 0b000a01 10004 100 131072 559010 2623 516
0b000a01 0b000b01 10004 100 131072 559010 2623 516
0b000801 0b000901 10005 100 131072 559010 2623 516
0b000f01 0b000801 10004 100 131072 559010 2623 516
0b000d01 0b000e01 10004 100 131072 559010 2623 516
0b000e01 0b000f01 10004 100 131072 559010 2623 516
0b000b01 0b000c01 10003 100 131072 559010 2631 516
0b000a01 0b000b01 10003 100 131072 559010 2631 516
0b000801 0b000901 10004 100 131072 559010 2631 516
0b000901 0b000a01 10003 100 131072 559010 2631 516
0b000f01 0b000801 10003 100 131072 559010 2631 516
0b000e01 0b000f01 10003 100 131072 559010 2631 516
0b000c01 0b000d01 10004 100 131072 559010 2631 516
0b000401 0b000501 10000 100 131072 559010 2623 516
0b000d01 0b000e01 10003 100 131072 559010 2631 516
0b000301 0b000401 10006 100 131072 559010 2623 516
0b000101 0b000201 10006 100 131072 559010 2623 516
0b000201 0b000301 10006 100 131072 559010 2623 516
0b000001 0b000101 10000 100 131072 559010 2623 516
0b000701 0b000001 10006 100 131072 559010 2623 516
0b000501 0b000601 10006 100 131072 559010 2623 516
0b000601 0b000701 10006 100 131072 559010 2623 516
0b000401 0b000501 10006 100 131072 559010 2623 516
0b000301 0b000401 10005 100 131072 559010 2623 516
0b000101 0b000201 10005 100 131072 559010 2623 516
0b000201 0b000301 10005 100 131072 559010 2623 516
0b000001 0b000101 10006 100 131072 559010 2623 516
0b000701 0b000001 10005 100 131072 559010 2623 516
0b000501 0b000601 10005 100 131072 559010 2623 516
0b000601 0b000701 10005 100 131072 559010 2623 516
0b000401 0b000501 10005 100 131072 559010 2623 516
0b000b01 0b000c01 10002 100 131072 559010 2645 516
0b000301 0b000401 10004 100 131072 559010 2623 516
0b000a01 0b000b01 10002 100 131072 559010 2645 516
0b000801 0b000901 10003 100 131072 559010 2645 516
0b000901 0b000a01 10002 100 131072 559010 2645 516
0b000101 0b000201 10004 100 131072 559010 2623 516
0b000f01 0b000801 10002 100 131072 559010 2645 516
0b000e01 0b000f01 10002 100 131072 559010 2645 516
0b000201 0b000301 10004 100 131072 559010 2623 516
0b000c01 0b000d01 10003 100 131072 559010 2645 516
0b000d01 0b000e01 10002 100 131072 559010 2645 516
0b000001 0b000101 10005 100 131072 559010 2623 516
0b000701 0b000001 10004 100 131072 559010 2623 516
0b000501 0b000601 10004 100 131072 559010 2623 516
0b000601 0b000701 10004 100 131072 559010 2623 516
0b000301 0b000401 10003 100 131072 559010 2631 516
0b000201 0b000301 10003 100 131072 559010 2631 516
0b000b01 0b000c01 10001 100 131072 559010 2659 516
0b000001 0b000101 10004 100 131072 559010 2631 516
0b000101 0b000201 10003 100 131072 559010 2631 516
0b000a01 0b000b01 10001 100 131072 559010 2659 516
0b000801 0b000901 10002 100 131072 559010 2659 516
0b000701 0b000001 10003 100 131072 559010 2631 516
0b000901 0b000a01 10001 100 131072 559010 2659 516
0b000601 0b000701 10003 100 131072 559010 2631 516
0b000f01 0b000801 10001 100 131072 559010 2659 516
0b000401 0b000501 10004 100 131072 559010 2631 516
0b000501 0b000601 10003 100 131072 559010 2631 516
0b000e01 0b000f01 10001 100 131072 559010 2659 516
0b000c01 0b000d01 10002 100 131072 559010 2659 516
0b000d01 0b000e01 10001 100 131072 559010 2659 516
0b000b01 0b000c01 10000 100 131072 559010 2673 516
0b000a01 0b000b01 10000 100 131072 559010 2673 516
0b000801 0b000901 10001 100 131072 559010 2673 516
0b000901 0b000a01 10000 100 131072 559010 2673 516
0b000f01 0b000801 10000 100 131072 559010 2673 516
0b000e01 0b000f01 10000 100 131072 559010 2673 516
0b000c01 0b000d01 10001 100 131072 559010 2673 516
0b000d01 0b000e01 10000 100 131072 559010 2673 516
0b000301 0b000401 10002 100 131072 559010 2645 516
0b000201 0b000301 10002 100 131072 559010 2645 516
0b000001 0b000101 10003 100 131072 559010 2645 516
0b000101 0b000201 10002 100 131072 559010 2645 516
0b000701 0b000001 10002 100 131072 559010 2645 516
0b000601 0b000701 10002 100 131072 559010 2645 516
0b000401 0b000501 10003 100 131072 559010 2645 516
0b000501 0b000601 10002 100 131072 559010 2645 516
0b000301 0b000401 10001 100 131072 559010 2659 516
0b000201 0b000301 10001 100 131072 559010 2659 516
0b000001 0b000101 10002 100 131072 559010 2659 516
0b000101 0b000201 10001 100 131072 559010 2659 516
0b000701 0b000001 10001 100 131072 559010 2659 516
0b000601 0b000701 10001 100 131072 559010 2659 516
0b000401 0b000501 10002 100 131072 559010 2659 516
0b000501 0b000601 10001 100 131072 559010 2659 516
0b000301 0b000401 10000 100 131072 559010 2673 516
0b000201 0b000301 10000 100 131072 559010 2673 516
0b000001 0b000101 10001 100 131072 559010 2673 516
0b000101 0b000201 10000 100 131072 559010 2673 516
0b000701 0b000001 10000 100 131072 559010 2673 516
0b000601 0b000701 10000 100 131072 559010 2673 516
0b000401 0b000501 10001 100 131072 559010 2673 516
0b000501 0b000601 10000 100 131072 559010 2673 516
0b000e01 0b000f01 10007 100 131072 564643 2259 516
0b000d01 0b000e01 10007 100 131072 564643 2259 516
0b000601 0b000701 10007 100 131072 564643 2259 516
0b000b01 0b000c01 10007 100 131072 564643 2259 516
0b000501 0b000601 10007 100 131072 564643 2259 516
0b000c01 0b000d01 10007 100 131072 564643 2259 516
0b000301 0b000401 10007 100 131072 564643 2259 516
0b000a01 0b000b01 10007 100 131072 564643 2259 516
0b000901 0b000a01 10007 100 131072 564643 2259 516
0b000401 0b000501 10007 100 131072 564643 2259 516
0b000f01 0b000801 10007 100 131072 564643 2259 516
0b000201 0b000301 10007 100 131072 564643 2259 516
0b000801 0b000901 10007 100 131072 564643 2259 516
0b000101 0b000201 10007 100 131072 564643 2259 516
0b000e01 0b000f01 10008 100 131072 564643 2259 516
0b000701 0b000001 10007 100 131072 564643 2259 516
0b000d01 0b000e01 10008 100 131072 564643 2259 516
0b000001 0b000101 10007 100 131072 564643 2259 516
0b000b01 0b000c01 10008 100 131072 564643 2259 516
0b000601 0b000701 10008 100 131072 564643 2259 516
0b000c01 0b000d01 10008 100 131072 564643 2259 516
0b000501 0b000601 10008 100 131072 564643 2259 516
0b000a01 0b000b01 10008 100 131072 564643 2259 516
0b000301 0b000401 10008 100 131072 564643 2259 516
0b000901 0b000a01 10008 100 131072 564643 2259 516
0b000f01 0b000801 10008 100 131072 564643 2259 516
0b000401 0b000501 10008 100 131072 564643 2259 516
0b000801 0b000901 10008 100 131072 564643 2259 516
0b000201 0b000301 10008 100 131072 564643 2259 516
0b000101 0b000201 10008 100 131072 564643 2259 516
0b000d01 0b000e01 10009 100 131072 564651 2259 516
0b000701 0b000001 10008 100 131072 564643 2259 516
0b000c01 0b000d01 10009 100 131072 564651 2259 516
0b000001 0b000101 10008 100 131072 564643 2259 516
0b000a01 0b000b01 10009 100 131072 564643 2267 516
0b000501 0b000601 10009 100 131072 564651 2259 516
0b000b01 0b000c01 10009 100 131072 564643 2267 516
0b000401 0b000501 10009 100 131072 564651 2259 516
0b000901 0b000a01 10009 100 131072 564643 2267 516
0b000201 0b000301 10009 100 131072 564643 2267 516
0b000801 0b000901 10009 100 131072 564643 2267 516
0b000301 0b000401 10009 100 131072 564643 2267 516
0b000e01 0b000f01 10009 100 131072 564651 2259 516
0b000101 0b000201 10009 100 131072 564643 2267 516
0b000f01 0b000801 10009 100 131072 564643 2267 516
0b000001 0b000101 10009 100 131072 564643 2267 516
0b000601 0b000701 10009 100 131072 564651 2259 516
0b000701 0b000001 10009 100 131072 564643 2267 516
0b000d01 0b000e01 10010 100 131072 564665 2259 516
0b000501 0b000601 10010 100 131072 564665 2259 516
0b000c01 0b000d01 10010 100 131072 564665 2259 516
0b000401 0b000501 10010 100 131072 564665 2259 516
0b000a01 0b000b01 10010 100 131072 564651 2273 516
0b000201 0b000301 10010 100 131072 564651 2273 516
0b000301 0b000401 10010 100 131072 564665 2259 516
0b000b01 0b000c01 10010 100 131072 564665 2259 516
0b000101 0b000201 10010 100 131072 564651 2273 516
0b000001 0b000101 10010 100 131072 564651 2273 516
0b000901 0b000a01 10010 100 131072 564651 2273 516
0b000601 0b000701 10010 100 131072 564665 2259 516
0b000701 0b000001 10010 100 131072 564651 2273 516
0b000801 0b000901 10010 100 131072 564651 2273 516
0b000e01 0b000f01 10010 100 131072 564665 2259 516
0b000f01 0b000801 10010 100 131072 564651 2273 516
0b000501 0b000601 10011 100 131072 564679 2259 516
0b000401 0b000501 10011 100 131072 564679 2259 516
0b000d01 0b000e01 10011 100 131072 564679 2259 516
0b000201 0b000301 10011 100 131072 564679 2259 516
0b000c01 0b000d01 10011 100 131072 564679 2259 516
0b000a01 0b000b01 10011 100 131072 564679 2259 516
0b000301 0b000401 10011 100 131072 564679 2259 516
0b000b01 0b000c01 10011 100 131072 564679 2259 516
0b000101 0b000201 10011 100 131072 564665 2273 516
0b000901 0b000a01 10011 100 131072 564665 2273 516
0b000001 0b000101 10011 100 131072 564665 2273 516
0b000801 0b000901 10011 100 131072 564665 2273 516
0b000601 0b000701 10011 100 131072 564679 2259 516
0b000e01 0b000f01 10011 100 131072 564679 2259 516
0b000701 0b000001 10011 100 131072 564665 2273 516
0b000f01 0b000801 10011 100 131072 564665 2273 516
0b000d01 0b000e01 10012 100 131072 564693 2259 516
0b000c01 0b000d01 10012 100 131072 564693 2259 516
0b000501 0b000601 10012 100 131072 564693 2259 516
0b000a01 0b000b01 10012 100 131072 564693 2259 516
0b000401 0b000501 10012 100 131072 564693 2259 516
0b000b01 0b000c01 10012 100 131072 564693 2259 516
0b000201 0b000301 10012 100 131072 564693 2259 516
0b000901 0b000a01 10012 100 131072 564679 2273 516
0b000301 0b000401 10012 100 131072 564693 2259 516
0b000801 0b000901 10012 100 131072 564679 2273 516
0b000101 0b000201 10012 100 131072 564679 2273 516
0b000e01 0b000f01 10012 100 131072 564693 2259 516
0b000001 0b000101 10012 100 131072 564679 2273 516
0b000f01 0b000801 10012 100 131072 564679 2273 516
0b000601 0b000701 10012 100 131072 564693 2259 516
0b000701 0b000001 10012 100 131072 564679 2273 516
0b000901 0b000201 10000 100 131072 559010 10589 10714
0b000a01 0b000301 10000 100 131072 559010 10589 10714
0b000101 0b000a01 10000 100 131072 559010 10589 10714
0b000201 0b000b01 10000 100 131072 559010 10589 10714
0b000501 0b000e01 10000 100 131072 559010 10903 10714
0b000601 0b000f01 10000 100 131072 559010 10903 10714
0b000701 0b000801 10000 100 131072 559010 10903 10714
0b000d01 0b000601 10000 100 131072 559010 10903 10714
0b000e01 0b000701 10000 100 131072 559010 10903 10714
0b000f01 0b000001 10000 100 131072 559010 10903 10714
0b000001 0b000901 10000 100 131072 559010 10953 10714
0b000801 0b000101 10000 100 131072 559010 10953 10714
0b000401 0b000d01 10000 100 131072 559010 11786 10714
0b000c01 0b000501 10000 100 131072 559010 11997 10714
0b000001 0b000101 10013 100 131072 569912 1895 516
0b000701 0b000001 10013 100 131072 569912 1895 516
0b000501 0b000601 10013 100 131072 569912 1895 516
0b000601 0b000701 10013 100 131072 569912 1895 516
0b000401 0b000501 10013 100 131072 569912 1895 516
0b000301 0b000401 10013 100 131072 569912 1895 516
0b000101 0b000201 10013 100 131072 569912 1895 516
0b000201 0b000301 10013 100 131072 569912 1895 516
0b000701 0b000001 10014 100 131072 569912 1903 516
0b000601 0b000701 10014 100 131072 569920 1895 516
0b000401 0b000501 10014 100 131072 569912 1903 516
0b000501 0b000601 10014 100 131072 569920 1895 516
0b000301 0b000401 10014 100 131072 569912 1903 516
0b000201 0b000301 10014 100 131072 569912 1903 516
0b000001 0b000101 10014 100 131072 569912 1903 516
0b000101 0b000201 10014 100 131072 569912 1903 516
0b000701 0b000001 10015 100 131072 569920 1909 516
0b000601 0b000701 10015 100 131072 569934 1895 516
0b000401 0b000501 10015 100 131072 569934 1895 516
0b000501 0b000601 10015 100 131072 569934 1895 516
0b000301 0b000401 10015 100 131072 569920 1909 516
0b000201 0b000301 10015 100 131072 569920 1909 516
0b000001 0b000101 10015 100 131072 569920 1909 516
0b000101 0b000201 10015 100 131072 569920 1909 516
0b000701 0b000001 10016 100 131072 569934 1909 516
0b000601 0b000701 10016 100 131072 569948 1895 516
0b000401 0b000501 10016 100 131072 569948 1895 516
0b000501 0b000601 10016 100 131072 569948 1895 516
0b000301 0b000401 10016 100 131072 569948 1895 516
0b000201 0b000301 10016 100 131072 569934 1909 516
0b000001 0b000101 10016 100 131072 569934 1909 516
0b000101 0b000201 10016 100 131072 569934 1909 516
0b000701 0b000001 10017 100 131072 569948 1909 516
0b000601 0b000701 10017 100 131072 569962 1895 516
0b000401 0b000501 10017 100 131072 569962 1895 516
0b000501 0b000601 10017 100 131072 569962 1895 516
0b000301 0b000401 10017 100 131072 569962 1895 516
0b000201 0b000301 10017 100 131072 569948 1909 516
0b000001 0b000101 10017 100 131072 569948 1909 516
0b000101 0b000201 10017 100 131072 569948 1909 516
0b000801 0b000901 10013 100 131072 569912 1895 516
0b000f01 0b000801 10013 100 131072 569912 1895 516
0b000d01 0b000e01 10013 100 131072 569912 1895 516
0b000e01 0b000f01 10013 100 131072 569912 1895 516
0b000c01 0b000d01 10013 100 131072 569912 1895 516
0b000b01 0b000c01 10013 100 131072 569912 1895 516
0b000901 0b000a01 10013 100 131072 569912 1895 516
0b000a01 0b000b01 10013 100 131072 569912 1895 516
0b000f01 0b000801 10014 100 131072 569912 1903 516
0b000e01 0b000f01 10014 100 131072 569920 1895 516
0b000c01 0b000d01 10014 100 131072 569912 1903 516
0b000d01 0b000e01 10014 100 131072 569920 1895 516
0b000b01 0b000c01 10014 100 131072 569912 1903 516
0b000a01 0b000b01 10014 100 131072 569912 1903 516
0b000801 0b000901 10014 100 131072 569912 1903 516
0b000901 0b000a01 10014 100 131072 569912 1903 516
0b000f01 0b000801 10015 100 131072 569920 1909 516
0b000e01 0b000f01 10015 100 131072 569934 1895 516
0b000c01 0b000d01 10015 100 131072 569934 1895 516
0b000d01 0b000e01 10015 100 131072 569934 1895 516
0b000b01 0b000c01 10015 100 131072 569920 1909 516
0b000a01 0b000b01 10015 100 131072 569920 1909 516
0b000801 0b000901 10015 100 131072 569920 1909 516
0b000901 0b000a01 10015 100 131072 569920 1909 516
0b000f01 0b000801 10016 100 131072 569934 1909 516
0b000e01 0b000f01 10016 100 131072 569948 1895 516
0b000c01 0b000d01 10016 100 131072 569948 1895 516
0b000d01 0b000e01 10016 100 131072 569948 1895 516
0b000b01 0b000c01 10016 100 131072 569948 1895 516
0b000a01 0b000b01 10016 100 131072 569934 1909 516
0b000801 0b000901 10016 100 131072 569934 1909 516
0b000901 0b000a01 10016 100 131072 569934 1909 516
0b000f01 0b000801 10017 100 131072 569948 1909 516
0b000e01 0b000f01 10017 100 131072 569962 1895 516
0b000c01 0b000d01 10017 100 131072 569962 1895 516
0b000d01 0b000e01 10017 100 131072 569962 1895 516
0b000b01 0b000c01 10017 100 131072 569962 1895 516
0b000a01 0b000b01 10017 100 131072 569948 1909 516
0b000801 0b000901 10017 100 131072 569948 1909 516
0b000901 0b000a01 10017 100 131072 569948 1909 516
0b000301 0b000401 10018 100 131072 572609 489 516
0b000201 0b000301 10018 100 131072 572609 514 516
0b000b01 0b000c01 10018 100 131072 572609 489 516
0b000a01 0b000b01 10018 100 131072 572609 514 516
0b000001 0b000101 10018 100 131072 572923 489 516
0b000701 0b000001 10018 100 131072 572923 489 516
0b000601 0b000701 10018 100 131072 572923 489 516
0b000101 0b000201 10018 100 131072 572973 489 516
0b000801 0b000901 10018 100 131072 572923 489 516
0b000f01 0b000801 10018 100 131072 572923 489 516
0b000e01 0b000f01 10018 100 131072 572923 489 516
0b000901 0b000a01 10018 100 131072 572973 489 516
0b000d01 0b000e01 10018 100 131072 573806 489 516
0b000501 0b000601 10018 100 131072 574017 489 516
0b000101 0b000a01 10001 100 131072 564693 10572 10714
0b000a01 0b000301 10001 100 131072 564665 10600 10714
0b000901 0b000201 10001 100 131072 564693 10574 10714
0b000201 0b000b01 10001 100 131072 564665 10600 10714
0b000501 0b000e01 10001 100 131072 564643 10934 10714
0b000601 0b000f01 10001 100 131072 564643 10936 10714
0b000d01 0b000601 10001 100 131072 564643 10934 10714
0b000701 0b000801 10001 100 131072 564693 10886 10714
0b000e01 0b000701 10001 100 131072 564643 10936 10714
0b000f01 0b000001 10001 100 131072 564693 10886 10714
0b000001 0b000901 10001 100 131072 564693 10936 10714
0b000801 0b000101 10001 100 131072 564693 10936 10714
0b000901 0b000a01 10019 100 131072 574817 1539 516
0b000801 0b000901 10019 100 131072 574817 1539 516
0b000f01 0b000801 10019 100 131072 574825 1539 516
0b000e01 0b000f01 10019 100 131072 574825 1539 516
0b000801 0b000901 10020 100 131072 574825 1545 516
0b000901 0b000a01 10020 100 131072 574825 1545 516
0b000d01 0b000e01 10019 100 131072 574817 1553 516
0b000a01 0b000b01 10019 100 131072 574817 1556 516
0b000a01 0b000b01 10020 100 131072 574825 1548 516
0b000e01 0b000f01 10020 100 131072 574839 1539 516
0b000f01 0b000801 10020 100 131072 574839 1539 516
0b000901 0b000a01 10021 100 131072 574839 1545 516
0b000801 0b000901 10021 100 131072 574839 1545 516
0b000d01 0b000e01 10020 100 131072 574839 1545 516
0b000f01 0b000801 10021 100 131072 574853 1539 516
0b000e01 0b000f01 10021 100 131072 574853 1539 516
0b000801 0b000901 10022 100 131072 574853 1545 516
0b000901 0b000a01 10022 100 131072 574853 1545 516
0b000b01 0b000c01 10019 100 131072 574817 1581 516
0b000a01 0b000b01 10021 100 131072 574839 1559 516
0b000d01 0b000e01 10021 100 131072 574853 1545 516
0b000b01 0b000c01 10020 100 131072 574825 1573 516
0b000a01 0b000b01 10022 100 131072 574853 1545 516
0b000f01 0b000801 10022 100 131072 574867 1539 516
0b000e01 0b000f01 10022 100 131072 574867 1539 516
0b000b01 0b000c01 10021 100 131072 574839 1584 516
0b000c01 0b000d01 10018 100 131072 574817 1606 516
0b000101 0b000201 10019 100 131072 574817 1539 516
0b000d01 0b000e01 10022 100 131072 574867 1556 516
0b000b01 0b000c01 10022 100 131072 574853 1570 516
0b000001 0b000101 10019 100 131072 574817 1539 516
0b000c01 0b000d01 10019 100 131072 574825 1598 516
0b000701 0b000001 10019 100 131072 574825 1539 516
0b000601 0b000701 10019 100 131072 574825 1539 516
0b000001 0b000101 10020 100 131072 574825 1545 516
0b000101 0b000201 10020 100 131072 574825 1545 516
0b000501 0b000601 10019 100 131072 574817 1553 516
0b000c01 0b000d01 10020 100 131072 574853 1595 516
0b000201 0b000301 10019 100 131072 574817 1556 516
0b000201 0b000301 10020 100 131072 574825 1548 516
0b000601 0b000701 10020 100 131072 574839 1539 516
0b000c01 0b000d01 10021 100 131072 574867 1606 516
0b000701 0b000001 10020 100 131072 574839 1539 516
0b000101 0b000201 10021 100 131072 574839 1545 516
0b000001 0b000101 10021 100 131072 574839 1545 516
0b000501 0b000601 10020 100 131072 574839 1545 516
0b000701 0b000001 10021 100 131072 574853 1539 516
0b000601 0b000701 10021 100 131072 574853 1539 516
0b000001 0b000101 10022 100 131072 574853 1545 516
0b000101 0b000201 10022 100 131072 574853 1545 516
0b000301 0b000401 10019 100 131072 574817 1581 516
0b000201 0b000301 10021 100 131072 574839 1559 516
0b000501 0b000601 10021 100 131072 574853 1545 516
0b000301 0b000401 10020 100 131072 574825 1573 516
0b000201 0b000301 10022 100 131072 574853 1545 516
0b000701 0b000001 10022 100 131072 574867 1539 516
0b000601 0b000701 10022 100 131072 574867 1539 516
0b000301 0b000401 10021 100 131072 574839 1584 516
0b000401 0b000501 10018 100 131072 574817 1606 516
0b000501 0b000601 10022 100 131072 574867 1556 516
0b000301 0b000401 10022 100 131072 574853 1570 516
0b000401 0b000501 10019 100 131072 574825 1598 516
0b000401 0b000501 10020 100 131072 574853 1595 516
0b000401 0b000501 10021 100 131072 574867 1606 516
0b000301 0b000c01 10000 100 131072 559010 17683 10714
0b000c01 0b000d01 10022 100 131072 576108 654 516
0b000b01 0b000c01 10023 100 131072 576133 639 516
0b000401 0b000501 10022 100 131072 576108 654 516
0b000301 0b000401 10023 100 131072 576133 639 516
0b000901 0b000a01 10023 100 131072 576422 489 516
0b000801 0b000901 10023 100 131072 576422 489 516
0b000f01 0b000801 10023 100 131072 576422 489 516
0b000101 0b000201 10023 100 131072 576422 489 516
0b000001 0b000101 10023 100 131072 576422 489 516
0b000a01 0b000b01 10023 100 131072 576472 489 516
0b000701 0b000001 10023 100 131072 576422 489 516
0b000b01 0b000401 10000 100 131072 559010 18047 10714
0b000201 0b000301 10023 100 131072 576472 489 516
0b000b01 0b000401 10001 100 131072 564651 13134 10714
0b000301 0b000c01 10001 100 131072 564651 13134 10714
0b000e01 0b000f01 10023 100 131072 577305 489 516
0b000c01 0b000501 10001 100 131072 564643 13318 10714
0b000601 0b000701 10023 100 131072 577516 489 516
0b000401 0b000d01 10001 100 131072 564643 13469 10714
0b000b01 0b000c01 10024 100 131072 578275 489 516
0b000301 0b000401 10024 100 131072 578275 489 516
0b000a01 0b000b01 10024 100 131072 578275 514 516
0b000201 0b000301 10024 100 131072 578277 512 516
0b000601 0b000701 10024 100 131072 578587 489 516
0b000001 0b000101 10024 100 131072 578589 489 516
0b000701 0b000001 10024 100 131072 578589 489 516
0b000101 0b000201 10024 100 131072 578639 489 516
0b000e01 0b000f01 10024 100 131072 578587 489 516
0b000801 0b000901 10024 100 131072 578589 489 516
0b000f01 0b000801 10024 100 131072 578589 489 516
0b000901 0b000a01 10024 100 131072 578639 489 516
0b000101 0b000a01 10002 100 131072 569962 10605 10714
0b000201 0b000b01 10002 100 131072 569962 10605 10714
0b000a01 0b000301 10002 100 131072 569962 10605 10714
0b000901 0b000201 10002 100 131072 569962 10607 10714
0b000701 0b000001 10025 100 131072 579374 1200 516
0b000f01 0b000801 10025 100 131072 579374 1200 516
0b000701 0b000001 10026 100 131072 579388 1211 516
0b000f01 0b000801 10026 100 131072 579388 1211 516
0b000701 0b000001 10027 100 131072 579402 1197 516
0b000f01 0b000801 10027 100 131072 579402 1197 516
0b000e01 0b000f01 10025 100 131072 579394 1214 516
0b000601 0b000701 10025 100 131072 579394 1214 516
0b000e01 0b000f01 10026 100 131072 579408 1200 516
0b000601 0b000701 10026 100 131072 579408 1200 516
0b000601 0b000701 10027 100 131072 579433 1200 516
0b000e01 0b000f01 10027 100 131072 579433 1200 516
0b000901 0b000a01 10025 100 131072 579366 1375 516
0b000801 0b000901 10025 100 131072 579374 1384 516
0b000a01 0b000b01 10025 100 131072 579366 1392 516
0b000801 0b000901 10026 100 131072 579388 1370 516
0b000a01 0b000b01 10026 100 131072 579380 1378 516
0b000901 0b000a01 10026 100 131072 579380 1386 516
0b000101 0b000201 10025 100 131072 579366 1375 516
0b000901 0b000a01 10027 100 131072 579394 1372 516
0b000001 0b000101 10025 100 131072 579374 1384 516
0b000201 0b000301 10025 100 131072 579366 1392 516
0b000001 0b000101 10026 100 131072 579388 1370 516
0b000201 0b000301 10026 100 131072 579380 1378 516
0b000801 0b000901 10027 100 131072 579402 1381 516
0b000b01 0b000c01 10025 100 131072 579383 1400 516
0b000101 0b000201 10026 100 131072 579380 1386 516
0b000a01 0b000b01 10027 100 131072 579394 1389 516
0b000101 0b000201 10027 100 131072 579394 1372 516
0b000b01 0b000c01 10026 100 131072 579383 1425 516
0b000001 0b000101 10027 100 131072 579402 1381 516
0b000b01 0b000c01 10027 100 131072 579408 1400 516
0b000301 0b000401 10025 100 131072 579383 1400 516
0b000201 0b000301 10027 100 131072 579394 1389 516
0b000301 0b000401 10026 100 131072 579383 1425 516
0b000301 0b000401 10027 100 131072 579408 1400 516
0b000d01 0b000601 10002 100 131072 569912 10967 10714
0b000e01 0b000701 10002 100 131072 569912 10969 10714
0b000501 0b000e01 10002 100 131072 569912 10967 10714
0b000f01 0b000001 10002 100 131072 569962 10919 10714
0b000601 0b000f01 10002 100 131072 569912 10969 10714
0b000d01 0b000e01 10023 100 131072 579433 1450 516
0b000701 0b000801 10002 100 131072 569962 10919 10714
0b000501 0b000601 10023 100 131072 579433 1450 516
0b000d01 0b000e01 10024 100 131072 579458 1450 516
0b000d01 0b000e01 10025 100 131072 579483 1425 516
0b000501 0b000601 10024 100 131072 579458 1450 516
0b000501 0b000601 10025 100 131072 579483 1425 516
0b000801 0b000101 10002 100 131072 569962 10969 10714
0b000901 0b000a01 10028 100 131072 579921 1026 516
0b000101 0b000201 10028 100 131072 579921 1026 516
0b000a01 0b000b01 10028 100 131072 579921 1026 516
0b000201 0b000301 10028 100 131072 579921 1026 516
0b000001 0b000101 10028 100 131072 579921 1034 516
0b000801 0b000901 10028 100 131072 579921 1058 516
0b000b01 0b000c01 10028 100 131072 579971 1012 516
0b000301 0b000401 10028 100 131072 579971 1001 516
0b000d01 0b000e01 10026 100 131072 579772 1261 516
0b000501 0b000601 10026 100 131072 579772 1253 516
0b000401 0b000501 10023 100 131072 579408 1663 516
0b000401 0b000501 10024 100 131072 579408 1663 516
0b000401 0b000501 10025 100 131072 579433 1663 516
0b000c01 0b000d01 10023 100 131072 579408 1789 516
0b000c01 0b000d01 10024 100 131072 579408 1789 516
0b000c01 0b000d01 10025 100 131072 579433 1789 516
0b000001 0b000901 10002 100 131072 569962 11331 10714
0b000f01 0b000801 10028 100 131072 580804 489 516
0b000401 0b000501 10026 100 131072 579782 1607 516
0b000c01 0b000d01 10026 100 131072 579703 1744 516
0b000501 0b000601 10027 100 131072 580971 493 516
0b000c01 0b000d01 10027 100 131072 579782 1740 516
0b000701 0b000001 10028 100 131072 581015 489 516
0b000d01 0b000e01 10027 100 131072 581122 506 516
0b000401 0b000501 10027 100 131072 580067 1486 516
0b000c01 0b000d01 10028 100 131072 580795 922 516
0b000401 0b000501 10028 100 131072 580795 922 516
0b000c01 0b000d01 10029 100 131072 581774 489 516
0b000401 0b000501 10029 100 131072 581774 489 516
0b000b01 0b000c01 10029 100 131072 581799 514 516
0b000301 0b000401 10029 100 131072 581799 514 516
0b000f01 0b000801 10029 100 131072 582086 489 516
0b000901 0b000a01 10029 100 131072 582088 489 516
0b000801 0b000901 10029 100 131072 582088 489 516
0b000a01 0b000b01 10029 100 131072 582138 489 516
0b000701 0b000001 10029 100 131072 582086 489 516
0b000101 0b000201 10029 100 131072 582088 489 516
0b000001 0b000101 10029 100 131072 582088 489 516
0b000201 0b000301 10029 100 131072 582138 489 516
0b000301 0b000c01 10002 100 131072 569934 13153 10714
0b000b01 0b000401 10002 100 131072 569934 13153 10714
0b000c01 0b000501 10002 100 131072 569920 13343 10714
0b000401 0b000d01 10002 100 131072 569920 13494 10714
0b000b01 0b000c01 10030 100 131072 583577 989 516
0b000301 0b000401 10030 100 131072 583577 991 516
0b000a01 0b000b01 10030 100 131072 583577 1016 516
0b000f01 0b000801 10030 100 131072 583618 1071 516
0b000201 0b000301 10030 100 131072 583579 1039 516
0b000f01 0b000801 10031 100 131072 583618 1096 516
0b000801 0b000901 10030 100 131072 583584 1137 516
0b000801 0b000901 10031 100 131072 583609 1112 516
0b000001 0b000101 10030 100 131072 583584 1062 516
0b000001 0b000101 10031 100 131072 583609 1037 516
0b000f01 0b000801 10032 100 131072 583891 948 516
0b000701 0b000001 10030 100 131072 583618 1071 516
0b000c01 0b000d01 10030 100 131072 583793 1123 516
0b000701 0b000001 10031 100 131072 583618 1096 516
0b000701 0b000001 10032 100 131072 583891 948 516
0b000401 0b000501 10030 100 131072 583793 1148 516
0b000401 0b000501 10031 100 131072 583818 1123 516
0b000c01 0b000d01 10031 100 131072 583818 1123 516
0b000001 0b000101 10032 100 131072 583891 1077 516
0b000401 0b000501 10032 100 131072 583982 1062 516
0b000201 0b000301 10031 100 131072 583751 1342 516
0b000301 0b000401 10031 100 131072 583768 1328 516
0b000201 0b000301 10032 100 131072 583776 1331 516
0b000901 0b000a01 10030 100 131072 583768 1258 516
0b000301 0b000401 10032 100 131072 583768 1342 516
0b000101 0b000201 10030 100 131072 583768 1389 516
0b000301 0b000401 10033 100 131072 583957 1201 516
0b000c01 0b000d01 10032 100 131072 583993 1051 516
0b000101 0b000201 10031 100 131072 583768 1403 516
0b000801 0b000901 10032 100 131072 583891 1155 516
0b000001 0b000101 10033 100 131072 584514 657 516
0b000201 0b000301 10033 100 131072 583957 1214 516
0b000901 0b000a01 10031 100 131072 583768 1283 516
0b000101 0b000201 10032 100 131072 583941 1394 516
0b000a01 0b000b01 10031 100 131072 583751 1320 516
0b000a01 0b000b01 10032 100 131072 583776 1295 516
0b000101 0b000201 10033 100 131072 583965 1384 516
0b000501 0b000601 10028 100 131072 584081 1342 516
0b000501 0b000601 10029 100 131072 584081 1342 516
0b000b01 0b000c01 10031 100 131072 583768 1326 516
0b000b01 0b000c01 10032 100 131072 583768 1340 516
0b000b01 0b000c01 10033 100 131072 583957 1201 516
0b000a01 0b000b01 10033 100 131072 583957 1214 516
0b000801 0b000901 10033 100 131072 584303 882 516
0b000901 0b000a01 10032 100 131072 583989 1246 516
0b000901 0b000a01 10033 100 131072 584303 1046 516
0b000e01 0b000f01 10028 100 131072 583889 1593 516
0b000601 0b000701 10028 100 131072 583889 1645 516
0b000e01 0b000f01 10029 100 131072 583918 1689 516
0b000e01 0b000f01 10030 100 131072 583918 1689 516
0b000601 0b000701 10029 100 131072 583918 1741 516
0b000601 0b000701 10030 100 131072 583918 1741 516
0b000e01 0b000f01 10031 100 131072 584043 1639 516
0b000d01 0b000e01 10028 100 131072 584207 1564 516
0b000601 0b000701 10031 100 131072 584035 1699 516
0b000d01 0b000e01 10029 100 131072 584207 1578 516
0b000e01 0b000f01 10032 100 131072 584638 1197 516
0b000c01 0b000d01 10033 100 131072 585323 514 516
0b000401 0b000501 10033 100 131072 585323 514 516
0b000601 0b000701 10032 100 131072 584474 1385 516
0b000801 0b000901 10034 100 131072 585585 489 516
0b000501 0b000601 10030 100 131072 584399 1624 516
0b000a01 0b000b01 10034 100 131072 585587 489 516
0b000901 0b000a01 10034 100 131072 585587 489 516
0b000b01 0b000c01 10034 100 131072 585637 489 516
0b000d01 0b000e01 10030 100 131072 584457 1765 516
0b000001 0b000101 10034 100 131072 585585 489 516
0b000d01 0b000e01 10031 100 131072 584532 1765 516
0b000201 0b000301 10034 100 131072 585587 489 516
0b000101 0b000201 10034 100 131072 585587 489 516
0b000d01 0b000e01 10032 100 131072 584727 1695 516
0b000301 0b000401 10034 100 131072 585637 489 516
0b000501 0b000601 10031 100 131072 584563 1634 516
0b000501 0b000601 10032 100 131072 584727 1545 516
0b000501 0b000601 10033 100 131072 585273 1124 516
0b000101 0b000a01 10003 100 131072 574867 11730 10714
0b000201 0b000b01 10003 100 131072 574867 11730 10714
0b000401 0b000501 10034 100 131072 586097 501 516
0b000601 0b000f01 10003 100 131072 574817 11790 10714
0b000d01 0b000e01 10033 100 131072 585273 1263 516
0b000501 0b000601 10034 100 131072 586273 489 516
0b000501 0b000e01 10003 100 131072 574825 12084 10714
0b000a01 0b000301 10003 100 131072 574867 11730 10714
0b000701 0b000801 10003 100 131072 574817 12094 10714
0b000901 0b000201 10003 100 131072 574867 11732 10714
0b000c01 0b000d01 10034 100 131072 586097 502 516
0b000e01 0b000701 10003 100 131072 574817 11874 10714
0b000f01 0b000001 10003 100 131072 574817 12094 10714
0b000d01 0b000e01 10034 100 131072 586424 489 516
0b000001 0b000901 10003 100 131072 574867 12094 10714
0b000801 0b000101 10003 100 131072 574867 12094 10714
0b000d01 0b000601 10003 100 131072 574825 12808 10714
0b000c01 0b000d01 10035 100 131072 587576 500 516
0b000b01 0b000c01 10035 100 131072 587603 489 516
0b000401 0b000501 10035 100 131072 587578 498 516
0b000301 0b000401 10035 100 131072 587628 489 516
0b000101 0b000201 10035 100 131072 587656 543 516
0b000901 0b000a01 10035 100 131072 587731 568 516
0b000801 0b000901 10035 100 131072 587699 721 516
0b000001 0b000101 10035 100 131072 587699 721 516
0b000801 0b000901 10036 100 131072 587849 743 516
0b000001 0b000101 10036 100 131072 587849 721 516
0b000d01 0b000e01 10035 100 131072 587926 728 516
0b000101 0b000201 10036 100 131072 587978 739 516
0b000501 0b000601 10035 100 131072 587951 780 516
0b000d01 0b000e01 10036 100 131072 588054 750 516
0b000a01 0b000b01 10035 100 131072 588036 773 516
0b000901 0b000a01 10036 100 131072 588056 819 516
0b000b01 0b000c01 10036 100 131072 588081 794 516
0b000501 0b000601 10036 100 131072 588054 777 516
0b000c01 0b000d01 10036 100 131072 588104 789 516
0b000b01 0b000c01 10037 100 131072 588181 769 516
0b000901 0b000a01 10037 100 131072 588195 755 516
0b000101 0b000201 10037 100 131072 588181 711 516
0b000301 0b000401 10036 100 131072 588103 789 516
0b000c01 0b000d01 10037 100 131072 588168 804 516
0b000401 0b000501 10036 100 131072 588106 800 516
0b000601 0b000701 10033 100 131072 588433 514 516
0b000401 0b000501 10037 100 131072 588168 804 516
0b000301 0b000401 10037 100 131072 588181 800 516
0b000201 0b000301 10035 100 131072 588167 839 516
0b000501 0b000601 10037 100 131072 588847 514 516
0b000a01 0b000b01 10036 100 131072 588245 989 516
0b000401 0b000d01 10003 100 131072 574839 14605 10714
0b000301 0b000c01 10003 100 131072 574867 14614 10714
0b000201 0b000301 10036 100 131072 588345 1139 516
0b000e01 0b000f01 10033 100 131072 588781 511 516
0b000c01 0b000501 10003 100 131072 574839 14454 10714
0b000201 0b000301 10037 100 131072 588359 1125 516
0b000a01 0b000b01 10037 100 131072 588359 975 516
0b000d01 0b000e01 10037 100 131072 588847 514 516
0b000b01 0b000401 10003 100 131072 574867 14612 10714
0b000101 0b000201 10038 100 131072 589084 500 516
0b000901 0b000a01 10038 100 131072 589084 489 516
0b000301 0b000401 10038 100 131072 589086 498 516
0b000b01 0b000c01 10038 100 131072 589086 489 516
0b000401 0b000501 10038 100 131072 589136 489 516
0b000a01 0b000b01 10038 100 131072 589086 531 516
0b000c01 0b000d01 10038 100 131072 589136 489 516
0b000f01 0b000801 10033 100 131072 588492 1140 516
0b000701 0b000001 10033 100 131072 588544 1164 516
0b000201 0b000301 10038 100 131072 589086 696 516
0b000601 0b000701 10034 100 131072 589033 1039 516
0b000301 0b000401 10039 100 131072 589607 489 516
0b000f01 0b000801 10034 100 131072 588617 1415 516
0b000701 0b000001 10034 100 131072 588669 1428 516
0b000501 0b000601 10038 100 131072 589608 489 516
0b000201 0b000301 10039 100 131072 589609 512 516
0b000b01 0b000c01 10039 100 131072 589607 489 516
0b000701 0b000001 10035 100 131072 588744 1428 516
0b000d01 0b000e01 10038 100 131072 589609 498 516
0b000a01 0b000b01 10039 100 131072 589607 514 516
0b000f01 0b000801 10035 100 131072 588692 1440 516
0b000701 0b000001 10036 100 131072 588869 1428 516
0b000f01 0b000801 10036 100 131072 588845 1412 516
0b000001 0b000101 10037 100 131072 589921 504 516
0b000101 0b000201 10039 100 131072 589971 489 516
0b000701 0b000001 10037 100 131072 589701 796 516
0b000801 0b000901 10037 100 131072 589921 489 516
0b000601 0b000701 10035 100 131072 589207 1479 516
0b000601 0b000701 10036 100 131072 589282 1493 516
0b000f01 0b000801 10037 100 131072 589617 840 516
0b000901 0b000a01 10039 100 131072 589971 489 516
0b000e01 0b000f01 10034 100 131072 589232 1489 516
0b000601 0b000701 10037 100 131072 589407 1532 516
0b000e01 0b000f01 10035 100 131072 589307 1678 516
0b000601 0b000701 10038 100 131072 589772 1331 516
0b000e01 0b000f01 10036 100 131072 589432 1779 516
0b000601 0b000701 10039 100 131072 590643 718 516
0b000e01 0b000f01 10037 100 131072 589546 1840 516
0b000501 0b000601 10039 100 131072 591086 489 516
0b000e01 0b000f01 10038 100 131072 589919 1608 516
0b000401 0b000501 10039 100 131072 591127 489 516
0b000e01 0b000f01 10039 100 131072 589923 1618 516
0b000d01 0b000e01 10039 100 131072 591086 489 516
0b000c01 0b000d01 10039 100 131072 591102 489 516
0b000901 0b000a01 10040 100 131072 591602 508 516
0b000101 0b000201 10040 100 131072 591580 497 516
0b000e01 0b000f01 10040 100 131072 591814 493 516
0b000601 0b000701 10040 100 131072 591841 491 516
0b000201 0b000301 10040 100 131072 591727 689 516
0b000401 0b000501 10040 100 131072 591991 505 516
0b000c01 0b000d01 10040 100 131072 591960 509 516
0b000d01 0b000e01 10040 100 131072 591982 489 516
0b000501 0b000601 10040 100 131072 591982 539 516
0b000201 0b000301 10041 100 131072 591902 692 516
0b000a01 0b000b01 10040 100 131072 591885 809 516
0b000a01 0b000b01 10041 100 131072 591960 809 516
0b000e01 0b000f01 10041 100 131072 592371 508 516
0b000601 0b000701 10041 100 131072 592371 514 516
0b000501 0b000601 10041 100 131072 592303 611 516
0b000a01 0b000301 10004 100 131072 579408 13583 10714
0b000a01 0b000b01 10042 100 131072 592583 525 516
0b000801 0b000901 10038 100 131072 592642 489 516
0b000d01 0b000e01 10041 100 131072 592454 687 516
0b000b01 0b000c01 10040 100 131072 592244 897 516
0b000201 0b000301 10042 100 131072 592594 500 516
0b000501 0b000601 10042 100 131072 592635 593 516
0b000c01 0b000d01 10041 100 131072 592491 806 516
0b000001 0b000101 10038 100 131072 592718 514 516
0b000401 0b000501 10041 100 131072 592489 755 516
0b000201 0b000b01 10004 100 131072 579408 13943 10714
0b000b01 0b000c01 10041 100 131072 592344 986 516
0b000101 0b000a01 10004 100 131072 579408 13947 10714
0b000d01 0b000e01 10042 100 131072 592635 695 516
0b000701 0b000801 10004 100 131072 579416 14027 10714
0b000401 0b000501 10042 100 131072 592594 850 516
0b000c01 0b000d01 10042 100 131072 592585 862 516
0b000e01 0b000f01 10042 100 131072 593117 489 516
0b000b01 0b000c01 10042 100 131072 592627 1018 516
0b000f01 0b000001 10004 100 131072 579416 14241 10714
0b000701 0b000001 10038 100 131072 593082 500 516
0b000c01 0b000d01 10043 100 131072 593106 605 516
0b000901 0b000201 10004 100 131072 579408 14309 10714
0b000801 0b000101 10004 100 131072 579416 14303 10714
0b000601 0b000701 10042 100 131072 593107 489 516
0b000301 0b000401 10040 100 131072 592494 1176 516
0b000301 0b000401 10041 100 131072 592494 1201 516
0b000001 0b000901 10004 100 131072 579416 14303 10714
0b000401 0b000501 10043 100 131072 593106 616 516
0b000b01 0b000c01 10043 100 131072 593131 714 516
0b000901 0b000a01 10041 100 131072 593420 497 516
0b000101 0b000201 10041 100 131072 593435 497 516
0b000301 0b000401 10042 100 131072 592792 1144 516
0b000a01 0b000b01 10043 100 131072 593470 489 516
0b000201 0b000301 10043 100 131072 593470 491 516
0b000801 0b000901 10039 100 131072 593142 914 516
0b000301 0b000401 10043 100 131072 593131 944 516
0b000001 0b000101 10039 100 131072 593182 914 516
0b000801 0b000901 10040 100 131072 593267 1003 516
0b000f01 0b000801 10038 100 131072 593731 589 516
0b000801 0b000901 10041 100 131072 593467 903 516
0b000001 0b000101 10040 100 131072 593307 989 516
0b000601 0b000f01 10004 100 131072 579380 14941 10714
0b000001 0b000101 10041 100 131072 593507 914 516
0b000e01 0b000701 10004 100 131072 579380 15369 10714
0b000701 0b000001 10039 100 131072 593696 1239 516
0b000e01 0b000f01 10043 100 131072 594585 499 516
0b000d01 0b000e01 10043 100 131072 594601 489 516
0b000601 0b000701 10043 100 131072 594585 500 516
0b000501 0b000601 10043 100 131072 594626 489 516
0b000f01 0b000801 10039 100 131072 593995 1164 516
0b000701 0b000001 10040 100 131072 593785 1439 516
0b000c01 0b000501 10004 100 131072 579433 15890 10714
0b000701 0b000001 10041 100 131072 593949 1514 516
0b000401 0b000d01 10004 100 131072 579433 16041 10714
0b000301 0b000c01 10004 100 131072 579408 16103 10714
0b000201 0b000301 10044 100 131072 595087 489 516
0b000701 0b000001 10042 100 131072 594113 1518 516
0b000b01 0b000401 10004 100 131072 579408 16103 10714
0b000701 0b000001 10043 100 131072 594371 1385 516
0b000a01 0b000b01 10044 100 131072 595120 489 516
0b000f01 0b000801 10040 100 131072 594221 1535 516
0b000d01 0b000e01 10044 100 131072 595479 489 516
0b000e01 0b000f01 10044 100 131072 595481 492 516
0b000f01 0b000801 10041 100 131072 594396 1691 516
0b000501 0b000601 10044 100 131072 595506 493 516
0b000601 0b000701 10044 100 131072 595531 489 516
0b000701 0b000001 10044 100 131072 595342 682 516
0b000301 0b000401 10044 100 131072 595426 664 516
0b000f01 0b000801 10042 100 131072 594537 1789 516
0b000f01 0b000801 10043 100 131072 594551 1775 516
0b000701 0b000001 10045 100 131072 595895 504 516
0b000601 0b000701 10045 100 131072 595924 555 516
0b000301 0b000401 10045 100 131072 595604 925 516
0b000501 0b000e01 10004 100 131072 579433 17140 10714
0b000101 0b000201 10042 100 131072 596242 500 516
0b000901 0b000a01 10042 100 131072 596141 512 516
0b000601 0b000701 10046 100 131072 596238 566 516
0b000f01 0b000801 10044 100 131072 595317 1359 516
0b000b01 0b000c01 10044 100 131072 595704 986 516
0b000f01 0b000801 10045 100 131072 595889 926 516
0b000e01 0b000f01 10045 100 131072 596151 681 516
0b000b01 0b000c01 10045 100 131072 595779 1061 516
0b000501 0b000601 10045 100 131072 596254 701 516
0b000a01 0b000b01 10045 100 131072 596365 514 516
0b000c01 0b000d01 10044 100 131072 596151 731 516
0b000301 0b000401 10046 100 131072 596001 976 516
0b000d01 0b000601 10004 100 131072 579433 17506 10714
0b000301 0b000401 10047 100 131072 596104 948 516
0b000801 0b000901 10042 100 131072 596453 515 516
0b000e01 0b000f01 10046 100 131072 596340 692 516
0b000701 0b000001 10046 100 131072 596606 511 516
0b000f01 0b000801 10046 100 131072 596616 516 516
0b000d01 0b000e01 10045 100 131072 596307 833 516
0b000901 0b000a01 10043 100 131072 596729 523 516
0b000101 0b000201 10043 100 131072 596729 513 516
0b000b01 0b000c01 10046 100 131072 596118 1159 516
0b000501 0b000601 10046 100 131072 596454 876 516
0b000c01 0b000d01 10045 100 131072 596340 1020 516
0b000001 0b000101 10043 100 131072 596592 789 516
0b000201 0b000301 10045 100 131072 596727 654 516
0b000d01 0b000e01 10046 100 131072 596457 947 516
0b000b01 0b000c01 10047 100 131072 596361 1068 516
0b000a01 0b000b01 10046 100 131072 596927 516 516
0b000001 0b000101 10042 100 131072 596667 789 516
0b000d01 0b000e01 10047 100 131072 596721 808 516
0b000501 0b000601 10047 100 131072 596732 748 516
0b000301 0b000401 10048 100 131072 596971 520 516
0b000c01 0b000d01 10046 100 131072 596655 988 516
0b000b01 0b000c01 10048 100 131072 596969 688 516
0b000c01 0b000d01 10047 100 131072 596855 877 516
0b000201 0b000301 10046 100 131072 596942 639 516
0b000f01 0b000801 10047 100 131072 597331 489 516
0b000801 0b000901 10043 100 131072 597330 502 516
0b000901 0b000a01 10044 100 131072 597066 816 516
0b000101 0b000201 10044 100 131072 597106 789 516
0b000401 0b000501 10044 100 131072 596680 1239 516
0b000401 0b000501 10045 100 131072 596705 1228 516
0b000901 0b000a01 10045 100 131072 597280 989 516
0b000901 0b000a01 10046 100 131072 597380 939 516
0b000401 0b000501 10046 100 131072 596946 1251 516
0b000401 0b000501 10047 100 131072 597085 1176 516
0b000101 0b000201 10045 100 131072 597306 964 516
0b000701 0b000001 10047 100 131072 597759 541 516
0b000101 0b000201 10046 100 131072 597431 914 516
0b000001 0b000101 10044 100 131072 597945 578 516
0b000f01 0b000801 10048 100 131072 598094 489 516
0b000e01 0b000f01 10047 100 131072 598100 509 516
0b000801 0b000901 10044 100 131072 598169 489 516
0b000601 0b000701 10047 100 131072 598125 508 516
0b000701 0b000001 10048 100 131072 598095 539 516
0b000501 0b000601 10048 100 131072 598333 513 516
0b000d01 0b000e01 10048 100 131072 598484 489 516
0b000c01 0b000d01 10048 100 131072 598521 498 516
0b000401 0b000501 10048 100 131072 598521 504 516
0b000b01 0b000c01 10049 100 131072 598619 489 516
0b000301 0b000401 10049 100 131072 598586 489 516
0b000801 0b000901 10045 100 131072 598766 514 516
0b000001 0b000101 10045 100 131072 598234 964 516
0b000401 0b000501 10049 100 131072 599100 489 516
0b000001 0b000101 10046 100 131072 598473 1241 516
0b000001 0b000101 10047 100 131072 598641 1323 516
0b000801 0b000901 10046 100 131072 599097 845 516
0b000e01 0b000f01 10048 100 131072 599583 509 516
0b000701 0b000001 10049 100 131072 599489 560 516
0b000a01 0b000b01 10047 100 131072 599663 515 516
0b000c01 0b000d01 10049 100 131072 599700 514 516
0b000001 0b000101 10048 100 131072 598766 1312 516
0b000b01 0b000c01 10050 100 131072 599889 523 516
0b000f01 0b000001 10005 100 131072 583643 16770 10714
0b000201 0b000301 10047 100 131072 599752 489 516
0b000001 0b000101 10049 100 131072 599409 869 516
0b000701 0b000001 10050 100 131072 599814 560 516
0b000801 0b000101 10005 100 131072 583609 16868 10714
0b000a01 0b000301 10005 100 131072 583776 16701 10714
0b000901 0b000a01 10047 100 131072 599978 516 516
0b000f01 0b000801 10049 100 131072 599842 683 516
0b000001 0b000101 10050 100 131072 600127 514 516
0b000801 0b000901 10047 100 131072 599336 1309 516
0b000801 0b000901 10048 100 131072 599336 1311 516
0b000201 0b000301 10048 100 131072 600252 514 516
0b000201 0b000b01 10005 100 131072 583776 17061 10714
0b000001 0b000901 10005 100 131072 583609 17232 10714
0b000101 0b000a01 10005 100 131072 583793 17048 10714
0b000f01 0b000801 10050 100 131072 600042 658 516
0b000401 0b000501 10050 100 131072 599987 879 516
0b000a01 0b000b01 10048 100 131072 600262 491 516
0b000e01 0b000f01 10049 100 131072 600150 645 516
0b000701 0b000801 10005 100 131072 583643 17282 10714
0b000b01 0b000c01 10051 100 131072 600453 509 516
0b000101 0b000201 10047 100 131072 600466 489 516
0b000801 0b000901 10049 100 131072 599825 1142 516
0b000401 0b000501 10051 100 131072 600062 904 516
0b000d01 0b000e01 10049 100 131072 600370 642 516
0b000301 0b000401 10050 100 131072 600391 674 516
0b000c01 0b000d01 10050 100 131072 600287 797 516
0b000601 0b000701 10049 100 131072 599949 1155 516
0b000601 0b000701 10048 100 131072 599965 1139 516
0b000801 0b000901 10050 100 131072 600142 1050 516
0b000401 0b000501 10052 100 131072 600501 703 516
0b000e01 0b000f01 10050 100 131072 600414 895 516
0b000301 0b000401 10051 100 131072 600591 653 516
0b000901 0b000a01 10048 100 131072 600842 533 516
0b000e01 0b000f01 10051 100 131072 600539 845 516
0b000c01 0b000d01 10051 100 131072 600439 970 516
0b000801 0b000901 10051 100 131072 600830 609 516
0b000601 0b000701 10050 100 131072 600340 1139 516
0b000c01 0b000d01 10052 100 131072 600667 845 516
0b000d01 0b000e01 10050 100 131072 600653 895 516
0b000501 0b000601 10049 100 131072 600929 614 516
0b000601 0b000701 10051 100 131072 600490 1053 516
0b000d01 0b000e01 10051 100 131072 600742 845 516
0b000901 0b000201 10005 100 131072 583793 17980 10714
0b000001 0b000101 10051 100 131072 601310 533 516
0b000801 0b000901 10052 100 131072 601593 489 516
0b000a01 0b000b01 10049 100 131072 601279 814 516
0b000101 0b000201 10048 100 131072 601533 516 516
0b000a01 0b000b01 10050 100 131072 601329 803 516
0b000201 0b000301 10049 100 131072 601280 789 516
0b000f01 0b000801 10051 100 131072 601619 514 516
0b000501 0b000601 10050 100 131072 601207 924 516
0b000201 0b000301 10050 100 131072 601355 778 516
0b000701 0b000001 10051 100 131072 601643 513 516
0b000501 0b000601 10051 100 131072 601271 885 516
0b000001 0b000101 10052 100 131072 601644 519 516
0b000e01 0b000701 10005 100 131072 583893 18340 10714
0b000601 0b000701 10052 100 131072 601856 504 516
0b000e01 0b000f01 10052 100 131072 601983 489 516
0b000501 0b000601 10052 100 131072 602035 489 516
0b000d01 0b000e01 10052 100 131072 602029 514 516
0b000c01 0b000d01 10053 100 131072 602118 489 516
0b000401 0b000501 10053 100 131072 602085 489 516
0b000b01 0b000401 10005 100 131072 583793 18840 10714
0b000301 0b000c01 10005 100 131072 583793 18840 10714
0b000101 0b000201 10049 100 131072 602208 489 516
0b000601 0b000f01 10005 100 131072 583893 18842 10714
0b000901 0b000a01 10049 100 131072 602290 489 516
0b000c01 0b000501 10005 100 131072 583818 18991 10714
0b000501 0b000e01 10005 100 131072 584106 18701 10714
0b000d01 0b000601 10005 100 131072 584232 18579 10714
0b000401 0b000d01 10005 100 131072 583818 19142 10714
0b000501 0b000601 10053 100 131072 602599 489 516
0b000901 0b000a01 10050 100 131072 602952 489 516
0b000101 0b000201 10050 100 131072 602724 710 516
0b000f01 0b000801 10052 100 131072 603102 508 516
0b000b01 0b000c01 10052 100 131072 603188 516 516
0b000001 0b000101 10053 100 131072 603059 504 516
0b000d01 0b000e01 10053 100 131072 603224 498 516
0b000c01 0b000d01 10054 100 131072 603422 491 516
0b000301 0b000401 10052 100 131072 603251 614 516
0b000a01 0b000b01 10051 100 131072 603504 551 516
0b000801 0b000901 10053 100 131072 603535 520 516
0b000001 0b000101 10054 100 131072 603423 490 516
0b000001 0b000901 10006 100 131072 587724 16237 10714
0b000101 0b000201 10051 100 131072 602974 1166 516
0b000101 0b000201 10052 100 131072 603088 1227 516
0b000f01 0b000801 10053 100 131072 603805 517 516
0b000301 0b000401 10053 100 131072 603487 853 516
0b000a01 0b000b01 10052 100 131072 603851 529 516
0b000501 0b000601 10054 100 131072 603876 524 516
0b000801 0b000901 10054 100 131072 603935 495 516
0b000201 0b000301 10051 100 131072 603965 501 516
0b000301 0b000401 10054 100 131072 603776 699 516
0b000c01 0b000d01 10055 100 131072 603972 505 516
0b000b01 0b000c01 10054 100 131072 603763 772 516
0b000e01 0b000f01 10053 100 131072 604022 522 516
0b000101 0b000201 10053 100 131072 603487 1118 516
0b000101 0b000201 10054 100 131072 603651 1018 516
0b000b01 0b000c01 10053 100 131072 603847 788 516
0b000101 0b000a01 10006 100 131072 587656 17031 10714
0b000801 0b000101 10006 100 131072 587724 16963 10714
0b000401 0b000501 10054 100 131072 604075 664 516
0b000501 0b000601 10055 100 131072 604214 550 516
0b000401 0b000501 10055 100 131072 604254 674 516
0b000a01 0b000b01 10053 100 131072 604385 495 516
0b000f01 0b000801 10054 100 131072 604394 503 516
0b000901 0b000a01 10051 100 131072 603655 1364 516
0b000601 0b000701 10053 100 131072 604553 489 516
0b000901 0b000a01 10052 100 131072 603657 1376 516
0b000901 0b000201 10006 100 131072 587731 17320 10714
0b000701 0b000001 10052 100 131072 604114 989 516
0b000a01 0b000301 10006 100 131072 588061 16990 10714
0b000701 0b000001 10053 100 131072 604114 1003 516
0b000e01 0b000f01 10054 100 131072 604597 511 516
0b000d01 0b000e01 10054 100 131072 604419 739 516
0b000d01 0b000e01 10055 100 131072 604522 750 516
0b000201 0b000b01 10006 100 131072 588181 17072 10714
0b000901 0b000a01 10053 100 131072 603851 1467 516
0b000701 0b000001 10054 100 131072 604553 813 516
0b000201 0b000301 10052 100 131072 604783 584 516
0b000101 0b000201 10055 100 131072 604853 563 516
0b000201 0b000301 10053 100 131072 605059 597 516
0b000801 0b000901 10055 100 131072 605143 514 516
0b000001 0b000101 10055 100 131072 605166 502 516
0b000601 0b000701 10054 100 131072 605166 518 516
0b000901 0b000a01 10054 100 131072 604202 1484 516
0b000101 0b000201 10056 100 131072 605173 533 516
0b000901 0b000a01 10055 100 131072 604449 1351 516
0b000301 0b000401 10055 100 131072 605079 803 516
0b000301 0b000401 10056 100 131072 605143 814 516
0b000701 0b000001 10055 100 131072 605243 716 516
0b000b01 0b000c01 10055 100 131072 605103 836 516
0b000501 0b000e01 10006 100 131072 587951 18136 10714
0b000901 0b000a01 10056 100 131072 605092 872 516
0b000701 0b000001 10056 100 131072 605370 728 516
0b000601 0b000701 10055 100 131072 605534 575 516
0b000b01 0b000c01 10056 100 131072 605142 847 516
0b000401 0b000501 10056 100 131072 605643 505 516
0b000201 0b000301 10054 100 131072 605707 489 516
0b000501 0b000601 10056 100 131072 605584 614 516
0b000f01 0b000001 10006 100 131072 588617 17462 10714
0b000f01 0b000801 10055 100 131072 605482 610 516
0b000d01 0b000e01 10056 100 131072 605617 500 516
0b000c01 0b000d01 10056 100 131072 605643 513 516
0b000e01 0b000f01 10055 100 131072 605553 603 516
0b000a01 0b000b01 10054 100 131072 605789 489 516
0b000501 0b000601 10057 100 131072 605819 629 516
0b000f01 0b000801 10056 100 131072 605745 611 516
0b000601 0b000701 10056 100 131072 605821 741 516
0b000e01 0b000f01 10056 100 131072 605817 603 516
0b000d01 0b000e01 10057 100 131072 605970 500 516
0b000d01 0b000601 10006 100 131072 587951 18706 10714
0b000601 0b000701 10057 100 131072 606098 653 516
0b000701 0b000801 10006 100 131072 588669 18286 10714
0b000301 0b000c01 10006 100 131072 588117 18932 10714
0b000101 0b000201 10057 100 131072 606573 514 516
0b000b01 0b000401 10006 100 131072 588081 18968 10714
0b000801 0b000901 10056 100 131072 606620 501 516
0b000e01 0b000f01 10057 100 131072 606732 491 516
0b000c01 0b000501 10006 100 131072 588118 19107 10714
0b000c01 0b000d01 10057 100 131072 606714 526 516
0b000401 0b000501 10057 100 131072 606875 489 516
0b000401 0b000d01 10006 100 131072 588120 19256 10714
0b000101 0b000201 10058 100 131072 606923 527 516
0b000d01 0b000e01 10058 100 131072 606923 489 516
0b000b01 0b000c01 10057 100 131072 607065 555 516
0b000201 0b000b01 10007 100 131072 591209 16592 10714
0b000a01 0b000301 10007 100 131072 591309 16494 10714
0b000901 0b000a01 10058 100 131072 606971 876 516
0b000801 0b000901 10057 100 131072 607332 522 516
0b000201 0b000301 10055 100 131072 607150 772 516
0b000601 0b000701 10058 100 131072 607410 514 516
0b000b01 0b000c01 10058 100 131072 607390 532 516
0b000301 0b000401 10057 100 131072 607476 513 516
0b000d01 0b000e01 10059 100 131072 607487 508 516
0b000401 0b000501 10058 100 131072 607350 724 516
0b000901 0b000a01 10057 100 131072 607065 967 516
0b000f01 0b000801 10057 100 131072 607554 503 516
0b000101 0b000a01 10007 100 131072 591430 16739 10714
0b000901 0b000201 10007 100 131072 591430 16735 10714
0b000101 0b000201 10059 100 131072 607697 516 516
0b000401 0b000501 10059 100 131072 607485 751 516
0b000901 0b000a01 10059 100 131072 607440 792 516
0b000a01 0b000b01 10055 100 131072 607697 539 516
0b000601 0b000f01 10006 100 131072 588433 19810 10714
0b000601 0b000701 10059 100 131072 607774 525 516
0b000c01 0b000d01 10058 100 131072 607545 764 516
0b000c01 0b000d01 10059 100 131072 607645 768 516
0b000801 0b000901 10058 100 131072 607907 511 516
0b000501 0b000601 10058 100 131072 607749 664 516
0b000c01 0b000501 10007 100 131072 591885 16608 10714
0b000201 0b000301 10056 100 131072 607325 1136 516
0b000401 0b000d01 10007 100 131072 591902 16591 10714
0b000f01 0b000801 10058 100 131072 608118 500 516
0b000701 0b000001 10057 100 131072 608052 511 516
0b000501 0b000601 10059 100 131072 607938 664 516
0b000301 0b000401 10058 100 131072 608061 542 516
0b000b01 0b000c01 10059 100 131072 608263 498 516
0b000e01 0b000701 10006 100 131072 588795 20036 10714
0b000e01 0b000f01 10058 100 131072 608168 739 516
0b000301 0b000401 10059 100 131072 608377 551 516
0b000e01 0b000f01 10059 100 131072 608282 739 516
0b000201 0b000301 10057 100 131072 607615 1427 516
0b000201 0b000301 10058 100 131072 607679 1452 516
0b000701 0b000001 10058 100 131072 608694 497 516
0b000501 0b000e01 10007 100 131072 591916 17287 10714
0b000001 0b000101 10056 100 131072 608113 1106 516
0b000001 0b000101 10057 100 131072 608127 1092 516
0b000a01 0b000b01 10056 100 131072 608029 1271 516
0b000301 0b000c01 10007 100 131072 592016 17219 10714
0b000a01 0b000b01 10057 100 131072 608043 1271 516
0b000201 0b000301 10059 100 131072 608061 1284 516
0b000401 0b000501 10060 100 131072 608967 491 516
0b000201 0b000301 10060 100 131072 608426 1033 516
0b000c01 0b000d01 10060 100 131072 608999 492 516
0b000701 0b000001 10059 100 131072 609119 514 516
0b000501 0b000601 10060 100 131072 609158 500 516
0b000b01 0b000401 10007 100 131072 591819 17778 10714
0b000e01 0b000f01 10060 100 131072 609097 508 516
0b000d01 0b000e01 10060 100 131072 609166 489 516
0b000a01 0b000b01 10058 100 131072 608328 1375 516
0b000801 0b000901 10059 100 131072 609102 603 516
0b000001 0b000101 10058 100 131072 608376 1371 516
0b000f01 0b000801 10059 100 131072 609166 614 516
0b000f01 0b000001 10007 100 131072 592302 17623 10714
0b000a01 0b000b01 10059 100 131072 608696 1271 516
0b000e01 0b000f01 10061 100 131072 609480 489 516
0b000801 0b000901 10060 100 131072 609366 603 516
0b000701 0b000801 10007 100 131072 591957 18116 10714
0b000801 0b000101 10007 100 131072 593042 16945 10714
0b000a01 0b000b01 10060 100 131072 608810 1196 516
0b000601 0b000701 10060 100 131072 609458 639 516
0b000701 0b000001 10060 100 131072 609572 525 516
0b000f01 0b000801 10060 100 131072 609430 610 516
0b000d01 0b000601 10007 100 131072 591903 18238 10714
0b000601 0b000701 10061 100 131072 609667 668 516
0b000001 0b000101 10059 100 131072 608969 1375 516
0b000001 0b000901 10007 100 131072 593107 17246 10714
0b000001 0b000101 10061 100 131072 609089 1319 516
0b000001 0b000101 10060 100 131072 609108 1314 516
0b000801 0b000901 10061 100 131072 609965 491 516
0b000401 0b000501 10061 100 131072 610059 501 516
0b000201 0b000301 10061 100 131072 610097 489 516
0b000c01 0b000d01 10061 100 131072 610059 502 516
0b000901 0b000a01 10060 100 131072 610131 489 516
0b000501 0b000601 10061 100 131072 610235 489 516
0b000201 0b000301 10062 100 131072 610460 503 516
0b000d01 0b000e01 10061 100 131072 610386 494 516
0b000e01 0b000f01 10062 100 131072 610422 489 516
0b000e01 0b000701 10007 100 131072 591664 19353 10714
0b000c01 0b000d01 10062 100 131072 610630 556 516
0b000b01 0b000c01 10060 100 131072 610811 521 516
0b000701 0b000001 10061 100 131072 610934 489 516
0b000901 0b000a01 10061 100 131072 610864 493 516
0b000601 0b000f01 10007 100 131072 591741 19778 10714
0b000401 0b000501 10062 100 131072 610999 528 516
0b000c01 0b000d01 10063 100 131072 610932 564 516
0b000e01 0b000f01 10063 100 131072 611005 514 516
0b000301 0b000401 10060 100 131072 610813 762 516
0b000b01 0b000c01 10061 100 131072 611246 500 516
0b000f01 0b000801 10061 100 131072 611253 500 516
0b000a01 0b000b01 10061 100 131072 610857 896 516
0b000301 0b000401 10061 100 131072 610932 843 516
0b000901 0b000a01 10062 100 131072 611428 500 516
0b000701 0b000001 10062 100 131072 611309 514 516
0b000501 0b000601 10062 100 131072 611084 779 516
0b000201 0b000301 10063 100 131072 611175 814 516
0b000201 0b000301 10064 100 131072 611223 805 516
0b000301 0b000401 10062 100 131072 611471 567 516
0b000601 0b000701 10062 100 131072 611423 689 516
0b000801 0b000901 10062 100 131072 611628 514 516
0b000401 0b000501 10063 100 131072 611613 564 516
0b000501 0b000601 10063 100 131072 611246 931 516
0b000c01 0b000d01 10064 100 131072 611771 512 516
0b000601 0b000701 10063 100 131072 611612 664 516
0b000a01 0b000b01 10062 100 131072 611042 1243 516
0b000d01 0b000e01 10062 100 131072 611319 969 516
0b000501 0b000601 10064 100 131072 611503 799 516
0b000701 0b000001 10063 100 131072 611841 510 516
0b000a01 0b000b01 10063 100 131072 611179 1231 516
0b000401 0b000d01 10008 100 131072 599539 12895 10714
0b000401 0b000501 10064 100 131072 611938 539 516
0b000a01 0b000b01 10064 100 131072 611242 1218 516
0b000c01 0b000501 10008 100 131072 599850 12632 10714
0b000d01 0b000e01 10063 100 131072 611423 1097 516
0b000d01 0b000e01 10064 100 131072 611503 1042 516
0b000301 0b000401 10063 100 131072 612052 539 516
0b000f01 0b000801 10062 100 131072 611917 739 516
0b000e01 0b000f01 10064 100 131072 612213 513 516
0b000c01 0b000d01 10065 100 131072 612245 515 516
0b000001 0b000101 10062 100 131072 612201 503 516
0b000f01 0b000801 10063 100 131072 612031 784 516
0b000a01 0b000301 10008 100 131072 600892 12009 10714
0b000d01 0b000e01 10065 100 131072 612501 489 516
0b000501 0b000601 10065 100 131072 612468 514 516
0b000e01 0b000f01 10065 100 131072 612665 494 516
0b000f01 0b000801 10064 100 131072 612615 550 516
0b000901 0b000a01 10063 100 131072 612715 600 516
0b000b01 0b000c01 10062 100 131072 612310 1039 516
0b000401 0b000501 10065 100 131072 612607 509 516
0b000b01 0b000c01 10063 100 131072 612324 1039 516
0b000601 0b000701 10064 100 131072 612668 514 516
0b000301 0b000401 10064 100 131072 612355 850 516
0b000101 0b000201 10060 100 131072 612229 978 516
0b000101 0b000201 10061 100 131072 612229 1003 516
0b000001 0b000101 10063 100 131072 612643 589 516
0b000201 0b000b01 10008 100 131072 600905 12356 10714
0b000301 0b000401 10065 100 131072 612469 800 516
0b000801 0b000901 10063 100 131072 612790 689 516
0b000f01 0b000801 10065 100 131072 612979 525 516
0b000601 0b000701 10065 100 131072 613151 519 516
0b000901 0b000a01 10064 100 131072 612979 700 516
0b000701 0b000001 10064 100 131072 613107 614 516
0b000b01 0b000c01 10064 100 131072 612713 1067 516
0b000001 0b000101 10064 100 131072 612935 861 516
0b000001 0b000101 10065 100 131072 613107 789 516
0b000b01 0b000c01 10065 100 131072 613016 889 516
0b000701 0b000001 10065 100 131072 613345 639 516
0b000801 0b000901 10065 100 131072 613050 943 516
0b000101 0b000201 10062 100 131072 612757 1289 516
0b000501 0b000601 10066 100 131072 613570 489 516
0b000801 0b000901 10064 100 131072 613083 938 516
0b000301 0b000401 10066 100 131072 613596 489 516
0b000d01 0b000e01 10066 100 131072 613571 494 516
0b000a01 0b000b01 10065 100 131072 613630 513 516
0b000901 0b000a01 10065 100 131072 613363 869 516
0b000601 0b000701 10066 100 131072 613734 493 516
0b000901 0b000a01 10066 100 131072 613466 830 516
0b000101 0b000201 10063 100 131072 612997 1363 516
0b000e01 0b000f01 10066 100 131072 613890 506 516
0b000f01 0b000801 10066 100 131072 613921 489 516
0b000301 0b000401 10067 100 131072 613973 489 516
0b000701 0b000001 10066 100 131072 614027 506 516
0b000d01 0b000e01 10067 100 131072 614196 546 516
0b000c01 0b000d01 10066 100 131072 614342 493 516
0b000a01 0b000b01 10066 100 131072 614367 496 516
0b000101 0b000201 10064 100 131072 613354 1479 516
0b000f01 0b000801 10067 100 131072 614529 509 516
0b000101 0b000201 10065 100 131072 613418 1470 516
0b000d01 0b000e01 10068 100 131072 614506 550 516
0b000101 0b000201 10066 100 131072 613432 1470 516
0b000001 0b000101 10066 100 131072 614433 489 516
0b000c01 0b000d01 10067 100 131072 614756 489 516
0b000801 0b000901 10066 100 131072 614763 489 516
0b000b01 0b000c01 10066 100 131072 614763 489 516
0b000501 0b000601 10067 100 131072 614537 511 516
0b000401 0b000501 10066 100 131072 614585 514 516
0b000601 0b000701 10067 100 131072 614873 564 516
0b000801 0b000101 10008 100 131072 599686 15969 10714
0b000401 0b000501 10067 100 131072 615048 501 516
0b000701 0b000001 10067 100 131072 615122 490 516
0b000001 0b000901 10008 100 131072 599034 16621 10714
0b000301 0b000401 10068 100 131072 614999 827 516
0b000001 0b000101 10067 100 131072 615361 489 516
0b000501 0b000601 10068 100 131072 615187 664 516
0b000301 0b000401 10069 100 131072 615038 838 516
0b000f01 0b000001 10008 100 131072 598983 16972 10714
0b000d01 0b000e01 10069 100 131072 615293 744 516
0b000601 0b000701 10068 100 131072 615187 864 516
0b000e01 0b000f01 10067 100 131072 615298 784 516
0b000701 0b000801 10008 100 131072 599030 17071 10714
0b000601 0b000701 10069 100 131072 615312 789 516
0b000401 0b000501 10068 100 131072 615601 510 516
0b000801 0b000901 10067 100 131072 615666 509 516
0b000501 0b000e01 10008 100 131072 600943 15460 10714
0b000301 0b000401 10070 100 131072 615911 506 516
0b000b01 0b000c01 10067 100 131072 615295 964 516
0b000f01 0b000801 10068 100 131072 615736 526 516
0b000601 0b000f01 10008 100 131072 599009 17448 10714
0b000d01 0b000601 10008 100 131072 599892 16456 10714
0b000d01 0b000e01 10070 100 131072 615444 918 516
0b000501 0b000601 10069 100 131072 615487 1003 516
0b000501 0b000601 10070 100 131072 615492 998 516
0b000e01 0b000f01 10068 100 131072 615530 989 516
0b000e01 0b000f01 10069 100 131072 615555 964 516
0b000d01 0b000e01 10071 100 131072 615770 764 516
0b000b01 0b000c01 10068 100 131072 615420 1130 516
0b000701 0b000001 10068 100 131072 616192 489 516
0b000101 0b000201 10067 100 131072 616242 500 516
0b000b01 0b000c01 10069 100 131072 615470 1155 516
0b000501 0b000601 10071 100 131072 616126 664 516
0b000f01 0b000801 10069 100 131072 616169 495 516
0b000801 0b000901 10068 100 131072 616175 514 516
0b000a01 0b000b01 10067 100 131072 616325 514 516
0b000c01 0b000d01 10068 100 131072 616359 489 516
0b000b01 0b000c01 10070 100 131072 616271 643 516
0b000901 0b000201 10008 100 131072 601668 15283 10714
0b000901 0b000a01 10067 100 131072 616489 500 516
0b000401 0b000501 10069 100 131072 616215 789 516
0b000801 0b000901 10069 100 131072 616514 514 516
0b000401 0b000501 10070 100 131072 616279 789 516
0b000201 0b000301 10065 100 131072 616217 864 516
0b000201 0b000301 10066 100 131072 616242 839 516
0b000a01 0b000b01 10068 100 131072 616689 514 516
0b000701 0b000001 10069 100 131072 616680 514 516
0b000101 0b000a01 10008 100 131072 600391 16924 10714
0b000e01 0b000701 10008 100 131072 598978 18433 10714
0b000001 0b000101 10068 100 131072 616731 606 516
0b000c01 0b000d01 10069 100 131072 616790 763 516
0b000601 0b000701 10070 100 131072 617069 493 516
0b000101 0b000201 10068 100 131072 616806 764 516
0b000e01 0b000f01 10070 100 131072 617075 506 516
0b000001 0b000101 10069 100 131072 616994 593 516
0b000c01 0b000d01 10070 100 131072 616915 728 516
0b000b01 0b000c01 10071 100 131072 617153 514 516
0b000101 0b000201 10069 100 131072 616906 787 516
0b000701 0b000001 10070 100 131072 617237 506 516
0b000901 0b000a01 10068 100 131072 617003 817 516
0b000201 0b000301 10067 100 131072 617370 489 516
0b000401 0b000501 10071 100 131072 617472 489 516
0b000901 0b000a01 10069 100 131072 617031 836 516
0b000001 0b000101 10070 100 131072 617543 489 516
0b000f01 0b000801 10070 100 131072 617406 496 516
0b000801 0b000901 10070 100 131072 617420 489 516
0b000a01 0b000b01 10069 100 131072 617242 789 516
0b000a01 0b000b01 10070 100 131072 617306 789 516
0b000e01 0b000f01 10071 100 131072 617752 539 516
0b000d01 0b000e01 10072 100 131072 617845 517 516
0b000001 0b000901 10009 100 131072 603384 15025 10714
0b000101 0b000201 10070 100 131072 617932 511 516
0b000601 0b000701 10071 100 131072 618058 490 516
0b000501 0b000601 10072 100 131072 618109 489 516
0b000801 0b000901 10071 100 131072 618048 489 516
0b000e01 0b000f01 10072 100 131072 618066 564 516
0b000d01 0b000e01 10073 100 131072 618255 489 516
0b000901 0b000a01 10070 100 131072 618262 489 516
0b000c01 0b000d01 10071 100 131072 618262 489 516
0b000201 0b000301 10068 100 131072 617843 1097 516
0b000801 0b000101 10009 100 131072 603710 15427 10714
0b000901 0b000a01 10071 100 131072 618665 489 516
0b000701 0b000001 10071 100 131072 618447 514 516
0b000201 0b000301 10069 100 131072 617898 1167 516
0b000201 0b000301 10070 100 131072 617912 1153 516
0b000001 0b000101 10071 100 131072 618622 539 516
0b000101 0b000201 10071 100 131072 618665 671 516
0b000601 0b000701 10072 100 131072 618861 510 516
0b000001 0b000101 10072 100 131072 618965 521 516
0b000101 0b000201 10072 100 131072 618860 658 516
0b000f01 0b000801 10071 100 131072 619092 519 516
0b000e01 0b000f01 10073 100 131072 619047 570 516
0b000501 0b000601 10073 100 131072 619121 529 516
0b000901 0b000a01 10072 100 131072 619185 501 516
0b000401 0b000501 10072 100 131072 618836 864 516
0b000401 0b000d01 10009 100 131072 608892 10820 10714
0b000c01 0b000501 10009 100 131072 608949 10813 10714
0b000401 0b000501 10073 100 131072 618886 878 516
0b000801 0b000901 10072 100 131072 619111 731 516
0b000701 0b000001 10072 100 131072 619061 847 516
0b000701 0b000001 10073 100 131072 619111 822 516
0b000401 0b000501 10074 100 131072 619427 626 516
0b000801 0b000901 10073 100 131072 619272 870 516
0b000001 0b000101 10073 100 131072 619691 489 516
0b000101 0b000a01 10009 100 131072 603288 16941 10714
0b000901 0b000a01 10073 100 131072 619699 540 516
0b000801 0b000901 10074 100 131072 619674 668 516
0b000b01 0b000c01 10072 100 131072 619849 525 516
0b000201 0b000301 10071 100 131072 619752 639 516
0b000e01 0b000f01 10075 100 131072 619372 1134 516
0b000c01 0b000d01 10072 100 131072 619560 953 516
0b000a01 0b000b01 10071 100 131072 619999 514 516
0b000f01 0b000001 10009 100 131072 604319 16210 10714
0b000601 0b000701 10073 100 131072 619358 1081 516
0b000901 0b000a01 10074 100 131072 620038 525 516
0b000f01 0b000801 10072 100 131072 619467 1111 516
0b000e01 0b000f01 10074 100 131072 619413 1168 516
0b000e01 0b000f01 10076 100 131072 619544 1084 516
0b000c01 0b000d01 10073 100 131072 619635 1017 516
0b000f01 0b000801 10073 100 131072 619529 1141 516
0b000f01 0b000801 10074 100 131072 619529 1155 516
0b000501 0b000e01 10009 100 131072 603976 16575 10714
0b000b01 0b000c01 10073 100 131072 620213 500 516
0b000301 0b000401 10071 100 131072 620091 489 516
0b000201 0b000301 10072 100 131072 619961 661 516
0b000001 0b000101 10074 100 131072 620204 517 516
0b000c01 0b000d01 10074 100 131072 619924 864 516
0b000601 0b000701 10074 100 131072 619500 1321 516
0b000a01 0b000b01 10072 100 131072 620325 527 516
0b000501 0b000601 10074 100 131072 620014 811 516
0b000601 0b000701 10075 100 131072 619500 1346 516
0b000901 0b000201 10009 100 131072 603977 16978 10714
0b000501 0b000601 10075 100 131072 620078 789 516
0b000a01 0b000301 10009 100 131072 606451 14506 10714
0b000e01 0b000701 10009 100 131072 604558 16477 10714
0b000601 0b000701 10076 100 131072 619800 1146 516
0b000f01 0b000801 10075 100 131072 620591 496 516
0b000101 0b000201 10073 100 131072 620347 656 516
0b000d01 0b000601 10009 100 131072 604094 17055 10714
0b000701 0b000801 10009 100 131072 604489 16552 10714
0b000c01 0b000d01 10075 100 131072 620677 514 516
0b000701 0b000001 10074 100 131072 620421 707 516
0b000101 0b000201 10074 100 131072 620597 633 516
0b000001 0b000101 10075 100 131072 620753 497 516
0b000701 0b000001 10075 100 131072 620572 702 516
0b000d01 0b000e01 10074 100 131072 620563 764 516
0b000201 0b000b01 10009 100 131072 606444 14873 10714
0b000201 0b000301 10073 100 131072 620580 745 516
0b000801 0b000901 10075 100 131072 620912 489 516
0b000d01 0b000e01 10075 100 131072 620653 763 516
0b000301 0b000401 10072 100 131072 620869 514 516
0b000601 0b000f01 10009 100 131072 605141 16254 10714
0b000201 0b000301 10074 100 131072 620703 747 516
0b000501 0b000601 10076 100 131072 620971 489 516
0b000101 0b000201 10075 100 131072 621042 522 516
0b000a01 0b000b01 10073 100 131072 620830 839 516
0b000a01 0b000b01 10074 100 131072 620877 817 516
0b000b01 0b000c01 10074 100 131072 621041 789 516
0b000601 0b000701 10077 100 131072 621608 489 516
0b000e01 0b000f01 10077 100 131072 621372 514 516
0b000b01 0b000c01 10075 100 131072 621105 806 516
0b000901 0b000a01 10075 100 131072 621419 717 516
0b000f01 0b000801 10076 100 131072 621640 514 516
0b000e01 0b000f01 10078 100 131072 621754 489 516
0b000a01 0b000b01 10075 100 131072 621761 489 516
0b000d01 0b000e01 10076 100 131072 621761 489 516
0b000901 0b000a01 10076 100 131072 621547 742 516
0b000001 0b000101 10076 100 131072 621971 510 516
0b000a01 0b000b01 10076 100 131072 622164 489 516
0b000101 0b000201 10076 100 131072 622147 524 516
0b000701 0b000001 10076 100 131072 622381 504 516
0b000301 0b000401 10073 100 131072 621950 1010 516
0b000101 0b000201 10077 100 131072 622496 514 516
0b000201 0b000301 10075 100 131072 622346 668 516
0b000301 0b000401 10074 100 131072 622075 1078 516
0b000601 0b000701 10078 100 131072 622660 500 516
0b000f01 0b000801 10077 100 131072 622627 489 516
0b000301 0b000401 10075 100 131072 622075 1092 516
0b000201 0b000301 10076 100 131072 622528 671 516
0b000d01 0b000e01 10077 100 131072 622722 489 516
0b000001 0b000101 10077 100 131072 622943 497 516
0b000901 0b000a01 10077 100 131072 622852 587 516
0b000101 0b000201 10078 100 131072 623190 499 516
0b000201 0b000b01 10010 100 131072 608716 14991 10714
0b000901 0b000a01 10078 100 131072 623152 811 516
0b000701 0b000001 10077 100 131072 623449 511 516
0b000501 0b000601 10077 100 131072 622710 1319 516
0b000001 0b000101 10078 100 131072 623539 517 516
0b000401 0b000501 10075 100 131072 623590 506 516
0b000301 0b000401 10076 100 131072 623632 533 516
0b000e01 0b000f01 10079 100 131072 623561 512 516
0b000501 0b000601 10078 100 131072 622772 1413 516
0b000501 0b000601 10079 100 131072 622774 1411 516
0b000901 0b000a01 10079 100 131072 623352 761 516
0b000c01 0b000d01 10076 100 131072 623723 514 516
0b000101 0b000201 10079 100 131072 623731 532 516
0b000a01 0b000b01 10077 100 131072 623239 1039 516
0b000501 0b000601 10080 100 131072 623063 1236 516
0b000a01 0b000b01 10078 100 131072 623249 1043 516
0b000b01 0b000c01 10076 100 131072 623862 505 516
0b000601 0b000701 10079 100 131072 623835 546 516
0b000d01 0b000e01 10078 100 131072 623523 889 516
0b000101 0b000a01 10010 100 131072 608678 15763 10714
0b000a01 0b000b01 10079 100 131072 623573 904 516
0b000301 0b000401 10077 100 131072 623967 573 516
0b000f01 0b000801 10078 100 131072 623516 1121 516
0b000d01 0b000e01 10079 100 131072 623662 1025 516
0b000d01 0b000e01 10080 100 131072 623798 953 516
0b000101 0b000201 10080 100 131072 624260 528 516
0b000f01 0b000801 10079 100 131072 623591 1197 516
0b000601 0b000701 10080 100 131072 624159 647 516
0b000801 0b000101 10010 100 131072 611067 13736 10714
0b000a01 0b000301 10010 100 131072 608974 15829 10714
0b000001 0b000101 10079 100 131072 624138 718 516
0b000b01 0b000c01 10077 100 131072 624327 489 516
0b000e01 0b000f01 10080 100 131072 624337 496 516
0b000f01 0b000801 10080 100 131072 623638 1200 516
0b000401 0b000501 10076 100 131072 624393 492 516
0b000901 0b000a01 10080 100 131072 624411 491 516
0b000801 0b000901 10076 100 131072 623588 1345 516
0b000001 0b000101 10080 100 131072 624284 722 516
0b000b01 0b000401 10008 100 131072 607890 17247 10714
0b000601 0b000701 10081 100 131072 624470 586 516
0b000901 0b000201 10010 100 131072 608667 16500 10714
0b000f01 0b000801 10081 100 131072 624405 775 516
0b000801 0b000901 10077 100 131072 623680 1567 516
0b000801 0b000901 10078 100 131072 623694 1578 516
0b000201 0b000301 10077 100 131072 623965 1159 516
0b000301 0b000401 10078 100 131072 624335 808 516
0b000201 0b000301 10078 100 131072 624013 1180 516
0b000301 0b000401 10079 100 131072 624460 758 516
0b000701 0b000801 10010 100 131072 609761 15484 10714
0b000701 0b000001 10078 100 131072 623831 1414 516
0b000701 0b000001 10079 100 131072 623856 1403 516
0b000201 0b000301 10079 100 131072 624240 1167 516
0b000701 0b000001 10081 100 131072 623956 1467 516
0b000701 0b000001 10080 100 131072 624045 1442 516
0b000201 0b000301 10080 100 131072 624574 972 516
0b000f01 0b000801 10082 100 131072 624896 664 516
0b000f01 0b000001 10010 100 131072 610233 15376 10714
0b000c01 0b000d01 10077 100 131072 624840 779 516
0b000b01 0b000c01 10078 100 131072 624679 942 516
0b000b01 0b000c01 10079 100 131072 624704 917 516
0b000601 0b000f01 10010 100 131072 609208 16486 10714
0b000801 0b000901 10080 100 131072 624051 1610 516
0b000801 0b000901 10079 100 131072 624097 1564 516
0b000701 0b000001 10082 100 131072 625107 669 516
0b000001 0b000901 10010 100 131072 611573 14322 10714
0b000c01 0b000d01 10078 100 131072 624921 773 516
0b000101 0b000201 10081 100 131072 625491 504 516
0b000e01 0b000f01 10081 100 131072 625260 490 516
0b000f01 0b000801 10083 100 131072 625253 572 516
0b000a01 0b000b01 10080 100 131072 625146 698 516
0b000801 0b000901 10081 100 131072 625164 733 516
0b000e01 0b000701 10010 100 131072 609127 16834 10714
0b000a01 0b000b01 10081 100 131072 625299 709 516
0b000b01 0b000c01 10080 100 131072 625260 773 516
0b000201 0b000301 10081 100 131072 625681 518 516
0b000b01 0b000c01 10081 100 131072 625663 609 516
0b000001 0b000101 10081 100 131072 625895 500 516
0b000d01 0b000601 10010 100 131072 610250 16201 10714
0b000201 0b000301 10082 100 131072 626020 530 516
0b000401 0b000501 10077 100 131072 625970 668 516
0b000701 0b000001 10083 100 131072 626170 489 516
0b000801 0b000901 10082 100 131072 626126 489 516
0b000e01 0b000f01 10082 100 131072 626221 489 516
0b000301 0b000401 10080 100 131072 626024 685 516
0b000a01 0b000b01 10082 100 131072 626449 493 516
0b000401 0b000501 10078 100 131072 626163 664 516
0b000301 0b000401 10081 100 131072 626209 690 516
0b000101 0b000201 10082 100 131072 626450 499 516
0b000501 0b000e01 10010 100 131072 610374 16729 10714
0b000b01 0b000c01 10082 100 131072 626717 506 516
0b000201 0b000301 10083 100 131072 626699 492 516
0b000001 0b000101 10082 100 131072 626970 521 516
0b000f01 0b000801 10084 100 131072 627083 514 516
0b000101 0b000201 10083 100 131072 627066 507 516
0b000401 0b000501 10079 100 131072 627175 489 516
0b000201 0b000301 10084 100 131072 627273 489 516
0b000701 0b000001 10084 100 131072 627391 498 516
0b000a01 0b000b01 10083 100 131072 626973 765 516
0b000301 0b000c01 10008 100 131072 608666 19225 10714
0b000d01 0b000e01 10081 100 131072 627247 505 516
0b000c01 0b000d01 10079 100 131072 627377 511 516
0b000a01 0b000b01 10084 100 131072 627123 890 516
0b000401 0b000501 10080 100 131072 627550 513 516
0b000e01 0b000f01 10083 100 131072 627422 671 516
0b000601 0b000701 10082 100 131072 627039 1081 516
0b000401 0b000d01 10010 100 131072 614785 13349 10714
0b000a01 0b000301 10011 100 131072 614938 13347 10714
0b000c01 0b000d01 10080 100 131072 627826 512 516
0b000a01 0b000b01 10085 100 131072 627451 892 516
0b000f01 0b000801 10085 100 131072 627843 518 516
0b000201 0b000301 10085 100 131072 627798 515 516
0b000701 0b000001 10085 100 131072 627816 537 516
0b000301 0b000401 10082 100 131072 627813 589 516
0b000b01 0b000c01 10083 100 131072 627288 1127 516
0b000b01 0b000c01 10084 100 131072 627302 1138 516
0b000501 0b000601 10081 100 131072 627895 527 516
0b000b01 0b000c01 10085 100 131072 627487 1018 516
0b000901 0b000a01 10081 100 131072 627943 604 516
0b000a01 0b000b01 10086 100 131072 627912 645 516
0b000e01 0b000f01 10084 100 131072 627697 903 516
0b000b01 0b000401 10009 100 131072 609288 19331 10714
0b000e01 0b000f01 10085 100 131072 627761 878 516
0b000601 0b000701 10083 100 131072 627195 1372 516
0b000601 0b000701 10084 100 131072 627195 1386 516
0b000601 0b000701 10085 100 131072 627309 1311 516
0b000801 0b000101 10011 100 131072 615825 12824 10714
0b000001 0b000901 10011 100 131072 614833 13816 10714
0b000101 0b000a01 10011 100 131072 615714 12937 10714
0b000801 0b000901 10083 100 131072 627647 1010 516
0b000201 0b000301 10086 100 131072 628177 511 516
0b000101 0b000201 10084 100 131072 627813 1017 516
0b000101 0b000201 10085 100 131072 627866 1089 516
0b000101 0b000201 10086 100 131072 628016 1039 516
0b000401 0b000501 10081 100 131072 628147 1180 516
0b000401 0b000501 10082 100 131072 628153 1174 516
0b000301 0b000c01 10009 100 131072 609206 20143 10714
0b000401 0b000501 10083 100 131072 628228 1138 516
0b000301 0b000401 10083 100 131072 628134 1282 516
0b000d01 0b000e01 10082 100 131072 628629 802 516
0b000701 0b000001 10086 100 131072 628971 509 516
0b000f01 0b000801 10086 100 131072 628704 796 516
0b000301 0b000401 10084 100 131072 628203 1327 516
0b000d01 0b000e01 10083 100 131072 628704 802 516
0b000801 0b000901 10084 100 131072 627798 1709 516
0b000b01 0b000c01 10086 100 131072 628854 702 516
0b000f01 0b000801 10087 100 131072 628760 804 516
0b000c01 0b000501 10010 100 131072 616373 13265 10714
0b000901 0b000a01 10082 100 131072 628257 1382 516
0b000901 0b000a01 10083 100 131072 628282 1357 516
0b000801 0b000901 10085 100 131072 627848 1812 516
0b000c01 0b000d01 10081 100 131072 628631 1064 516
0b000201 0b000b01 10011 100 131072 617056 12681 10714
0b000c01 0b000d01 10082 100 131072 628631 1078 516
0b000b01 0b000c01 10087 100 131072 629018 691 516
0b000301 0b000401 10085 100 131072 628417 1477 516
0b000101 0b000201 10087 100 131072 629405 500 516
0b000601 0b000701 10086 100 131072 629461 512 516
0b000801 0b000901 10086 100 131072 628190 1880 516
0b000001 0b000101 10083 100 131072 628255 1789 516
0b000c01 0b000d01 10083 100 131072 629043 1084 516
0b000001 0b000101 10084 100 131072 628269 1789 516
0b000801 0b000901 10087 100 131072 628255 1905 516
0b000301 0b000401 10086 100 131072 628556 1528 516
0b000c01 0b000d01 10084 100 131072 629282 945 516
0b000f01 0b000801 10088 100 131072 629720 518 516
0b000501 0b000e01 10011 100 131072 618559 11664 10714
0b000801 0b000901 10088 100 131072 628570 1693 516
0b000501 0b000601 10082 100 131072 629648 685 516
0b000901 0b000a01 10084 100 131072 628671 1653 516
0b000901 0b000a01 10085 100 131072 628671 1667 516
0b000001 0b000101 10085 100 131072 628433 1939 516
0b000801 0b000901 10089 100 131072 628835 1503 516
0b000401 0b000501 10084 100 131072 629719 678 516
0b000301 0b000401 10087 100 131072 629209 1189 516
0b000201 0b000301 10087 100 131072 629959 489 516
0b000001 0b000101 10086 100 131072 628497 1964 516
0b000901 0b000a01 10086 100 131072 628905 1547 516
0b000301 0b000401 10088 100 131072 629560 937 516
0b000501 0b000601 10083 100 131072 629837 685 516
0b000b01 0b000c01 10088 100 131072 629952 506 516
0b000001 0b000101 10087 100 131072 628619 1906 516
0b000401 0b000501 10085 100 131072 629909 663 516
0b000001 0b000101 10088 100 131072 628786 1790 516
0b000901 0b000201 10011 100 131072 615152 15317 10714
0b000e01 0b000f01 10086 100 131072 630113 489 516
0b000901 0b000a01 10087 100 131072 629625 991 516
0b000c01 0b000d01 10085 100 131072 630233 489 516
0b000701 0b000801 10011 100 131072 615286 15496 10714
0b000101 0b000201 10088 100 131072 630501 498 516
0b000401 0b000d01 10011 100 131072 617095 13951 10714
0b000801 0b000901 10090 100 131072 630607 489 516
0b000201 0b000301 10088 100 131072 630583 489 516
0b000501 0b000601 10084 100 131072 630674 489 516
0b000b01 0b000c01 10089 100 131072 630748 503 516
0b000301 0b000401 10089 100 131072 630772 489 516
0b000f01 0b000001 10011 100 131072 614529 16728 10714
0b000001 0b000101 10089 100 131072 630899 506 516
0b000c01 0b000d01 10086 100 131072 630901 497 516
0b000d01 0b000e01 10084 100 131072 630898 652 516
0b000f01 0b000801 10089 100 131072 631103 489 516
0b000501 0b000601 10085 100 131072 631073 514 516
0b000701 0b000001 10087 100 131072 631130 527 516
0b000d01 0b000601 10011 100 131072 619858 11953 10714
0b000b01 0b000c01 10090 100 131072 631353 654 516
0b000d01 0b000e01 10085 100 131072 631144 881 516
0b000001 0b000101 10090 100 131072 631363 514 516
0b000601 0b000701 10087 100 131072 631432 495 516
0b000401 0b000501 10086 100 131072 631412 658 516
0b000d01 0b000e01 10086 100 131072 631348 777 516
0b000f01 0b000801 10090 100 131072 631649 489 516
0b000101 0b000201 10089 100 131072 631659 506 516
0b000b01 0b000c01 10091 100 131072 631567 640 516
0b000301 0b000401 10090 100 131072 631295 970 516
0b000c01 0b000d01 10087 100 131072 631425 839 516
0b000401 0b000501 10087 100 131072 631629 644 516
0b000c01 0b000d01 10088 100 131072 631450 828 516
0b000a01 0b000b01 10087 100 131072 631557 752 516
0b000301 0b000401 10091 100 131072 631323 1017 516
0b000a01 0b000b01 10088 100 131072 631661 773 516
0b000301 0b000401 10092 100 131072 631698 842 516
0b000901 0b000a01 10088 100 131072 631659 839 516
0b000901 0b000a01 10089 100 131072 631667 845 516
0b000701 0b000001 10088 100 131072 631577 1188 516
0b000701 0b000001 10089 100 131072 631591 1174 516
0b000201 0b000301 10089 100 131072 631840 939 516
0b000701 0b000001 10090 100 131072 631630 1185 516
0b000401 0b000501 10088 100 131072 632426 511 516
0b000001 0b000101 10091 100 131072 632490 489 516
0b000801 0b000901 10091 100 131072 632510 507 516
0b000201 0b000301 10090 100 131072 631965 1028 516
0b000201 0b000301 10091 100 131072 632065 992 516
0b000c01 0b000d01 10089 100 131072 632359 738 516
0b000a01 0b000b01 10089 100 131072 632649 507 516
0b000901 0b000a01 10090 100 131072 632517 689 516
0b000d01 0b000e01 10087 100 131072 632719 504 516
0b000e01 0b000f01 10087 100 131072 632441 796 516
0b000b01 0b000c01 10092 100 131072 632747 501 516
0b000e01 0b000f01 10088 100 131072 632516 796 516
0b000501 0b000601 10086 100 131072 632337 1042 516
0b000e01 0b000701 10011 100 131072 616000 17468 10714
0b000501 0b000601 10087 100 131072 632337 1067 516
0b000101 0b000a01 10012 100 131072 622171 11236 10714
0b000c01 0b000d01 10090 100 131072 632566 921 516
0b000a01 0b000301 10012 100 131072 622696 10800 10714
0b000201 0b000b01 10012 100 131072 621453 12000 10714
0b000c01 0b000d01 10091 100 131072 632719 868 516
0b000801 0b000101 10012 100 131072 622621 10968 10714
0b000001 0b000901 10012 100 131072 622918 10545 10714
0b000f01 0b000001 10012 100 131072 621301 12354 10714
0b000701 0b000001 10091 100 131072 632983 489 516
0b000601 0b000f01 10011 100 131072 615992 17546 10714
0b000901 0b000a01 10091 100 131072 632670 1089 516
0b000e01 0b000f01 10089 100 131072 633233 529 516
0b000801 0b000901 10092 100 131072 633248 514 516
0b000501 0b000601 10088 100 131072 632648 945 516
0b000401 0b000501 10089 100 131072 632904 704 516
0b000101 0b000201 10090 100 131072 633068 561 516
0b000301 0b000c01 10010 100 131072 612141 21576 10714
0b000d01 0b000e01 10088 100 131072 633137 789 516
0b000c01 0b000d01 10092 100 131072 633468 508 516
0b000301 0b000401 10093 100 131072 633458 510 516
0b000201 0b000301 10092 100 131072 633479 503 516
0b000d01 0b000e01 10089 100 131072 633237 853 516
0b000601 0b000701 10088 100 131072 633532 497 516
0b000f01 0b000801 10091 100 131072 633612 505 516
0b000701 0b000801 10012 100 131072 621558 12552 10714
0b000901 0b000201 10012 100 131072 620919 13294 10714
0b000501 0b000601 10089 100 131072 633407 725 516
0b000401 0b000501 10090 100 131072 633094 1049 516
0b000b01 0b000401 10010 100 131072 612977 21302 10714
0b000801 0b000901 10093 100 131072 633792 503 516
0b000901 0b000a01 10092 100 131072 633080 1332 516
0b000501 0b000601 10090 100 131072 633582 725 516
0b000901 0b000a01 10093 100 131072 633170 1328 516
0b000401 0b000501 10091 100 131072 633408 1074 516
0b000a01 0b000b01 10090 100 131072 633334 1164 516
0b000201 0b000301 10093 100 131072 634009 498 516
0b000a01 0b000b01 10091 100 131072 633348 1164 516
0b000401 0b000501 10092 100 131072 633507 1028 516
0b000d01 0b000e01 10090 100 131072 633732 804 516
0b000301 0b000401 10094 100 131072 634082 503 516
0b000901 0b000a01 10094 100 131072 633273 1289 516
0b000a01 0b000b01 10092 100 131072 633462 1100 516
0b000601 0b000701 10089 100 131072 634173 489 516
0b000c01 0b000d01 10093 100 131072 634261 493 516
0b000001 0b000101 10092 100 131072 634267 504 516
0b000101 0b000201 10091 100 131072 633382 1410 516
0b000901 0b000a01 10095 100 131072 634106 721 516
0b000401 0b000501 10093 100 131072 634271 578 516
0b000d01 0b000e01 10091 100 131072 634056 854 516
0b000c01 0b000501 10011 100 131072 619269 15671 10714
0b000101 0b000201 10092 100 131072 633471 1471 516
0b000101 0b000201 10093 100 131072 633535 1482 516
0b000101 0b000201 10094 100 131072 633586 1431 516
0b000e01 0b000f01 10090 100 131072 634560 489 516
0b000d01 0b000e01 10092 100 131072 634408 674 516
0b000801 0b000901 10094 100 131072 634602 489 516
0b000001 0b000101 10093 100 131072 634667 520 516
0b000601 0b000701 10090 100 131072 634597 658 516
0b000101 0b000201 10095 100 131072 634887 513 516
0b000701 0b000001 10092 100 131072 634937 489 516
0b000601 0b000701 10091 100 131072 634821 634 516
0b000c01 0b000d01 10094 100 131072 635017 527 516
0b000201 0b000301 10094 100 131072 635175 489 516
0b000801 0b000901 10095 100 131072 635148 489 516
0b000501 0b000601 10091 100 131072 635080 645 516
0b000d01 0b000e01 10093 100 131072 635274 500 516
0b000e01 0b000f01 10091 100 131072 635035 764 516
0b000e01 0b000f01 10092 100 131072 635135 753 516
0b000401 0b000501 10094 100 131072 635275 614 516
0b000501 0b000601 10092 100 131072 635283 656 516
0b000b01 0b000c01 10093 100 131072 635319 764 516
0b000b01 0b000c01 10094 100 131072 635444 739 516
0b000601 0b000f01 10012 100 131072 623877 12280 10714
0b000e01 0b000701 10012 100 131072 624426 11798 10714
0b000401 0b000501 10095 100 131072 635550 614 516
0b000a01 0b000b01 10093 100 131072 635508 869 516
0b000a01 0b000b01 10094 100 131072 635522 855 516
0b000301 0b000401 10095 100 131072 635789 639 516
0b000501 0b000601 10093 100 131072 635947 489 516
0b000101 0b000201 10096 100 131072 635989 511 516
0b000901 0b000a01 10096 100 131072 636027 509 516
0b000001 0b000101 10094 100 131072 635775 828 516
0b000301 0b000401 10096 100 131072 636003 639 516
0b000d01 0b000e01 10094 100 131072 636107 526 516
0b000001 0b000101 10095 100 131072 635825 853 516
0b000d01 0b000601 10012 100 131072 624201 12517 10714
0b000b01 0b000c01 10095 100 131072 636166 570 516
0b000e01 0b000f01 10093 100 131072 636233 514 516
0b000c01 0b000d01 10095 100 131072 636258 497 516
0b000f01 0b000801 10092 100 131072 636247 539 516
0b000401 0b000d01 10012 100 131072 626177 10741 10714
0b000a01 0b000b01 10095 100 131072 636216 707 516
0b000701 0b000001 10093 100 131072 636478 511 516
0b000301 0b000401 10097 100 131072 636506 508 516
0b000901 0b000a01 10097 100 131072 636473 577 516
0b000b01 0b000c01 10096 100 131072 636463 587 516
0b000101 0b000201 10097 100 131072 636599 504 516
0b000201 0b000301 10095 100 131072 636639 503 516
0b000001 0b000101 10097 100 131072 636482 710 516
0b000c01 0b000d01 10096 100 131072 636727 495 516
0b000a01 0b000b01 10096 100 131072 636417 859 516
0b000001 0b000101 10096 100 131072 636665 691 516
0b000f01 0b000801 10093 100 131072 636548 777 516
0b000901 0b000a01 10098 100 131072 636772 573 516
0b000d01 0b000e01 10095 100 131072 636497 853 516
0b000301 0b000401 10098 100 131072 636992 506 516
0b000a01 0b000b01 10097 100 131072 636769 686 516
0b000501 0b000e01 10012 100 131072 627106 10447 10714
0b000f01 0b000801 10094 100 131072 636772 703 516
0b000601 0b000701 10092 100 131072 636389 1189 516
0b000601 0b000701 10093 100 131072 636414 1164 516
0b000d01 0b000e01 10096 100 131072 636597 903 516
0b000e01 0b000f01 10094 100 131072 637100 500 516
0b000501 0b000601 10094 100 131072 637153 536 516
0b000d01 0b000e01 10097 100 131072 636986 735 516
0b000201 0b000301 10096 100 131072 637223 494 516
0b000601 0b000701 10094 100 131072 636603 1214 516
0b000901 0b000a01 10099 100 131072 637305 515 516
0b000401 0b000501 10096 100 131072 637289 578 516
0b000801 0b000901 10097 100 131072 637120 839 516
0b000801 0b000901 10096 100 131072 637127 846 516
0b000601 0b000701 10095 100 131072 637142 850 516
0b000e01 0b000f01 10095 100 131072 637546 489 516
0b000301 0b000401 10099 100 131072 637517 535 516
0b000401 0b000501 10097 100 131072 637595 547 516
0b000701 0b000001 10094 100 131072 637672 489 516
0b000101 0b000201 10098 100 131072 637781 496 516
0b000a01 0b000b01 10098 100 131072 637422 889 516
0b000b01 0b000c01 10097 100 131072 637508 803 516
0b000b01 0b000c01 10098 100 131072 637572 814 516
0b000501 0b000601 10095 100 131072 637492 964 516
0b000501 0b000601 10096 100 131072 637545 975 516
0b000a01 0b000b01 10099 100 131072 637508 967 516
0b000b01 0b000401 10011 100 131072 617873 20614 10714
0b000f01 0b000801 10095 100 131072 638059 500 516
0b000c01 0b000501 10012 100 131072 623384 15196 10714
0b000e01 0b000f01 10096 100 131072 637920 689 516
0b000a01 0b000b01 10100 100 131072 637837 802 516
0b000501 0b000601 10097 100 131072 637950 784 516
0b000e01 0b000f01 10097 100 131072 638092 687 516
0b000201 0b000301 10097 100 131072 637802 997 516
0b000701 0b000001 10095 100 131072 638265 670 516
0b000d01 0b000e01 10098 100 131072 638554 505 516
0b000901 0b000a01 10100 100 131072 638647 489 516
0b000701 0b000001 10096 100 131072 638465 670 516
0b000201 0b000301 10098 100 131072 637952 1228 516
0b000e01 0b000f01 10098 100 131072 638784 500 516
0b000301 0b000401 10100 100 131072 638674 506 516
0b000201 0b000301 10099 100 131072 638027 1217 516
0b000201 0b000301 10100 100 131072 638410 973 516
0b000601 0b000701 10096 100 131072 638735 664 516
0b000701 0b000801 10013 100 131072 628066 11346 10714
0b000501 0b000601 10098 100 131072 638899 600 516
0b000601 0b000701 10097 100 131072 638949 689 516
0b000f01 0b000801 10096 100 131072 638809 934 516
0b000701 0b000001 10097 100 131072 639234 504 516
0b000501 0b000601 10099 100 131072 639174 614 516
0b000c01 0b000d01 10097 100 131072 639093 794 516
0b000f01 0b000801 10097 100 131072 638898 995 516
0b000c01 0b000d01 10098 100 131072 639193 794 516
0b000201 0b000301 10101 100 131072 639510 503 516
0b000601 0b000701 10098 100 131072 639446 606 516
0b000a01 0b000b01 10101 100 131072 639546 491 516
0b000401 0b000501 10098 100 131072 639438 639 516
0b000f01 0b000801 10098 100 131072 639167 876 516
0b000e01 0b000f01 10099 100 131072 639643 497 516
0b000601 0b000701 10099 100 131072 639728 588 516
0b000901 0b000201 10013 100 131072 628907 11406 10714
0b000b01 0b000c01 10099 100 131072 639387 973 516
0b000b01 0b000c01 10100 100 131072 639387 998 516
0b000401 0b000501 10099 100 131072 639652 800 516
0b000101 0b000201 10099 100 131072 639613 850 516
0b000001 0b000101 10098 100 131072 639999 503 516
0b000101 0b000201 10100 100 131072 639688 928 516
0b000201 0b000301 10102 100 131072 640113 503 516
0b000d01 0b000e01 10099 100 131072 639765 745 516
0b000301 0b000401 10101 100 131072 640152 503 516
0b000401 0b000501 10100 100 131072 640024 656 516
0b000c01 0b000d01 10099 100 131072 640060 505 516
0b000001 0b000901 10013 100 131072 629669 11057 10714
0b000a01 0b000b01 10102 100 131072 640060 580 516
0b000b01 0b000c01 10101 100 131072 639933 891 516
0b000d01 0b000e01 10100 100 131072 639928 907 516
0b000a01 0b000b01 10103 100 131072 640355 558 516
0b000201 0b000b01 10013 100 131072 629005 11930 10714
0b000b01 0b000c01 10102 100 131072 640286 694 516
0b000d01 0b000e01 10101 100 131072 640232 753 516
0b000401 0b000501 10101 100 131072 640508 544 516
0b000801 0b000901 10098 100 131072 640335 734 516
0b000e01 0b000f01 10100 100 131072 640360 714 516
0b000101 0b000201 10101 100 131072 640202 928 516
0b000101 0b000201 10102 100 131072 640366 828 516
0b000f01 0b000801 10099 100 131072 640610 514 516
0b000801 0b000901 10099 100 131072 640485 710 516
0b000301 0b000401 10102 100 131072 640727 510 516
0b000a01 0b000b01 10104 100 131072 640830 514 516
0b000701 0b000001 10098 100 131072 640588 683 516
0b000e01 0b000f01 10101 100 131072 640563 925 516
0b000501 0b000601 10100 100 131072 640877 610 516
0b000f01 0b000801 10100 100 131072 641045 489 516
0b000401 0b000501 10102 100 131072 641062 504 516
0b000e01 0b000f01 10102 100 131072 640731 846 516
0b000001 0b000101 10099 100 131072 641171 495 516
0b000e01 0b000701 10013 100 131072 630762 10922 10714
0b000701 0b000001 10099 100 131072 640827 914 516
0b000501 0b000601 10101 100 131072 641152 620 516
0b000201 0b000301 10103 100 131072 641287 489 516
0b000901 0b000a01 10101 100 131072 640969 850 516
0b000901 0b000a01 10102 100 131072 640983 861 516
0b000701 0b000001 10100 100 131072 641002 814 516
0b000301 0b000c01 10011 100 131072 620091 21834 10714
0b000401 0b000501 10103 100 131072 641497 508 516
0b000501 0b000601 10102 100 131072 641590 526 516
0b000801 0b000901 10100 100 131072 641569 500 516
0b000b01 0b000401 10012 100 131072 623523 18606 10714
0b000b01 0b000c01 10103 100 131072 641321 814 516
0b000c01 0b000d01 10100 100 131072 641321 814 516
0b000c01 0b000d01 10101 100 131072 641396 789 516
0b000f01 0b000801 10101 100 131072 641619 700 516
0b000601 0b000701 10100 100 131072 641466 989 516
0b000b01 0b000c01 10104 100 131072 641485 964 516
0b000f01 0b000801 10102 100 131072 641789 733 516
0b000b01 0b000c01 10105 100 131072 641649 889 516
0b000601 0b000701 10101 100 131072 641530 1054 516
0b000e01 0b000f01 10103 100 131072 642069 503 516
0b000001 0b000101 10100 100 131072 641945 689 516
0b000401 0b000501 10104 100 131072 642190 500 516
0b000f01 0b000001 10013 100 131072 631610 11211 10714
0b000f01 0b000801 10103 100 131072 642294 553 516
0b000601 0b000701 10102 100 131072 641744 990 516
0b000801 0b000901 10101 100 131072 642422 514 516
0b000001 0b000101 10101 100 131072 642145 664 516
0b000701 0b000001 10101 100 131072 642409 624 516
0b000601 0b000701 10103 100 131072 642509 678 516
0b000301 0b000401 10103 100 131072 642190 1039 516
0b000001 0b000101 10102 100 131072 642748 500 516
0b000701 0b000001 10102 100 131072 642648 713 516
0b000301 0b000401 10104 100 131072 642254 1139 516
0b000601 0b000701 10104 100 131072 642798 639 516
0b000b01 0b000c01 10106 100 131072 643047 498 516
0b000301 0b000401 10105 100 131072 642393 1180 516
0b000501 0b000601 10103 100 131072 643087 489 516
0b000f01 0b000801 10104 100 131072 643150 520 516
0b000d01 0b000e01 10102 100 131072 642897 798 516
0b000801 0b000901 10102 100 131072 642753 947 516
0b000301 0b000401 10106 100 131072 643023 775 516
0b000701 0b000001 10103 100 131072 643062 739 516
0b000d01 0b000e01 10103 100 131072 642997 823 516
0b000c01 0b000d01 10102 100 131072 643370 530 516
0b000701 0b000001 10104 100 131072 643326 664 516
0b000801 0b000901 10103 100 131072 642903 1033 516
0b000101 0b000201 10103 100 131072 643512 500 516
0b000201 0b000301 10104 100 131072 643323 723 516
0b000501 0b000601 10104 100 131072 643462 614 516
0b000301 0b000c01 10012 100 131072 623401 20710 10714
0b000801 0b000901 10104 100 131072 643053 958 516
0b000301 0b000401 10107 100 131072 643626 509 516
0b000201 0b000301 10105 100 131072 643473 703 516
0b000e01 0b000f01 10104 100 131072 643520 544 516
0b000d01 0b000e01 10104 100 131072 643575 564 516
0b000901 0b000a01 10103 100 131072 643736 514 516
0b000b01 0b000c01 10107 100 131072 643650 664 516
0b000501 0b000601 10105 100 131072 643690 762 516
0b000c01 0b000d01 10103 100 131072 643864 700 516
0b000f01 0b000801 10105 100 131072 644084 514 516
0b000e01 0b000f01 10105 100 131072 643845 783 516
0b000501 0b000601 10106 100 131072 644062 654 516
0b000c01 0b000d01 10104 100 131072 644020 719 516
0b000e01 0b000f01 10106 100 131072 643995 758 516
0b000401 0b000501 10105 100 131072 644277 489 516
0b000001 0b000101 10103 100 131072 644281 513 516
0b000901 0b000a01 10104 100 131072 644079 765 516
0b000901 0b000a01 10105 100 131072 644205 778 516
0b000501 0b000e01 10013 100 131072 632376 12554 10714
0b000b01 0b000c01 10108 100 131072 643923 1086 516
0b000f01 0b000801 10106 100 131072 644528 489 516
0b000801 0b000901 10105 100 131072 644544 489 516
0b000201 0b000301 10106 100 131072 644170 791 516
0b000b01 0b000c01 10109 100 131072 643975 1134 516
0b000201 0b000301 10107 100 131072 644234 802 516
0b000601 0b000701 10105 100 131072 644497 572 516
0b000601 0b000f01 10013 100 131072 633343 11750 10714
0b000c01 0b000501 10013 100 131072 631515 13663 10714
0b000701 0b000001 10105 100 131072 644694 492 516
0b000b01 0b000c01 10110 100 131072 644384 875 516
0b000001 0b000101 10104 100 131072 644751 489 516
0b000301 0b000401 10108 100 131072 644786 508 516
0b000601 0b000701 10106 100 131072 644782 663 516
0b000501 0b000601 10107 100 131072 645045 524 516
0b000c01 0b000d01 10105 100 131072 644965 655 516
0b000401 0b000501 10106 100 131072 645169 489 516
0b000601 0b000701 10107 100 131072 645156 559 516
0b000a01 0b000b01 10105 100 131072 644859 839 516
0b000a01 0b000b01 10106 100 131072 644884 828 516
0b000d01 0b000e01 10105 100 131072 645145 834 516
0b000801 0b000901 10106 100 131072 645329 653 516
0b000d01 0b000e01 10106 100 131072 645195 809 516
0b000f01 0b000801 10107 100 131072 645582 511 516
0b000701 0b000001 10106 100 131072 645465 571 516
0b000c01 0b000d01 10106 100 131072 645175 1018 516
0b000501 0b000601 10108 100 131072 645700 489 516
0b000201 0b000b01 10014 100 131072 632915 13322 10714
0b000701 0b000001 10107 100 131072 645744 592 516
0b000101 0b000201 10104 100 131072 645644 692 516
0b000801 0b000901 10107 100 131072 645532 858 516
0b000001 0b000101 10105 100 131072 645861 736 516
0b000901 0b000a01 10106 100 131072 645976 506 516
0b000101 0b000201 10105 100 131072 645819 806 516
0b000c01 0b000d01 10107 100 131072 645489 1018 516
0b000c01 0b000d01 10108 100 131072 645548 998 516
0b000801 0b000901 10108 100 131072 645857 689 516
0b000701 0b000001 10108 100 131072 646197 639 516
0b000101 0b000201 10106 100 131072 646258 606 516
0b000c01 0b000d01 10109 100 131072 646555 505 516
0b000001 0b000101 10106 100 131072 646043 893 516
0b000701 0b000001 10109 100 131072 646447 617 516
0b000601 0b000701 10108 100 131072 646586 489 516
0b000401 0b000501 10107 100 131072 646269 887 516
0b000901 0b000201 10014 100 131072 633348 13865 10714
0b000801 0b000901 10109 100 131072 646710 514 516
0b000001 0b000101 10107 100 131072 646371 907 516
0b000e01 0b000f01 10107 100 131072 646830 544 516
0b000401 0b000d01 10013 100 131072 632540 14978 10714
0b000d01 0b000601 10013 100 131072 632705 14716 10714
0b000d01 0b000e01 10107 100 131072 646910 516 516
0b000201 0b000301 10108 100 131072 647052 504 516
0b000901 0b000a01 10107 100 131072 646740 775 516
0b000f01 0b000801 10108 100 131072 647074 495 516
0b000001 0b000101 10108 100 131072 646811 881 516
0b000e01 0b000f01 10108 100 131072 647149 534 516
0b000401 0b000501 10108 100 131072 646433 1312 516
0b000b01 0b000401 10013 100 131072 631023 16772 10714
0b000301 0b000401 10109 100 131072 647056 716 516
0b000a01 0b000b01 10107 100 131072 647290 514 516
0b000c01 0b000d01 10110 100 131072 647151 698 516
0b000001 0b000101 10109 100 131072 647030 776 516
0b000901 0b000a01 10108 100 131072 646946 972 516
0b000901 0b000a01 10109 100 131072 647021 938 516
0b000301 0b000401 10110 100 131072 647186 725 516
0b000401 0b000501 10109 100 131072 646583 1393 516
0b000c01 0b000d01 10111 100 131072 647324 700 516
0b000601 0b000701 10109 100 131072 647462 614 516
0b000401 0b000501 10110 100 131072 646808 1338 516
0b000401 0b000501 10111 100 131072 647145 1076 516
0b000501 0b000601 10109 100 131072 647776 489 516
0b000101 0b000201 10107 100 131072 647804 489 516
0b000d01 0b000e01 10108 100 131072 647749 520 516
0b000801 0b000101 10013 100 131072 631371 16966 10714
0b000601 0b000701 10110 100 131072 647726 617 516
0b000f01 0b000801 10109 100 131072 647638 819 516
0b000e01 0b000f01 10109 100 131072 647970 507 516
0b000701 0b000001 10110 100 131072 648079 497 516
0b000901 0b000a01 10110 100 131072 648043 491 516
0b000801 0b000901 10110 100 131072 648057 495 516
0b000a01 0b000b01 10108 100 131072 647884 739 516
0b000f01 0b000801 10110 100 131072 647763 903 516
0b000001 0b000101 10110 100 131072 648226 489 516
0b000501 0b000601 10110 100 131072 648218 511 516
0b000101 0b000201 10108 100 131072 648250 489 516
0b000a01 0b000b01 10109 100 131072 647993 744 516
0b000301 0b000401 10111 100 131072 647971 789 516
0b000401 0b000501 10112 100 131072 648304 494 516
0b000301 0b000401 10112 100 131072 648046 778 516
0b000f01 0b000801 10111 100 131072 648103 752 516
0b000c01 0b000d01 10112 100 131072 648119 739 516
0b000c01 0b000d01 10113 100 131072 648269 739 516
0b000601 0b000701 10111 100 131072 648609 514 516
0b000501 0b000601 10111 100 131072 648698 489 516
0b000701 0b000001 10111 100 131072 648725 489 516
0b000d01 0b000e01 10109 100 131072 648660 504 516
0b000e01 0b000701 10014 100 131072 636936 12234 10714
0b000701 0b000801 10014 100 131072 637039 12289 10714
0b000801 0b000101 10014 100 131072 632574 16855 10714
0b000901 0b000a01 10111 100 131072 648992 491 516
0b000801 0b000901 10111 100 131072 649133 497 516
0b000b01 0b000c01 10111 100 131072 648708 934 516
0b000b01 0b000c01 10112 100 131072 648722 920 516
0b000601 0b000701 10112 100 131072 649229 489 516
0b000d01 0b000e01 10110 100 131072 649203 550 516
0b000301 0b000c01 10013 100 131072 630201 19576 10714
0b000001 0b000101 10111 100 131072 649376 506 516
0b000e01 0b000f01 10110 100 131072 648989 853 516
0b000e01 0b000f01 10111 100 131072 649014 853 516
0b000901 0b000a01 10112 100 131072 649430 489 516
0b000b01 0b000c01 10113 100 131072 649277 654 516
0b000f01 0b000001 10014 100 131072 636322 13621 10714
0b000001 0b000901 10014 100 131072 635775 14249 10714
0b000a01 0b000b01 10110 100 131072 649492 489 516
0b000d01 0b000e01 10111 100 131072 649517 539 516
0b000101 0b000a01 10013 100 131072 633054 17087 10714
0b000101 0b000201 10109 100 131072 649607 544 516
0b000201 0b000301 10109 100 131072 649635 636 516
0b000d01 0b000e01 10112 100 131072 650100 491 516
0b000101 0b000201 10110 100 131072 649946 569 516
0b000001 0b000101 10112 100 131072 649876 648 516
0b000201 0b000301 10110 100 131072 649874 736 516
0b000701 0b000001 10112 100 131072 650085 526 516
0b000901 0b000a01 10113 100 131072 650264 520 516
0b000501 0b000601 10112 100 131072 650166 495 516
0b000f01 0b000801 10112 100 131072 650384 550 516
0b000001 0b000101 10113 100 131072 650104 631 516
0b000101 0b000201 10111 100 131072 650288 536 516
0b000201 0b000301 10111 100 131072 650253 613 516
0b000601 0b000701 10113 100 131072 650461 494 516
0b000e01 0b000f01 10112 100 131072 650466 517 516
0b000a01 0b000b01 10111 100 131072 650525 489 516
0b000301 0b000401 10113 100 131072 650566 491 516
0b000201 0b000b01 10015 100 131072 638027 13052 10714
0b000d01 0b000e01 10113 100 131072 650558 514 516
0b000a01 0b000301 10013 100 131072 632649 18457 10714
0b000501 0b000601 10113 100 131072 650755 502 516
0b000801 0b000901 10112 100 131072 650609 514 516
0b000101 0b000201 10112 100 131072 650816 489 516
0b000f01 0b000801 10113 100 131072 650693 544 516
0b000b01 0b000c01 10114 100 131072 650814 505 516
0b000901 0b000201 10015 100 131072 638101 13322 10714
0b000a01 0b000b01 10112 100 131072 650969 489 516
0b000401 0b000501 10113 100 131072 650782 804 516
0b000401 0b000501 10114 100 131072 650835 801 516
0b000d01 0b000e01 10114 100 131072 650889 770 516
0b000701 0b000001 10113 100 131072 651086 619 516
0b000d01 0b000e01 10115 100 131072 651064 711 516
0b000e01 0b000f01 10113 100 131072 651309 503 516
0b000601 0b000701 10114 100 131072 651305 506 516
0b000201 0b000301 10112 100 131072 651333 508 516
0b000101 0b000201 10113 100 131072 651377 539 516
0b000701 0b000001 10114 100 131072 651353 591 516
0b000f01 0b000801 10114 100 131072 651487 505 516
0b000501 0b000601 10114 100 131072 651186 809 516
0b000901 0b000a01 10114 100 131072 651562 505 516
0b000501 0b000601 10115 100 131072 651261 834 516
0b000001 0b000101 10114 100 131072 651616 500 516
0b000801 0b000901 10113 100 131072 651467 714 516
0b000601 0b000f01 10014 100 131072 637317 14898 10714
0b000101 0b000201 10114 100 131072 651725 505 516
0b000201 0b000301 10113 100 131072 651749 489 516
0b000601 0b000701 10115 100 131072 651769 495 516
0b000501 0b000601 10116 100 131072 651838 607 516
0b000401 0b000501 10115 100 131072 651770 789 516
0b000b01 0b000c01 10115 100 131072 651633 714 516
0b000b01 0b000c01 10116 100 131072 651777 709 516
0b000d01 0b000e01 10116 100 131072 651868 736 516
0b000401 0b000501 10116 100 131072 651834 789 516
0b000801 0b000901 10114 100 131072 651676 994 516
0b000e01 0b000f01 10114 100 131072 652204 489 516
0b000d01 0b000e01 10117 100 131072 652018 703 516
0b000d01 0b000601 10014 100 131072 635288 17435 10714
0b000601 0b000701 10116 100 131072 652227 506 516
0b000001 0b000101 10115 100 131072 652224 509 516
0b000801 0b000901 10115 100 131072 651865 969 516
0b000101 0b000201 10115 100 131072 652439 489 516
0b000701 0b000001 10115 100 131072 652133 864 516
0b000701 0b000001 10116 100 131072 652180 898 516
0b000a01 0b000b01 10113 100 131072 652523 489 516
0b000801 0b000901 10116 100 131072 652338 714 516
0b000a01 0b000301 10014 100 131072 633626 19666 10714
0b000701 0b000001 10117 100 131072 652728 625 516
0b000f01 0b000801 10115 100 131072 652877 494 516
0b000101 0b000201 10116 100 131072 652892 500 516
0b000901 0b000a01 10115 100 131072 653034 489 516
0b000b01 0b000c01 10117 100 131072 653021 527 516
0b000001 0b000101 10116 100 131072 652953 489 516
0b000e01 0b000701 10015 100 131072 640510 13074 10714
0b000e01 0b000f01 10115 100 131072 653096 489 516
0b000c01 0b000501 10014 100 131072 635217 18377 10714
0b000a01 0b000b01 10114 100 131072 652959 639 516
0b000201 0b000301 10114 100 131072 653161 503 516
0b000101 0b000a01 10014 100 131072 634415 19366 10714
0b000301 0b000401 10114 100 131072 653281 514 516
0b000a01 0b000b01 10115 100 131072 653181 631 516
0b000001 0b000901 10015 100 131072 638436 15434 10714
0b000b01 0b000401 10014 100 131072 637522 16507 10714
0b000c01 0b000d01 10114 100 131072 652682 1389 516
0b000c01 0b000d01 10115 100 131072 652682 1403 516
0b000101 0b000201 10117 100 131072 653564 495 516
0b000c01 0b000d01 10116 100 131072 652817 1387 516
0b000c01 0b000d01 10117 100 131072 652941 1338 516
0b000301 0b000401 10115 100 131072 653620 653 516
0b000a01 0b000b01 10116 100 131072 653794 514 516
0b000201 0b000301 10115 100 131072 653834 500 516
0b000301 0b000c01 10014 100 131072 636067 18282 10714
0b000701 0b000001 10118 100 131072 653965 507 516
0b000801 0b000901 10117 100 131072 653944 539 516
0b000401 0b000501 10117 100 131072 654067 492 516
0b000f01 0b000801 10116 100 131072 653993 494 516
0b000301 0b000401 10116 100 131072 653876 864 516
0b000e01 0b000f01 10116 100 131072 654112 489 516
0b000901 0b000a01 10116 100 131072 654133 500 516
0b000601 0b000701 10117 100 131072 654297 504 516
0b000801 0b000901 10118 100 131072 654247 550 516
0b000c01 0b000d01 10118 100 131072 654329 500 516
0b000301 0b000401 10117 100 131072 654146 719 516
0b000b01 0b000c01 10118 100 131072 654054 964 516
0b000501 0b000e01 10014 100 131072 636618 18346 10714
0b000401 0b000d01 10014 100 131072 635350 19627 10714
0b000b01 0b000c01 10119 100 131072 654089 993 516
0b000d01 0b000601 10015 100 131072 637764 17349 10714
0b000201 0b000301 10116 100 131072 654315 739 516
0b000f01 0b000001 10015 100 131072 639757 15488 10714
0b000b01 0b000c01 10120 100 131072 654468 809 516
0b000201 0b000301 10117 100 131072 654433 818 516
0b000f01 0b000801 10117 100 131072 654822 527 516
0b000701 0b000001 10119 100 131072 654821 514 516
0b000001 0b000101 10117 100 131072 654715 659 516
0b000501 0b000601 10117 100 131072 654626 834 516
0b000501 0b000601 10118 100 131072 654676 809 516
0b000e01 0b000f01 10117 100 131072 654699 751 516
0b000801 0b000901 10119 100 131072 655002 498 516
0b000e01 0b000f01 10118 100 131072 654815 760 516
0b000001 0b000101 10118 100 131072 654954 620 516
0b000a01 0b000b01 10117 100 131072 655077 514 516
0b000101 0b000201 10118 100 131072 655126 506 516
0b000901 0b000a01 10117 100 131072 655191 489 516
0b000601 0b000701 10118 100 131072 655135 514 516
0b000201 0b000301 10118 100 131072 654956 706 516
0b000f01 0b000801 10118 100 131072 655225 489 516
0b000701 0b000801 10015 100 131072 640588 15134 10714
0b000301 0b000401 10118 100 131072 655248 509 516
0b000b01 0b000401 10015 100 131072 640465 15386 10714
0b000701 0b000001 10120 100 131072 655274 500 516
0b000201 0b000301 10119 100 131072 655270 648 516
0b000201 0b000b01 10016 100 131072 643626 12391 10714
0b000c01 0b000d01 10119 100 131072 655357 714 516
0b000501 0b000e01 10015 100 131072 637859 18197 10714
0b000601 0b000f01 10015 100 131072 640699 15362 10714
0b000f01 0b000801 10119 100 131072 655703 491 516
0b000601 0b000701 10119 100 131072 655485 617 516
0b000c01 0b000d01 10120 100 131072 655496 726 516
0b000501 0b000601 10119 100 131072 655663 500 516
0b000701 0b000001 10121 100 131072 655743 495 516
0b000101 0b000201 10119 100 131072 655743 514 516
0b000e01 0b000f01 10119 100 131072 655644 739 516
0b000601 0b000701 10120 100 131072 655763 589 516
0b000901 0b000a01 10118 100 131072 655680 789 516
0b000e01 0b000f01 10120 100 131072 655761 736 516
0b000201 0b000301 10120 100 131072 655938 489 516
0b000b01 0b000c01 10121 100 131072 656022 489 516
0b000901 0b000a01 10119 100 131072 655844 939 516
0b000301 0b000c01 10015 100 131072 641809 14930 10714
0b000901 0b000a01 10120 100 131072 656062 846 516
0b000001 0b000101 10119 100 131072 656007 787 516
0b000401 0b000d01 10015 100 131072 636978 19821 10714
0b000301 0b000401 10119 100 131072 656302 500 516
0b000c01 0b000d01 10121 100 131072 656558 494 516
0b000001 0b000101 10120 100 131072 656088 781 516
0b000201 0b000301 10121 100 131072 656402 497 516
0b000101 0b000201 10120 100 131072 656452 489 516
0b000701 0b000001 10122 100 131072 656594 489 516
0b000901 0b000201 10016 100 131072 645079 12010 10714
0b000501 0b000601 10120 100 131072 656634 496 516
0b000a01 0b000b01 10118 100 131072 656533 572 516
0b000301 0b000401 10120 100 131072 656674 506 516
0b000b01 0b000c01 10122 100 131072 656852 489 516
0b000401 0b000501 10118 100 131072 656805 614 516
0b000901 0b000a01 10121 100 131072 656880 489 516
0b000a01 0b000b01 10119 100 131072 656821 565 516
0b000801 0b000101 10015 100 131072 639796 17849 10714
0b000c01 0b000d01 10122 100 131072 657359 497 516
0b000401 0b000501 10119 100 131072 657039 860 516
0b000001 0b000101 10121 100 131072 657482 489 516
0b000d01 0b000e01 10118 100 131072 657081 939 516
0b000f01 0b000801 10120 100 131072 657611 493 516
0b000501 0b000601 10121 100 131072 657599 509 516
0b000901 0b000a01 10122 100 131072 657807 489 516
0b000401 0b000501 10120 100 131072 657283 956 516
0b000e01 0b000701 10016 100 131072 646705 11613 10714
0b000f01 0b000001 10016 100 131072 644587 13776 10714
0b000101 0b000a01 10015 100 131072 638197 20158 10714
0b000e01 0b000f01 10121 100 131072 658004 505 516
0b000d01 0b000e01 10119 100 131072 657214 1303 516
0b000d01 0b000e01 10120 100 131072 657289 1328 516
0b000601 0b000701 10121 100 131072 658123 539 516
0b000401 0b000501 10121 100 131072 657750 953 516
0b000c01 0b000d01 10123 100 131072 658092 689 516
0b000301 0b000401 10121 100 131072 658064 678 516
0b000401 0b000501 10122 100 131072 657875 878 516
0b000101 0b000201 10121 100 131072 658414 516 516
0b000801 0b000901 10120 100 131072 658389 546 516
0b000a01 0b000301 10015 100 131072 637572 21384 10714
0b000c01 0b000d01 10124 100 131072 658287 669 516
0b000301 0b000401 10122 100 131072 658261 820 516
0b000d01 0b000e01 10121 100 131072 657839 1123 516
0b000001 0b000101 10122 100 131072 658255 834 516
0b000201 0b000301 10122 100 131072 658642 500 516
0b000d01 0b000e01 10122 100 131072 657987 1039 516
0b000701 0b000001 10123 100 131072 658689 498 516
0b000901 0b000a01 10123 100 131072 658510 518 516
0b000c01 0b000501 10015 100 131072 639746 19285 10714
0b000001 0b000101 10123 100 131072 658345 888 516
0b000601 0b000701 10122 100 131072 658470 856 516
0b000b01 0b000c01 10123 100 131072 658631 514 516
0b000f01 0b000801 10121 100 131072 658460 756 516
0b000a01 0b000b01 10120 100 131072 658720 512 516
0b000601 0b000701 10123 100 131072 658495 845 516
0b000401 0b000501 10123 100 131072 658861 506 516
0b000f01 0b000801 10122 100 131072 658585 856 516
0b000301 0b000401 10123 100 131072 658672 820 516
0b000b01 0b000c01 10124 100 131072 659057 489 516
0b000e01 0b000f01 10122 100 131072 659066 497 516
0b000d01 0b000e01 10123 100 131072 659081 489 516
0b000001 0b000101 10124 100 131072 658784 803 516
0b000301 0b000401 10124 100 131072 658958 748 516
0b000601 0b000701 10124 100 131072 659203 509 516
0b000201 0b000301 10123 100 131072 659267 503 516
0b000001 0b000101 10125 100 131072 659248 588 516
0b000801 0b000901 10121 100 131072 658724 1014 516
0b000701 0b000001 10124 100 131072 659362 489 516
0b000801 0b000901 10122 100 131072 658732 1020 516
0b000f01 0b000801 10123 100 131072 659071 735 516
0b000801 0b000901 10123 100 131072 659204 787 516
0b000301 0b000401 10125 100 131072 659467 545 516
0b000f01 0b000801 10124 100 131072 659423 618 516
0b000a01 0b000b01 10121 100 131072 659509 539 516
0b000c01 0b000d01 10125 100 131072 659749 521 516
0b000401 0b000501 10124 100 131072 659812 502 516
0b000d01 0b000e01 10124 100 131072 659809 564 516
0b000301 0b000401 10126 100 131072 659939 512 516
0b000001 0b000101 10126 100 131072 660093 505 516
0b000d01 0b000e01 10125 100 131072 660092 584 516
0b000601 0b000701 10125 100 131072 660140 489 516
0b000101 0b000201 10122 100 131072 659834 806 516
0b000201 0b000301 10124 100 131072 659951 714 516
0b000a01 0b000b01 10122 100 131072 659823 936 516
0b000b01 0b000c01 10125 100 131072 660145 617 516
0b000001 0b000901 10016 100 131072 644826 15850 10714
0b000401 0b000501 10125 100 131072 660190 489 516
0b000101 0b000201 10123 100 131072 659909 781 516
0b000c01 0b000d01 10126 100 131072 660351 508 516
0b000a01 0b000b01 10123 100 131072 659948 911 516
0b000201 0b000301 10125 100 131072 660099 706 516
0b000b01 0b000c01 10126 100 131072 660396 605 516
0b000601 0b000f01 10016 100 131072 647086 13911 10714
0b000a01 0b000b01 10124 100 131072 660409 681 516
0b000101 0b000201 10124 100 131072 660655 514 516
0b000d01 0b000e01 10126 100 131072 660866 489 516
0b000501 0b000601 10122 100 131072 660909 514 516
0b000401 0b000d01 10016 100 131072 643665 17851 10714
0b000e01 0b000f01 10123 100 131072 661030 489 516
0b000101 0b000201 10125 100 131072 660981 542 516
0b000801 0b000901 10124 100 131072 661114 505 516
0b000801 0b000101 10016 100 131072 644134 17561 10714
0b000501 0b000601 10123 100 131072 661249 513 516
0b000701 0b000001 10125 100 131072 661328 514 516
0b000001 0b000101 10127 100 131072 661373 494 516
0b000a01 0b000b01 10125 100 131072 661365 489 516
0b000501 0b000e01 10016 100 131072 644576 17352 10714
0b000c01 0b000501 10016 100 131072 643395 18550 10714
0b000f01 0b000801 10125 100 131072 661519 508 516
0b000701 0b000801 10016 100 131072 645594 16522 10714
0b000e01 0b000f01 10124 100 131072 661527 864 516
0b000d01 0b000e01 10127 100 131072 661791 714 516
0b000701 0b000001 10126 100 131072 661672 509 516
0b000401 0b000501 10126 100 131072 661752 539 516
0b000301 0b000401 10127 100 131072 661966 500 516
0b000a01 0b000b01 10126 100 131072 662038 504 516
0b000101 0b000201 10126 100 131072 662099 489 516
0b000401 0b000501 10127 100 131072 662091 522 516
0b000c01 0b000d01 10127 100 131072 662155 512 516
0b000201 0b000b01 10017 100 131072 649376 13399 10714
0b000d01 0b000e01 10128 100 131072 661966 715 516
0b000501 0b000601 10124 100 131072 661713 1089 516
0b000801 0b000901 10125 100 131072 662226 497 516
0b000b01 0b000c01 10127 100 131072 662242 489 516
0b000501 0b000601 10125 100 131072 661763 1114 516
0b000e01 0b000f01 10125 100 131072 661657 1116 516
0b000c01 0b000d01 10128 100 131072 662556 489 516
0b000f01 0b000801 10126 100 131072 662573 493 516
0b000e01 0b000f01 10126 100 131072 662002 1067 516
0b000e01 0b000f01 10127 100 131072 662036 1072 516
0b000401 0b000501 10128 100 131072 662502 678 516
0b000701 0b000001 10127 100 131072 662336 850 516
0b000501 0b000601 10126 100 131072 662041 1150 516
0b000701 0b000001 10128 100 131072 662350 861 516
0b000101 0b000201 10127 100 131072 662597 639 516
0b000301 0b000401 10128 100 131072 662780 511 516
0b000801 0b000901 10126 100 131072 662816 632 516
0b000501 0b000601 10127 100 131072 662377 939 516
0b000a01 0b000301 10016 100 131072 642146 21386 10714
0b000d01 0b000601 10016 100 131072 647574 15959 10714
0b000001 0b000101 10128 100 131072 662861 500 516
0b000801 0b000901 10127 100 131072 663051 622 516
0b000101 0b000201 10128 100 131072 662846 604 516
0b000d01 0b000e01 10129 100 131072 663280 503 516
0b000701 0b000801 10017 100 131072 648455 15119 10714
0b000401 0b000501 10129 100 131072 662716 858 516
0b000401 0b000501 10130 100 131072 663022 702 516
0b000501 0b000601 10128 100 131072 663324 489 516
0b000901 0b000a01 10124 100 131072 662748 1064 516
0b000901 0b000a01 10125 100 131072 662762 1064 516
0b000e01 0b000f01 10128 100 131072 663383 539 516
0b000901 0b000a01 10126 100 131072 663001 1089 516
0b000101 0b000201 10129 100 131072 663608 492 516
0b000701 0b000001 10129 100 131072 663639 489 516
0b000501 0b000601 10129 100 131072 663689 489 516
0b000301 0b000401 10129 100 131072 663675 725 516
0b000e01 0b000f01 10129 100 131072 663686 583 516
0b000901 0b000a01 10127 100 131072 663686 643 516
0b000d01 0b000e01 10130 100 131072 663869 492 516
0b000201 0b000301 10126 100 131072 663650 889 516
0b000c01 0b000d01 10129 100 131072 663772 622 516
0b000f01 0b000801 10127 100 131072 664007 508 516
0b000f01 0b000001 10017 100 131072 652852 11701 10714
0b000301 0b000401 10130 100 131072 663815 738 516
0b000c01 0b000d01 10130 100 131072 664011 622 516
0b000201 0b000301 10127 100 131072 663700 903 516
0b000b01 0b000c01 10128 100 131072 663769 914 516
0b000401 0b000d01 10017 100 131072 650921 13871 10714
0b000b01 0b000c01 10129 100 131072 663869 978 516
0b000c01 0b000501 10017 100 131072 648019 16838 10714
0b000601 0b000701 10126 100 131072 664433 489 516
0b000e01 0b000f01 10130 100 131072 664365 511 516
0b000101 0b000a01 10016 100 131072 644676 20277 10714
0b000b01 0b000c01 10130 100 131072 664100 886 516
0b000d01 0b000e01 10131 100 131072 664526 512 516
0b000201 0b000301 10128 100 131072 664179 901 516
0b000901 0b000a01 10128 100 131072 664629 508 516
0b000201 0b000301 10129 100 131072 664533 722 516
0b000901 0b000201 10017 100 131072 649586 15717 10714
0b000001 0b000101 10129 100 131072 664852 517 516
0b000b01 0b000c01 10131 100 131072 664864 489 516
0b000101 0b000201 10130 100 131072 664705 711 516
0b000e01 0b000f01 10131 100 131072 664938 489 516
0b000501 0b000601 10130 100 131072 664955 489 516
0b000101 0b000201 10131 100 131072 664877 689 516
0b000001 0b000101 10130 100 131072 665191 514 516
0b000801 0b000901 10128 100 131072 665037 789 516
0b000f01 0b000801 10128 100 131072 665401 514 516
0b000401 0b000501 10131 100 131072 665476 497 516
0b000801 0b000901 10129 100 131072 665126 807 516
0b000201 0b000301 10130 100 131072 665598 489 516
0b000e01 0b000f01 10132 100 131072 665515 493 516
0b000501 0b000601 10131 100 131072 665623 489 516
0b000b01 0b000c01 10132 100 131072 665552 614 516
0b000901 0b000a01 10129 100 131072 665733 493 516
0b000f01 0b000801 10129 100 131072 665783 618 516
0b000b01 0b000c01 10133 100 131072 665785 620 516
0b000801 0b000101 10017 100 131072 647638 18789 10714
0b000d01 0b000e01 10132 100 131072 666055 489 516
0b000801 0b000901 10130 100 131072 666076 521 516
0b000501 0b000601 10132 100 131072 666190 497 516
0b000d01 0b000601 10017 100 131072 649586 17223 10714
0b000101 0b000201 10132 100 131072 666371 500 516
0b000201 0b000301 10131 100 131072 666246 646 516
0b000601 0b000701 10127 100 131072 665812 1097 516
0b000f01 0b000801 10130 100 131072 666079 914 516
0b000001 0b000101 10131 100 131072 666196 839 516
0b000f01 0b000801 10131 100 131072 666118 900 516
0b000001 0b000101 10132 100 131072 666221 828 516
0b000301 0b000401 10131 100 131072 666542 507 516
0b000201 0b000301 10132 100 131072 666460 639 516
0b000901 0b000a01 10130 100 131072 666458 639 516
0b000801 0b000901 10131 100 131072 666584 523 516
0b000601 0b000701 10128 100 131072 665887 1297 516
0b000501 0b000601 10133 100 131072 666584 731 516
0b000e01 0b000f01 10133 100 131072 666793 489 516
0b000901 0b000a01 10131 100 131072 666683 639 516
0b000501 0b000601 10134 100 131072 666734 706 516
0b000f01 0b000801 10132 100 131072 666932 489 516
0b000201 0b000301 10133 100 131072 667110 489 516
0b000001 0b000101 10133 100 131072 667138 489 516
0b000e01 0b000701 10017 100 131072 652793 15035 10714
0b000601 0b000701 10129 100 131072 666201 1703 516
0b000e01 0b000f01 10134 100 131072 667371 508 516
0b000501 0b000e01 10017 100 131072 651016 16942 10714
0b000a01 0b000b01 10127 100 131072 666822 1214 516
0b000801 0b000901 10132 100 131072 667525 511 516
0b000001 0b000101 10134 100 131072 667563 494 516
0b000a01 0b000b01 10128 100 131072 666836 1214 516
0b000401 0b000501 10132 100 131072 667410 707 516
0b000301 0b000401 10132 100 131072 667613 511 516
0b000d01 0b000e01 10133 100 131072 667404 689 516
0b000601 0b000701 10130 100 131072 666326 1816 516
0b000001 0b000901 10017 100 131072 649076 19084 10714
0b000401 0b000501 10133 100 131072 667563 727 516
0b000601 0b000701 10131 100 131072 666543 1763 516
0b000501 0b000601 10135 100 131072 667867 504 516
0b000f01 0b000801 10133 100 131072 667886 512 516
0b000601 0b000701 10132 100 131072 666823 1573 516
0b000701 0b000001 10130 100 131072 667932 503 516
0b000601 0b000701 10133 100 131072 667188 1297 516
0b000a01 0b000b01 10129 100 131072 667100 1414 516
0b000c01 0b000d01 10131 100 131072 667693 839 516
0b000301 0b000c01 10016 100 131072 654851 13722 10714
0b000d01 0b000e01 10134 100 131072 667643 914 516
0b000e01 0b000f01 10135 100 131072 668048 509 516
0b000d01 0b000e01 10135 100 131072 667802 830 516
0b000a01 0b000b01 10130 100 131072 667339 1414 516
0b000301 0b000401 10133 100 131072 668090 698 516
0b000101 0b000201 10133 100 131072 668379 534 516
0b000601 0b000701 10134 100 131072 668454 489 516
0b000301 0b000401 10134 100 131072 668265 698 516
0b000f01 0b000801 10134 100 131072 668437 489 516
0b000c01 0b000d01 10132 100 131072 667857 1139 516
0b000a01 0b000b01 10131 100 131072 667963 1123 516
0b000201 0b000301 10134 100 131072 668313 934 516
0b000101 0b000201 10134 100 131072 668715 537 516
0b000a01 0b000b01 10132 100 131072 668147 989 516
0b000c01 0b000d01 10133 100 131072 667996 1164 516
0b000201 0b000301 10135 100 131072 668426 1021 516
0b000501 0b000601 10136 100 131072 668983 489 516
0b000c01 0b000d01 10134 100 131072 668363 911 516
0b000e01 0b000701 10018 100 131072 653631 15655 10714
0b000201 0b000301 10136 100 131072 668576 961 516
0b000801 0b000901 10133 100 131072 668925 532 516
0b000f01 0b000801 10135 100 131072 669018 493 516
0b000301 0b000401 10135 100 131072 669097 489 516
0b000601 0b000701 10135 100 131072 669122 489 516
0b000901 0b000a01 10132 100 131072 668836 775 516
0b000901 0b000a01 10133 100 131072 668943 768 516
0b000a01 0b000b01 10133 100 131072 669236 496 516
0b000c01 0b000d01 10135 100 131072 669176 614 516
0b000101 0b000201 10135 100 131072 669437 489 516
0b000801 0b000901 10134 100 131072 669411 496 516
0b000c01 0b000d01 10136 100 131072 669415 614 516
0b000e01 0b000f01 10136 100 131072 669554 489 516
0b000901 0b000a01 10134 100 131072 669607 489 516
0b000801 0b000901 10135 100 131072 670028 514 516
0b000a01 0b000b01 10134 100 131072 670107 489 516
0b000201 0b000301 10137 100 131072 669881 503 516
0b000901 0b000a01 10135 100 131072 670117 514 516
0b000301 0b000401 10136 100 131072 669902 507 516
0b000f01 0b000801 10136 100 131072 670292 489 516
0b000601 0b000701 10136 100 131072 669697 761 516
0b000701 0b000001 10131 100 131072 669919 589 516
0b000401 0b000501 10134 100 131072 670059 489 516
0b000101 0b000201 10136 100 131072 670059 489 516
0b000601 0b000701 10137 100 131072 669819 739 516
0b000401 0b000d01 10018 100 131072 658767 11849 10714
0b000701 0b000001 10132 100 131072 670194 581 516
0b000801 0b000901 10136 100 131072 670431 489 516
0b000601 0b000701 10138 100 131072 670450 513 516
0b000201 0b000b01 10018 100 131072 653555 17434 10714
0b000901 0b000201 10018 100 131072 652640 18329 10714
0b000301 0b000401 10137 100 131072 670609 489 516
0b000101 0b000201 10137 100 131072 670637 489 516
0b000f01 0b000801 10137 100 131072 670889 504 516
0b000101 0b000201 10138 100 131072 671067 503 516
0b000401 0b000501 10135 100 131072 671134 493 516
0b000e01 0b000f01 10137 100 131072 670968 749 516
0b000501 0b000601 10137 100 131072 671127 689 516
0b000901 0b000a01 10136 100 131072 671046 762 516
0b000601 0b000701 10139 100 131072 671381 510 516
0b000001 0b000101 10135 100 131072 671445 507 516
0b000901 0b000a01 10137 100 131072 671170 729 516
0b000b01 0b000c01 10134 100 131072 671046 862 516
0b000b01 0b000c01 10135 100 131072 671060 848 516
0b000801 0b000901 10137 100 131072 671408 509 516
0b000501 0b000601 10138 100 131072 671300 698 516
0b000701 0b000001 10133 100 131072 670838 1164 516
0b000e01 0b000f01 10138 100 131072 671103 943 516
0b000d01 0b000e01 10136 100 131072 671542 504 516
0b000f01 0b000801 10138 100 131072 671567 504 516
0b000601 0b000f01 10017 100 131072 653701 18424 10714
0b000c01 0b000d01 10137 100 131072 671583 516 516
0b000701 0b000001 10134 100 131072 670914 1477 516
0b000b01 0b000c01 10136 100 131072 671763 575 516
0b000201 0b000301 10138 100 131072 671923 534 516
0b000801 0b000901 10138 100 131072 671936 489 516
0b000e01 0b000f01 10139 100 131072 671567 964 516
0b000401 0b000501 10136 100 131072 671798 709 516
0b000e01 0b000f01 10140 100 131072 671642 914 516
0b000401 0b000501 10137 100 131072 671973 684 516
0b000201 0b000301 10139 100 131072 672262 520 516
0b000d01 0b000e01 10137 100 131072 672006 839 516
0b000701 0b000001 10135 100 131072 671152 1803 516
0b000901 0b000a01 10138 100 131072 672467 504 516
0b000b01 0b000c01 10137 100 131072 672096 875 516
0b000601 0b000701 10140 100 131072 672482 498 516
0b000b01 0b000c01 10138 100 131072 672146 850 516
0b000301 0b000401 10138 100 131072 672257 804 516
0b000801 0b000901 10139 100 131072 672521 496 516
0b000401 0b000501 10138 100 131072 672596 500 516
0b000d01 0b000e01 10138 100 131072 672170 989 516
0b000701 0b000001 10136 100 131072 671316 1903 516
0b000701 0b000001 10137 100 131072 671406 1927 516
0b000b01 0b000401 10016 100 131072 656608 16603 10714
0b000301 0b000401 10139 100 131072 672457 953 516
0b000201 0b000301 10140 100 131072 672936 489 516
0b000d01 0b000e01 10139 100 131072 672284 989 516
0b000301 0b000401 10140 100 131072 672547 927 516
0b000501 0b000e01 10018 100 131072 655599 18025 10714
0b000901 0b000a01 10139 100 131072 672917 493 516
0b000a01 0b000b01 10135 100 131072 672621 839 516
0b000f01 0b000801 10139 100 131072 673053 489 516
0b000d01 0b000e01 10140 100 131072 673039 548 516
0b000a01 0b000b01 10136 100 131072 672721 903 516
0b000101 0b000a01 10017 100 131072 650702 22987 10714
0b000701 0b000001 10138 100 131072 671953 1740 516
0b000601 0b000f01 10018 100 131072 655035 18750 10714
0b000a01 0b000b01 10137 100 131072 673106 846 516
0b000301 0b000401 10141 100 131072 673394 514 516
0b000701 0b000001 10139 100 131072 672296 1697 516
0b000f01 0b000001 10018 100 131072 656595 17468 10714
0b000901 0b000a01 10140 100 131072 673552 514 516
0b000501 0b000601 10139 100 131072 673558 489 516
0b000201 0b000301 10141 100 131072 673558 489 516
0b000301 0b000c01 10017 100 131072 657344 16735 10714
0b000b01 0b000c01 10139 100 131072 673606 507 516
0b000d01 0b000e01 10141 100 131072 673626 489 516
0b000201 0b000b01 10019 100 131072 657069 17038 10714
0b000001 0b000101 10136 100 131072 673518 607 516
0b000701 0b000001 10140 100 131072 672621 1561 516
0b000a01 0b000b01 10138 100 131072 673641 589 516
0b000801 0b000901 10140 100 131072 673791 489 516
0b000901 0b000a01 10141 100 131072 673930 489 516
0b000001 0b000101 10137 100 131072 673785 590 516
0b000b01 0b000c01 10140 100 131072 673999 489 516
0b000b01 0b000401 10017 100 131072 657348 17348 10714
0b000001 0b000901 10018 100 131072 653621 20935 10714
0b000401 0b000501 10139 100 131072 674108 489 516
0b000201 0b000301 10142 100 131072 673979 689 516
0b000701 0b000001 10141 100 131072 673468 1321 516
0b000a01 0b000301 10017 100 131072 650928 23934 10714
0b000701 0b000001 10142 100 131072 673568 1285 516
0b000801 0b000901 10141 100 131072 674403 499 516
0b000201 0b000301 10143 100 131072 674136 821 516
0b000701 0b000001 10143 100 131072 673973 1003 516
0b000501 0b000601 10140 100 131072 674637 489 516
0b000201 0b000301 10144 100 131072 674580 632 516
0b000a01 0b000301 10018 100 131072 651574 23654 10714
0b000f01 0b000801 10140 100 131072 674727 529 516
0b000901 0b000a01 10142 100 131072 674927 504 516
0b000701 0b000001 10144 100 131072 674901 525 516
0b000c01 0b000501 10018 100 131072 658028 17431 10714
0b000101 0b000201 10139 100 131072 674962 489 516
0b000701 0b000801 10018 100 131072 657841 17635 10714
0b000601 0b000701 10141 100 131072 674826 664 516
0b000001 0b000101 10138 100 131072 675012 489 516
0b000a01 0b000b01 10139 100 131072 674818 767 516
0b000801 0b000901 10142 100 131072 675081 510 516
0b000601 0b000701 10142 100 131072 675008 684 516
0b000d01 0b000e01 10142 100 131072 675109 509 516
0b000a01 0b000b01 10140 100 131072 674909 776 516
0b000901 0b000201 10019 100 131072 657493 18254 10714
0b000001 0b000101 10139 100 131072 675401 489 516
0b000c01 0b000d01 10138 100 131072 674918 989 516
0b000c01 0b000d01 10139 100 131072 674918 1003 516
0b000901 0b000a01 10143 100 131072 675435 489 516
0b000301 0b000401 10142 100 131072 675467 539 516
0b000501 0b000601 10141 100 131072 675517 489 516
0b000c01 0b000d01 10140 100 131072 675348 812 516
0b000f01 0b000801 10141 100 131072 675056 1124 516
0b000f01 0b000801 10142 100 131072 675135 1120 516
0b000301 0b000401 10143 100 131072 675792 529 516
0b000d01 0b000601 10018 100 131072 657095 19224 10714
0b000701 0b000001 10145 100 131072 675990 500 516
0b000501 0b000601 10142 100 131072 676106 490 516
0b000001 0b000101 10140 100 131072 675965 639 516
0b000201 0b000b01 10020 100 131072 661940 14764 10714
0b000e01 0b000f01 10141 100 131072 675855 539 516
0b000a01 0b000b01 10141 100 131072 675981 489 516
0b000c01 0b000d01 10141 100 131072 675981 518 516
0b000901 0b000a01 10144 100 131072 676027 489 516
0b000f01 0b000801 10143 100 131072 675541 1153 516
0b000f01 0b000801 10144 100 131072 675566 1128 516
0b000301 0b000401 10144 100 131072 676435 500 516
0b000c01 0b000501 10019 100 131072 659521 17396 10714
0b000001 0b000901 10019 100 131072 656363 20583 10714
0b000401 0b000501 10140 100 131072 676071 939 516
0b000101 0b000a01 10018 100 131072 653775 23240 10714
0b000e01 0b000701 10019 100 131072 662580 14396 10714
0b000801 0b000101 10018 100 131072 656411 20620 10714
0b000801 0b000901 10143 100 131072 676552 493 516
0b000901 0b000201 10020 100 131072 661945 15106 10714
0b000a01 0b000b01 10142 100 131072 676699 510 516
0b000b01 0b000c01 10141 100 131072 676470 756 516
0b000f01 0b000801 10145 100 131072 676795 513 516
0b000e01 0b000f01 10142 100 131072 676169 1164 516
0b000701 0b000801 10019 100 131072 659142 18247 10714
0b000001 0b000101 10141 100 131072 676229 1164 516
0b000401 0b000501 10141 100 131072 676221 1303 516
0b000601 0b000701 10143 100 131072 677057 489 516
0b000e01 0b000f01 10143 100 131072 676283 1264 516
0b000a01 0b000b01 10143 100 131072 677076 514 516
0b000001 0b000101 10142 100 131072 676343 1317 516
0b000d01 0b000601 10019 100 131072 659232 18545 10714
0b000b01 0b000c01 10142 100 131072 676634 1156 516
0b000901 0b000a01 10145 100 131072 677290 564 516
0b000401 0b000501 10142 100 131072 676420 1458 516
0b000101 0b000201 10140 100 131072 677385 497 516
0b000401 0b000501 10143 100 131072 676484 1469 516
0b000a01 0b000b01 10144 100 131072 677429 525 516
0b000e01 0b000f01 10145 100 131072 676597 1414 516
0b000501 0b000e01 10019 100 131072 660459 17581 10714
0b000e01 0b000f01 10144 100 131072 676634 1391 516
0b000501 0b000601 10143 100 131072 677607 509 516
0b000c01 0b000d01 10142 100 131072 677089 984 516
0b000401 0b000d01 10019 100 131072 663461 14689 10714
0b000401 0b000501 10144 100 131072 676918 1235 516
0b000c01 0b000d01 10143 100 131072 677123 1000 516
0b000801 0b000101 10019 100 131072 657527 20598 10714
0b000901 0b000a01 10146 100 131072 677566 577 516
0b000e01 0b000f01 10146 100 131072 677125 1039 516
0b000b01 0b000c01 10143 100 131072 676962 1275 516
0b000001 0b000101 10143 100 131072 676703 1643 516
0b000c01 0b000d01 10144 100 131072 677498 828 516
0b000b01 0b000c01 10144 100 131072 677117 1234 516
0b000401 0b000501 10145 100 131072 677706 697 516
0b000b01 0b000c01 10145 100 131072 677240 1175 516
0b000f01 0b000001 10019 100 131072 659537 18896 10714
0b000301 0b000401 10145 100 131072 677678 908 516
0b000b01 0b000401 10018 100 131072 663058 15690 10714
0b000801 0b000901 10144 100 131072 678266 660 516
0b000001 0b000101 10144 100 131072 677003 1824 516
0b000001 0b000101 10145 100 131072 677073 1779 516
0b000001 0b000101 10146 100 131072 677192 1735 516
0b000501 0b000601 10144 100 131072 678469 489 516
0b000a01 0b000b01 10145 100 131072 678441 510 516
0b000901 0b000a01 10147 100 131072 678601 508 516
0b000801 0b000901 10145 100 131072 678486 633 516
0b000101 0b000201 10141 100 131072 678511 502 516
0b000e01 0b000f01 10147 100 131072 678628 514 516
0b000201 0b000301 10145 100 131072 678461 589 516
0b000001 0b000901 10020 100 131072 662197 16935 10714
0b000701 0b000001 10146 100 131072 678702 514 516
0b000001 0b000101 10147 100 131072 677863 1387 516
0b000b01 0b000c01 10146 100 131072 678595 778 516
0b000301 0b000401 10146 100 131072 677872 1419 516
0b000a01 0b000b01 10146 100 131072 678934 489 516
0b000b01 0b000c01 10147 100 131072 678695 753 516
0b000e01 0b000701 10020 100 131072 665691 13790 10714
0b000201 0b000301 10146 100 131072 678757 582 516
0b000001 0b000101 10148 100 131072 678436 930 516
0b000101 0b000201 10142 100 131072 678900 489 516
0b000301 0b000401 10147 100 131072 677967 1499 516
0b000601 0b000701 10144 100 131072 679016 539 516
0b000401 0b000501 10146 100 131072 679016 557 516
0b000301 0b000401 10148 100 131072 678222 1408 516
0b000301 0b000401 10149 100 131072 678238 1392 516
0b000801 0b000901 10146 100 131072 679265 489 516
0b000401 0b000501 10147 100 131072 679331 538 516
0b000001 0b000101 10149 100 131072 679500 489 516
0b000601 0b000701 10145 100 131072 679329 665 516
0b000d01 0b000e01 10143 100 131072 678917 1189 516
0b000d01 0b000e01 10144 100 131072 678931 1189 516
0b000101 0b000201 10143 100 131072 679614 489 516
0b000b01 0b000c01 10148 100 131072 679714 511 516
0b000501 0b000e01 10020 100 131072 665301 14885 10714
0b000601 0b000701 10146 100 131072 679606 646 516
0b000d01 0b000e01 10145 100 131072 679170 1216 516
0b000401 0b000501 10148 100 131072 679945 507 516
0b000c01 0b000501 10020 100 131072 665741 14658 10714
0b000701 0b000001 10147 100 131072 679986 489 516
0b000101 0b000201 10144 100 131072 680041 489 516
0b000d01 0b000e01 10146 100 131072 679509 1002 516
0b000201 0b000301 10147 100 131072 680061 494 516
0b000a01 0b000301 10019 100 131072 657673 22857 10714
0b000a01 0b000b01 10147 100 131072 680025 506 516
0b000801 0b000901 10147 100 131072 679704 939 516
0b000801 0b000901 10148 100 131072 679704 964 516
0b000b01 0b000c01 10149 100 131072 680219 489 516
0b000501 0b000601 10145 100 131072 679927 789 516
0b000901 0b000a01 10148 100 131072 679956 776 516
0b000c01 0b000d01 10145 100 131072 680236 514 516
0b000301 0b000c01 10018 100 131072 662152 18685 10714
0b000901 0b000a01 10149 100 131072 680055 777 516
0b000501 0b000601 10146 100 131072 680020 867 516
0b000f01 0b000801 10146 100 131072 680343 639 516
0b000101 0b000201 10145 100 131072 680403 591 516
0b000701 0b000001 10148 100 131072 680556 506 516
0b000b01 0b000c01 10150 100 131072 680600 514 516
0b000101 0b000201 10146 100 131072 680670 588 516
0b000601 0b000701 10147 100 131072 680787 493 516
0b000801 0b000901 10149 100 131072 680318 953 516
0b000801 0b000901 10150 100 131072 680399 897 516
0b000f01 0b000801 10147 100 131072 680557 743 516
0b000c01 0b000d01 10146 100 131072 680800 514 516
0b000501 0b000601 10147 100 131072 680534 835 516
0b000701 0b000801 10020 100 131072 662722 18698 10714
0b000a01 0b000b01 10148 100 131072 680864 564 516
0b000601 0b000f01 10019 100 131072 661118 20361 10714
0b000b01 0b000c01 10151 100 131072 680964 514 516
0b000e01 0b000f01 10148 100 131072 681050 508 516
0b000401 0b000d01 10020 100 131072 666301 15489 10714
0b000101 0b000201 10147 100 131072 681135 658 516
0b000a01 0b000b01 10149 100 131072 681153 564 516
0b000801 0b000101 10020 100 131072 662451 19520 10714
0b000001 0b000101 10150 100 131072 681443 506 516
0b000101 0b000a01 10019 100 131072 658614 23337 10714
0b000501 0b000601 10148 100 131072 680888 1108 516
0b000f01 0b000801 10148 100 131072 681021 1189 516
0b000101 0b000201 10148 100 131072 681356 682 516
0b000f01 0b000801 10149 100 131072 681035 1189 516
0b000c01 0b000d01 10147 100 131072 681247 986 516
0b000501 0b000601 10149 100 131072 680963 1108 516
0b000f01 0b000801 10150 100 131072 681174 1114 516
0b000501 0b000601 10150 100 131072 681413 847 516
0b000401 0b000501 10149 100 131072 681596 689 516
0b000d01 0b000e01 10147 100 131072 681083 1364 516
0b000c01 0b000d01 10148 100 131072 681361 1086 516
0b000601 0b000701 10148 100 131072 681968 489 516
0b000c01 0b000d01 10149 100 131072 681425 1061 516
0b000401 0b000501 10150 100 131072 681758 741 516
0b000201 0b000301 10148 100 131072 682023 515 516
0b000d01 0b000e01 10149 100 131072 681133 1425 516
0b000d01 0b000e01 10148 100 131072 681160 1448 516
0b000a01 0b000b01 10150 100 131072 682119 492 516
0b000f01 0b000801 10151 100 131072 682152 500 516
0b000d01 0b000e01 10150 100 131072 681336 1347 516
0b000001 0b000101 10151 100 131072 682226 515 516
0b000d01 0b000601 10020 100 131072 665677 17038 10714
0b000901 0b000a01 10150 100 131072 681936 839 516
0b000301 0b000401 10150 100 131072 682349 489 516
0b000b01 0b000c01 10152 100 131072 682433 500 516
0b000201 0b000301 10149 100 131072 682399 514 516
0b000401 0b000501 10151 100 131072 682301 632 516
0b000101 0b000201 10149 100 131072 681837 1165 516
0b000101 0b000201 10150 100 131072 681862 1154 516
0b000c01 0b000d01 10150 100 131072 682383 789 516
0b000501 0b000601 10151 100 131072 682583 505 516
0b000f01 0b000001 10020 100 131072 664529 18682 10714
0b000c01 0b000d01 10151 100 131072 682458 778 516
0b000901 0b000a01 10151 100 131072 682129 1135 516
0b000901 0b000a01 10152 100 131072 682142 1136 516
0b000701 0b000001 10149 100 131072 682491 864 516
0b000701 0b000001 10150 100 131072 682565 904 516
0b000901 0b000a01 10153 100 131072 682764 753 516
0b000101 0b000201 10151 100 131072 682260 1253 516
0b000401 0b000501 10152 100 131072 682640 894 516
0b000401 0b000501 10153 100 131072 682640 919 516
0b000a01 0b000301 10020 100 131072 661336 22312 10714
0b000201 0b000301 10150 100 131072 683113 506 516
0b000101 0b000201 10152 100 131072 682376 1284 516
0b000701 0b000001 10151 100 131072 683004 706 516
0b000c01 0b000d01 10152 100 131072 683235 506 516
0b000101 0b000201 10153 100 131072 682999 836 516
0b000001 0b000101 10152 100 131072 683485 489 516
0b000b01 0b000c01 10153 100 131072 683541 526 516
0b000201 0b000301 10151 100 131072 683540 500 516
0b000901 0b000a01 10154 100 131072 683678 489 516
0b000a01 0b000b01 10151 100 131072 683742 489 516
0b000501 0b000601 10153 100 131072 683409 792 516
0b000e01 0b000f01 10149 100 131072 683130 1164 516
0b000501 0b000601 10152 100 131072 683462 814 516
0b000601 0b000f01 10020 100 131072 664772 19550 10714
0b000c01 0b000d01 10153 100 131072 683718 731 516
0b000e01 0b000f01 10150 100 131072 683196 1278 516
0b000301 0b000401 10152 100 131072 683540 864 516
0b000301 0b000401 10151 100 131072 683565 839 516
0b000601 0b000701 10149 100 131072 683726 689 516
0b000c01 0b000d01 10154 100 131072 683847 727 516
0b000201 0b000301 10152 100 131072 684004 489 516
0b000001 0b000101 10153 100 131072 684072 493 516
0b000601 0b000701 10150 100 131072 683897 768 516
0b000f01 0b000001 10021 100 131072 667279 17390 10714
0b000101 0b000a01 10020 100 131072 662243 22462 10714
0b000e01 0b000f01 10151 100 131072 683396 1303 516
0b000e01 0b000f01 10152 100 131072 683521 1203 516
0b000701 0b000001 10152 100 131072 684290 514 516
0b000d01 0b000e01 10151 100 131072 684324 489 516
0b000601 0b000701 10151 100 131072 684379 564 516
0b000801 0b000901 10151 100 131072 684310 754 516
0b000901 0b000a01 10155 100 131072 684281 855 516
0b000901 0b000a01 10156 100 131072 684306 830 516
0b000801 0b000901 10152 100 131072 684430 734 516
0b000b01 0b000c01 10154 100 131072 684727 509 516
0b000201 0b000301 10153 100 131072 684803 631 516
0b000f01 0b000801 10152 100 131072 684489 764 516
0b000d01 0b000e01 10152 100 131072 684800 489 516
0b000701 0b000801 10021 100 131072 671495 14069 10714
0b000f01 0b000801 10153 100 131072 684568 777 516
0b000a01 0b000b01 10152 100 131072 684961 489 516
0b000801 0b000101 10021 100 131072 670003 15448 10714
0b000e01 0b000701 10021 100 131072 675056 10651 10714
0b000201 0b000301 10154 100 131072 685048 636 516
0b000401 0b000d01 10021 100 131072 673419 12377 10714
0b000101 0b000201 10155 100 131072 684959 839 516
0b000101 0b000201 10154 100 131072 684981 831 516
0b000501 0b000601 10154 100 131072 685295 678 516
0b000701 0b000001 10153 100 131072 685467 514 516
0b000301 0b000401 10153 100 131072 685548 500 516
0b000601 0b000701 10152 100 131072 685006 1053 516
0b000b01 0b000c01 10155 100 131072 685621 514 516
0b000501 0b000e01 10021 100 131072 675667 10549 10714
0b000601 0b000701 10153 100 131072 685081 1142 516
0b000a01 0b000b01 10153 100 131072 685785 489 516
0b000d01 0b000601 10021 100 131072 672800 13490 10714
0b000501 0b000601 10155 100 131072 685509 739 516
0b000d01 0b000e01 10153 100 131072 685457 836 516
0b000e01 0b000f01 10153 100 131072 685457 878 516
0b000d01 0b000e01 10154 100 131072 685496 847 516
0b000401 0b000501 10154 100 131072 685848 514 516
0b000c01 0b000d01 10155 100 131072 685943 492 516
0b000301 0b000401 10154 100 131072 685923 514 516
0b000601 0b000701 10154 100 131072 685270 1178 516
0b000801 0b000901 10153 100 131072 685220 1364 516
0b000801 0b000901 10154 100 131072 685234 1364 516
0b000301 0b000c01 10019 100 131072 667549 18956 10714
0b000501 0b000601 10156 100 131072 685943 569 516
0b000e01 0b000f01 10154 100 131072 685618 1042 516
0b000801 0b000901 10155 100 131072 685298 1364 516
0b000e01 0b000f01 10155 100 131072 685693 992 516
0b000601 0b000701 10155 100 131072 685725 862 516
0b000c01 0b000501 10021 100 131072 676006 10787 10714
0b000801 0b000901 10156 100 131072 685662 1139 516
0b000d01 0b000e01 10155 100 131072 686182 842 516
0b000001 0b000101 10154 100 131072 686221 764 516
0b000201 0b000301 10155 100 131072 686012 996 516
0b000d01 0b000e01 10156 100 131072 686246 892 516
0b000201 0b000301 10156 100 131072 686026 1007 516
0b000301 0b000401 10155 100 131072 686658 507 516
0b000001 0b000101 10155 100 131072 686365 894 516
0b000a01 0b000b01 10154 100 131072 686274 1092 516
0b000501 0b000601 10157 100 131072 686544 842 516
0b000a01 0b000b01 10155 100 131072 686288 1103 516
0b000501 0b000601 10158 100 131072 686569 842 516
0b000d01 0b000e01 10157 100 131072 686751 676 516
0b000001 0b000101 10156 100 131072 686720 718 516
0b000101 0b000201 10156 100 131072 686984 495 516
0b000201 0b000301 10157 100 131072 686523 1006 516
0b000c01 0b000d01 10156 100 131072 687077 514 516
0b000301 0b000401 10156 100 131072 687050 493 516
0b000a01 0b000b01 10156 100 131072 686527 1114 516
0b000201 0b000301 10158 100 131072 686670 933 516
0b000b01 0b000c01 10156 100 131072 687241 500 516
0b000a01 0b000b01 10157 100 131072 687177 703 516
0b000301 0b000401 10157 100 131072 687503 511 516
0b000601 0b000701 10156 100 131072 687211 803 516
0b000701 0b000001 10154 100 131072 687425 629 516
0b000601 0b000701 10157 100 131072 687286 778 516
0b000101 0b000201 10157 100 131072 687575 504 516
0b000401 0b000501 10155 100 131072 687414 839 516
0b000401 0b000501 10156 100 131072 687414 853 516
0b000d01 0b000e01 10158 100 131072 687459 739 516
0b000a01 0b000b01 10158 100 131072 687715 504 516
0b000f01 0b000801 10154 100 131072 687332 891 516
0b000d01 0b000e01 10159 100 131072 687584 728 516
0b000e01 0b000f01 10156 100 131072 687823 498 516
0b000001 0b000101 10157 100 131072 687679 735 516
0b000701 0b000001 10155 100 131072 687675 803 516
0b000001 0b000101 10158 100 131072 687814 739 516
0b000901 0b000201 10021 100 131072 677912 10621 10714
0b000701 0b000001 10156 100 131072 687953 689 516
0b000901 0b000a01 10157 100 131072 688174 514 516
0b000f01 0b000801 10155 100 131072 687484 1215 516
0b000c01 0b000d01 10157 100 131072 688246 514 516
0b000e01 0b000f01 10157 100 131072 688299 511 516
0b000f01 0b000801 10156 100 131072 687709 1204 516
0b000f01 0b000801 10157 100 131072 687734 1179 516
0b000101 0b000201 10158 100 131072 688461 497 516
0b000b01 0b000c01 10157 100 131072 688460 489 516
0b000a01 0b000b01 10159 100 131072 688146 839 516
0b000a01 0b000b01 10160 100 131072 688146 853 516
0b000801 0b000901 10157 100 131072 688263 939 516
0b000301 0b000401 10158 100 131072 688444 639 516
0b000d01 0b000e01 10160 100 131072 688806 495 516
0b000801 0b000901 10159 100 131072 688355 1011 516
0b000b01 0b000401 10019 100 131072 671524 17914 10714
0b000801 0b000901 10158 100 131072 688574 921 516
0b000701 0b000001 10157 100 131072 688717 516 516
0b000301 0b000401 10159 100 131072 688694 639 516
0b000601 0b000f01 10021 100 131072 670325 19069 10714
0b000001 0b000101 10159 100 131072 688991 490 516
0b000401 0b000501 10157 100 131072 689058 489 516
0b000701 0b000001 10158 100 131072 689069 514 516
0b000201 0b000301 10159 100 131072 688808 839 516
0b000201 0b000301 10160 100 131072 688822 839 516
0b000601 0b000701 10158 100 131072 688983 689 516
0b000b01 0b000c01 10158 100 131072 689284 506 516
0b000501 0b000601 10159 100 131072 689372 500 516
0b000301 0b000c01 10020 100 131072 670109 19878 10714
0b000f01 0b000801 10158 100 131072 689345 606 516
0b000c01 0b000d01 10158 100 131072 689515 489 516
0b000701 0b000001 10159 100 131072 689458 739 516
0b000501 0b000601 10160 100 131072 689803 497 516
0b000701 0b000001 10160 100 131072 689597 725 516
0b000101 0b000a01 10021 100 131072 670045 20328 10714
0b000e01 0b000f01 10158 100 131072 689226 1033 516
0b000f01 0b000001 10022 100 131072 679404 10929 10714
0b000a01 0b000301 10021 100 131072 670332 20074 10714
0b000601 0b000701 10159 100 131072 689258 1153 516
0b000601 0b000701 10160 100 131072 689300 1175 516
0b000e01 0b000f01 10159 100 131072 689303 1184 516
0b000e01 0b000f01 10160 100 131072 689353 1190 516
0b000f01 0b000801 10159 100 131072 689670 898 516
0b000f01 0b000801 10160 100 131072 689695 873 516
0b000801 0b000101 10022 100 131072 679190 11563 10714
0b000101 0b000201 10159 100 131072 689995 594 516
0b000601 0b000701 10161 100 131072 689522 1142 516
0b000401 0b000501 10158 100 131072 690175 493 516
0b000201 0b000301 10161 100 131072 690489 520 516
0b000301 0b000401 10160 100 131072 690018 1014 516
0b000301 0b000401 10161 100 131072 690043 1003 516
0b000401 0b000501 10159 100 131072 690553 493 516
0b000101 0b000201 10160 100 131072 690269 829 516
0b000901 0b000a01 10158 100 131072 689594 1439 516
0b000901 0b000a01 10159 100 131072 689608 1439 516
0b000101 0b000201 10161 100 131072 690448 766 516
0b000e01 0b000f01 10161 100 131072 690148 909 516
0b000d01 0b000e01 10161 100 131072 690601 500 516
0b000901 0b000a01 10160 100 131072 689672 1439 516
0b000e01 0b000f01 10162 100 131072 690437 734 516
0b000901 0b000a01 10161 100 131072 689811 1364 516
0b000c01 0b000d01 10159 100 131072 690751 500 516
0b000601 0b000701 10162 100 131072 690396 903 516
0b000601 0b000701 10163 100 131072 690421 878 516
0b000701 0b000801 10022 100 131072 678500 12800 10714
0b000401 0b000501 10160 100 131072 691024 511 516
0b000b01 0b000c01 10159 100 131072 690376 1289 516
0b000b01 0b000c01 10160 100 131072 690401 1278 516
0b000301 0b000401 10162 100 131072 690539 1021 516
0b000801 0b000901 10160 100 131072 691233 489 516
0b000301 0b000401 10163 100 131072 690613 986 516
0b000001 0b000101 10160 100 131072 691064 535 516
0b000701 0b000001 10161 100 131072 691024 814 516
0b000e01 0b000f01 10163 100 131072 691208 787 516
0b000701 0b000001 10162 100 131072 691074 814 516
0b000e01 0b000f01 10164 100 131072 691322 773 516
0b000b01 0b000c01 10161 100 131072 690651 1447 516
0b000a01 0b000b01 10161 100 131072 691698 495 516
0b000d01 0b000e01 10162 100 131072 691770 514 516
0b000201 0b000301 10162 100 131072 691543 506 516
0b000501 0b000601 10161 100 131072 691263 839 516
0b000501 0b000601 10162 100 131072 691277 839 516
0b000101 0b000201 10162 100 131072 691424 728 516
0b000001 0b000101 10161 100 131072 691488 700 516
0b000101 0b000201 10163 100 131072 691563 730 516
0b000f01 0b000801 10161 100 131072 691820 503 516
0b000001 0b000101 10162 100 131072 691652 689 516
0b000b01 0b000c01 10162 100 131072 690890 1444 516
0b000801 0b000901 10161 100 131072 691709 653 516
0b000201 0b000301 10163 100 131072 691968 489 516
0b000401 0b000501 10161 100 131072 692093 489 516
0b000c01 0b000d01 10160 100 131072 691959 498 516
0b000b01 0b000401 10020 100 131072 672742 19814 10714
0b000001 0b000101 10163 100 131072 692243 498 516
0b000b01 0b000c01 10163 100 131072 691229 1342 516
0b000801 0b000901 10162 100 131072 691923 656 516
0b000e01 0b000f01 10165 100 131072 692311 493 516
0b000f01 0b000801 10162 100 131072 692404 489 516
0b000101 0b000201 10164 100 131072 692491 489 516
0b000401 0b000501 10162 100 131072 692448 534 516
0b000b01 0b000c01 10164 100 131072 691995 1055 516
0b000b01 0b000c01 10165 100 131072 692009 1041 516
0b000501 0b000601 10163 100 131072 692557 500 516
0b000901 0b000a01 10162 100 131072 692212 849 516
0b000401 0b000d01 10022 100 131072 682476 10636 10714
0b000701 0b000001 10163 100 131072 692682 500 516
0b000901 0b000a01 10163 100 131072 692376 1010 516
0b000601 0b000701 10164 100 131072 692882 489 516
0b000901 0b000a01 10164 100 131072 692505 924 516
0b000c01 0b000d01 10161 100 131072 692800 664 516
0b000801 0b000901 10163 100 131072 692961 508 516
0b000301 0b000401 10164 100 131072 692657 839 516
0b000d01 0b000e01 10163 100 131072 693014 500 516
0b000301 0b000401 10165 100 131072 692671 839 516
0b000c01 0b000d01 10162 100 131072 692997 656 516
0b000a01 0b000b01 10162 100 131072 693383 489 516
0b000f01 0b000801 10163 100 131072 693269 634 516
0b000601 0b000701 10165 100 131072 693310 518 516
0b000201 0b000b01 10021 100 131072 680892 12969 10714
0b000301 0b000401 10166 100 131072 693416 508 516
0b000201 0b000301 10164 100 131072 693599 514 516
0b000f01 0b000801 10164 100 131072 693497 631 516
0b000501 0b000601 10164 100 131072 693678 514 516
0b000001 0b000101 10164 100 131072 693207 1014 516
0b000101 0b000201 10165 100 131072 693763 508 516
0b000001 0b000901 10021 100 131072 677799 16597 10714
0b000801 0b000901 10164 100 131072 693578 864 516
0b000801 0b000901 10165 100 131072 693578 864 516
0b000701 0b000001 10164 100 131072 693421 989 516
0b000e01 0b000f01 10166 100 131072 694111 525 516
0b000001 0b000101 10165 100 131072 693332 1103 516
0b000001 0b000101 10166 100 131072 693343 1092 516
0b000901 0b000201 10022 100 131072 683653 11116 10714
0b000d01 0b000e01 10164 100 131072 694261 514 516
0b000301 0b000401 10167 100 131072 694019 514 516
0b000f01 0b000801 10165 100 131072 694067 739 516
0b000801 0b000901 10166 100 131072 694310 521 516
0b000501 0b000601 10165 100 131072 694056 511 516
0b000701 0b000001 10165 100 131072 693485 1089 516
0b000001 0b000901 10022 100 131072 677986 16774 10714
0b000701 0b000001 10166 100 131072 693674 1114 516
0b000201 0b000301 10165 100 131072 694108 751 516
0b000f01 0b000801 10166 100 131072 694181 739 516
0b000401 0b000501 10163 100 131072 694042 939 516
0b000201 0b000301 10166 100 131072 694224 760 516
0b000401 0b000501 10164 100 131072 694056 939 516
0b000701 0b000001 10167 100 131072 694309 714 516
0b000a01 0b000b01 10163 100 131072 694057 1075 516
0b000101 0b000201 10166 100 131072 694609 514 516
0b000901 0b000a01 10165 100 131072 694732 489 516
0b000501 0b000e01 10022 100 131072 681163 14057 10714
0b000a01 0b000b01 10164 100 131072 694121 1114 516
0b000401 0b000501 10165 100 131072 694570 714 516
0b000a01 0b000b01 10165 100 131072 694185 1093 516
0b000001 0b000101 10167 100 131072 694848 489 516
0b000301 0b000401 10168 100 131072 695059 503 516
0b000c01 0b000d01 10163 100 131072 694675 992 516
0b000c01 0b000d01 10164 100 131072 694689 1003 516
0b000b01 0b000c01 10166 100 131072 695203 500 516
0b000f01 0b000801 10167 100 131072 695005 764 516
0b000e01 0b000f01 10167 100 131072 695294 498 516
0b000801 0b000901 10167 100 131072 695333 489 516
0b000f01 0b000801 10168 100 131072 695105 753 516
0b000901 0b000a01 10166 100 131072 695372 489 516
0b000d01 0b000e01 10165 100 131072 695467 511 516
0b000801 0b000101 10023 100 131072 683992 12063 10714
0b000c01 0b000d01 10165 100 131072 695108 959 516
0b000101 0b000201 10167 100 131072 695351 500 516
0b000701 0b000801 10023 100 131072 683262 12612 10714
0b000201 0b000301 10167 100 131072 695162 739 516
0b000301 0b000401 10169 100 131072 695467 499 516
0b000601 0b000701 10166 100 131072 695112 855 516
0b000601 0b000701 10167 100 131072 695126 841 516
0b000201 0b000301 10168 100 131072 695303 723 516
0b000401 0b000501 10166 100 131072 695566 501 516
0b000501 0b000601 10166 100 131072 695592 489 516
0b000101 0b000a01 10022 100 131072 677135 18968 10714
0b000101 0b000201 10168 100 131072 695751 489 516
0b000f01 0b000801 10169 100 131072 695814 489 516
0b000801 0b000901 10168 100 131072 695903 489 516
0b000201 0b000301 10169 100 131072 695990 489 516
0b000c01 0b000d01 10166 100 131072 695581 841 516
0b000501 0b000601 10167 100 131072 695992 489 516
0b000001 0b000101 10168 100 131072 696192 514 516
0b000d01 0b000e01 10166 100 131072 696122 509 516
0b000a01 0b000b01 10166 100 131072 696071 583 516
0b000701 0b000001 10168 100 131072 696381 489 516
0b000501 0b000e01 10023 100 131072 682879 14163 10714
0b000901 0b000a01 10167 100 131072 696479 506 516
0b000301 0b000c01 10021 100 131072 677057 20052 10714
0b000c01 0b000d01 10167 100 131072 696060 936 516
0b000c01 0b000d01 10168 100 131072 696060 936 516
0b000e01 0b000f01 10168 100 131072 696524 514 516
0b000701 0b000001 10169 100 131072 696838 514 516
0b000e01 0b000701 10022 100 131072 683116 14019 10714
0b000d01 0b000e01 10167 100 131072 696663 489 516
0b000a01 0b000301 10022 100 131072 676420 20744 10714
0b000a01 0b000b01 10167 100 131072 696396 875 516
0b000a01 0b000b01 10168 100 131072 696439 857 516
0b000401 0b000501 10167 100 131072 696506 992 516
0b000401 0b000501 10168 100 131072 696520 1003 516
0b000801 0b000901 10169 100 131072 696913 643 516
0b000601 0b000f01 10022 100 131072 678136 19472 10714
0b000b01 0b000c01 10168 100 131072 696871 839 516
0b000301 0b000401 10170 100 131072 697123 533 516
0b000b01 0b000c01 10167 100 131072 696882 842 516
0b000601 0b000701 10168 100 131072 697202 489 516
0b000801 0b000901 10170 100 131072 697138 658 516
0b000401 0b000501 10169 100 131072 696934 839 516
0b000201 0b000301 10170 100 131072 697281 500 516
0b000101 0b000201 10169 100 131072 697231 814 516
0b000601 0b000701 10169 100 131072 697577 514 516
0b000401 0b000501 10170 100 131072 697543 551 516
0b000f01 0b000801 10170 100 131072 697646 514 516
0b000001 0b000101 10169 100 131072 697420 825 516
0b000201 0b000301 10171 100 131072 697779 491 516
0b000e01 0b000f01 10169 100 131072 697785 489 516
0b000101 0b000201 10170 100 131072 697445 1014 516
0b000801 0b000901 10171 100 131072 697930 501 516
0b000101 0b000201 10171 100 131072 697445 1039 516
0b000301 0b000401 10171 100 131072 697869 739 516
0b000201 0b000301 10172 100 131072 698133 514 516
0b000e01 0b000f01 10170 100 131072 698230 489 516
0b000f01 0b000001 10023 100 131072 687304 11435 10714
0b000001 0b000101 10170 100 131072 697584 1138 516
0b000301 0b000401 10172 100 131072 697994 728 516
0b000a01 0b000b01 10169 100 131072 698231 525 516
0b000501 0b000601 10168 100 131072 697991 856 516
0b000501 0b000601 10169 100 131072 698005 842 516
0b000101 0b000201 10172 100 131072 698347 501 516
0b000b01 0b000c01 10169 100 131072 698142 746 516
0b000001 0b000101 10171 100 131072 697798 1114 516
0b000901 0b000a01 10169 100 131072 697406 1573 516
0b000b01 0b000c01 10170 100 131072 698245 776 516
0b000001 0b000101 10172 100 131072 698033 968 516
0b000401 0b000501 10171 100 131072 698572 514 516
0b000901 0b000a01 10168 100 131072 697452 1677 516
0b000901 0b000a01 10170 100 131072 697452 1702 516
0b000c01 0b000d01 10169 100 131072 698713 489 516
0b000f01 0b000801 10171 100 131072 698802 511 516
0b000201 0b000301 10173 100 131072 698861 504 516
0b000901 0b000a01 10172 100 131072 697770 1709 516
0b000a01 0b000b01 10170 100 131072 698871 630 516
0b000401 0b000501 10172 100 131072 698976 510 516
0b000e01 0b000f01 10171 100 131072 698988 514 516
0b000901 0b000a01 10171 100 131072 697841 1688 516
0b000501 0b000601 10170 100 131072 699077 489 516
0b000101 0b000201 10173 100 131072 699065 510 516
0b000601 0b000701 10170 100 131072 699091 511 516
0b000901 0b000201 10023 100 131072 688074 11633 10714
0b000301 0b000401 10173 100 131072 698911 778 516
0b000d01 0b000e01 10168 100 131072 698677 1064 516
0b000201 0b000301 10174 100 131072 699250 500 516
0b000a01 0b000b01 10171 100 131072 699113 638 516
0b000601 0b000f01 10023 100 131072 681126 18668 10714
0b000d01 0b000e01 10169 100 131072 698702 1064 516
0b000701 0b000001 10170 100 131072 698977 864 516
0b000701 0b000001 10171 100 131072 698977 864 516
0b000301 0b000401 10174 100 131072 699036 853 516
0b000601 0b000701 10171 100 131072 699491 489 516
0b000001 0b000901 10023 100 131072 686479 13583 10714
0b000101 0b000a01 10023 100 131072 681937 18170 10714
0b000301 0b000401 10175 100 131072 699489 639 516
0b000901 0b000a01 10173 100 131072 698832 1061 516
0b000a01 0b000301 10023 100 131072 679526 20392 10714
0b000801 0b000901 10172 100 131072 698779 1186 516
0b000901 0b000a01 10174 100 131072 699402 716 516
0b000d01 0b000e01 10170 100 131072 699077 1050 516
0b000e01 0b000f01 10172 100 131072 699641 528 516
0b000b01 0b000c01 10171 100 131072 699664 506 516
0b000801 0b000901 10173 100 131072 698868 1330 516
0b000801 0b000901 10174 100 131072 698884 1314 516
0b000301 0b000c01 10022 100 131072 682060 18167 10714
0b000801 0b000901 10175 100 131072 699313 1060 516
0b000001 0b000101 10173 100 131072 699880 490 516
0b000a01 0b000b01 10172 100 131072 699995 511 516
0b000d01 0b000601 10022 100 131072 683760 16777 10714
0b000d01 0b000e01 10171 100 131072 699432 1112 516
0b000f01 0b000801 10172 100 131072 700048 504 516
0b000c01 0b000d01 10170 100 131072 700119 512 516
0b000701 0b000001 10172 100 131072 700145 492 516
0b000301 0b000401 10176 100 131072 700174 489 516
0b000e01 0b000f01 10173 100 131072 700052 756 516
0b000001 0b000101 10174 100 131072 700362 514 516
0b000e01 0b000f01 10174 100 131072 700162 774 516
0b000d01 0b000e01 10172 100 131072 700006 989 516
0b000d01 0b000e01 10173 100 131072 700006 989 516
0b000f01 0b000801 10173 100 131072 700618 489 516
0b000b01 0b000c01 10172 100 131072 700281 839 516
0b000401 0b000501 10173 100 131072 700666 500 516
0b000b01 0b000c01 10173 100 131072 700306 839 516
0b000701 0b000001 10173 100 131072 700701 489 516
0b000901 0b000a01 10175 100 131072 700566 614 516
0b000301 0b000401 10177 100 131072 700791 514 516
0b000901 0b000a01 10176 100 131072 700806 614 516
0b000b01 0b000401 10021 100 131072 679480 22018 10714
0b000701 0b000801 10024 100 131072 689233 12307 10714
0b000c01 0b000d01 10171 100 131072 700720 839 516
0b000201 0b000301 10175 100 131072 701055 525 516
0b000c01 0b000d01 10172 100 131072 700734 839 516
0b000701 0b000001 10174 100 131072 701101 489 516
0b000801 0b000901 10176 100 131072 701170 514 516
0b000501 0b000601 10171 100 131072 700508 1210 516
0b000f01 0b000801 10174 100 131072 701284 489 516
0b000501 0b000601 10172 100 131072 700533 1185 516
0b000101 0b000201 10174 100 131072 701255 489 516
0b000901 0b000a01 10177 100 131072 701441 489 516
0b000301 0b000401 10178 100 131072 701280 514 516
0b000e01 0b000701 10023 100 131072 685568 16431 10714
0b000501 0b000601 10173 100 131072 700783 1210 516
0b000501 0b000601 10174 100 131072 701104 1014 516
0b000301 0b000401 10179 100 131072 701657 512 516
0b000001 0b000101 10175 100 131072 701749 508 516
0b000f01 0b000801 10175 100 131072 701729 489 516
0b000401 0b000501 10174 100 131072 701618 753 516
0b000601 0b000701 10172 100 131072 701857 514 516
0b000b01 0b000c01 10174 100 131072 701766 523 516
0b000c01 0b000d01 10173 100 131072 701898 489 516
0b000401 0b000501 10175 100 131072 701732 739 516
0b000201 0b000301 10176 100 131072 701469 1027 516
0b000201 0b000301 10177 100 131072 701494 1027 516
0b000101 0b000201 10175 100 131072 701732 790 516
0b000501 0b000601 10175 100 131072 702096 489 516
0b000d01 0b000e01 10174 100 131072 702212 489 516
0b000301 0b000c01 10023 100 131072 686629 15988 10714
0b000801 0b000101 10024 100 131072 691923 10882 10714
0b000a01 0b000b01 10173 100 131072 701989 822 516
0b000201 0b000b01 10022 100 131072 684268 18413 10714
0b000201 0b000301 10178 100 131072 701858 838 516
0b000101 0b000201 10176 100 131072 701922 963 516
0b000601 0b000f01 10024 100 131072 686098 16812 10714
0b000101 0b000201 10177 100 131072 702011 965 516
0b000501 0b000601 10176 100 131072 702496 503 516
0b000a01 0b000301 10024 100 131072 683842 19194 10714
0b000f01 0b000801 10176 100 131072 702512 589 516
0b000601 0b000701 10173 100 131072 702576 489 516
0b000101 0b000a01 10024 100 131072 685751 17339 10714
0b000701 0b000001 10175 100 131072 702612 489 516
0b000b01 0b000c01 10175 100 131072 702511 617 516
0b000b01 0b000401 10022 100 131072 681961 21199 10714
0b000201 0b000301 10179 100 131072 702585 725 516
0b000c01 0b000501 10022 100 131072 684124 19185 10714
0b000401 0b000501 10176 100 131072 702699 686 516
0b000a01 0b000b01 10174 100 131072 702139 1183 516
0b000201 0b000301 10180 100 131072 702717 732 516
0b000b01 0b000c01 10176 100 131072 702761 631 516
0b000301 0b000401 10180 100 131072 702760 703 516
0b000f01 0b000801 10177 100 131072 702804 622 516
0b000701 0b000001 10176 100 131072 702990 511 516
0b000401 0b000501 10177 100 131072 702899 664 516
0b000e01 0b000f01 10175 100 131072 702751 839 516
0b000301 0b000401 10181 100 131072 702928 685 516
0b000e01 0b000f01 10176 100 131072 702776 839 516
0b000001 0b000101 10176 100 131072 702851 839 516
0b000001 0b000101 10177 100 131072 702851 853 516
0b000f01 0b000801 10178 100 131072 703179 575 516
0b000601 0b000701 10174 100 131072 703547 489 516
0b000c01 0b000d01 10174 100 131072 703180 811 516
0b000c01 0b000501 10023 100 131072 684488 19549 10714
0b000001 0b000101 10178 100 131072 703647 489 516
0b000c01 0b000d01 10175 100 131072 703237 804 516
0b000401 0b000501 10178 100 131072 703673 489 516
0b000e01 0b000f01 10177 100 131072 703554 512 516
0b000801 0b000901 10177 100 131072 703562 531 516
0b000d01 0b000e01 10175 100 131072 703641 489 516
0b000a01 0b000b01 10175 100 131072 702489 1722 516
0b000901 0b000a01 10178 100 131072 703072 1145 516
0b000a01 0b000b01 10176 100 131072 702539 1697 516
0b000101 0b000201 10178 100 131072 703886 514 516
0b000d01 0b000601 10023 100 131072 685243 19140 10714
0b000e01 0b000701 10024 100 131072 690034 14357 10714
0b000e01 0b000f01 10178 100 131072 704005 502 516
0b000f01 0b000801 10179 100 131072 703818 714 516
0b000901 0b000a01 10179 100 131072 703208 1376 516
0b000001 0b000101 10179 100 131072 704200 489 516
0b000a01 0b000b01 10178 100 131072 702903 1706 516
0b000901 0b000a01 10180 100 131072 703208 1401 516
0b000501 0b000601 10177 100 131072 704176 514 516
0b000801 0b000901 10178 100 131072 704117 504 516
0b000f01 0b000801 10180 100 131072 703946 729 516
0b000901 0b000a01 10181 100 131072 703383 1292 516
0b000a01 0b000b01 10177 100 131072 703117 1656 516
0b000a01 0b000b01 10179 100 131072 703128 1659 516
0b000201 0b000b01 10023 100 131072 686845 18135 10714
0b000401 0b000d01 10023 100 131072 689447 15551 10714
0b000c01 0b000d01 10176 100 131072 704130 839 516
0b000401 0b000501 10179 100 131072 704315 689 516
0b000b01 0b000401 10023 100 131072 684438 20542 10714
0b000c01 0b000d01 10177 100 131072 704155 839 516
0b000a01 0b000b01 10180 100 131072 704190 836 516
0b000801 0b000901 10179 100 131072 704550 489 516
0b000201 0b000301 10181 100 131072 704754 489 516
0b000401 0b000501 10180 100 131072 704508 860 516
0b000d01 0b000e01 10176 100 131072 704569 855 516
0b000d01 0b000e01 10177 100 131072 704583 841 516
0b000701 0b000001 10177 100 131072 705009 494 516
0b000401 0b000501 10181 100 131072 704804 752 516
0b000801 0b000901 10180 100 131072 705228 489 516
0b000c01 0b000d01 10178 100 131072 705299 517 516
0b000101 0b000201 10179 100 131072 705267 490 516
0b000601 0b000701 10175 100 131072 704728 1092 516
0b000601 0b000701 10176 100 131072 704728 1103 516
0b000701 0b000801 10025 100 131072 694309 11545 10714
0b000501 0b000601 10178 100 131072 705381 500 516
0b000201 0b000301 10182 100 131072 705532 508 516
0b000901 0b000201 10024 100 131072 695589 10506 10714
0b000601 0b000701 10177 100 131072 705003 1092 516
0b000c01 0b000d01 10179 100 131072 705627 539 516
0b000e01 0b000f01 10179 100 131072 705711 509 516
0b000101 0b000201 10180 100 131072 705815 489 516
0b000f01 0b000801 10181 100 131072 705920 491 516
0b000b01 0b000c01 10178 100 131072 705691 734 516
0b000601 0b000701 10178 100 131072 705595 899 516
0b000a01 0b000b01 10181 100 131072 706100 494 516
0b000701 0b000001 10178 100 131072 706075 534 516
0b000b01 0b000c01 10177 100 131072 705821 817 516
0b000801 0b000901 10181 100 131072 706111 539 516
0b000601 0b000701 10179 100 131072 706009 685 516
0b000c01 0b000d01 10180 100 131072 706138 606 516
0b000401 0b000501 10182 100 131072 706170 561 516
0b000501 0b000e01 10024 100 131072 694545 12195 10714
0b000b01 0b000c01 10179 100 131072 706332 584 516
0b000c01 0b000d01 10181 100 131072 706402 589 516
0b000801 0b000901 10182 100 131072 706436 628 516
0b000301 0b000401 10182 100 131072 705506 1453 516
0b000301 0b000401 10183 100 131072 705531 1428 516
0b000001 0b000101 10180 100 131072 706511 489 516
0b000501 0b000601 10179 100 131072 706319 765 516
0b000f01 0b000801 10182 100 131072 706625 489 516
0b000501 0b000601 10180 100 131072 706395 789 516
0b000101 0b000201 10181 100 131072 706700 489 516
0b000f01 0b000001 10024 100 131072 691331 15911 10714
0b000a01 0b000301 10025 100 131072 694043 13201 10714
0b000301 0b000401 10184 100 131072 705706 1567 516
0b000801 0b000901 10183 100 131072 706764 587 516
0b000401 0b000501 10183 100 131072 706473 850 516
0b000401 0b000501 10184 100 131072 706623 775 516
0b000601 0b000f01 10025 100 131072 696067 11419 10714
0b000f01 0b000801 10183 100 131072 707076 503 516
0b000201 0b000b01 10024 100 131072 691089 16430 10714
0b000901 0b000a01 10182 100 131072 707103 499 516
0b000701 0b000001 10179 100 131072 707046 497 516
0b000e01 0b000f01 10180 100 131072 707140 511 516
0b000101 0b000201 10182 100 131072 707146 489 516
0b000a01 0b000b01 10182 100 131072 707227 504 516
0b000301 0b000401 10185 100 131072 706046 1639 516
0b000301 0b000401 10186 100 131072 706320 1465 516
0b000501 0b000601 10181 100 131072 707047 746 516
0b000d01 0b000e01 10178 100 131072 707001 814 516
0b000301 0b000401 10187 100 131072 706459 1376 516
0b000001 0b000901 10024 100 131072 692593 15300 10714
0b000501 0b000601 10182 100 131072 707172 735 516
0b000701 0b000001 10180 100 131072 707401 506 516
0b000d01 0b000e01 10179 100 131072 707051 803 516
0b000201 0b000301 10183 100 131072 707410 514 516
0b000601 0b000701 10180 100 131072 707393 539 516
0b000101 0b000201 10183 100 131072 707699 489 516
0b000901 0b000a01 10183 100 131072 707631 536 516
0b000d01 0b000601 10024 100 131072 689445 18784 10714
0b000601 0b000701 10181 100 131072 707700 564 516
0b000801 0b000901 10184 100 131072 707542 732 516
0b000801 0b000901 10185 100 131072 707685 714 516
0b000501 0b000601 10183 100 131072 708014 489 516
0b000401 0b000501 10185 100 131072 707990 513 516
0b000901 0b000a01 10184 100 131072 708049 495 516
0b000b01 0b000c01 10180 100 131072 707221 1423 516
0b000b01 0b000c01 10181 100 131072 707246 1423 516
0b000f01 0b000001 10025 100 131072 693553 15147 10714
0b000c01 0b000501 10024 100 131072 689145 19594 10714
0b000a01 0b000b01 10183 100 131072 707594 1180 516
0b000a01 0b000b01 10184 100 131072 707619 1155 516
0b000a01 0b000b01 10185 100 131072 707685 1142 516
0b000801 0b000101 10025 100 131072 697816 11017 10714
0b000d01 0b000e01 10181 100 131072 708004 855 516
0b000d01 0b000e01 10180 100 131072 708008 851 516
0b000001 0b000101 10181 100 131072 708513 503 516
0b000501 0b000601 10184 100 131072 708378 664 516
0b000501 0b000601 10185 100 131072 708566 665 516
0b000901 0b000a01 10185 100 131072 708727 512 516
0b000e01 0b000f01 10181 100 131072 708434 856 516
0b000201 0b000301 10184 100 131072 708767 533 516
0b000e01 0b000f01 10182 100 131072 708434 856 516
0b000d01 0b000e01 10182 100 131072 708826 514 516
0b000801 0b000901 10186 100 131072 708864 489 516
0b000701 0b000001 10181 100 131072 708841 589 516
0b000101 0b000a01 10025 100 131072 695198 14286 10714
0b000b01 0b000c01 10182 100 131072 707619 1941 516
0b000301 0b000401 10188 100 131072 709050 506 516
0b000d01 0b000e01 10183 100 131072 709176 509 516
0b000b01 0b000c01 10183 100 131072 707783 2002 516
0b000701 0b000001 10182 100 131072 709105 664 516
0b000b01 0b000c01 10184 100 131072 707797 2013 516
0b000201 0b000301 10185 100 131072 709105 690 516
0b000801 0b000901 10187 100 131072 709421 489 516
0b000b01 0b000c01 10185 100 131072 707990 1970 516
0b000b01 0b000c01 10186 100 131072 708036 1949 516
0b000201 0b000301 10186 100 131072 709314 670 516
0b000001 0b000901 10025 100 131072 694898 15152 10714
0b000b01 0b000401 10024 100 131072 698288 11785 10714
0b000001 0b000101 10182 100 131072 709619 500 516
0b000c01 0b000d01 10182 100 131072 709435 659 516
0b000501 0b000601 10186 100 131072 709741 528 516
0b000701 0b000001 10183 100 131072 709504 790 516
0b000e01 0b000f01 10183 100 131072 709750 501 516
0b000b01 0b000c01 10187 100 131072 709604 654 516
0b000401 0b000d01 10024 100 131072 692343 17957 10714
0b000c01 0b000d01 10183 100 131072 709648 653 516
0b000d01 0b000e01 10184 100 131072 710001 489 516
0b000701 0b000001 10184 100 131072 709704 740 516
0b000101 0b000201 10184 100 131072 710010 492 516
0b000901 0b000a01 10186 100 131072 710074 564 516
0b000501 0b000e01 10025 100 131072 698294 12452 10714
0b000901 0b000a01 10187 100 131072 710361 578 516
0b000301 0b000401 10189 100 131072 710254 516 516
0b000001 0b000101 10183 100 131072 710252 539 516
0b000401 0b000501 10186 100 131072 709969 839 516
0b000401 0b000501 10187 100 131072 709969 864 516
0b000601 0b000701 10182 100 131072 710094 789 516
0b000601 0b000701 10183 100 131072 710194 789 516
0b000801 0b000901 10188 100 131072 710589 507 516
0b000201 0b000301 10187 100 131072 710645 489 516
0b000a01 0b000b01 10186 100 131072 710612 516 516
0b000501 0b000601 10187 100 131072 710333 814 516
0b000001 0b000101 10184 100 131072 710553 614 516
0b000b01 0b000c01 10188 100 131072 710529 639 516
0b000f01 0b000801 10184 100 131072 710496 693 516
0b000501 0b000601 10188 100 131072 710408 814 516
0b000d01 0b000601 10025 100 131072 696474 14873 10714
0b000f01 0b000801 10185 100 131072 710661 688 516
0b000e01 0b000f01 10184 100 131072 710864 489 516
0b000301 0b000401 10190 100 131072 710934 513 516
0b000701 0b000001 10185 100 131072 710942 505 516
0b000b01 0b000c01 10189 100 131072 710741 661 516
0b000901 0b000a01 10188 100 131072 710903 499 516
0b000001 0b000101 10185 100 131072 710917 552 516
0b000a01 0b000b01 10187 100 131072 711177 507 516
0b000401 0b000501 10188 100 131072 710695 1018 516
0b000601 0b000701 10184 100 131072 710803 935 516
0b000401 0b000501 10189 100 131072 710795 1093 516
0b000401 0b000501 10190 100 131072 710845 1093 516
0b000601 0b000701 10185 100 131072 710917 1071 516
0b000901 0b000a01 10189 100 131072 711284 739 516
0b000501 0b000601 10189 100 131072 711513 637 516
0b000a01 0b000b01 10188 100 131072 711554 519 516
0b000001 0b000101 10186 100 131072 711710 508 516
0b000601 0b000701 10186 100 131072 711239 1100 516
0b000901 0b000a01 10190 100 131072 711409 728 516
0b000501 0b000601 10190 100 131072 711749 640 516
0b000c01 0b000d01 10184 100 131072 711654 855 516
0b000101 0b000201 10185 100 131072 711843 664 516
0b000c01 0b000d01 10185 100 131072 711679 844 516
0b000b01 0b000c01 10190 100 131072 711784 790 516
0b000601 0b000701 10187 100 131072 711513 1140 516
0b000101 0b000201 10186 100 131072 712026 670 516
0b000b01 0b000c01 10191 100 131072 711837 812 516
0b000301 0b000401 10191 100 131072 712310 506 516
0b000e01 0b000f01 10185 100 131072 711869 856 516
0b000e01 0b000f01 10186 100 131072 711869 856 516
0b000a01 0b000b01 10189 100 131072 712249 614 516
0b000901 0b000a01 10191 100 131072 712363 500 516
0b000601 0b000701 10188 100 131072 712052 1015 516
0b000401 0b000501 10191 100 131072 712566 514 516
0b000a01 0b000b01 10190 100 131072 712494 626 516
0b000f01 0b000801 10186 100 131072 712300 839 516
0b000f01 0b000801 10187 100 131072 712300 853 516
0b000601 0b000701 10189 100 131072 712241 890 516
0b000e01 0b000f01 10187 100 131072 712695 509 516
0b000401 0b000d01 10025 100 131072 694609 18620 10714
0b000001 0b000101 10187 100 131072 712779 500 516
0b000c01 0b000501 10025 100 131072 695344 18127 10714
0b000301 0b000401 10192 100 131072 712805 678 516
0b000901 0b000a01 10192 100 131072 712920 714 516
0b000401 0b000501 10192 100 131072 713083 511 516
0b000101 0b000201 10187 100 131072 713129 525 516
0b000301 0b000401 10193 100 131072 712994 668 516
0b000601 0b000701 10190 100 131072 713279 489 516
0b000901 0b000a01 10193 100 131072 713060 713 516
0b000001 0b000101 10188 100 131072 713304 489 516
0b000f01 0b000801 10188 100 131072 713261 514 516
0b000d01 0b000e01 10185 100 131072 713104 816 516
0b000201 0b000301 10188 100 131072 713512 514 516
0b000e01 0b000f01 10188 100 131072 713500 593 516
0b000a01 0b000b01 10191 100 131072 713648 539 516
0b000101 0b000201 10188 100 131072 713801 489 516
0b000401 0b000501 10193 100 131072 713780 514 516
0b000d01 0b000e01 10186 100 131072 713310 1010 516
0b000501 0b000601 10191 100 131072 713843 489 516
0b000d01 0b000e01 10187 100 131072 713311 1034 516
0b000e01 0b000f01 10189 100 131072 713756 597 516
0b000c01 0b000d01 10186 100 131072 712795 1614 516
0b000c01 0b000d01 10187 100 131072 712820 1603 516
0b000701 0b000001 10186 100 131072 713893 514 516
0b000a01 0b000b01 10192 100 131072 713949 552 516
0b000301 0b000401 10194 100 131072 714144 489 516
0b000101 0b000201 10189 100 131072 714177 555 516
0b000001 0b000101 10189 100 131072 714457 516 516
0b000c01 0b000d01 10188 100 131072 712970 1824 516
0b000c01 0b000d01 10189 100 131072 712995 1824 516
0b000f01 0b000801 10189 100 131072 714363 500 516
0b000801 0b000901 10189 100 131072 714199 689 516
0b000a01 0b000b01 10193 100 131072 714412 507 516
0b000601 0b000701 10191 100 131072 714232 766 516
0b000c01 0b000d01 10190 100 131072 713268 1776 516
0b000101 0b000201 10190 100 131072 714479 551 516
0b000801 0b000901 10190 100 131072 714359 693 516
0b000601 0b000701 10192 100 131072 714357 766 516
0b000b01 0b000401 10025 100 131072 703516 11653 10714
0b000b01 0b000c01 10192 100 131072 714694 514 516
0b000701 0b000001 10187 100 131072 714748 637 516
0b000c01 0b000d01 10191 100 131072 714178 1230 516
0b000c01 0b000d01 10192 100 131072 714412 1071 516
0b000b01 0b000c01 10193 100 131072 715083 500 516
0b000501 0b000601 10192 100 131072 714723 887 516
0b000101 0b000201 10191 100 131072 715228 489 516
0b000a01 0b000b01 10194 100 131072 715033 739 516
0b000701 0b000001 10188 100 131072 714998 751 516
0b000601 0b000701 10193 100 131072 715160 627 516
0b000a01 0b000b01 10195 100 131072 715147 739 516
0b000501 0b000601 10193 100 131072 714898 1028 516
0b000501 0b000601 10194 100 131072 714948 1003 516
0b000601 0b000701 10194 100 131072 715399 627 516
0b000601 0b000f01 10026 100 131072 701857 14272 10714
0b000c01 0b000d01 10193 100 131072 715584 514 516
0b000701 0b000001 10189 100 131072 715349 791 516
0b000201 0b000301 10189 100 131072 715517 664 516
0b000f01 0b000801 10190 100 131072 715735 489 516
0b000401 0b000501 10194 100 131072 715826 489 516
0b000d01 0b000e01 10188 100 131072 715519 839 516
0b000201 0b000301 10190 100 131072 715706 683 516
0b000d01 0b000e01 10189 100 131072 715533 839 516
0b000a01 0b000b01 10196 100 131072 715873 500 516
0b000701 0b000001 10190 100 131072 715663 891 516
0b000b01 0b000c01 10194 100 131072 715873 589 516
0b000301 0b000c01 10024 100 131072 702375 14367 10714
0b000101 0b000201 10192 100 131072 716289 500 516
0b000f01 0b000801 10191 100 131072 716214 510 516
0b000d01 0b000e01 10190 100 131072 716239 497 516
0b000b01 0b000c01 10195 100 131072 716130 614 516
0b000701 0b000001 10191 100 131072 716077 1016 516
0b000c01 0b000501 10026 100 131072 702031 14922 10714
0b000801 0b000901 10191 100 131072 716149 889 516
0b000801 0b000901 10192 100 131072 716163 889 516
0b000201 0b000301 10191 100 131072 716664 489 516
0b000701 0b000001 10192 100 131072 716141 1016 516
0b000401 0b000501 10195 100 131072 716493 677 516
0b000501 0b000601 10195 100 131072 716481 751 516
0b000501 0b000601 10196 100 131072 716604 730 516
0b000101 0b000a01 10026 100 131072 699716 17620 10714
0b000401 0b000501 10196 100 131072 716672 674 516
0b000a01 0b000b01 10197 100 131072 716644 728 516
0b000801 0b000901 10193 100 131072 716785 593 516
0b000701 0b000001 10193 100 131072 716778 664 516
0b000e01 0b000f01 10190 100 131072 716930 498 516
0b000a01 0b000b01 10198 100 131072 716783 714 516
0b000f01 0b000801 10192 100 131072 717103 602 516
0b000b01 0b000c01 10196 100 131072 717197 539 516
0b000201 0b000301 10192 100 131072 717300 489 516
0b000501 0b000601 10197 100 131072 717304 514 516
0b000601 0b000701 10195 100 131072 717342 489 516
0b000001 0b000101 10190 100 131072 717417 489 516
0b000f01 0b000801 10193 100 131072 717363 617 516
0b000701 0b000801 10026 100 131072 705381 12698 10714
0b000b01 0b000c01 10197 100 131072 717511 539 516
0b000401 0b000501 10197 100 131072 717643 489 516
0b000801 0b000101 10026 100 131072 702323 15816 10714
0b000201 0b000301 10193 100 131072 717742 566 516
0b000e01 0b000f01 10191 100 131072 717330 864 516
0b000e01 0b000f01 10192 100 131072 717355 839 516
0b000a01 0b000301 10026 100 131072 702164 16204 10714
0b000801 0b000901 10194 100 131072 717873 500 516
0b000101 0b000201 10193 100 131072 717983 512 516
0b000b01 0b000c01 10198 100 131072 717929 489 516
0b000d01 0b000e01 10191 100 131072 717419 1124 516
0b000d01 0b000e01 10192 100 131072 717433 1135 516
0b000901 0b000a01 10194 100 131072 717898 689 516
0b000201 0b000301 10194 100 131072 718040 555 516
0b000401 0b000501 10198 100 131072 718179 489 516
0b000c01 0b000d01 10194 100 131072 718218 504 516
0b000701 0b000001 10194 100 131072 718008 787 516
0b000901 0b000a01 10195 100 131072 718062 689 516
0b000901 0b000201 10025 100 131072 702975 15781 10714
0b000701 0b000001 10195 100 131072 718133 762 516
0b000001 0b000101 10191 100 131072 718395 502 516
0b000c01 0b000d01 10195 100 131072 718593 514 516
0b000201 0b000301 10195 100 131072 718727 489 516
0b000601 0b000701 10196 100 131072 718620 602 516
0b000b01 0b000c01 10199 100 131072 718782 489 516
0b000001 0b000101 10192 100 131072 718759 513 516
0b000d01 0b000e01 10193 100 131072 717804 1482 516
0b000701 0b000001 10196 100 131072 718797 637 516
0b000001 0b000101 10193 100 131072 719150 489 516
0b000701 0b000001 10197 100 131072 719036 623 516
0b000d01 0b000e01 10194 100 131072 718054 1568 516
0b000f01 0b000801 10194 100 131072 719139 504 516
0b000e01 0b000701 10025 100 131072 703137 16558 10714
0b000801 0b000901 10195 100 131072 719234 489 516
0b000501 0b000601 10198 100 131072 719325 489 516
0b000601 0b000701 10197 100 131072 718936 887 516
0b000301 0b000401 10195 100 131072 719191 639 516
0b000601 0b000701 10198 100 131072 718961 876 516
0b000b01 0b000c01 10200 100 131072 719383 489 516
0b000d01 0b000e01 10195 100 131072 718418 1504 516
0b000301 0b000401 10196 100 131072 719399 645 516
0b000d01 0b000e01 10196 100 131072 718493 1454 516
0b000c01 0b000d01 10196 100 131072 719472 639 516
0b000d01 0b000e01 10197 100 131072 719108 1003 516
0b000801 0b000901 10196 100 131072 719734 489 516
0b000e01 0b000f01 10193 100 131072 719368 1014 516
0b000e01 0b000f01 10194 100 131072 719382 1014 516
0b000001 0b000901 10026 100 131072 704600 16006 10714
0b000501 0b000601 10199 100 131072 719963 729 516
0b000901 0b000a01 10196 100 131072 720048 523 516
0b000e01 0b000f01 10195 100 131072 719746 842 516
0b000c01 0b000d01 10197 100 131072 719752 930 516
0b000c01 0b000d01 10198 100 131072 719754 953 516
0b000d01 0b000601 10026 100 131072 705397 15412 10714
0b000601 0b000701 10199 100 131072 720242 785 516
0b000a01 0b000b01 10199 100 131072 720346 511 516
0b000901 0b000a01 10197 100 131072 720388 527 516
0b000001 0b000101 10194 100 131072 720103 988 516
0b000f01 0b000801 10195 100 131072 720438 502 516
0b000501 0b000601 10200 100 131072 720180 926 516
0b000b01 0b000c01 10201 100 131072 720382 739 516
0b000301 0b000c01 10025 100 131072 704590 16568 10714
0b000c01 0b000d01 10199 100 131072 720746 489 516
0b000b01 0b000c01 10202 100 131072 720507 728 516
0b000101 0b000a01 10027 100 131072 703380 17802 10714
0b000001 0b000101 10195 100 131072 720167 1024 516
0b000501 0b000601 10201 100 131072 720356 839 516
0b000601 0b000701 10200 100 131072 720344 898 516
0b000301 0b000401 10197 100 131072 720799 489 516
0b000001 0b000101 10196 100 131072 720452 889 516
0b000501 0b000e01 10026 100 131072 705481 15865 10714
0b000801 0b000901 10197 100 131072 720715 664 516
0b000801 0b000101 10027 100 131072 704783 16632 10714
0b000601 0b000701 10201 100 131072 720828 639 516
0b000101 0b000201 10194 100 131072 720916 614 516
0b000501 0b000601 10202 100 131072 721142 489 516
0b000101 0b000201 10195 100 131072 721149 631 516
0b000801 0b000901 10198 100 131072 720990 889 516
0b000901 0b000a01 10198 100 131072 721383 499 516
0b000c01 0b000d01 10200 100 131072 721428 504 516
0b000801 0b000901 10199 100 131072 721089 865 516
0b000201 0b000301 10196 100 131072 721505 627 516
0b000f01 0b000801 10196 100 131072 721204 839 516
0b000601 0b000f01 10027 100 131072 705128 17033 10714
0b000501 0b000601 10203 100 131072 721678 489 516
0b000f01 0b000801 10197 100 131072 721204 853 516
0b000e01 0b000f01 10196 100 131072 721553 504 516
0b000e01 0b000701 10026 100 131072 704005 18080 10714
0b000301 0b000401 10198 100 131072 721318 990 516
0b000d01 0b000e01 10198 100 131072 721732 489 516
0b000a01 0b000b01 10200 100 131072 721597 689 516
0b000101 0b000201 10196 100 131072 721907 498 516
0b000a01 0b000b01 10201 100 131072 721761 689 516
0b000201 0b000301 10197 100 131072 721766 641 516
0b000301 0b000401 10199 100 131072 721378 1093 516
0b000001 0b000101 10197 100 131072 721805 802 516
0b000901 0b000201 10026 100 131072 704694 17910 10714
0b000301 0b000401 10200 100 131072 721605 1080 516
0b000701 0b000001 10198 100 131072 722232 501 516
0b000001 0b000101 10198 100 131072 721905 844 516
0b000e01 0b000f01 10197 100 131072 722296 514 516
0b000101 0b000201 10197 100 131072 722282 501 516
0b000301 0b000401 10201 100 131072 722226 689 516
0b000a01 0b000301 10027 100 131072 704430 18716 10714
0b000801 0b000901 10200 100 131072 722653 494 516
0b000101 0b000201 10198 100 131072 722649 509 516
0b000901 0b000a01 10199 100 131072 722733 489 516
0b000001 0b000101 10199 100 131072 722444 811 516
0b000e01 0b000f01 10198 100 131072 722632 717 516
0b000001 0b000101 10200 100 131072 722669 725 516
0b000701 0b000001 10199 100 131072 722705 714 516
0b000401 0b000501 10199 100 131072 722840 639 516
0b000701 0b000001 10200 100 131072 722847 711 516
0b000a01 0b000301 10028 100 131072 704940 18572 10714
0b000401 0b000501 10200 100 131072 723054 639 516
0b000101 0b000a01 10028 100 131072 706714 16982 10714
0b000901 0b000a01 10200 100 131072 723233 489 516
0b000501 0b000e01 10027 100 131072 706573 17321 10714
0b000301 0b000c01 10026 100 131072 708253 15851 10714
0b000e01 0b000f01 10199 100 131072 722932 960 516
0b000e01 0b000f01 10200 100 131072 722957 960 516
0b000f01 0b000801 10198 100 131072 723392 658 516
0b000901 0b000a01 10201 100 131072 723616 534 516
0b000f01 0b000801 10199 100 131072 723598 652 516
0b000801 0b000101 10028 100 131072 710124 14205 10714
0b000001 0b000901 10027 100 131072 706111 18345 10714
0b000b01 0b000c01 10203 100 131072 723867 508 516
0b000601 0b000701 10202 100 131072 723702 860 516
0b000801 0b000901 10201 100 131072 723950 489 516
0b000701 0b000001 10201 100 131072 724037 654 516
0b000a01 0b000b01 10202 100 131072 723925 589 516
0b000d01 0b000e01 10199 100 131072 723692 851 516
0b000d01 0b000e01 10200 100 131072 723717 851 516
0b000a01 0b000b01 10203 100 131072 724192 586 516
0b000601 0b000701 10203 100 131072 723819 957 516
0b000401 0b000501 10201 100 131072 724298 489 516
0b000101 0b000201 10199 100 131072 724101 714 516
0b000e01 0b000f01 10201 100 131072 724356 489 516
0b000701 0b000001 10202 100 131072 724252 638 516
0b000c01 0b000d01 10201 100 131072 724168 764 516
0b000401 0b000d01 10026 100 131072 703138 21768 10714
0b000601 0b000701 10204 100 131072 724116 803 516
0b000c01 0b000d01 10202 100 131072 724245 797 516
0b000201 0b000301 10198 100 131072 724540 625 516
0b000101 0b000201 10200 100 131072 724351 928 516
0b000101 0b000201 10201 100 131072 724425 893 516
0b000a01 0b000b01 10204 100 131072 724892 497 516
0b000201 0b000301 10199 100 131072 724790 627 516
0b000d01 0b000e01 10201 100 131072 724942 489 516
0b000801 0b000901 10202 100 131072 725053 514 516
0b000701 0b000001 10203 100 131072 725095 507 516
0b000601 0b000701 10205 100 131072 725177 489 516
0b000901 0b000a01 10202 100 131072 724889 789 516
0b000b01 0b000401 10026 100 131072 711784 13943 10714
0b000301 0b000401 10202 100 131072 725142 623 516
0b000901 0b000a01 10203 100 131072 724964 778 516
0b000f01 0b000801 10201 100 131072 725067 739 516
0b000f01 0b000801 10200 100 131072 725171 749 516
0b000401 0b000501 10202 100 131072 725318 689 516
0b000301 0b000401 10203 100 131072 725417 612 516
0b000201 0b000301 10200 100 131072 725415 669 516
0b000401 0b000501 10203 100 131072 725481 690 516
0b000101 0b000201 10202 100 131072 725759 509 516
0b000f01 0b000801 10202 100 131072 725820 489 516
0b000201 0b000301 10201 100 131072 725614 667 516
0b000f01 0b000001 10026 100 131072 706600 20010 10714
0b000901 0b000a01 10204 100 131072 726157 489 516
0b000a01 0b000b01 10205 100 131072 726232 489 516
0b000601 0b000f01 10028 100 131072 708891 17682 10714
0b000301 0b000401 10204 100 131072 726156 489 516
0b000201 0b000301 10202 100 131072 726168 522 516
0b000401 0b000d01 10027 100 131072 705179 21549 10714
0b000c01 0b000501 10027 100 131072 709926 16901 10714
0b000001 0b000101 10201 100 131072 726429 500 516
0b000101 0b000201 10203 100 131072 726265 714 516
0b000301 0b000401 10205 100 131072 726522 489 516
0b000101 0b000201 10204 100 131072 726404 714 516
0b000a01 0b000b01 10206 100 131072 726706 489 516
0b000e01 0b000f01 10202 100 131072 726904 489 516
0b000f01 0b000801 10203 100 131072 726902 508 516
0b000d01 0b000601 10027 100 131072 707979 19432 10714
0b000a01 0b000b01 10207 100 131072 727160 514 516
0b000c01 0b000d01 10203 100 131072 727114 589 516
0b000801 0b000901 10203 100 131072 727260 489 516
0b000101 0b000201 10205 100 131072 727339 512 516
0b000701 0b000801 10027 100 131072 708830 19123 10714
0b000201 0b000b01 10025 100 131072 705895 22260 10714
0b000c01 0b000d01 10204 100 131072 727385 628 516
0b000701 0b000001 10204 100 131072 727572 654 516
0b000e01 0b000f01 10203 100 131072 727553 513 516
0b000b01 0b000c01 10204 100 131072 727788 489 516
0b000901 0b000a01 10206 100 131072 727449 839 516
0b000201 0b000301 10203 100 131072 727825 500 516
0b000901 0b000a01 10205 100 131072 727466 836 516
0b000f01 0b000801 10204 100 131072 727855 489 516
0b000001 0b000101 10202 100 131072 727701 674 516
0b000701 0b000001 10205 100 131072 727786 654 516
0b000f01 0b000001 10027 100 131072 707517 20969 10714
0b000101 0b000a01 10029 100 131072 716803 11714 10714
0b000001 0b000101 10203 100 131072 727900 654 516
0b000d01 0b000e01 10203 100 131072 727916 814 516
0b000d01 0b000e01 10202 100 131072 727942 827 516
0b000301 0b000401 10206 100 131072 728175 614 516
0b000201 0b000b01 10026 100 131072 705986 22897 10714
0b000d01 0b000601 10028 100 131072 709754 19319 10714
0b000301 0b000401 10207 100 131072 728427 626 516
0b000901 0b000a01 10207 100 131072 728577 503 516
0b000201 0b000301 10204 100 131072 728289 814 516
0b000001 0b000101 10204 100 131072 728612 503 516
0b000601 0b000f01 10029 100 131072 714157 14966 10714
0b000901 0b000201 10027 100 131072 709660 19544 10714
0b000201 0b000301 10205 100 131072 728328 814 516
0b000701 0b000001 10206 100 131072 728676 489 516
0b000a01 0b000b01 10208 100 131072 728752 489 516
0b000401 0b000501 10204 100 131072 728737 544 516
0b000801 0b000901 10204 100 131072 728930 489 516
0b000401 0b000501 10205 100 131072 729039 577 516
0b000501 0b000601 10204 100 131072 729181 489 516
0b000e01 0b000701 10027 100 131072 710825 18952 10714
0b000301 0b000401 10208 100 131072 729291 489 516
0b000801 0b000901 10205 100 131072 729319 514 516
0b000f01 0b000801 10205 100 131072 729583 489 516
0b000001 0b000101 10205 100 131072 729620 494 516
0b000b01 0b000401 10027 100 131072 714138 16005 10714
0b000401 0b000501 10206 100 131072 729655 507 516
0b000d01 0b000e01 10204 100 131072 729738 489 516
0b000c01 0b000501 10028 100 131072 712570 17741 10714
0b000501 0b000601 10205 100 131072 729837 489 516
0b000f01 0b000001 10028 100 131072 709230 21115 10714
0b000101 0b000201 10206 100 131072 729939 489 516
0b000e01 0b000701 10028 100 131072 712350 18179 10714
0b000401 0b000d01 10028 100 131072 710283 20291 10714
0b000701 0b000801 10028 100 131072 711274 19431 10714
0b000501 0b000e01 10028 100 131072 713818 16899 10714
0b000001 0b000901 10028 100 131072 712440 18454 10714
0b000f01 0b000801 10206 100 131072 730403 489 516
0b000601 0b000701 10206 100 131072 730421 489 516
0b000b01 0b000c01 10205 100 131072 730684 489 516
0b000d01 0b000e01 10205 100 131072 730713 489 516
0b000001 0b000901 10029 100 131072 713454 17829 10714
0b000301 0b000c01 10027 100 131072 717036 14729 10714
0b000801 0b000901 10206 100 131072 730963 513 516
0b000f01 0b000801 10207 100 131072 731076 503 516
0b000b01 0b000c01 10206 100 131072 731165 497 516
0b000d01 0b000601 10029 100 131072 717829 13868 10714
0b000a01 0b000b01 10209 100 131072 731312 489 516
0b000801 0b000901 10207 100 131072 731354 489 516
0b000c01 0b000501 10029 100 131072 715659 16317 10714
0b000501 0b000e01 10029 100 131072 716090 15923 10714
0b000901 0b000201 10028 100 131072 714106 17913 10714
0b000701 0b000801 10029 100 131072 713993 18170 10714
0b000001 0b000101 10206 100 131072 731450 825 516
0b000001 0b000101 10207 100 131072 731496 829 516
0b000b01 0b000c01 10207 100 131072 731893 489 516
0b000e01 0b000f01 10204 100 131072 731740 814 516
0b000e01 0b000f01 10205 100 131072 731779 814 516
0b000f01 0b000001 10029 100 131072 715735 17165 10714
0b000601 0b000701 10207 100 131072 732083 508 516
0b000401 0b000d01 10029 100 131072 714457 18143 10714
0b000101 0b000201 10207 100 131072 732125 489 516
0b000201 0b000301 10206 100 131072 732214 489 516
0b000501 0b000601 10206 100 131072 732291 514 516
0b000501 0b000601 10207 100 131072 732626 539 516
0b000701 0b000001 10207 100 131072 732787 489 516
0b000401 0b000501 10207 100 131072 732790 489 516
0b000101 0b000201 10208 100 131072 733124 506 516
0b000e01 0b000f01 10206 100 131072 733237 497 516
0b000401 0b000501 10208 100 131072 733153 493 516
0b000501 0b000601 10208 100 131072 733321 489 516
0b000601 0b000701 10208 100 131072 733336 503 516
0b000001 0b000101 10208 100 131072 733355 509 516
0b000201 0b000301 10207 100 131072 733438 489 516
0b000301 0b000c01 10028 100 131072 720163 13816 10714
0b000701 0b000001 10208 100 131072 733539 489 516
0b000201 0b000b01 10027 100 131072 710199 23865 10714
0b000a01 0b000301 10029 100 131072 723581 10490 10714
0b000d01 0b000e01 10206 100 131072 733584 493 516
0b000701 0b000001 10209 100 131072 733920 489 516
0b000801 0b000901 10208 100 131072 733715 489 516
0b000e01 0b000f01 10207 100 131072 733727 489 516
0b000901 0b000a01 10208 100 131072 733904 489 516
0b000901 0b000201 10029 100 131072 720062 14513 10714
0b000201 0b000b01 10028 100 131072 711198 23596 10714
0b000e01 0b000f01 10208 100 131072 734212 489 516
0b000e01 0b000701 10029 100 131072 721578 13159 10714
0b000b01 0b000401 10028 100 131072 718896 16025 10714
0b000901 0b000a01 10209 100 131072 734486 503 516
0b000801 0b000901 10209 100 131072 734589 489 516
0b000c01 0b000d01 10206 100 131072 734672 739 516
0b000201 0b000301 10208 100 131072 735029 506 516
0b000801 0b000101 10029 100 131072 725067 10394 10714
0b000c01 0b000d01 10205 100 131072 734775 750 516
0b000c01 0b000d01 10207 100 131072 735392 497 516
0b000101 0b000201 10209 100 131072 735335 489 516
0b000301 0b000401 10209 100 131072 735713 489 516
0b000601 0b000701 10209 100 131072 735815 489 516
0b000f01 0b000801 10208 100 131072 735564 814 516
0b000f01 0b000801 10209 100 131072 735603 814 516
0b000001 0b000101 10209 100 131072 736286 489 516
0b000201 0b000301 10209 100 131072 736640 489 516
0b000501 0b000601 10209 100 131072 736656 489 516
0b000201 0b000b01 10029 100 131072 719799 17698 10714
0b000c01 0b000d01 10208 100 131072 736989 510 516
0b000b01 0b000c01 10208 100 131072 737074 489 516
0b000b01 0b000401 10029 100 131072 725460 12622 10714
0b000b01 0b000c01 10209 100 131072 737804 489 516
0b000401 0b000501 10209 100 131072 737931 489 516
0b000d01 0b000e01 10207 100 131072 738421 814 516
0b000d01 0b000e01 10208 100 131072 738535 914 516
0b000d01 0b000e01 10209 100 131072 738899 739 516
0b000c01 0b000d01 10209 100 131072 740573 489 516
0b000301 0b000c01 10029 100 131072 731335 10372 10714
0b000e01 0b000f01 10209 100 131072 742245 489 516
0b000a01 0b000b01 10210 100 524288 1294001 10326 1614
0b000a01 0b000b01 10211 100 524288 1294001 10326 1614
0b000a01 0b000b01 10212 100 524288 1294001 10326 1614
0b000a01 0b000b01 10213 100 524288 1294001 10326 1614
0b000a01 0b000b01 10214 100 524288 1294001 10350 1614
0b000a01 0b000b01 10215 100 524288 1294001 10350 1614
0b000a01 0b000b01 10216 100 524288 1294001 10350 1614
0b000901 0b000a01 10210 100 524288 1294090 10289 1614
0b000901 0b000a01 10211 100 524288 1294090 10289 1614
0b000901 0b000a01 10212 100 524288 1294090 10314 1614
0b000901 0b000a01 10213 100 524288 1294090 10314 1614
0b000901 0b000a01 10214 100 524288 1294090 10314 1614
0b000901 0b000a01 10215 100 524288 1294090 10314 1614
0b000901 0b000a01 10216 100 524288 1294090 10339 1614
0b000801 0b000901 10210 100 524288 1295429 10292 1614
0b000801 0b000901 10211 100 524288 1295429 10292 1614
0b000801 0b000901 10212 100 524288 1295429 10317 1614
0b000801 0b000901 10213 100 524288 1295429 10317 1614
0b000801 0b000901 10214 100 524288 1295429 10317 1614
0b000801 0b000901 10215 100 524288 1295429 10317 1614
0b000701 0b000001 10210 100 524288 1295316 10316 1614
0b000701 0b000001 10211 100 524288 1295316 10316 1614
0b000701 0b000001 10212 100 524288 1295316 10316 1614
0b000701 0b000001 10213 100 524288 1295316 10341 1614
0b000701 0b000001 10214 100 524288 1295316 10341 1614
0b000701 0b000001 10215 100 524288 1295316 10341 1614
0b000701 0b000001 10216 100 524288 1295316 10341 1614
0b000801 0b000901 10216 100 524288 1295429 10342 1614
0b000001 0b000101 10210 100 524288 1295662 10300 1614
0b000001 0b000101 10211 100 524288 1295662 10300 1614
0b000001 0b000101 10212 100 524288 1295662 10300 1614
0b000001 0b000101 10213 100 524288 1295662 10300 1614
0b000001 0b000101 10214 100 524288 1295662 10325 1614
0b000001 0b000101 10215 100 524288 1295662 10325 1614
0b000001 0b000101 10216 100 524288 1295662 10325 1614
0b000101 0b000201 10210 100 524288 1295787 10304 1614
0b000101 0b000201 10211 100 524288 1295787 10304 1614
0b000101 0b000201 10212 100 524288 1295787 10304 1614
0b000101 0b000201 10213 100 524288 1295787 10304 1614
0b000101 0b000201 10214 100 524288 1295787 10329 1614
0b000101 0b000201 10215 100 524288 1295787 10329 1614
0b000101 0b000201 10216 100 524288 1295787 10329 1614
0b000201 0b000301 10210 100 524288 1296016 10300 1614
0b000201 0b000301 10211 100 524288 1296016 10300 1614
0b000201 0b000301 10212 100 524288 1296016 10300 1614
0b000201 0b000301 10213 100 524288 1296016 10300 1614
0b000201 0b000301 10214 100 524288 1296016 10325 1614
0b000201 0b000301 10215 100 524288 1296016 10325 1614
0b000201 0b000301 10216 100 524288 1296016 10325 1614
0b000301 0b000401 10210 100 524288 1296141 10291 1614
0b000301 0b000401 10211 100 524288 1296141 10291 1614
0b000301 0b000401 10212 100 524288 1296141 10316 1614
0b000301 0b000401 10213 100 524288 1296141 10316 1614
0b000601 0b000701 10210 100 524288 1296157 10300 1614
0b000301 0b000401 10214 100 524288 1296141 10316 1614
0b000601 0b000701 10211 100 524288 1296157 10300 1614
0b000301 0b000401 10215 100 524288 1296141 10316 1614
0b000601 0b000701 10212 100 524288 1296157 10300 1614
0b000601 0b000701 10213 100 524288 1296157 10300 1614
0b000301 0b000401 10216 100 524288 1296141 10341 1614
0b000601 0b000701 10214 100 524288 1296157 10325 1614
0b000601 0b000701 10215 100 524288 1296157 10325 1614
0b000601 0b000701 10216 100 524288 1296157 10325 1614
0b000b01 0b000c01 10210 100 524288 1297180 10309 1614
0b000b01 0b000c01 10211 100 524288 1297180 10309 1614
0b000b01 0b000c01 10212 100 524288 1297180 10334 1614
0b000b01 0b000c01 10213 100 524288 1297180 10334 1614
0b000b01 0b000c01 10214 100 524288 1297180 10334 1614
0b000b01 0b000c01 10215 100 524288 1297180 10334 1614
0b000b01 0b000c01 10216 100 524288 1297180 10359 1614
0b000401 0b000501 10210 100 524288 1297307 10300 1614
0b000401 0b000501 10211 100 524288 1297307 10300 1614
0b000401 0b000501 10212 100 524288 1297307 10300 1614
0b000401 0b000501 10213 100 524288 1297307 10300 1614
0b000401 0b000501 10214 100 524288 1297307 10325 1614
0b000401 0b000501 10215 100 524288 1297307 10325 1614
0b000401 0b000501 10216 100 524288 1297307 10325 1614
0b000501 0b000601 10210 100 524288 1297432 10281 1614
0b000501 0b000601 10211 100 524288 1297432 10287 1614
0b000501 0b000601 10212 100 524288 1297432 10293 1614
0b000501 0b000601 10213 100 524288 1297432 10299 1614
0b000501 0b000601 10214 100 524288 1297432 10305 1614
0b000501 0b000601 10215 100 524288 1297432 10311 1614
0b000501 0b000601 10216 100 524288 1297432 10317 1614
0b000d01 0b000e01 10210 100 524288 1300074 10320 1614
0b000d01 0b000e01 10211 100 524288 1300074 10320 1614
0b000d01 0b000e01 10212 100 524288 1300074 10320 1614
0b000d01 0b000e01 10213 100 524288 1300074 10345 1614
0b000d01 0b000e01 10214 100 524288 1300074 10345 1614
0b000d01 0b000e01 10215 100 524288 1300074 10345 1614
0b000d01 0b000e01 10216 100 524288 1300074 10345 1614
0b000c01 0b000d01 10216 100 524288 1300719 10753 1614
0b000c01 0b000d01 10215 100 524288 1300719 10753 1614
0b000c01 0b000d01 10214 100 524288 1300719 10753 1614
0b000c01 0b000d01 10213 100 524288 1300719 10753 1614
0b000c01 0b000d01 10212 100 524288 1300719 10778 1614
0b000c01 0b000d01 10211 100 524288 1300719 10778 1614
0b000c01 0b000d01 10210 100 524288 1300719 10778 1614
0b000e01 0b000f01 10210 100 524288 1301621 10300 1614
0b000e01 0b000f01 10211 100 524288 1301621 10300 1614
0b000e01 0b000f01 10212 100 524288 1301621 10300 1614
0b000e01 0b000f01 10213 100 524288 1301621 10300 1614
0b000e01 0b000f01 10214 100 524288 1301621 10325 1614
0b000e01 0b000f01 10215 100 524288 1301621 10325 1614
0b000e01 0b000f01 10216 100 524288 1301621 10325 1614
0b000f01 0b000801 10210 100 524288 1301746 10281 1614
0b000f01 0b000801 10211 100 524288 1301746 10287 1614
0b000f01 0b000801 10212 100 524288 1301746 10293 1614
0b000f01 0b000801 10213 100 524288 1301746 10299 1614
0b000f01 0b000801 10214 100 524288 1301746 10305 1614
0b000f01 0b000801 10215 100 524288 1301746 10311 1614
0b000f01 0b000801 10216 100 524288 1301746 10317 1614
0b000b01 0b000c01 10217 100 524288 1307337 8874 1614
0b000b01 0b000c01 10218 100 524288 1307337 8874 1614
0b000a01 0b000b01 10217 100 524288 1307389 8842 1614
0b000a01 0b000b01 10218 100 524288 1307389 8842 1614
0b000b01 0b000c01 10219 100 524288 1307337 8899 1614
0b000b01 0b000c01 10220 100 524288 1307361 8875 1614
0b000b01 0b000c01 10221 100 524288 1307361 8875 1614
0b000b01 0b000c01 10222 100 524288 1307361 8875 1614
0b000a01 0b000b01 10219 100 524288 1307414 8842 1614
0b000a01 0b000b01 10220 100 524288 1307414 8842 1614
0b000a01 0b000b01 10221 100 524288 1307414 8842 1614
0b000a01 0b000b01 10222 100 524288 1307439 8817 1614
0b000901 0b000a01 10217 100 524288 1308731 8837 1614
0b000001 0b000101 10217 100 524288 1308642 8875 1614
0b000001 0b000101 10218 100 524288 1308642 8875 1614
0b000001 0b000101 10219 100 524288 1308667 8850 1614
0b000001 0b000101 10220 100 524288 1308667 8850 1614
0b000901 0b000a01 10218 100 524288 1308756 8837 1614
0b000001 0b000101 10221 100 524288 1308667 8850 1614
0b000901 0b000a01 10219 100 524288 1308756 8837 1614
0b000901 0b000a01 10220 100 524288 1308756 8837 1614
0b000901 0b000a01 10221 100 524288 1308756 8837 1614
0b000901 0b000a01 10222 100 524288 1308781 8812 1614
0b000001 0b000101 10222 100 524288 1308667 8875 1614
0b000101 0b000201 10217 100 524288 1308972 8854 1614
0b000101 0b000201 10218 100 524288 1308972 8854 1614
0b000101 0b000201 10219 100 524288 1308972 8854 1614
0b000101 0b000201 10220 100 524288 1308997 8829 1614
0b000101 0b000201 10221 100 524288 1308997 8854 1614
0b000101 0b000201 10222 100 524288 1308997 8854 1614
0b000201 0b000301 10217 100 524288 1309101 8850 1614
0b000201 0b000301 10218 100 524288 1309101 8850 1614
0b000201 0b000301 10219 100 524288 1309101 8850 1614
0b000201 0b000301 10220 100 524288 1309126 8825 1614
0b000201 0b000301 10221 100 524288 1309126 8850 1614
0b000201 0b000301 10222 100 524288 1309126 8850 1614
0b000301 0b000401 10217 100 524288 1309326 8841 1614
0b000301 0b000401 10218 100 524288 1309326 8841 1614
0b000301 0b000401 10219 100 524288 1309326 8866 1614
0b000301 0b000401 10220 100 524288 1309351 8841 1614
0b000301 0b000401 10221 100 524288 1309351 8841 1614
0b000301 0b000401 10222 100 524288 1309351 8841 1614
0b000401 0b000501 10217 100 524288 1309442 8850 1614
0b000401 0b000501 10218 100 524288 1309442 8850 1614
0b000401 0b000501 10219 100 524288 1309467 8825 1614
0b000401 0b000501 10220 100 524288 1309467 8825 1614
0b000401 0b000501 10221 100 524288 1309467 8850 1614
0b000401 0b000501 10222 100 524288 1309492 8825 1614
0b000701 0b000001 10217 100 524288 1309467 8856 1614
0b000701 0b000001 10218 100 524288 1309467 8856 1614
0b000701 0b000001 10219 100 524288 1309467 8856 1614
0b000701 0b000001 10220 100 524288 1309492 8831 1614
0b000701 0b000001 10221 100 524288 1309492 8831 1614
0b000701 0b000001 10222 100 524288 1309492 8856 1614
0b000501 0b000601 10217 100 524288 1310617 8831 1614
0b000501 0b000601 10218 100 524288 1310617 8856 1614
0b000501 0b000601 10219 100 524288 1310617 8856 1614
0b000501 0b000601 10220 100 524288 1310617 8856 1614
0b000501 0b000601 10221 100 524288 1310642 8831 1614
0b000501 0b000601 10222 100 524288 1310642 8837 1614
0b000601 0b000701 10217 100 524288 1310723 8831 1614
0b000601 0b000701 10218 100 524288 1310729 8831 1614
0b000601 0b000701 10219 100 524288 1310735 8831 1614
0b000601 0b000701 10220 100 524288 1310741 8831 1614
0b000601 0b000701 10221 100 524288 1310747 8831 1614
0b000601 0b000701 10222 100 524288 1310753 8831 1614
0b000c01 0b000d01 10217 100 524288 1310499 9642 1614
0b000c01 0b000d01 10218 100 524288 1310499 9642 1614
0b000c01 0b000d01 10219 100 524288 1310524 9617 1614
0b000c01 0b000d01 10220 100 524288 1310524 9642 1614
0b000c01 0b000d01 10221 100 524288 1310524 9642 1614
0b000c01 0b000d01 10222 100 524288 1310549 9617 1614
0b000e01 0b000f01 10217 100 524288 1313404 8853 1614
0b000e01 0b000f01 10218 100 524288 1313404 8853 1614
0b000e01 0b000f01 10219 100 524288 1313404 8853 1614
0b000e01 0b000f01 10220 100 524288 1313429 8828 1614
0b000e01 0b000f01 10221 100 524288 1313429 8853 1614
0b000e01 0b000f01 10222 100 524288 1313429 8853 1614
0b000d01 0b000e01 10217 100 524288 1314482 8965 1614
0b000d01 0b000e01 10218 100 524288 1314482 8965 1614
0b000d01 0b000e01 10219 100 524288 1314482 8990 1614
0b000d01 0b000e01 10220 100 524288 1314507 8965 1614
0b000d01 0b000e01 10221 100 524288 1314507 8965 1614
0b000d01 0b000e01 10222 100 524288 1314507 8965 1614
0b000f01 0b000801 10217 100 524288 1314931 8837 1614
0b000f01 0b000801 10218 100 524288 1314931 8837 1614
0b000f01 0b000801 10219 100 524288 1314931 8862 1614
0b000f01 0b000801 10220 100 524288 1314956 8837 1614
0b000f01 0b000801 10221 100 524288 1314956 8837 1614
0b000f01 0b000801 10222 100 524288 1314956 8837 1614
0b000801 0b000101 10030 100 524288 1295429 28380 26534
0b000801 0b000901 10217 100 524288 1315043 8831 1614
0b000801 0b000901 10218 100 524288 1315049 8831 1614
0b000801 0b000901 10219 100 524288 1315055 8831 1614
0b000801 0b000901 10220 100 524288 1315061 8831 1614
0b000801 0b000901 10221 100 524288 1315067 8831 1614
0b000801 0b000901 10222 100 524288 1315073 8831 1614
0b000b01 0b000c01 10223 100 524288 1319241 7387 1614
0b000b01 0b000c01 10224 100 524288 1319241 7412 1614
0b000b01 0b000c01 10225 100 524288 1319266 7387 1614
0b000b01 0b000c01 10226 100 524288 1319266 7387 1614
0b000b01 0b000c01 10227 100 524288 1319266 7387 1614
0b000c01 0b000d01 10223 100 524288 1319221 7822 1614
0b000c01 0b000d01 10224 100 524288 1319221 7822 1614
0b000c01 0b000d01 10225 100 524288 1319246 7797 1614
0b000c01 0b000d01 10226 100 524288 1319246 7822 1614
0b000c01 0b000d01 10227 100 524288 1319246 7822 1614
0b000901 0b000201 10030 100 524288 1294090 33484 26534
0b000a01 0b000b01 10223 100 524288 1320578 7387 1614
0b000a01 0b000b01 10224 100 524288 1320603 7387 1614
0b000a01 0b000b01 10225 100 524288 1320603 7387 1614
0b000a01 0b000b01 10226 100 524288 1320603 7387 1614
0b000a01 0b000b01 10227 100 524288 1320603 7387 1614
0b000101 0b000201 10223 100 524288 1320527 7606 1614
0b000101 0b000201 10224 100 524288 1320527 7631 1614
0b000101 0b000201 10225 100 524288 1320527 7631 1614
0b000101 0b000201 10226 100 524288 1320527 7631 1614
0b000101 0b000201 10227 100 524288 1320552 7606 1614
0b000201 0b000301 10223 100 524288 1320836 7421 1614
0b000201 0b000301 10224 100 524288 1320836 7421 1614
0b000201 0b000301 10225 100 524288 1320836 7421 1614
0b000201 0b000301 10226 100 524288 1320861 7396 1614
0b000201 0b000301 10227 100 524288 1320861 7421 1614
0b000301 0b000401 10223 100 524288 1320961 7391 1614
0b000301 0b000401 10224 100 524288 1320961 7391 1614
0b000301 0b000401 10225 100 524288 1320961 7416 1614
0b000301 0b000401 10226 100 524288 1320986 7391 1614
0b000301 0b000401 10227 100 524288 1320986 7391 1614
0b000401 0b000501 10223 100 524288 1321177 7400 1614
0b000401 0b000501 10224 100 524288 1321177 7400 1614
0b000401 0b000501 10225 100 524288 1321202 7375 1614
0b000401 0b000501 10226 100 524288 1321202 7375 1614
0b000401 0b000501 10227 100 524288 1321202 7400 1614
0b000501 0b000601 10223 100 524288 1321302 7381 1614
0b000501 0b000601 10224 100 524288 1321302 7406 1614
0b000501 0b000601 10225 100 524288 1321302 7406 1614
0b000501 0b000601 10226 100 524288 1321302 7406 1614
0b000501 0b000601 10227 100 524288 1321327 7381 1614
0b000001 0b000101 10223 100 524288 1321333 7412 1614
0b000001 0b000101 10224 100 524288 1321333 7412 1614
0b000001 0b000101 10225 100 524288 1321333 7412 1614
0b000001 0b000101 10226 100 524288 1321333 7412 1614
0b000001 0b000101 10227 100 524288 1321358 7412 1614
0b000101 0b000201 10228 100 524288 1326819 2569 1614
0b000701 0b000801 10030 100 524288 1295316 34462 26534
0b000601 0b000701 10223 100 524288 1322458 7387 1614
0b000601 0b000701 10224 100 524288 1322483 7362 1614
0b000601 0b000701 10225 100 524288 1322483 7387 1614
0b000601 0b000701 10226 100 524288 1322483 7387 1614
0b000601 0b000701 10227 100 524288 1322483 7387 1614
0b000701 0b000001 10223 100 524288 1322570 7381 1614
0b000701 0b000001 10224 100 524288 1322576 7381 1614
0b000701 0b000001 10225 100 524288 1322582 7381 1614
0b000701 0b000001 10226 100 524288 1322588 7381 1614
0b000701 0b000001 10227 100 524288 1322594 7381 1614
0b000a01 0b000301 10030 100 524288 1294001 36043 26534
0b000601 0b000f01 10030 100 524288 1296157 34293 26534
0b000d01 0b000e01 10223 100 524288 1323151 7862 1614
0b000d01 0b000e01 10224 100 524288 1323151 7862 1614
0b000d01 0b000e01 10225 100 524288 1323151 7887 1614
0b000d01 0b000e01 10226 100 524288 1323176 7862 1614
0b000d01 0b000e01 10227 100 524288 1323176 7862 1614
0b000001 0b000901 10030 100 524288 1295662 36602 26534
0b000301 0b000c01 10030 100 524288 1296141 36431 26534
0b000101 0b000a01 10030 100 524288 1295787 36934 26534
0b000f01 0b000801 10223 100 524288 1325267 7390 1614
0b000f01 0b000801 10224 100 524288 1325267 7415 1614
0b000f01 0b000801 10225 100 524288 1325267 7415 1614
0b000f01 0b000801 10226 100 524288 1325292 7390 1614
0b000f01 0b000801 10227 100 524288 1325292 7390 1614
0b000201 0b000b01 10030 100 524288 1296016 37939 26534
0b000e01 0b000f01 10223 100 524288 1326457 7416 1614
0b000e01 0b000f01 10224 100 524288 1326482 7391 1614
0b000e01 0b000f01 10225 100 524288 1326482 7391 1614
0b000e01 0b000f01 10226 100 524288 1326482 7391 1614
0b000e01 0b000f01 10227 100 524288 1326482 7416 1614
0b000501 0b000e01 10030 100 524288 1297432 36951 26534
0b000901 0b000a01 10223 100 524288 1326890 7388 1614
0b000901 0b000a01 10224 100 524288 1326896 7382 1614
0b000901 0b000a01 10225 100 524288 1326902 7401 1614
0b000901 0b000a01 10226 100 524288 1326908 7395 1614
0b000901 0b000a01 10227 100 524288 1326914 7389 1614
0b000801 0b000901 10223 100 524288 1326778 7632 1614
0b000801 0b000901 10224 100 524288 1326803 7632 1614
0b000801 0b000901 10225 100 524288 1326803 7632 1614
0b000801 0b000901 10226 100 524288 1326803 7632 1614
0b000801 0b000901 10227 100 524288 1326803 7632 1614
0b000f01 0b000801 10228 100 524288 1333460 1613 1614
0b000401 0b000d01 10030 100 524288 1297307 38051 26534
0b000c01 0b000d01 10228 100 524288 1329638 5937 1614
0b000c01 0b000d01 10229 100 524288 1329663 5937 1614
0b000c01 0b000d01 10230 100 524288 1329663 5937 1614
0b000c01 0b000d01 10231 100 524288 1329663 5937 1614
0b000801 0b000901 10228 100 524288 1332788 2861 1614
0b000201 0b000301 10228 100 524288 1330584 5746 1614
0b000d01 0b000e01 10228 100 524288 1330053 6404 1614
0b000d01 0b000e01 10229 100 524288 1330053 6404 1614
0b000d01 0b000e01 10230 100 524288 1330053 6404 1614
0b000d01 0b000e01 10231 100 524288 1330078 6379 1614
0b000901 0b000a01 10228 100 524288 1335274 1593 1614
0b000b01 0b000c01 10228 100 524288 1330975 5956 1614
0b000b01 0b000c01 10229 100 524288 1331000 5956 1614
0b000b01 0b000c01 10230 100 524288 1331000 5956 1614
0b000b01 0b000c01 10231 100 524288 1331000 5956 1614
0b000401 0b000501 10228 100 524288 1331362 5955 1614
0b000401 0b000501 10229 100 524288 1331362 5955 1614
0b000401 0b000501 10230 100 524288 1331387 5930 1614
0b000401 0b000501 10231 100 524288 1331387 5930 1614
0b000c01 0b000d01 10232 100 524288 1335582 1583 1614
0b000d01 0b000601 10030 100 524288 1300074 37211 26534
0b000a01 0b000b01 10228 100 524288 1335731 1584 1614
0b000501 0b000601 10228 100 524288 1331587 5931 1614
0b000501 0b000601 10229 100 524288 1331587 5956 1614
0b000501 0b000601 10230 100 524288 1331587 5956 1614
0b000501 0b000601 10231 100 524288 1331612 5931 1614
0b000601 0b000701 10228 100 524288 1331693 5937 1614
0b000601 0b000701 10229 100 524288 1331718 5912 1614
0b000601 0b000701 10230 100 524288 1331718 5937 1614
0b000601 0b000701 10231 100 524288 1331718 5937 1614
0b000101 0b000201 10229 100 524288 1331755 5937 1614
0b000101 0b000201 10230 100 524288 1331755 5962 1614
0b000101 0b000201 10231 100 524288 1331755 5962 1614
0b000101 0b000201 10232 100 524288 1331780 5937 1614
0b000301 0b000401 10228 100 524288 1331267 6973 1614
0b000301 0b000401 10229 100 524288 1331267 6973 1614
0b000301 0b000401 10230 100 524288 1331267 6973 1614
0b000301 0b000401 10231 100 524288 1331292 6973 1614
0b000b01 0b000c01 10232 100 524288 1336965 1598 1614
0b000301 0b000401 10232 100 524288 1333054 5636 1614
0b000701 0b000001 10228 100 524288 1332855 5937 1614
0b000701 0b000001 10229 100 524288 1332880 5912 1614
0b000701 0b000001 10230 100 524288 1332880 5937 1614
0b000701 0b000001 10231 100 524288 1332880 5937 1614
0b000001 0b000101 10228 100 524288 1332967 5931 1614
0b000001 0b000101 10229 100 524288 1332973 5931 1614
0b000001 0b000101 10230 100 524288 1332979 5931 1614
0b000001 0b000101 10231 100 524288 1332985 5931 1614
0b000201 0b000301 10229 100 524288 1331168 8028 1614
0b000201 0b000301 10230 100 524288 1331168 8034 1614
0b000201 0b000301 10231 100 524288 1331168 8040 1614
0b000201 0b000301 10232 100 524288 1331168 8046 1614
0b000201 0b000301 10233 100 524288 1332398 7067 1614
0b000301 0b000401 10233 100 524288 1339340 1587 1614
0b000f01 0b000001 10030 100 524288 1301746 39173 26534
0b000e01 0b000f01 10228 100 524288 1334023 7170 1614
0b000e01 0b000f01 10229 100 524288 1334023 7195 1614
0b000e01 0b000f01 10230 100 524288 1334048 7170 1614
0b000e01 0b000f01 10231 100 524288 1334048 7170 1614
0b000e01 0b000701 10030 100 524288 1301621 40090 26534
0b000b01 0b000401 10030 100 524288 1297180 44542 26534
0b000b01 0b000c01 10233 100 524288 1340325 1613 1614
0b000801 0b000901 10229 100 524288 1335692 6841 1614
0b000801 0b000901 10230 100 524288 1335692 6841 1614
0b000801 0b000901 10231 100 524288 1335692 6841 1614
0b000801 0b000901 10232 100 524288 1335692 6841 1614
0b000f01 0b000801 10229 100 524288 1336883 5939 1614
0b000f01 0b000801 10230 100 524288 1336883 5964 1614
0b000f01 0b000801 10231 100 524288 1336883 5964 1614
0b000f01 0b000801 10232 100 524288 1336883 5964 1614
0b000801 0b000901 10233 100 524288 1338083 5037 1614
0b000a01 0b000b01 10229 100 524288 1337288 6757 1614
0b000a01 0b000b01 10230 100 524288 1337313 6757 1614
0b000a01 0b000b01 10231 100 524288 1337313 6757 1614
0b000a01 0b000b01 10232 100 524288 1337313 6757 1614
0b000e01 0b000f01 10232 100 524288 1337393 7131 1614
0b000901 0b000a01 10229 100 524288 1337445 7092 1614
0b000901 0b000a01 10230 100 524288 1337445 7092 1614
0b000901 0b000a01 10231 100 524288 1337445 7117 1614
0b000901 0b000a01 10232 100 524288 1337445 7117 1614
0b000d01 0b000e01 10232 100 524288 1338368 6198 1614
0b000a01 0b000b01 10233 100 524288 1339877 4817 1614
0b000901 0b000a01 10233 100 524288 1338659 6191 1614
0b000501 0b000601 10232 100 524288 1340327 4498 1614
0b000501 0b000601 10233 100 524288 1340327 4498 1614
0b000501 0b000601 10234 100 524288 1340327 4498 1614
0b000201 0b000301 10234 100 524288 1340727 4487 1614
0b000201 0b000301 10235 100 524288 1340727 4512 1614
0b000201 0b000301 10236 100 524288 1340727 4512 1614
0b000701 0b000001 10232 100 524288 1340640 4605 1614
0b000701 0b000001 10233 100 524288 1340665 4580 1614
0b000d01 0b000e01 10233 100 524288 1338585 6799 1614
0b000d01 0b000e01 10234 100 524288 1338610 6774 1614
0b000d01 0b000e01 10235 100 524288 1338610 6774 1614
0b000701 0b000001 10234 100 524288 1340665 4605 1614
0b000c01 0b000d01 10233 100 524288 1339941 5501 1614
0b000c01 0b000d01 10234 100 524288 1339966 5476 1614
0b000c01 0b000d01 10235 100 524288 1339966 5476 1614
0b000601 0b000701 10232 100 524288 1340295 5263 1614
0b000d01 0b000e01 10236 100 524288 1340175 5609 1614
0b000e01 0b000f01 10233 100 524288 1339467 6336 1614
0b000e01 0b000f01 10234 100 524288 1339467 6336 1614
0b000e01 0b000f01 10235 100 524288 1339467 6336 1614
0b000601 0b000701 10233 100 524288 1340528 5705 1614
0b000601 0b000701 10234 100 524288 1340553 5705 1614
0b000601 0b000701 10235 100 524288 1340553 5705 1614
0b000c01 0b000d01 10236 100 524288 1341573 4917 1614
0b000101 0b000201 10233 100 524288 1341914 4488 1614
0b000101 0b000201 10234 100 524288 1341920 4482 1614
0b000101 0b000201 10235 100 524288 1341926 4501 1614
0b000701 0b000001 10235 100 524288 1344721 1881 1614
0b000001 0b000101 10232 100 524288 1341802 5231 1614
0b000001 0b000101 10233 100 524288 1341827 5212 1614
0b000001 0b000101 10234 100 524288 1341827 5218 1614
0b000c01 0b000d01 10237 100 524288 1344948 2407 1614
0b000001 0b000101 10235 100 524288 1343929 3822 1614
0b000301 0b000401 10234 100 524288 1342212 5863 1614
0b000301 0b000401 10235 100 524288 1342218 5857 1614
0b000301 0b000401 10236 100 524288 1342224 5876 1614
0b000301 0b000401 10237 100 524288 1342475 5700 1614
0b000401 0b000501 10232 100 524288 1341250 7174 1614
0b000401 0b000501 10233 100 524288 1341250 7174 1614
0b000401 0b000501 10234 100 524288 1341275 7149 1614
0b000401 0b000501 10235 100 524288 1341700 7124 1614
0b000f01 0b000801 10233 100 524288 1344228 4973 1614
0b000f01 0b000801 10234 100 524288 1344228 4973 1614
0b000f01 0b000801 10235 100 524288 1344228 4973 1614
0b000401 0b000501 10236 100 524288 1343937 6037 1614
0b000401 0b000501 10237 100 524288 1344732 5392 1614
0b000801 0b000901 10234 100 524288 1345832 4489 1614
0b000801 0b000901 10235 100 524288 1345857 4489 1614
0b000801 0b000901 10236 100 524288 1345857 4489 1614
0b000601 0b000701 10236 100 524288 1347835 3033 1614
0b000601 0b000701 10237 100 524288 1347835 3058 1614
0b000e01 0b000f01 10236 100 524288 1347576 3426 1614
0b000301 0b000401 10238 100 524288 1348249 3038 1614
0b000901 0b000a01 10234 100 524288 1345543 5779 1614
0b000901 0b000a01 10235 100 524288 1345543 5779 1614
0b000901 0b000a01 10236 100 524288 1345543 5779 1614
0b000301 0b000401 10239 100 524288 1348249 3063 1614
0b000901 0b000a01 10237 100 524288 1346130 5367 1614
0b000701 0b000001 10236 100 524288 1348568 3137 1614
0b000c01 0b000501 10030 100 524288 1300719 51377 26534
0b000001 0b000101 10236 100 524288 1348255 3844 1614
0b000001 0b000101 10237 100 524288 1348280 3819 1614
0b000201 0b000301 10237 100 524288 1349412 3037 1614
0b000201 0b000301 10238 100 524288 1349437 3037 1614
0b000f01 0b000801 10236 100 524288 1347534 4973 1614
0b000001 0b000101 10238 100 524288 1349612 3162 1614
0b000b01 0b000c01 10234 100 524288 1347080 5742 1614
0b000b01 0b000c01 10235 100 524288 1347080 5742 1614
0b000701 0b000001 10237 100 524288 1349268 3787 1614
0b000701 0b000001 10238 100 524288 1349268 3793 1614
0b000b01 0b000c01 10236 100 524288 1347080 5767 1614
0b000b01 0b000c01 10237 100 524288 1347704 5343 1614
0b000d01 0b000e01 10237 100 524288 1348452 4655 1614
0b000d01 0b000e01 10238 100 524288 1348452 4655 1614
0b000f01 0b000801 10237 100 524288 1348813 4294 1614
0b000f01 0b000801 10238 100 524288 1348813 4319 1614
0b000a01 0b000b01 10234 100 524288 1347547 5831 1614
0b000a01 0b000b01 10235 100 524288 1347572 5812 1614
0b000e01 0b000f01 10237 100 524288 1348394 4995 1614
0b000a01 0b000b01 10236 100 524288 1347572 5818 1614
0b000e01 0b000f01 10238 100 524288 1348394 5020 1614
0b000a01 0b000b01 10237 100 524288 1347860 5646 1614
0b000e01 0b000f01 10239 100 524288 1348794 4745 1614
0b000d01 0b000e01 10239 100 524288 1349500 4595 1614
0b000101 0b000201 10236 100 524288 1350049 4131 1614
0b000101 0b000201 10237 100 524288 1350055 4131 1614
0b000101 0b000201 10238 100 524288 1350761 3781 1614
0b000d01 0b000e01 10240 100 524288 1350365 4036 1614
0b000801 0b000901 10237 100 524288 1352211 3051 1614
0b000801 0b000901 10238 100 524288 1352211 3051 1614
0b000701 0b000001 10239 100 524288 1353903 1587 1614
0b000f01 0b000801 10239 100 524288 1354012 1605 1614
0b000401 0b000501 10238 100 524288 1351085 4874 1614
0b000401 0b000501 10239 100 524288 1351110 4849 1614
0b000401 0b000501 10240 100 524288 1351185 4824 1614
0b000001 0b000101 10239 100 524288 1354715 1694 1614
0b000901 0b000a01 10238 100 524288 1353331 3061 1614
0b000901 0b000a01 10239 100 524288 1353356 3036 1614
0b000401 0b000501 10241 100 524288 1354322 2712 1614
0b000301 0b000401 10240 100 524288 1355484 1581 1614
0b000101 0b000201 10239 100 524288 1355109 2412 1614
0b000001 0b000101 10240 100 524288 1356071 1694 1614
0b000501 0b000601 10235 100 524288 1351434 6531 1614
0b000501 0b000601 10236 100 524288 1351434 6537 1614
0b000801 0b000901 10239 100 524288 1355517 2432 1614
0b000101 0b000201 10240 100 524288 1355784 2362 1614
0b000e01 0b000f01 10240 100 524288 1356117 2382 1614
0b000801 0b000901 10240 100 524288 1356142 2432 1614
0b000501 0b000601 10237 100 524288 1351834 6843 1614
0b000a01 0b000b01 10238 100 524288 1354332 4415 1614
0b000a01 0b000b01 10239 100 524288 1354332 4415 1614
0b000a01 0b000b01 10240 100 524288 1354507 4340 1614
0b000901 0b000201 10031 100 524288 1308731 50240 26534
0b000f01 0b000801 10240 100 524288 1356424 2974 1614
0b000f01 0b000801 10241 100 524288 1356549 2949 1614
0b000201 0b000301 10239 100 524288 1357196 2698 1614
0b000901 0b000a01 10240 100 524288 1358272 1630 1614
0b000801 0b000901 10241 100 524288 1358627 1581 1614
0b000c01 0b000d01 10238 100 524288 1355832 4387 1614
0b000c01 0b000d01 10239 100 524288 1355857 4387 1614
0b000c01 0b000d01 10240 100 524288 1356057 4287 1614
0b000e01 0b000f01 10241 100 524288 1357105 3349 1614
0b000201 0b000301 10240 100 524288 1357552 2692 1614
0b000501 0b000601 10238 100 524288 1352984 7324 1614
0b000501 0b000601 10239 100 524288 1353134 7380 1614
0b000e01 0b000f01 10242 100 524288 1357411 3199 1614
0b000b01 0b000c01 10238 100 524288 1356394 4433 1614
0b000b01 0b000c01 10239 100 524288 1356400 4452 1614
0b000b01 0b000c01 10240 100 524288 1356516 4386 1614
0b000a01 0b000b01 10241 100 524288 1359402 1581 1614
0b000101 0b000201 10241 100 524288 1359419 1581 1614
0b000501 0b000601 10240 100 524288 1355106 6544 1614
0b000901 0b000a01 10241 100 524288 1360959 1581 1614
0b000501 0b000601 10241 100 524288 1358969 4256 1614
0b000501 0b000601 10242 100 524288 1359019 4206 1614
0b000601 0b000701 10238 100 524288 1360975 2331 1614
0b000201 0b000301 10241 100 524288 1361156 2248 1614
0b000801 0b000901 10242 100 524288 1362508 1606 1614
0b000201 0b000301 10242 100 524288 1361981 2298 1614
0b000301 0b000401 10241 100 524288 1363254 1589 1614
0b000b01 0b000c01 10241 100 524288 1361757 2980 1614
0b000901 0b000a01 10242 100 524288 1363218 1581 1614
0b000b01 0b000c01 10242 100 524288 1361857 2955 1614
0b000601 0b000701 10239 100 524288 1361687 3475 1614
0b000201 0b000301 10243 100 524288 1364010 1639 1614
0b000d01 0b000e01 10241 100 524288 1363254 2958 1614
0b000d01 0b000e01 10242 100 524288 1363354 2958 1614
0b000f01 0b000801 10242 100 524288 1363464 2881 1614
0b000f01 0b000801 10243 100 524288 1363620 2881 1614
0b000c01 0b000d01 10241 100 524288 1363862 3006 1614
0b000c01 0b000d01 10242 100 524288 1363912 2987 1614
0b000a01 0b000b01 10242 100 524288 1365550 1581 1614
0b000601 0b000701 10240 100 524288 1363318 4979 1614
0b000301 0b000401 10242 100 524288 1366414 2189 1614
0b000601 0b000701 10241 100 524288 1363524 5098 1614
0b000901 0b000a01 10243 100 524288 1367124 1585 1614
0b000a01 0b000b01 10243 100 524288 1367809 1581 1614
0b000c01 0b000d01 10243 100 524288 1367822 1581 1614
0b000601 0b000701 10242 100 524288 1364660 4712 1614
0b000401 0b000501 10242 100 524288 1367853 1592 1614
0b000701 0b000001 10240 100 524288 1368172 1583 1614
0b000601 0b000701 10243 100 524288 1366235 3601 1614
0b000301 0b000401 10243 100 524288 1367289 2837 1614
0b000a01 0b000301 10031 100 524288 1307414 63030 26534
0b000301 0b000401 10244 100 524288 1368659 2248 1614
0b000e01 0b000f01 10243 100 524288 1369322 1587 1614
0b000801 0b000101 10031 100 524288 1315037 56234 26534
0b000d01 0b000e01 10243 100 524288 1369909 1581 1614
0b000b01 0b000c01 10243 100 524288 1370141 1581 1614
0b000801 0b000901 10243 100 524288 1369355 2881 1614
0b000801 0b000901 10244 100 524288 1369511 2881 1614
0b000401 0b000501 10243 100 524288 1371613 1592 1614
0b000a01 0b000b01 10244 100 524288 1371719 1581 1614
0b000b01 0b000c01 10244 100 524288 1372400 1581 1614
0b000d01 0b000e01 10244 100 524288 1372413 1581 1614
0b000501 0b000601 10243 100 524288 1372455 1606 1614
0b000001 0b000101 10241 100 524288 1372765 1592 1614
0b000301 0b000401 10245 100 524288 1373454 1582 1614
0b000401 0b000501 10244 100 524288 1373136 2256 1614
0b000701 0b000001 10241 100 524288 1371307 4131 1614
0b000f01 0b000801 10244 100 524288 1373919 1606 1614
0b000101 0b000201 10242 100 524288 1374281 1581 1614
0b000401 0b000501 10245 100 524288 1373917 2256 1614
0b000e01 0b000f01 10244 100 524288 1374500 1581 1614
0b000c01 0b000d01 10244 100 524288 1374732 1581 1614
0b000701 0b000001 10242 100 524288 1371632 4712 1614
0b000901 0b000a01 10244 100 524288 1375246 1581 1614
0b000701 0b000001 10243 100 524288 1372382 4718 1614
0b000701 0b000001 10244 100 524288 1372846 4425 1614
0b000501 0b000601 10244 100 524288 1376215 1581 1614
0b000601 0b000701 10244 100 524288 1377071 1606 1614
0b000101 0b000201 10243 100 524288 1377367 1606 1614
0b000401 0b000501 10246 100 524288 1378046 1581 1614
0b000501 0b000601 10245 100 524288 1378402 1581 1614
0b000201 0b000301 10244 100 524288 1378872 1581 1614
0b000001 0b000101 10242 100 524288 1378448 2306 1614
0b000001 0b000101 10243 100 524288 1379354 3206 1614
0b000001 0b000101 10244 100 524288 1380110 2831 1614
0b000501 0b000601 10246 100 524288 1382637 1581 1614
0b000601 0b000701 10245 100 524288 1382993 1581 1614
0b000301 0b000401 10246 100 524288 1383463 1581 1614
0b000701 0b000801 10031 100 524288 1309467 76828 26534
0b000101 0b000201 10244 100 524288 1385570 2656 1614
0b000101 0b000201 10245 100 524288 1385951 2656 1614
0b000601 0b000701 10246 100 524288 1387228 1581 1614
0b000701 0b000001 10245 100 524288 1387584 1581 1614
0b000b01 0b000401 10031 100 524288 1307337 82071 26534
0b000401 0b000501 10247 100 524288 1388054 1581 1614
0b000001 0b000901 10031 100 524288 1308642 81868 26534
0b000801 0b000901 10245 100 524288 1389305 1581 1614
0b000301 0b000c01 10031 100 524288 1309326 83037 26534
0b000101 0b000a01 10031 100 524288 1308972 84266 26534
0b000701 0b000001 10246 100 524288 1391819 1581 1614
0b000001 0b000101 10245 100 524288 1392175 1581 1614
0b000601 0b000f01 10031 100 524288 1310759 82998 26534
0b000201 0b000301 10245 100 524288 1391236 2656 1614
0b000401 0b000501 10248 100 524288 1392418 1602 1614
0b000501 0b000601 10247 100 524288 1392645 1581 1614
0b000201 0b000301 10246 100 524288 1391617 2656 1614
0b000201 0b000b01 10031 100 524288 1309101 86641 26534
0b000901 0b000a01 10245 100 524288 1393520 2656 1614
0b000901 0b000a01 10246 100 524288 1393896 2677 1614
0b000c01 0b000d01 10245 100 524288 1395373 1581 1614
0b000401 0b000d01 10031 100 524288 1309467 87957 26534
0b000a01 0b000b01 10245 100 524288 1396248 1581 1614
0b000001 0b000101 10246 100 524288 1396410 1581 1614
0b000f01 0b000801 10245 100 524288 1396767 1581 1614
0b000501 0b000601 10248 100 524288 1397030 1581 1614
0b000601 0b000701 10247 100 524288 1397236 1581 1614
0b000301 0b000401 10247 100 524288 1397283 1581 1614
0b000b01 0b000c01 10245 100 524288 1398752 1584 1614
0b000501 0b000e01 10031 100 524288 1310642 91162 26534
0b000a01 0b000b01 10246 100 524288 1399186 2678 1614
0b000a01 0b000b01 10247 100 524288 1399583 2656 1614
0b000b01 0b000c01 10246 100 524288 1400839 1581 1614
0b000d01 0b000e01 10245 100 524288 1399964 2581 1614
0b000101 0b000201 10246 100 524288 1401001 1581 1614
0b000801 0b000901 10246 100 524288 1401358 1581 1614
0b000d01 0b000e01 10246 100 524288 1400434 2567 1614
0b000601 0b000701 10248 100 524288 1401621 1581 1614
0b000701 0b000001 10247 100 524288 1401827 1581 1614
0b000c01 0b000d01 10246 100 524288 1403346 1581 1614
0b000c01 0b000d01 10247 100 524288 1405430 1594 1614
0b000701 0b000001 10248 100 524288 1406212 1581 1614
0b000901 0b000a01 10247 100 524288 1405949 1581 1614
0b000b01 0b000c01 10247 100 524288 1404874 2681 1614
0b000e01 0b000f01 10245 100 524288 1404814 2806 1614
0b000b01 0b000c01 10248 100 524288 1405249 2662 1614
0b000e01 0b000f01 10246 100 524288 1405555 3532 1614
0b000e01 0b000f01 10247 100 524288 1406011 3301 1614
0b000d01 0b000e01 10247 100 524288 1407937 1581 1614
0b000e01 0b000701 10031 100 524288 1313429 96445 26534
0b000c01 0b000501 10031 100 524288 1310524 100635 26534
0b000d01 0b000e01 10248 100 524288 1410034 1606 1614
0b000a01 0b000b01 10248 100 524288 1410540 1581 1614
0b000f01 0b000801 10246 100 524288 1410630 1581 1614
0b000001 0b000101 10247 100 524288 1410803 1581 1614
0b000f01 0b000001 10031 100 524288 1314931 97427 26534
0b000c01 0b000d01 10248 100 524288 1410565 2681 1614
0b000c01 0b000d01 10249 100 524288 1410921 2681 1614
0b000e01 0b000f01 10248 100 524288 1412528 1594 1614
0b000a01 0b000301 10032 100 524288 1320603 93616 26534
0b000701 0b000001 10249 100 524288 1412884 1581 1614
0b000f01 0b000801 10247 100 524288 1412097 2853 1614
0b000f01 0b000801 10248 100 524288 1412322 2828 1614
0b000501 0b000601 10249 100 524288 1414169 1581 1614
0b000e01 0b000f01 10249 100 524288 1414650 1581 1614
0b000b01 0b000c01 10249 100 524288 1415131 1581 1614
0b000801 0b000901 10247 100 524288 1415221 1581 1614
0b000001 0b000101 10248 100 524288 1415368 1581 1614
0b000101 0b000201 10247 100 524288 1415394 1581 1614
0b000d01 0b000601 10031 100 524288 1314482 102616 26534
0b000f01 0b000801 10249 100 524288 1417132 1603 1614
0b000301 0b000401 10248 100 524288 1417229 1581 1614
0b000d01 0b000e01 10249 100 524288 1416256 2681 1614
0b000001 0b000101 10249 100 524288 1417475 1581 1614
0b000d01 0b000e01 10250 100 524288 1416612 2681 1614
0b000601 0b000701 10249 100 524288 1418760 1706 1614
0b000801 0b000901 10248 100 524288 1417960 2877 1614
0b000f01 0b000801 10250 100 524288 1419241 1600 1614
0b000801 0b000901 10249 100 524288 1418160 2852 1614
0b000c01 0b000d01 10250 100 524288 1419722 1581 1614
0b000901 0b000a01 10248 100 524288 1419812 1581 1614
0b000101 0b000201 10248 100 524288 1419959 1581 1614
0b000201 0b000301 10247 100 524288 1419985 1581 1614
0b000601 0b000701 10250 100 524288 1420108 1689 1614
0b000801 0b000901 10250 100 524288 1421745 1581 1614
0b000401 0b000501 10249 100 524288 1421820 1581 1614
0b000101 0b000201 10249 100 524288 1422066 1581 1614
0b000e01 0b000f01 10250 100 524288 1421947 2691 1614
0b000e01 0b000f01 10251 100 524288 1422303 2685 1614
0b000701 0b000001 10250 100 524288 1423476 1706 1614
0b000801 0b000901 10251 100 524288 1423851 1596 1614
0b000d01 0b000e01 10251 100 524288 1424313 1581 1614
0b000201 0b000301 10248 100 524288 1424550 1581 1614
0b000a01 0b000b01 10249 100 524288 1424403 1594 1614
0b000701 0b000001 10251 100 524288 1424807 1706 1614
0b000901 0b000a01 10249 100 524288 1423847 3031 1614
0b000901 0b000a01 10250 100 524288 1424022 3162 1614
0b000501 0b000601 10250 100 524288 1426411 1581 1614
0b000201 0b000301 10249 100 524288 1426657 1581 1614
0b000901 0b000a01 10251 100 524288 1426336 2004 1614
0b000f01 0b000801 10251 100 524288 1427648 1581 1614
0b000001 0b000101 10250 100 524288 1428192 1706 1614
0b000b01 0b000401 10032 100 524288 1319266 111005 26534
0b000b01 0b000c01 10250 100 524288 1429007 1606 1614
0b000301 0b000401 10249 100 524288 1429141 1581 1614
0b000001 0b000101 10251 100 524288 1429523 1706 1614
0b000901 0b000201 10032 100 524288 1326884 104620 26534
0b000301 0b000c01 10032 100 524288 1320961 111173 26534
0b000701 0b000801 10032 100 524288 1322564 109690 26534
0b000601 0b000701 10251 100 524288 1431002 1581 1614
0b000a01 0b000b01 10250 100 524288 1429888 2731 1614
0b000301 0b000401 10250 100 524288 1431248 1581 1614
0b000a01 0b000b01 10251 100 524288 1430194 2731 1614
0b000101 0b000201 10250 100 524288 1432908 1706 1614
0b000601 0b000f01 10032 100 524288 1322489 112131 26534
0b000c01 0b000d01 10251 100 524288 1433623 1581 1614
0b000801 0b000101 10032 100 524288 1326778 109048 26534
0b000401 0b000501 10250 100 524288 1433281 2581 1614
0b000101 0b000201 10251 100 524288 1434239 1725 1614
0b000201 0b000301 10250 100 524288 1434514 1581 1614
0b000401 0b000501 10251 100 524288 1433732 2936 1614
0b000c01 0b000d01 10252 100 524288 1435144 1591 1614
0b000401 0b000d01 10032 100 524288 1321202 115627 26534
0b000801 0b000901 10252 100 524288 1435264 1581 1614
0b000701 0b000001 10252 100 524288 1435593 1581 1614
0b000001 0b000901 10032 100 524288 1321333 115868 26534
0b000b01 0b000c01 10251 100 524288 1435935 1581 1614
0b000501 0b000e01 10032 100 524288 1321327 116244 26534
0b000401 0b000501 10252 100 524288 1435839 1935 1614
0b000101 0b000a01 10032 100 524288 1320527 118306 26534
0b000f01 0b000801 10252 100 524288 1437630 1581 1614
0b000201 0b000301 10251 100 524288 1437624 1712 1614
0b000101 0b000201 10252 100 524288 1438836 1598 1614
0b000201 0b000b01 10032 100 524288 1320836 119773 26534
0b000201 0b000301 10252 100 524288 1438974 1687 1614
0b000301 0b000401 10251 100 524288 1439105 1581 1614
0b000501 0b000601 10251 100 524288 1438872 2331 1614
0b000001 0b000101 10252 100 524288 1440184 1581 1614
0b000c01 0b000501 10032 100 524288 1319246 122584 26534
0b000e01 0b000f01 10252 100 524288 1440581 1589 1614
0b000501 0b000601 10252 100 524288 1439678 3131 1614
0b000901 0b000a01 10252 100 524288 1439855 2691 1614
0b000d01 0b000e01 10252 100 524288 1439745 2956 1614
0b000d01 0b000e01 10253 100 524288 1439839 2943 1614
0b000901 0b000a01 10253 100 524288 1440211 2685 1614
0b000501 0b000601 10253 100 524288 1440784 2581 1614
0b000a01 0b000b01 10252 100 524288 1441843 1581 1614
0b000801 0b000901 10253 100 524288 1442221 1581 1614
0b000301 0b000401 10252 100 524288 1442346 1773 1614
0b000b01 0b000c01 10252 100 524288 1443619 1581 1614
0b000201 0b000301 10253 100 524288 1443444 1606 1614
0b000401 0b000501 10253 100 524288 1443696 1606 1614
0b000301 0b000401 10253 100 524288 1443671 1712 1614
0b000601 0b000701 10252 100 524288 1444213 1602 1614
0b000101 0b000201 10253 100 524288 1444775 1581 1614
0b000501 0b000601 10254 100 524288 1444840 1604 1614
0b000f01 0b000801 10253 100 524288 1445180 1606 1614
0b000601 0b000701 10253 100 524288 1445819 1581 1614
0b000b01 0b000c01 10253 100 524288 1446434 1597 1614
0b000a01 0b000b01 10253 100 524288 1445556 2731 1614
0b000901 0b000a01 10254 100 524288 1446812 1600 1614
0b000d01 0b000601 10032 100 524288 1323176 125321 26534
0b000a01 0b000b01 10254 100 524288 1445906 2687 1614
0b000e01 0b000f01 10253 100 524288 1445711 2956 1614
0b000e01 0b000f01 10254 100 524288 1445792 2956 1614
0b000c01 0b000d01 10253 100 524288 1448210 1581 1614
0b000301 0b000401 10254 100 524288 1448060 1583 1614
0b000501 0b000601 10255 100 524288 1448312 1612 1614
0b000401 0b000501 10254 100 524288 1448393 1581 1614
0b000f01 0b000001 10032 100 524288 1325267 125042 26534
0b000701 0b000001 10253 100 524288 1448825 1604 1614
0b000601 0b000701 10254 100 524288 1449454 1581 1614
0b000801 0b000901 10254 100 524288 1449796 1581 1614
0b000c01 0b000d01 10254 100 524288 1451041 1606 1614
0b000601 0b000701 10255 100 524288 1451507 1606 1614
0b000a01 0b000b01 10255 100 524288 1451422 1600 1614
0b000b01 0b000c01 10254 100 524288 1451297 2731 1614
0b000401 0b000501 10255 100 524288 1452653 1581 1614
0b000b01 0b000c01 10255 100 524288 1451603 2731 1614
0b000d01 0b000e01 10254 100 524288 1452801 1581 1614
0b000f01 0b000801 10254 100 524288 1451677 2956 1614
0b000f01 0b000801 10255 100 524288 1451758 2956 1614
0b000601 0b000701 10256 100 524288 1452934 1611 1614
0b000701 0b000001 10254 100 524288 1454045 1599 1614
0b000901 0b000a01 10255 100 524288 1454387 1581 1614
0b000001 0b000101 10253 100 524288 1453319 2954 1614
0b000001 0b000101 10254 100 524288 1453439 2934 1614
0b000d01 0b000e01 10255 100 524288 1455657 1606 1614
0b000b01 0b000401 10033 100 524288 1331000 126300 26534
0b000701 0b000001 10255 100 524288 1456123 1606 1614
0b000b01 0b000c01 10256 100 524288 1456032 1581 1614
0b000401 0b000d01 10033 100 524288 1331387 126914 26534
0b000501 0b000601 10256 100 524288 1457244 1581 1614
0b000e01 0b000701 10032 100 524288 1326457 132497 26534
0b000e01 0b000f01 10255 100 524288 1457392 1581 1614
0b000701 0b000001 10256 100 524288 1457555 1624 1614
0b000501 0b000e01 10033 100 524288 1331587 128283 26534
0b000c01 0b000d01 10255 100 524288 1457038 2731 1614
0b000c01 0b000d01 10256 100 524288 1457344 2731 1614
0b000001 0b000101 10255 100 524288 1458654 1604 1614
0b000601 0b000f01 10033 100 524288 1331718 128568 26534
0b000301 0b000c01 10033 100 524288 1331267 129259 26534
0b000a01 0b000b01 10256 100 524288 1458978 1581 1614
0b000801 0b000901 10255 100 524288 1457643 2956 1614
0b000801 0b000901 10256 100 524288 1457724 2956 1614
0b000e01 0b000f01 10256 100 524288 1460273 1588 1614
0b000701 0b000801 10033 100 524288 1332855 128978 26534
0b000401 0b000501 10256 100 524288 1460310 1581 1614
0b000101 0b000201 10254 100 524288 1459283 2981 1614
0b000c01 0b000d01 10257 100 524288 1460623 1588 1614
0b000101 0b000201 10255 100 524288 1459383 2962 1614
0b000001 0b000101 10256 100 524288 1460739 1625 1614
0b000d01 0b000e01 10256 100 524288 1461311 1581 1614
0b000601 0b000701 10257 100 524288 1461835 1604 1614
0b000701 0b000001 10257 100 524288 1461964 1581 1614
0b000001 0b000101 10257 100 524288 1462189 1604 1614
0b000f01 0b000801 10256 100 524288 1461983 1747 1614
0b000a01 0b000301 10033 100 524288 1337288 126532 26534
0b000e01 0b000f01 10257 100 524288 1462880 1599 1614
0b000d01 0b000601 10033 100 524288 1330078 134530 26534
0b000c01 0b000501 10033 100 524288 1329663 135016 26534
0b000101 0b000201 10256 100 524288 1463268 1581 1614
0b000f01 0b000801 10257 100 524288 1463296 1772 1614
0b000c01 0b000d01 10258 100 524288 1463536 1593 1614
0b000b01 0b000c01 10257 100 524288 1463569 1581 1614
0b000d01 0b000e01 10257 100 524288 1462779 2831 1614
0b000d01 0b000e01 10258 100 524288 1463085 3142 1614
0b000501 0b000601 10257 100 524288 1464901 1581 1614
0b000801 0b000901 10257 100 524288 1464843 1591 1614
0b000f01 0b000801 10258 100 524288 1464871 1606 1614
0b000901 0b000a01 10256 100 524288 1463609 2956 1614
0b000901 0b000a01 10257 100 524288 1463690 2956 1614
0b000801 0b000101 10033 100 524288 1335667 131192 26534
0b000101 0b000a01 10033 100 524288 1331755 135201 26534
0b000101 0b000201 10257 100 524288 1465374 1606 1614
0b000901 0b000201 10033 100 524288 1337420 129849 26534
0b000d01 0b000e01 10259 100 524288 1465221 2056 1614
0b000e01 0b000f01 10258 100 524288 1465902 1581 1614
0b000201 0b000b01 10033 100 524288 1331143 136861 26534
0b000701 0b000001 10258 100 524288 1466449 1594 1614
0b000001 0b000101 10258 100 524288 1466555 1581 1614
0b000201 0b000301 10254 100 524288 1465274 3081 1614
0b000301 0b000401 10255 100 524288 1466830 1600 1614
0b000801 0b000901 10258 100 524288 1466740 1724 1614
0b000201 0b000301 10255 100 524288 1465355 3156 1614
0b000f01 0b000801 10259 100 524288 1467489 1606 1614
0b000601 0b000701 10258 100 524288 1467618 1602 1614
0b000501 0b000601 10258 100 524288 1467689 1581 1614
0b000201 0b000301 10256 100 524288 1467859 1908 1614
0b000d01 0b000e01 10260 100 524288 1468139 1581 1614
0b000c01 0b000d01 10259 100 524288 1468160 1581 1614
0b000801 0b000901 10259 100 524288 1468078 1891 1614
0b000001 0b000901 10033 100 524288 1332961 137459 26534
0b000901 0b000a01 10258 100 524288 1469444 1583 1614
0b000601 0b000701 10259 100 524288 1469492 1581 1614
0b000e01 0b000f01 10259 100 524288 1468620 2448 1614
0b000801 0b000901 10260 100 524288 1469487 1756 1614
0b000101 0b000201 10258 100 524288 1469869 1771 1614
0b000e01 0b000f01 10260 100 524288 1469237 2431 1614
0b000f01 0b000801 10260 100 524288 1470493 1581 1614
0b000b01 0b000c01 10258 100 524288 1471014 1586 1614
0b000201 0b000301 10257 100 524288 1469990 2785 1614
0b000101 0b000201 10259 100 524288 1471146 1775 1614
0b000301 0b000401 10256 100 524288 1471365 1631 1614
0b000201 0b000301 10258 100 524288 1470279 2767 1614
0b000401 0b000501 10257 100 524288 1471440 1606 1614
0b000901 0b000a01 10259 100 524288 1471474 1606 1614
0b000701 0b000001 10259 100 524288 1472230 1581 1614
0b000601 0b000701 10260 100 524288 1472280 1581 1614
0b000801 0b000901 10261 100 524288 1472105 1599 1614
0b000a01 0b000b01 10257 100 524288 1469575 4204 1614
0b000a01 0b000b01 10258 100 524288 1469656 4273 1614
0b000301 0b000401 10257 100 524288 1472777 1625 1614
0b000a01 0b000b01 10259 100 524288 1469966 4113 1614
0b000e01 0b000f01 10261 100 524288 1472730 1581 1614
0b000701 0b000001 10260 100 524288 1474083 1581 1614
0b000901 0b000a01 10260 100 524288 1472979 2605 1614
0b000a01 0b000b01 10260 100 524288 1474037 1598 1614
0b000901 0b000a01 10261 100 524288 1473430 2604 1614
0b000f01 0b000801 10261 100 524288 1474678 1581 1614
0b000201 0b000301 10259 100 524288 1474650 1760 1614
0b000801 0b000901 10262 100 524288 1475084 1581 1614
0b000c01 0b000d01 10260 100 524288 1475610 1604 1614
0b000701 0b000801 10034 100 524288 1340640 136791 26534
0b000501 0b000e01 10034 100 524288 1340327 137110 26534
0b000401 0b000d01 10034 100 524288 1341250 136347 26534
0b000401 0b000501 10258 100 524288 1476006 1604 1614
0b000501 0b000601 10259 100 524288 1476056 1581 1614
0b000201 0b000301 10260 100 524288 1475931 1779 1614
0b000601 0b000f01 10034 100 524288 1340553 137393 26534
0b000901 0b000a01 10262 100 524288 1476714 1581 1614
0b000e01 0b000701 10033 100 524288 1334048 144287 26534
0b000001 0b000101 10259 100 524288 1476821 1581 1614
0b000701 0b000001 10261 100 524288 1476871 1581 1614
0b000301 0b000401 10258 100 524288 1475785 2781 1614
0b000f01 0b000001 10033 100 524288 1336908 141756 26534
0b000301 0b000401 10259 100 524288 1476056 2766 1614
0b000f01 0b000801 10262 100 524288 1477321 1581 1614
0b000d01 0b000601 10034 100 524288 1338610 141017 26534
0b000c01 0b000501 10034 100 524288 1339966 140003 26534
0b000001 0b000101 10260 100 524288 1478674 1581 1614
0b000b01 0b000c01 10259 100 524288 1476939 3480 1614
0b000b01 0b000c01 10260 100 524288 1477089 3580 1614
0b000301 0b000401 10260 100 524288 1479420 1756 1614
0b000a01 0b000b01 10261 100 524288 1478594 2612 1614
0b000901 0b000a01 10263 100 524288 1479675 1616 1614
0b000b01 0b000c01 10261 100 524288 1478645 2805 1614
0b000a01 0b000b01 10262 100 524288 1479044 2787 1614
0b000801 0b000901 10263 100 524288 1480441 1590 1614
0b000e01 0b000f01 10262 100 524288 1480447 1602 1614
0b000501 0b000601 10260 100 524288 1480620 1606 1614
0b000601 0b000701 10261 100 524288 1480647 1598 1614
0b000301 0b000401 10261 100 524288 1480720 1756 1614
0b000f01 0b000801 10263 100 524288 1480956 1581 1614
0b000d01 0b000e01 10261 100 524288 1480224 2656 1614
0b000701 0b000001 10262 100 524288 1481345 1617 1614
0b000101 0b000201 10260 100 524288 1481412 1600 1614
0b000901 0b000201 10034 100 524288 1345543 137475 26534
0b000a01 0b000b01 10263 100 524288 1481305 1782 1614
0b000d01 0b000e01 10262 100 524288 1480607 2654 1614
0b000801 0b000901 10264 100 524288 1481912 1581 1614
0b000301 0b000c01 10034 100 524288 1342206 141440 26534
0b000601 0b000701 10262 100 524288 1482637 1592 1614
0b000001 0b000101 10261 100 524288 1481462 2853 1614
0b000401 0b000501 10259 100 524288 1481576 2828 1614
0b000001 0b000101 10262 100 524288 1481674 2841 1614
0b000501 0b000601 10261 100 524288 1482979 1603 1614
0b000a01 0b000301 10034 100 524288 1347547 137114 26534
0b000101 0b000201 10261 100 524288 1483265 1581 1614
0b000401 0b000501 10260 100 524288 1481832 3056 1614
0b000a01 0b000b01 10264 100 524288 1484301 1615 1614
0b000c01 0b000d01 10261 100 524288 1483679 2262 1614
0b000b01 0b000401 10034 100 524288 1347055 139460 26534
0b000401 0b000501 10261 100 524288 1484186 2358 1614
0b000901 0b000a01 10264 100 524288 1485041 1606 1614
0b000f01 0b000801 10264 100 524288 1485059 1606 1614
0b000601 0b000f01 10035 100 524288 1347835 138851 26534
0b000801 0b000101 10034 100 524288 1345857 140850 26534
0b000c01 0b000d01 10262 100 524288 1484460 2281 1614
0b000601 0b000701 10263 100 524288 1485236 1581 1614
0b000701 0b000001 10263 100 524288 1485255 1592 1614
0b000b01 0b000c01 10262 100 524288 1484216 2665 1614
0b000801 0b000901 10265 100 524288 1485547 1581 1614
0b000401 0b000501 10262 100 524288 1485486 2039 1614
0b000001 0b000101 10263 100 524288 1485972 1617 1614
0b000b01 0b000c01 10263 100 524288 1484841 3240 1614
0b000901 0b000a01 10265 100 524288 1486503 1581 1614
0b000e01 0b000701 10034 100 524288 1339467 148700 26534
0b000c01 0b000d01 10263 100 524288 1486656 1597 1614
0b000e01 0b000f01 10263 100 524288 1485890 2656 1614
0b000b01 0b000c01 10264 100 524288 1486097 2612 1614
0b000e01 0b000f01 10264 100 524288 1486271 2656 1614
0b000701 0b000001 10264 100 524288 1487239 1603 1614
0b000701 0b000801 10035 100 524288 1349243 139931 26534
0b000601 0b000701 10264 100 524288 1487592 1606 1614
0b000101 0b000a01 10034 100 524288 1341908 147349 26534
0b000301 0b000401 10262 100 524288 1487671 1601 1614
0b000501 0b000601 10262 100 524288 1487898 1581 1614
0b000201 0b000301 10262 100 524288 1486022 3603 1614
0b000201 0b000301 10261 100 524288 1486028 3597 1614
0b000101 0b000201 10262 100 524288 1487325 3057 1614
0b000201 0b000301 10263 100 524288 1487856 2675 1614
0b000001 0b000901 10034 100 524288 1341802 148731 26534
0b000b01 0b000c01 10265 100 524288 1488926 1606 1614
0b000101 0b000201 10263 100 524288 1487525 3207 1614
0b000201 0b000b01 10034 100 524288 1340702 150331 26534
0b000401 0b000501 10263 100 524288 1489525 1604 1614
0b000d01 0b000e01 10263 100 524288 1488951 2265 1614
0b000801 0b000901 10266 100 524288 1489675 1588 1614
0b000f01 0b000801 10265 100 524288 1489696 1581 1614
0b000a01 0b000b01 10265 100 524288 1489657 1631 1614
0b000701 0b000801 10036 100 524288 1353878 137482 26534
0b000001 0b000101 10264 100 524288 1489857 1620 1614
0b000501 0b000601 10263 100 524288 1489554 2056 1614
0b000901 0b000a01 10266 100 524288 1490138 1600 1614
0b000c01 0b000d01 10264 100 524288 1489891 1866 1614
0b000501 0b000e01 10035 100 524288 1351434 140658 26534
0b000401 0b000d01 10035 100 524288 1351085 141167 26534
0b000301 0b000c01 10035 100 524288 1348224 144160 26534
0b000d01 0b000e01 10264 100 524288 1489751 2846 1614
0b000501 0b000601 10264 100 524288 1490535 2097 1614
0b000101 0b000201 10264 100 524288 1489717 3210 1614
0b000a01 0b000b01 10266 100 524288 1491094 1900 1614
0b000701 0b000001 10265 100 524288 1491177 2037 1614
0b000101 0b000201 10265 100 524288 1490599 2678 1614
0b000001 0b000101 10265 100 524288 1491852 1606 1614
0b000d01 0b000e01 10265 100 524288 1491263 2184 1614
0b000801 0b000901 10267 100 524288 1492184 1597 1614
0b000401 0b000501 10264 100 524288 1492282 1603 1614
0b000c01 0b000d01 10265 100 524288 1491091 2937 1614
0b000901 0b000201 10035 100 524288 1353356 140677 26534
0b000601 0b000701 10265 100 524288 1492489 1594 1614
0b000401 0b000d01 10036 100 524288 1354297 139864 26534
0b000701 0b000001 10266 100 524288 1492208 2006 1614
0b000a01 0b000b01 10267 100 524288 1492267 1926 1614
0b000f01 0b000801 10266 100 524288 1491556 2656 1614
0b000c01 0b000d01 10266 100 524288 1491719 2674 1614
0b000f01 0b000801 10267 100 524288 1491937 2689 1614
0b000d01 0b000601 10035 100 524288 1348452 146651 26534
0b000a01 0b000301 10035 100 524288 1354332 140982 26534
0b000801 0b000101 10035 100 524288 1352211 143327 26534
0b000301 0b000401 10263 100 524288 1492635 3032 1614
0b000301 0b000401 10264 100 524288 1492635 3057 1614
0b000901 0b000a01 10267 100 524288 1493543 2344 1614
0b000501 0b000601 10265 100 524288 1494139 1581 1614
0b000101 0b000201 10266 100 524288 1494487 1586 1614
0b000201 0b000301 10264 100 524288 1493392 2731 1614
0b000601 0b000701 10266 100 524288 1494620 1581 1614
0b000f01 0b000001 10034 100 524288 1344203 152123 26534
0b000a01 0b000b01 10268 100 524288 1494748 1601 1614
0b000901 0b000a01 10268 100 524288 1494273 2314 1614
0b000e01 0b000f01 10265 100 524288 1494226 2541 1614
0b000b01 0b000c01 10266 100 524288 1494043 2801 1614
0b000601 0b000f01 10036 100 524288 1360981 135992 26534
0b000201 0b000301 10265 100 524288 1493742 3251 1614
0b000c01 0b000d01 10267 100 524288 1495394 1605 1614
0b000b01 0b000c01 10267 100 524288 1494298 2782 1614
0b000801 0b000901 10268 100 524288 1494287 2979 1614
0b000801 0b000901 10269 100 524288 1494370 2971 1614
0b000d01 0b000e01 10266 100 524288 1494767 2715 1614
0b000101 0b000201 10267 100 524288 1496468 1606 1614
0b000001 0b000101 10266 100 524288 1496224 2069 1614
0b000901 0b000a01 10269 100 524288 1496791 1606 1614
0b000501 0b000601 10266 100 524288 1496895 1593 1614
0b000401 0b000d01 10037 100 524288 1360075 138549 26534
0b000b01 0b000c01 10268 100 524288 1497203 1581 1614
0b000701 0b000001 10267 100 524288 1497093 1595 1614
0b000d01 0b000e01 10267 100 524288 1495262 3645 1614
0b000a01 0b000301 10036 100 524288 1359402 139554 26534
0b000001 0b000901 10035 100 524288 1348255 150747 26534
0b000001 0b000101 10267 100 524288 1497224 2049 1614
0b000e01 0b000f01 10266 100 524288 1495102 4302 1614
0b000701 0b000801 10037 100 524288 1366316 133145 26534
0b000501 0b000e01 10036 100 524288 1358969 140498 26534
0b000601 0b000f01 10037 100 524288 1366235 133286 26534
0b000801 0b000101 10036 100 524288 1356117 143518 26534
0b000501 0b000e01 10037 100 524288 1360044 139789 26534
0b000301 0b000c01 10036 100 524288 1355459 144486 26534
0b000801 0b000901 10270 100 524288 1497222 2655 1614
0b000e01 0b000f01 10267 100 524288 1495607 4297 1614
0b000b01 0b000401 10035 100 524288 1356388 143690 26534
0b000101 0b000201 10268 100 524288 1498548 1588 1614
0b000201 0b000301 10266 100 524288 1495937 4287 1614
0b000e01 0b000f01 10268 100 524288 1496457 3722 1614
0b000801 0b000901 10271 100 524288 1497636 2641 1614
0b000201 0b000301 10267 100 524288 1496287 4237 1614
0b000601 0b000701 10267 100 524288 1498113 2448 1614
0b000301 0b000401 10265 100 524288 1498324 2478 1614
0b000201 0b000301 10268 100 524288 1497043 3762 1614
0b000701 0b000001 10268 100 524288 1499211 1608 1614
0b000001 0b000101 10268 100 524288 1499336 1581 1614
0b000d01 0b000e01 10268 100 524288 1497038 3916 1614
0b000b01 0b000c01 10269 100 524288 1499359 1613 1614
0b000c01 0b000501 10035 100 524288 1355832 145166 26534
0b000d01 0b000e01 10269 100 524288 1497171 3883 1614
0b000601 0b000701 10268 100 524288 1498730 2420 1614
0b000a01 0b000b01 10269 100 524288 1498897 2379 1614
0b000901 0b000201 10036 100 524288 1358272 143136 26534
0b000401 0b000501 10265 100 524288 1498677 3053 1614
0b000401 0b000501 10266 100 524288 1498702 3028 1614
0b000e01 0b000701 10035 100 524288 1348394 153524 26534
0b000a01 0b000301 10037 100 524288 1362912 139413 26534
0b000a01 0b000b01 10270 100 524288 1499597 2754 1614
0b000301 0b000401 10266 100 524288 1499133 3426 1614
0b000201 0b000301 10269 100 524288 1501084 1619 1614
0b000d01 0b000e01 10270 100 524288 1500009 2620 1614
0b000f01 0b000801 10268 100 524288 1499777 2915 1614
0b000901 0b000201 10037 100 524288 1361584 141282 26534
0b000101 0b000a01 10035 100 524288 1350043 152965 26534
0b000601 0b000701 10269 100 524288 1501498 1581 1614
0b000c01 0b000d01 10268 100 524288 1499854 3193 1614
0b000001 0b000101 10269 100 524288 1501698 1605 1614
0b000f01 0b000801 10269 100 524288 1499983 3309 1614
0b000a01 0b000b01 10271 100 524288 1501407 1994 1614
0b000301 0b000401 10267 100 524288 1500003 3443 1614
0b000f01 0b000001 10035 100 524288 1348813 154791 26534
0b000101 0b000201 10269 100 524288 1501303 2368 1614
0b000801 0b000101 10037 100 524288 1362408 141237 26534
0b000d01 0b000e01 10271 100 524288 1501634 2032 1614
0b000c01 0b000d01 10269 100 524288 1500090 3626 1614
0b000201 0b000b01 10035 100 524288 1349412 154644 26534
0b000801 0b000901 10272 100 524288 1502471 1618 1614
0b000901 0b000a01 10270 100 524288 1500276 4006 1614
0b000901 0b000a01 10271 100 524288 1500351 4137 1614
0b000201 0b000301 10270 100 524288 1503146 1813 1614
0b000401 0b000501 10267 100 524288 1503088 2354 1614
0b000e01 0b000f01 10269 100 524288 1501917 3922 1614
0b000001 0b000901 10036 100 524288 1356065 149950 26534
0b000601 0b000f01 10038 100 524288 1380806 125267 26534
0b000c01 0b000d01 10270 100 524288 1501794 4317 1614
0b000301 0b000c01 10037 100 524288 1362904 143233 26534
0b000401 0b000501 10268 100 524288 1503812 2330 1614
0b000b01 0b000c01 10270 100 524288 1504286 2007 1614
0b000501 0b000601 10267 100 524288 1504008 2306 1614
0b000201 0b000301 10271 100 524288 1504418 1997 1614
0b000101 0b000201 10270 100 524288 1502283 4150 1614
0b000701 0b000001 10269 100 524288 1503571 3081 1614
0b000b01 0b000401 10036 100 524288 1361757 144966 26534
0b000101 0b000201 10271 100 524288 1502645 4144 1614
0b000701 0b000801 10038 100 524288 1381687 125143 26534
0b000c01 0b000d01 10271 100 524288 1502955 3912 1614
0b000f01 0b000801 10270 100 524288 1502414 4484 1614
0b000501 0b000601 10268 100 524288 1504740 2316 1614
0b000f01 0b000801 10271 100 524288 1502531 4467 1614
0b000901 0b000a01 10272 100 524288 1502012 4990 1614
0b000301 0b000401 10268 100 524288 1501966 5192 1614
0b000f01 0b000801 10272 100 524288 1503189 4034 1614
0b000c01 0b000d01 10272 100 524288 1503982 3310 1614
0b000101 0b000201 10272 100 524288 1503927 3812 1614
0b000901 0b000a01 10273 100 524288 1502887 4890 1614
0b000001 0b000901 10037 100 524288 1358500 149335 26534
0b000a01 0b000b01 10272 100 524288 1506018 1913 1614
0b000901 0b000a01 10274 100 524288 1503287 4690 1614
0b000401 0b000501 10269 100 524288 1506456 1592 1614
0b000101 0b000a01 10036 100 524288 1355109 152993 26534
0b000801 0b000901 10273 100 524288 1505702 2479 1614
0b000001 0b000101 10270 100 524288 1506614 1613 1614
0b000d01 0b000e01 10272 100 524288 1506057 2391 1614
0b000701 0b000001 10270 100 524288 1504160 4223 1614
0b000b01 0b000401 10037 100 524288 1363993 144552 26534
0b000b01 0b000c01 10271 100 524288 1505361 3238 1614
0b000201 0b000301 10272 100 524288 1505876 2626 1614
0b000801 0b000901 10274 100 524288 1506302 2454 1614
0b000501 0b000e01 10038 100 524288 1379183 129479 26534
0b000101 0b000201 10273 100 524288 1506655 2059 1614
0b000e01 0b000f01 10270 100 524288 1502477 6511 1614
0b000201 0b000301 10273 100 524288 1506681 2417 1614
0b000701 0b000001 10271 100 524288 1504928 4211 1614
0b000d01 0b000e01 10273 100 524288 1506726 2378 1614
0b000901 0b000a01 10275 100 524288 1507099 2050 1614
0b000701 0b000001 10272 100 524288 1506089 3435 1614
0b000e01 0b000701 10036 100 524288 1356117 153538 26534
0b000c01 0b000501 10036 100 524288 1363837 145992 26534
0b000e01 0b000f01 10271 100 524288 1502843 7028 1614
0b000b01 0b000c01 10272 100 524288 1506411 3513 1614
0b000a01 0b000301 10038 100 524288 1379837 130320 26534
0b000b01 0b000c01 10273 100 524288 1507066 3183 1614
0b000301 0b000401 10269 100 524288 1503234 7184 1614
0b000a01 0b000b01 10273 100 524288 1507292 3264 1614
0b000901 0b000a01 10276 100 524288 1509025 1615 1614
0b000901 0b000201 10038 100 524288 1375402 135296 26534
0b000a01 0b000b01 10274 100 524288 1507498 3263 1614
0b000501 0b000601 10269 100 524288 1508452 2381 1614
0b000101 0b000a01 10037 100 524288 1360775 150336 26534
0b000301 0b000401 10270 100 524288 1503534 7659 1614
0b000001 0b000101 10271 100 524288 1509662 1581 1614
0b000d01 0b000601 10036 100 524288 1363229 147993 26534
0b000f01 0b000001 10036 100 524288 1356399 154853 26534
0b000e01 0b000f01 10272 100 524288 1503964 7407 1614
0b000801 0b000101 10038 100 524288 1378535 132849 26534
0b000e01 0b000f01 10273 100 524288 1504064 7382 1614
0b000601 0b000701 10270 100 524288 1509324 2309 1614
0b000f01 0b000801 10273 100 524288 1508849 2823 1614
0b000301 0b000401 10271 100 524288 1503815 7903 1614
0b000501 0b000601 10270 100 524288 1509152 2681 1614
0b000f01 0b000801 10274 100 524288 1509083 2814 1614
0b000d01 0b000e01 10274 100 524288 1509121 2826 1614
0b000c01 0b000d01 10273 100 524288 1509147 3069 1614
0b000601 0b000701 10271 100 524288 1510066 2298 1614
0b000e01 0b000f01 10274 100 524288 1505639 6863 1614
0b000c01 0b000d01 10274 100 524288 1509303 3199 1614
0b000b01 0b000c01 10274 100 524288 1510941 1595 1614
0b000401 0b000501 10270 100 524288 1509733 2958 1614
0b000101 0b000201 10274 100 524288 1511237 1606 1614
0b000901 0b000a01 10277 100 524288 1510845 2145 1614
0b000501 0b000601 10271 100 524288 1511058 1906 1614
0b000201 0b000301 10274 100 524288 1509443 3623 1614
0b000201 0b000b01 10036 100 524288 1357190 156059 26534
0b000e01 0b000f01 10275 100 524288 1506676 6626 1614
0b000401 0b000501 10271 100 524288 1510168 3398 1614
0b000d01 0b000e01 10275 100 524288 1509877 3557 1614
0b000c01 0b000501 10037 100 524288 1367747 145724 26534
0b000d01 0b000e01 10276 100 524288 1510302 3357 1614
0b000901 0b000a01 10278 100 524288 1511766 2124 1614
0b000301 0b000401 10272 100 524288 1505335 8639 1614
0b000a01 0b000b01 10275 100 524288 1510012 4154 1614
0b000f01 0b000801 10275 100 524288 1511998 2186 1614
0b000001 0b000101 10272 100 524288 1511393 2806 1614
0b000201 0b000301 10275 100 524288 1509799 4423 1614
0b000701 0b000001 10273 100 524288 1512665 1603 1614
0b000301 0b000401 10273 100 524288 1505713 8717 1614
0b000501 0b000601 10272 100 524288 1512839 1606 1614
0b000c01 0b000d01 10275 100 524288 1511609 3082 1614
0b000201 0b000b01 10037 100 524288 1360531 154540 26534
0b000401 0b000501 10272 100 524288 1511555 3773 1614
0b000f01 0b000001 10037 100 524288 1361509 154111 26534
0b000201 0b000301 10276 100 524288 1510749 4929 1614
0b000b01 0b000401 10038 100 524288 1376310 139341 26534
0b000801 0b000901 10275 100 524288 1509840 5914 1614
0b000801 0b000901 10276 100 524288 1509908 6096 1614
0b000801 0b000901 10277 100 524288 1510008 6202 1614
0b000f01 0b000801 10276 100 524288 1512881 3353 1614
0b000001 0b000101 10273 100 524288 1512149 4269 1614
0b000301 0b000401 10274 100 524288 1507969 8523 1614
0b000201 0b000301 10277 100 524288 1511724 4779 1614
0b000b01 0b000c01 10275 100 524288 1513566 2876 1614
0b000801 0b000901 10278 100 524288 1510233 6227 1614
0b000d01 0b000601 10037 100 524288 1369878 146806 26534
0b000c01 0b000d01 10276 100 524288 1512934 3844 1614
0b000001 0b000101 10274 100 524288 1512534 4234 1614
0b000b01 0b000c01 10276 100 524288 1513771 3096 1614
0b000e01 0b000f01 10276 100 524288 1511458 5468 1614
0b000c01 0b000d01 10277 100 524288 1513259 3844 1614
0b000e01 0b000f01 10277 100 524288 1511672 5454 1614
0b000701 0b000001 10274 100 524288 1514643 2325 1614
0b000101 0b000201 10275 100 524288 1514253 2933 1614
0b000101 0b000201 10276 100 524288 1514394 2898 1614
0b000a01 0b000b01 10276 100 524288 1510987 6391 1614
0b000001 0b000101 10275 100 524288 1514262 3112 1614
0b000e01 0b000f01 10278 100 524288 1512114 5387 1614
0b000201 0b000301 10278 100 524288 1513708 3901 1614
0b000601 0b000701 10272 100 524288 1513843 3858 1614
0b000a01 0b000b01 10277 100 524288 1511112 6591 1614
0b000701 0b000001 10275 100 524288 1515374 2350 1614
0b000301 0b000401 10275 100 524288 1509425 8398 1614
0b000d01 0b000e01 10277 100 524288 1515226 2776 1614
0b000c01 0b000d01 10278 100 524288 1515546 2507 1614
0b000401 0b000501 10273 100 524288 1513428 4537 1614
0b000d01 0b000e01 10278 100 524288 1515512 2765 1614
0b000201 0b000301 10279 100 524288 1515853 2481 1614
0b000501 0b000601 10273 100 524288 1515701 2981 1614
0b000101 0b000201 10277 100 524288 1517209 1594 1614
0b000001 0b000101 10276 100 524288 1517278 1681 1614
0b000e01 0b000f01 10279 100 524288 1514957 4178 1614
0b000b01 0b000c01 10277 100 524288 1516259 2920 1614
0b000601 0b000701 10273 100 524288 1514232 4975 1614
0b000c01 0b000501 10038 100 524288 1376991 142306 26534
0b000801 0b000901 10279 100 524288 1514682 4678 1614
0b000a01 0b000b01 10278 100 524288 1512159 7305 1614
0b000801 0b000901 10280 100 524288 1514907 4603 1614
0b000301 0b000401 10276 100 524288 1511512 8051 1614
0b000e01 0b000f01 10280 100 524288 1516444 3091 1614
0b000401 0b000501 10274 100 524288 1514203 5443 1614
0b000f01 0b000801 10277 100 524288 1514381 5470 1614
0b000401 0b000d01 10038 100 524288 1401874 118143 26534
0b000601 0b000701 10274 100 524288 1514843 5389 1614
0b000f01 0b000801 10278 100 524288 1514456 5470 1614
0b000301 0b000401 10277 100 524288 1512108 8213 1614
0b000401 0b000501 10275 100 524288 1514728 5799 1614
0b000b01 0b000c01 10278 100 524288 1517176 3359 1614
0b000001 0b000101 10277 100 524288 1518630 1923 1614
0b000e01 0b000701 10037 100 524288 1369222 151719 26534
0b000801 0b000901 10281 100 524288 1517194 3753 1614
0b000a01 0b000b01 10279 100 524288 1513650 7339 1614
0b000501 0b000601 10275 100 524288 1516481 4538 1614
0b000501 0b000601 10274 100 524288 1516576 4493 1614
0b000001 0b000901 10038 100 524288 1380281 140846 26534
0b000301 0b000401 10278 100 524288 1513167 8129 1614
0b000d01 0b000601 10038 100 524288 1379323 141824 26534
0b000601 0b000701 10275 100 524288 1515974 5395 1614
0b000f01 0b000801 10279 100 524288 1515512 5650 1614
0b000a01 0b000b01 10280 100 524288 1514121 7168 1614
0b000801 0b000901 10282 100 524288 1519244 2384 1614
0b000b01 0b000c01 10279 100 524288 1518081 3666 1614
0b000f01 0b000801 10280 100 524288 1516312 5525 1614
0b000a01 0b000b01 10281 100 524288 1516000 6039 1614
0b000c01 0b000d01 10279 100 524288 1519452 2644 1614
0b000a01 0b000b01 10282 100 524288 1516900 5289 1614
0b000501 0b000601 10276 100 524288 1518338 3906 1614
0b000601 0b000701 10276 100 524288 1517455 4795 1614
0b000701 0b000001 10276 100 524288 1520711 1612 1614
0b000c01 0b000d01 10280 100 524288 1519877 2819 1614
0b000001 0b000101 10278 100 524288 1519978 2739 1614
0b000d01 0b000e01 10279 100 524288 1519788 3451 1614
0b000001 0b000101 10279 100 524288 1520734 2508 1614
0b000101 0b000201 10278 100 524288 1519428 3843 1614
0b000601 0b000701 10277 100 524288 1519694 3781 1614
0b000201 0b000301 10280 100 524288 1520196 3538 1614
0b000201 0b000301 10281 100 524288 1520302 3632 1614
0b000e01 0b000f01 10281 100 524288 1521012 2807 1614
0b000e01 0b000f01 10282 100 524288 1521287 2788 1614
0b000d01 0b000e01 10280 100 524288 1520113 4026 1614
0b000601 0b000701 10278 100 524288 1521692 2508 1614
0b000101 0b000a01 10038 100 524288 1383764 140453 26534
0b000401 0b000501 10276 100 524288 1516984 7299 1614
0b000701 0b000001 10277 100 524288 1522217 2143 1614
0b000c01 0b000d01 10281 100 524288 1522189 2057 1614
0b000301 0b000401 10279 100 524288 1516076 8357 1614
0b000101 0b000201 10279 100 524288 1519778 4680 1614
0b000501 0b000601 10277 100 524288 1520975 3550 1614
0b000b01 0b000c01 10280 100 524288 1520388 4007 1614
0b000901 0b000a01 10279 100 524288 1518764 5697 1614
0b000201 0b000301 10282 100 524288 1521813 2877 1614
0b000801 0b000901 10283 100 524288 1522936 1823 1614
0b000b01 0b000c01 10281 100 524288 1520713 4282 1614
0b000f01 0b000801 10281 100 524288 1519936 5081 1614
0b000d01 0b000e01 10281 100 524288 1521063 4032 1614
0b000401 0b000501 10277 100 524288 1517440 7699 1614
0b000f01 0b000801 10282 100 524288 1520136 5131 1614
0b000101 0b000201 10280 100 524288 1520384 4962 1614
0b000f01 0b000001 10038 100 524288 1379091 146452 26534
0b000301 0b000401 10280 100 524288 1517232 8324 1614
0b000601 0b000f01 10039 100 524288 1446375 79271 26534
0b000c01 0b000d01 10282 100 524288 1523545 2388 1614
0b000e01 0b000701 10038 100 524288 1377004 149035 26534
0b000901 0b000a01 10280 100 524288 1519014 7228 1614
0b000301 0b000c01 10038 100 524288 1396902 129348 26534
0b000d01 0b000e01 10282 100 524288 1523027 3474 1614
0b000f01 0b000801 10283 100 524288 1522145 4429 1614
0b000301 0b000401 10281 100 524288 1518688 7993 1614
0b000101 0b000201 10281 100 524288 1521969 4714 1614
0b000f01 0b000801 10284 100 524288 1522545 4154 1614
0b000401 0b000501 10278 100 524288 1518661 8140 1614
0b000c01 0b000d01 10283 100 524288 1524757 2126 1614
0b000501 0b000601 10278 100 524288 1522307 4555 1614
0b000901 0b000a01 10281 100 524288 1519220 7728 1614
0b000001 0b000101 10280 100 524288 1525333 1596 1614
0b000801 0b000901 10284 100 524288 1524172 2832 1614
0b000701 0b000001 10278 100 524288 1523242 3718 1614
0b000701 0b000801 10039 100 524288 1450410 76723 26534
0b000301 0b000401 10282 100 524288 1519513 7643 1614
0b000501 0b000601 10279 100 524288 1522656 4556 1614
0b000901 0b000a01 10282 100 524288 1519470 7932 1614
0b000801 0b000901 10285 100 524288 1524847 2607 1614
0b000801 0b000101 10039 100 524288 1432239 95254 26534
0b000501 0b000601 10280 100 524288 1523537 4025 1614
0b000101 0b000201 10282 100 524288 1523563 4007 1614
0b000401 0b000501 10279 100 524288 1519502 8180 1614
0b000201 0b000301 10283 100 524288 1526281 1602 1614
0b000301 0b000401 10283 100 524288 1520619 7324 1614
0b000701 0b000001 10279 100 524288 1523951 4309 1614
0b000201 0b000b01 10038 100 524288 1381983 146287 26534
0b000101 0b000201 10283 100 524288 1525727 2568 1614
0b000301 0b000401 10284 100 524288 1521344 6999 1614
0b000b01 0b000c01 10282 100 524288 1522474 6053 1614
0b000e01 0b000f01 10283 100 524288 1526249 2288 1614
0b000401 0b000501 10280 100 524288 1520833 7986 1614
0b000d01 0b000e01 10283 100 524288 1525106 3774 1614
0b000501 0b000601 10281 100 524288 1527293 1656 1614
0b000001 0b000101 10281 100 524288 1527370 1865 1614
0b000101 0b000a01 10039 100 524288 1396766 133006 26534
0b000d01 0b000e01 10284 100 524288 1525706 3974 1614
0b000c01 0b000d01 10284 100 524288 1528005 1809 1614
0b000601 0b000701 10279 100 524288 1524029 5932 1614
0b000f01 0b000801 10285 100 524288 1526829 3226 1614
0b000601 0b000701 10280 100 524288 1524079 6007 1614
0b000201 0b000301 10284 100 524288 1528356 1733 1614
0b000901 0b000201 10039 100 524288 1428457 101721 26534
0b000601 0b000701 10281 100 524288 1524157 6029 1614
0b000401 0b000501 10281 100 524288 1522573 7771 1614
0b000701 0b000001 10280 100 524288 1525260 5093 1614
0b000301 0b000401 10285 100 524288 1526744 3693 1614
0b000a01 0b000b01 10283 100 524288 1527227 3286 1614
0b000b01 0b000c01 10283 100 524288 1523999 6534 1614
0b000301 0b000401 10286 100 524288 1526944 3568 1614
0b000f01 0b000801 10286 100 524288 1527085 3476 1614
0b000e01 0b000f01 10284 100 524288 1527149 3450 1614
0b000b01 0b000c01 10284 100 524288 1524299 6459 1614
0b000001 0b000101 10282 100 524288 1528553 2188 1614
0b000c01 0b000d01 10285 100 524288 1529260 1791 1614
0b000b01 0b000c01 10285 100 524288 1525049 6084 1614
0b000b01 0b000c01 10286 100 524288 1525199 5984 1614
0b000401 0b000501 10282 100 524288 1523331 7630 1614
0b000f01 0b000801 10287 100 524288 1528656 2680 1614
0b000a01 0b000b01 10284 100 524288 1527471 3942 1614
0b000d01 0b000e01 10285 100 524288 1527256 4180 1614
0b000a01 0b000301 10039 100 524288 1431350 100107 26534
0b000e01 0b000f01 10285 100 524288 1528105 3450 1614
0b000701 0b000001 10281 100 524288 1526485 5074 1614
0b000601 0b000701 10282 100 524288 1525254 6307 1614
0b000401 0b000501 10283 100 524288 1524306 7462 1614
0b000701 0b000001 10282 100 524288 1527210 4799 1614
0b000501 0b000601 10282 100 524288 1529811 2206 1614
0b000901 0b000a01 10283 100 524288 1522370 9757 1614
0b000e01 0b000f01 10286 100 524288 1529511 2694 1614
0b000901 0b000a01 10284 100 524288 1522520 9788 1614
0b000801 0b000901 10286 100 524288 1528027 4348 1614
0b000001 0b000101 10283 100 524288 1529970 2383 1614
0b000201 0b000301 10285 100 524288 1529693 2752 1614
0b000101 0b000201 10284 100 524288 1529939 2549 1614
0b000301 0b000401 10287 100 524288 1530893 1600 1614
0b000001 0b000901 10039 100 524288 1406418 126086 26534
0b000d01 0b000e01 10286 100 524288 1528943 3694 1614
0b000701 0b000001 10283 100 524288 1529049 3510 1614
0b000b01 0b000c01 10287 100 524288 1531280 1584 1614
0b000d01 0b000e01 10287 100 524288 1529893 3222 1614
0b000c01 0b000d01 10286 100 524288 1531537 1605 1614
0b000801 0b000901 10287 100 524288 1528277 5023 1614
0b000001 0b000101 10284 100 524288 1531270 2051 1614
0b000101 0b000201 10285 100 524288 1530503 3085 1614
0b000601 0b000701 10283 100 524288 1527535 6057 1614
0b000901 0b000a01 10285 100 524288 1523957 9857 1614
0b000901 0b000a01 10286 100 524288 1524137 9802 1614
0b000501 0b000601 10283 100 524288 1530692 3225 1614
0b000901 0b000a01 10287 100 524288 1524638 9526 1614
0b000201 0b000301 10286 100 524288 1530580 3696 1614
0b000e01 0b000f01 10287 100 524288 1532690 1602 1614
0b000a01 0b000b01 10285 100 524288 1529252 5166 1614
0b000d01 0b000e01 10288 100 524288 1532824 1994 1614
0b000301 0b000401 10288 100 524288 1533099 1700 1614
0b000201 0b000301 10287 100 524288 1531305 3677 1614
0b000601 0b000701 10284 100 524288 1529872 5126 1614
0b000101 0b000201 10286 100 524288 1532245 2793 1614
0b000a01 0b000b01 10286 100 524288 1529958 5235 1614
0b000001 0b000101 10285 100 524288 1533363 1883 1614
0b000a01 0b000b01 10287 100 524288 1530412 5031 1614
0b000601 0b000701 10285 100 524288 1530572 4976 1614
0b000901 0b000a01 10288 100 524288 1527769 7820 1614
0b000b01 0b000c01 10288 100 524288 1533523 2184 1614
0b000501 0b000601 10284 100 524288 1531829 3888 1614
0b000f01 0b000801 10288 100 524288 1533609 2287 1614
0b000201 0b000301 10288 100 524288 1533188 2744 1614
0b000d01 0b000e01 10289 100 524288 1534061 1907 1614
0b000101 0b000201 10287 100 524288 1533751 2568 1614
0b000601 0b000701 10286 100 524288 1531959 4395 1614
0b000801 0b000901 10288 100 524288 1529584 6706 1614
0b000e01 0b000f01 10288 100 524288 1534446 1881 1614
0b000801 0b000901 10289 100 524288 1529709 6806 1614
0b000601 0b000f01 10040 100 524288 1495642 40922 26534
0b000b01 0b000c01 10289 100 524288 1534423 2159 1614
0b000301 0b000401 10289 100 524288 1534467 2269 1614
0b000401 0b000501 10284 100 524288 1528566 8220 1614
0b000801 0b000901 10290 100 524288 1530143 6672 1614
0b000901 0b000a01 10289 100 524288 1530014 7268 1614
0b000601 0b000701 10287 100 524288 1535027 2477 1614
0b000901 0b000a01 10290 100 524288 1530464 7043 1614
0b000201 0b000301 10289 100 524288 1535498 2240 1614
0b000301 0b000401 10290 100 524288 1535455 2362 1614
0b000d01 0b000e01 10290 100 524288 1536152 1616 1614
0b000f01 0b000801 10289 100 524288 1534565 3237 1614
0b000501 0b000601 10285 100 524288 1533354 4594 1614
0b000801 0b000901 10291 100 524288 1533065 4996 1614
0b000f01 0b000801 10290 100 524288 1535215 2912 1614
0b000101 0b000201 10288 100 524288 1535363 2906 1614
0b000a01 0b000b01 10288 100 524288 1532782 5404 1614
0b000801 0b000901 10292 100 524288 1534346 4015 1614
0b000501 0b000601 10286 100 524288 1533971 4452 1614
0b000201 0b000b01 10039 100 524288 1405592 132872 26534
0b000701 0b000001 10284 100 524288 1532971 5543 1614
0b000001 0b000101 10286 100 524288 1534569 4058 1614
0b000501 0b000601 10287 100 524288 1534778 3895 1614
0b000601 0b000701 10288 100 524288 1536927 1800 1614
0b000401 0b000501 10285 100 524288 1529691 9151 1614
0b000e01 0b000f01 10289 100 524288 1535647 3436 1614
0b000001 0b000101 10287 100 524288 1535019 4064 1614
0b000701 0b000001 10285 100 524288 1533096 6006 1614
0b000c01 0b000d01 10287 100 524288 1533543 5660 1614
0b000201 0b000301 10290 100 524288 1536598 2602 1614
0b000101 0b000201 10289 100 524288 1536331 2931 1614
0b000701 0b000001 10286 100 524288 1533196 6131 1614
0b000001 0b000101 10288 100 524288 1535569 3770 1614
0b000401 0b000501 10286 100 524288 1530166 9201 1614
0b000701 0b000801 10040 100 524288 1489827 49684 26534
0b000b01 0b000c01 10290 100 524288 1537428 2310 1614
0b000e01 0b000f01 10290 100 524288 1536125 3662 1614
0b000301 0b000c01 10039 100 524288 1424576 115239 26534
0b000101 0b000201 10290 100 524288 1538256 2017 1614
0b000601 0b000701 10289 100 524288 1538727 1594 1614
0b000c01 0b000d01 10288 100 524288 1533768 6541 1614
0b000301 0b000401 10291 100 524288 1537286 3212 1614
0b000b01 0b000c01 10291 100 524288 1538203 2285 1614
0b000801 0b000901 10293 100 524288 1538906 1606 1614
0b000401 0b000501 10287 100 524288 1530953 9570 1614
0b000201 0b000301 10291 100 524288 1538048 2775 1614
0b000b01 0b000401 10039 100 524288 1435629 105326 26534
0b000401 0b000501 10288 100 524288 1531353 9670 1614
0b000901 0b000a01 10291 100 524288 1535385 5602 1614
0b000901 0b000a01 10292 100 524288 1535514 5573 1614
0b000c01 0b000d01 10289 100 524288 1534143 7043 1614
0b000c01 0b000d01 10290 100 524288 1534193 7103 1614
0b000501 0b000601 10288 100 524288 1539796 1601 1614
0b000301 0b000401 10292 100 524288 1537992 3512 1614
0b000201 0b000301 10292 100 524288 1539329 2275 1614
0b000501 0b000e01 10039 100 524288 1452984 88628 26534
0b000701 0b000001 10287 100 524288 1534571 7187 1614
0b000801 0b000101 10040 100 524288 1479269 62509 26534
0b000e01 0b000f01 10291 100 524288 1537828 3959 1614
0b000901 0b000a01 10293 100 524288 1536310 5652 1614
0b000301 0b000401 10293 100 524288 1538942 3030 1614
0b000f01 0b000801 10291 100 524288 1539337 2833 1614
0b000401 0b000d01 10039 100 524288 1447129 95187 26534
0b000e01 0b000f01 10292 100 524288 1538978 3585 1614
0b000f01 0b000801 10292 100 524288 1539574 3002 1614
0b000c01 0b000d01 10291 100 524288 1535874 6722 1614
0b000a01 0b000b01 10289 100 524288 1535137 7567 1614
0b000601 0b000701 10290 100 524288 1540958 2344 1614
0b000a01 0b000b01 10290 100 524288 1535318 7761 1614
0b000e01 0b000f01 10293 100 524288 1540778 2560 1614
0b000401 0b000501 10289 100 524288 1533447 9988 1614
0b000401 0b000501 10290 100 524288 1533522 10038 1614
0b000301 0b000401 10294 100 524288 1542210 1612 1614
0b000b01 0b000c01 10292 100 524288 1541196 2779 1614
0b000801 0b000901 10294 100 524288 1540812 3212 1614
0b000601 0b000701 10291 100 524288 1541683 2319 1614
0b000d01 0b000e01 10291 100 524288 1542213 1935 1614
0b000201 0b000301 10293 100 524288 1542272 2040 1614
0b000b01 0b000c01 10293 100 524288 1541474 2776 1614
0b000901 0b000201 10040 100 524288 1474253 70123 26534
0b000801 0b000901 10295 100 524288 1541137 3487 1614
0b000c01 0b000d01 10292 100 524288 1538717 6027 1614
0b000001 0b000101 10289 100 524288 1541524 3246 1614
0b000f01 0b000801 10293 100 524288 1542093 2704 1614
0b000a01 0b000301 10040 100 524288 1476090 68837 26534
0b000701 0b000001 10288 100 524288 1536602 8380 1614
0b000501 0b000601 10289 100 524288 1541852 3132 1614
0b000401 0b000501 10291 100 524288 1535503 9630 1614
0b000801 0b000901 10296 100 524288 1542521 2809 1614
0b000101 0b000201 10291 100 524288 1541637 3543 1614
0b000201 0b000301 10294 100 524288 1543283 2060 1614
0b000c01 0b000d01 10293 100 524288 1539592 5852 1614
0b000f01 0b000801 10294 100 524288 1542797 2900 1614
0b000601 0b000701 10292 100 524288 1544407 1601 1614
0b000301 0b000401 10295 100 524288 1543833 2257 1614
0b000e01 0b000f01 10294 100 524288 1544622 1597 1614
0b000901 0b000a01 10294 100 524288 1539525 6755 1614
0b000001 0b000101 10290 100 524288 1542112 4339 1614
0b000501 0b000601 10290 100 524288 1542377 4088 1614
0b000a01 0b000b01 10291 100 524288 1536824 9767 1614
0b000901 0b000a01 10295 100 524288 1539825 6780 1614
0b000101 0b000201 10292 100 524288 1542093 4443 1614
0b000a01 0b000b01 10292 100 524288 1536949 9817 1614
0b000001 0b000101 10291 100 524288 1542337 4320 1614
0b000701 0b000001 10289 100 524288 1538008 8684 1614
0b000101 0b000201 10293 100 524288 1542349 4443 1614
0b000301 0b000401 10296 100 524288 1544614 2257 1614
0b000401 0b000501 10292 100 524288 1537809 9105 1614
0b000a01 0b000b01 10293 100 524288 1537174 9917 1614
0b000701 0b000001 10290 100 524288 1538558 8759 1614
0b000901 0b000a01 10296 100 524288 1541071 6284 1614
0b000001 0b000101 10292 100 524288 1544768 2720 1614
0b000101 0b000201 10294 100 524288 1544788 2798 1614
0b000901 0b000a01 10297 100 524288 1541371 6134 1614
0b000f01 0b000801 10295 100 524288 1544797 3036 1614
0b000801 0b000901 10297 100 524288 1545180 2662 1614
0b000501 0b000601 10291 100 524288 1543533 4588 1614
0b000701 0b000001 10291 100 524288 1539364 8880 1614
0b000d01 0b000e01 10292 100 524288 1543319 4816 1614
0b000f01 0b000801 10296 100 524288 1545573 2635 1614
0b000801 0b000901 10298 100 524288 1545586 2648 1614
0b000901 0b000a01 10298 100 524288 1543522 4752 1614
0b000a01 0b000b01 10294 100 524288 1538599 9760 1614
0b000b01 0b000c01 10294 100 524288 1545714 2710 1614
0b000c01 0b000d01 10294 100 524288 1542748 5822 1614
0b000c01 0b000501 10039 100 524288 1440526 108079 26534
0b000c01 0b000d01 10295 100 524288 1542825 5845 1614
0b000501 0b000601 10292 100 524288 1544033 4544 1614
0b000e01 0b000f01 10295 100 524288 1547158 1592 1614
0b000401 0b000501 10293 100 524288 1539746 8851 1614
0b000b01 0b000c01 10295 100 524288 1546089 2685 1614
0b000c01 0b000d01 10296 100 524288 1543498 5702 1614
0b000101 0b000201 10295 100 524288 1547780 1581 1614
0b000401 0b000501 10294 100 524288 1540827 8545 1614
0b000a01 0b000b01 10295 100 524288 1540292 9167 1614
0b000701 0b000001 10292 100 524288 1540514 8905 1614
0b000a01 0b000b01 10296 100 524288 1540517 9067 1614
0b000601 0b000701 10293 100 524288 1547994 1582 1614
0b000201 0b000301 10295 100 524288 1547386 2250 1614
0b000001 0b000901 10040 100 524288 1471053 79004 26534
0b000501 0b000601 10293 100 524288 1546570 3688 1614
0b000801 0b000901 10299 100 524288 1548707 1622 1614
0b000301 0b000401 10297 100 524288 1547322 3095 1614
0b000701 0b000001 10293 100 524288 1541737 8713 1614
0b000901 0b000a01 10299 100 524288 1547634 2852 1614
0b000f01 0b000801 10297 100 524288 1549229 1581 1614
0b000901 0b000a01 10300 100 524288 1548340 2603 1614
0b000601 0b000701 10294 100 524288 1549475 1582 1614
0b000c01 0b000d01 10297 100 524288 1546985 4116 1614
0b000c01 0b000d01 10298 100 524288 1547260 3916 1614
0b000d01 0b000e01 10293 100 524288 1544196 7024 1614
0b000d01 0b000e01 10294 100 524288 1544306 7164 1614
0b000501 0b000601 10294 100 524288 1548143 3215 1614
0b000701 0b000001 10294 100 524288 1543331 8200 1614
0b000301 0b000401 10298 100 524288 1547937 3705 1614
0b000301 0b000401 10299 100 524288 1548353 3489 1614
0b000401 0b000501 10295 100 524288 1543508 8430 1614
0b000a01 0b000b01 10297 100 524288 1544097 7955 1614
0b000201 0b000301 10296 100 524288 1548190 3996 1614
0b000401 0b000501 10296 100 524288 1543965 8473 1614
0b000001 0b000101 10293 100 524288 1549702 2810 1614
0b000a01 0b000b01 10298 100 524288 1544972 7705 1614
0b000e01 0b000f01 10296 100 524288 1551145 1592 1614
0b000701 0b000001 10295 100 524288 1546312 6594 1614
0b000d01 0b000601 10039 100 524288 1438214 114783 26534
0b000401 0b000501 10297 100 524288 1544982 8164 1614
0b000d01 0b000e01 10295 100 524288 1545326 7858 1614
0b000701 0b000001 10296 100 524288 1547012 6144 1614
0b000101 0b000201 10296 100 524288 1549461 3697 1614
0b000f01 0b000801 10298 100 524288 1551760 1583 1614
0b000501 0b000601 10295 100 524288 1549924 3377 1614
0b000c01 0b000d01 10299 100 524288 1551784 1592 1614
0b000701 0b000001 10297 100 524288 1549018 4488 1614
0b000801 0b000901 10300 100 524288 1550843 2684 1614
0b000d01 0b000e01 10296 100 524288 1545606 7943 1614
0b000101 0b000201 10297 100 524288 1549667 3891 1614
0b000901 0b000a01 10301 100 524288 1550852 2922 1614
0b000801 0b000901 10301 100 524288 1551218 2665 1614
0b000601 0b000701 10295 100 524288 1551131 2763 1614
0b000101 0b000201 10298 100 524288 1550498 3485 1614
0b000401 0b000501 10298 100 524288 1546832 7387 1614
0b000301 0b000401 10300 100 524288 1552646 1602 1614
0b000001 0b000101 10294 100 524288 1550327 3990 1614
0b000601 0b000701 10296 100 524288 1551587 3232 1614
0b000201 0b000301 10297 100 524288 1549546 5333 1614
0b000b01 0b000c01 10296 100 524288 1549601 5197 1614
0b000901 0b000a01 10302 100 524288 1551244 3676 1614
0b000201 0b000301 10298 100 524288 1549802 5469 1614
0b000801 0b000901 10302 100 524288 1553820 1594 1614
0b000b01 0b000c01 10297 100 524288 1549776 5672 1614
0b000001 0b000101 10295 100 524288 1551254 4338 1614
0b000601 0b000701 10297 100 524288 1553268 2376 1614
0b000401 0b000501 10299 100 524288 1549100 6546 1614
0b000701 0b000001 10298 100 524288 1554067 1603 1614
0b000d01 0b000e01 10297 100 524288 1547754 8026 1614
0b000e01 0b000f01 10297 100 524288 1554230 1600 1614
0b000201 0b000301 10299 100 524288 1550596 5176 1614
0b000b01 0b000c01 10298 100 524288 1550101 6022 1614
0b000401 0b000501 10300 100 524288 1549881 6215 1614
0b000201 0b000301 10300 100 524288 1552371 3901 1614
0b000d01 0b000e01 10298 100 524288 1548454 7965 1614
0b000001 0b000101 10296 100 524288 1552429 4143 1614
0b000901 0b000a01 10303 100 524288 1553067 3631 1614
0b000a01 0b000b01 10299 100 524288 1549290 7504 1614
0b000301 0b000401 10301 100 524288 1555196 1622 1614
0b000901 0b000a01 10304 100 524288 1553339 3465 1614
0b000501 0b000601 10297 100 524288 1551607 5512 1614
0b000501 0b000601 10296 100 524288 1551615 5504 1614
0b000101 0b000201 10299 100 524288 1555522 1604 1614
0b000a01 0b000b01 10300 100 524288 1549615 7703 1614
0b000f01 0b000801 10299 100 524288 1555747 1597 1614
0b000401 0b000501 10301 100 524288 1553427 4229 1614
0b000e01 0b000701 10039 100 524288 1428904 128900 26534
0b000b01 0b000c01 10299 100 524288 1551369 6466 1614
0b000001 0b000901 10041 100 524288 1503829 53967 26534
0b000a01 0b000b01 10301 100 524288 1550365 7653 1614
0b000a01 0b000b01 10302 100 524288 1550515 7603 1614
0b000101 0b000a01 10040 100 524288 1466803 91454 26534
0b000501 0b000601 10298 100 524288 1552382 5974 1614
0b000401 0b000501 10302 100 524288 1554652 3729 1614
0b000701 0b000001 10299 100 524288 1556904 1603 1614
0b000901 0b000a01 10305 100 524288 1556893 1604 1614
0b000b01 0b000c01 10300 100 524288 1552594 6153 1614
0b000601 0b000701 10298 100 524288 1556007 2755 1614
0b000001 0b000101 10297 100 524288 1554541 4363 1614
0b000601 0b000701 10299 100 524288 1556311 2751 1614
0b000e01 0b000f01 10298 100 524288 1556194 2692 1614
0b000201 0b000301 10301 100 524288 1556568 2659 1614
0b000701 0b000801 10041 100 524288 1524379 34869 26534
0b000d01 0b000e01 10299 100 524288 1551680 7628 1614
0b000201 0b000b01 10040 100 524288 1449366 109941 26534
0b000401 0b000501 10303 100 524288 1557258 2123 1614
0b000201 0b000301 10302 100 524288 1556993 2634 1614
0b000e01 0b000f01 10299 100 524288 1556559 3008 1614
0b000f01 0b000001 10039 100 524288 1427998 131674 26534
0b000d01 0b000e01 10300 100 524288 1552210 7498 1614
0b000b01 0b000c01 10301 100 524288 1555062 4760 1614
0b000a01 0b000b01 10303 100 524288 1553496 6453 1614
0b000b01 0b000c01 10302 100 524288 1555687 4266 1614
0b000901 0b000a01 10306 100 524288 1558424 1604 1614
0b000001 0b000101 10298 100 524288 1555916 4038 1614
0b000a01 0b000b01 10304 100 524288 1553953 6281 1614
0b000001 0b000101 10299 100 524288 1556166 3863 1614
0b000701 0b000001 10300 100 524288 1558654 1600 1614
0b000b01 0b000401 10040 100 524288 1476789 83553 26534
0b000f01 0b000801 10300 100 524288 1558840 1591 1614
0b000101 0b000201 10300 100 524288 1558602 2059 1614
0b000a01 0b000301 10041 100 524288 1510787 49887 26534
0b000c01 0b000d01 10300 100 524288 1557808 2920 1614
0b000d01 0b000e01 10301 100 524288 1554111 6728 1614
0b000d01 0b000e01 10302 100 524288 1554186 6728 1614
0b000401 0b000d01 10040 100 524288 1477412 83563 26534
0b000d01 0b000e01 10303 100 524288 1556386 4903 1614
0b000401 0b000501 10304 100 524288 1559828 1603 1614
0b000301 0b000401 10302 100 524288 1558281 3255 1614
0b000101 0b000201 10301 100 524288 1559582 2085 1614
0b000201 0b000301 10303 100 524288 1560136 1601 1614
0b000e01 0b000f01 10300 100 524288 1558790 3022 1614
0b000a01 0b000b01 10305 100 524288 1557930 4001 1614
0b000801 0b000901 10303 100 524288 1560354 1602 1614
0b000c01 0b000d01 10301 100 524288 1558458 3520 1614
0b000e01 0b000f01 10301 100 524288 1559429 2717 1614
0b000c01 0b000d01 10302 100 524288 1559133 3170 1614
0b000901 0b000a01 10307 100 524288 1560806 1602 1614
0b000501 0b000601 10299 100 524288 1554948 7581 1614
0b000301 0b000401 10303 100 524288 1558782 3836 1614
0b000b01 0b000c01 10303 100 524288 1560328 2337 1614
0b000701 0b000001 10301 100 524288 1560814 2115 1614
0b000301 0b000401 10304 100 524288 1559282 3842 1614
0b000601 0b000701 10300 100 524288 1560129 3064 1614
0b000601 0b000701 10301 100 524288 1560129 3064 1614
0b000501 0b000601 10300 100 524288 1555448 7951 1614
0b000001 0b000101 10300 100 524288 1561517 1903 1614
0b000501 0b000e01 10040 100 524288 1487414 76131 26534
0b000801 0b000901 10304 100 524288 1562258 1588 1614
0b000e01 0b000f01 10302 100 524288 1562318 1603 1614
0b000a01 0b000b01 10306 100 524288 1559708 4226 1614
0b000701 0b000001 10302 100 524288 1561772 2101 1614
0b000f01 0b000801 10301 100 524288 1561896 2378 1614
0b000501 0b000601 10301 100 524288 1556156 8021 1614
0b000001 0b000101 10301 100 524288 1562682 1872 1614
0b000101 0b000201 10302 100 524288 1563039 1581 1614
0b000301 0b000401 10305 100 524288 1562237 2440 1614
0b000f01 0b000801 10302 100 524288 1562577 2372 1614
0b000501 0b000601 10302 100 524288 1557229 7954 1614
0b000b01 0b000c01 10304 100 524288 1561128 4218 1614
0b000401 0b000501 10305 100 524288 1563352 1878 1614
0b000c01 0b000d01 10303 100 524288 1562832 2933 1614
0b000c01 0b000d01 10304 100 524288 1562963 3027 1614
0b000d01 0b000e01 10304 100 524288 1563985 2059 1614
0b000201 0b000301 10304 100 524288 1564677 1603 1614
0b000a01 0b000b01 10307 100 524288 1561267 4948 1614
0b000f01 0b000801 10303 100 524288 1564822 1602 1614
0b000a01 0b000b01 10308 100 524288 1561507 4933 1614
0b000301 0b000401 10306 100 524288 1563684 2849 1614
0b000301 0b000c01 10040 100 524288 1471521 95054 26534
0b000e01 0b000f01 10303 100 524288 1563849 3067 1614
0b000e01 0b000f01 10304 100 524288 1563924 3112 1614
0b000d01 0b000e01 10305 100 524288 1564988 2056 1614
0b000501 0b000601 10303 100 524288 1559106 7802 1614
0b000401 0b000501 10306 100 524288 1564546 2515 1614
0b000301 0b000401 10307 100 524288 1564747 2417 1614
0b000c01 0b000d01 10305 100 524288 1565675 1665 1614
0b000a01 0b000b01 10309 100 524288 1563038 4368 1614
0b000b01 0b000c01 10305 100 524288 1562317 5597 1614
0b000501 0b000601 10304 100 524288 1560666 7148 1614
0b000401 0b000501 10307 100 524288 1565628 2270 1614
0b000601 0b000701 10302 100 524288 1565539 2434 1614
0b000501 0b000601 10305 100 524288 1561391 6679 1614
0b000001 0b000101 10302 100 524288 1565969 2134 1614
0b000a01 0b000b01 10310 100 524288 1565418 2713 1614
0b000501 0b000601 10306 100 524288 1562391 5829 1614
0b000e01 0b000f01 10305 100 524288 1566585 1776 1614
0b000901 0b000a01 10308 100 524288 1566856 1603 1614
0b000f01 0b000801 10304 100 524288 1566961 1598 1614
0b000001 0b000101 10303 100 524288 1566913 2115 1614
0b000b01 0b000c01 10306 100 524288 1562959 6047 1614
0b000101 0b000201 10303 100 524288 1567594 1581 1614
0b000701 0b000001 10303 100 524288 1566203 3042 1614
0b000701 0b000001 10304 100 524288 1566203 3042 1614
0b000b01 0b000c01 10307 100 524288 1563244 6087 1614
0b000401 0b000501 10308 100 524288 1567687 1628 1614
0b000501 0b000601 10307 100 524288 1568240 1628 1614
0b000801 0b000901 10305 100 524288 1567284 2456 1614
0b000c01 0b000d01 10306 100 524288 1568356 1827 1614
0b000601 0b000701 10303 100 524288 1566409 4037 1614
0b000d01 0b000e01 10306 100 524288 1568775 1587 1614
0b000b01 0b000c01 10308 100 524288 1564941 5696 1614
0b000801 0b000901 10306 100 524288 1567959 3097 1614
0b000401 0b000501 10309 100 524288 1569543 1603 1614
0b000e01 0b000f01 10306 100 524288 1569084 2096 1614
0b000601 0b000701 10304 100 524288 1567187 4609 1614
0b000b01 0b000401 10041 100 524288 1496004 75624 26534
0b000c01 0b000d01 10307 100 524288 1569585 2179 1614
0b000801 0b000901 10307 100 524288 1569434 2447 1614
0b000d01 0b000e01 10307 100 524288 1570380 1588 1614
0b000e01 0b000f01 10307 100 524288 1570084 2047 1614
0b000501 0b000601 10308 100 524288 1570071 2211 1614
0b000901 0b000201 10041 100 524288 1511191 61037 26534
0b000b01 0b000c01 10309 100 524288 1566944 5375 1614
0b000501 0b000601 10309 100 524288 1570908 2224 1614
0b000a01 0b000b01 10311 100 524288 1571469 1606 1614
0b000c01 0b000d01 10308 100 524288 1570924 2296 1614
0b000801 0b000901 10308 100 524288 1571569 1687 1614
0b000101 0b000201 10304 100 524288 1571143 2167 1614
0b000f01 0b000801 10305 100 524288 1569956 3646 1614
0b000601 0b000701 10305 100 524288 1568193 5295 1614
0b000201 0b000301 10305 100 524288 1572215 1584 1614
0b000f01 0b000801 10306 100 524288 1570076 3726 1614
0b000b01 0b000c01 10310 100 524288 1569225 4749 1614
0b000101 0b000201 10305 100 524288 1572068 2117 1614
0b000d01 0b000601 10040 100 524288 1472751 101453 26534
0b000901 0b000a01 10309 100 524288 1572750 1731 1614
0b000f01 0b000801 10307 100 524288 1571401 3151 1614
0b000b01 0b000c01 10311 100 524288 1570446 4328 1614
0b000d01 0b000e01 10308 100 524288 1573193 1606 1614
0b000601 0b000f01 10041 100 524288 1530222 44750 26534
0b000c01 0b000d01 10309 100 524288 1572371 2511 1614
0b000e01 0b000f01 10308 100 524288 1573402 1622 1614
0b000b01 0b000c01 10312 100 524288 1571171 3859 1614
0b000701 0b000001 10305 100 524288 1573456 1732 1614
0b000001 0b000101 10304 100 524288 1572285 3052 1614
0b000001 0b000101 10305 100 524288 1572285 3052 1614
0b000901 0b000a01 10310 100 524288 1574066 1721 1614
0b000501 0b000601 10310 100 524288 1574186 1607 1614
0b000601 0b000701 10306 100 524288 1569918 5894 1614
0b000c01 0b000d01 10310 100 524288 1573647 2452 1614
0b000401 0b000501 10310 100 524288 1574668 1581 1614
0b000d01 0b000e01 10309 100 524288 1574774 1612 1614
0b000701 0b000001 10306 100 524288 1574806 1688 1614
0b000f01 0b000801 10308 100 524288 1574220 2310 1614
0b000e01 0b000f01 10309 100 524288 1574978 1627 1614
0b000601 0b000701 10307 100 524288 1571080 5993 1614
0b000601 0b000701 10308 100 524288 1571230 5918 1614
0b000201 0b000301 10306 100 524288 1575268 1971 1614
0b000f01 0b000801 10309 100 524288 1575171 2191 1614
0b000c01 0b000d01 10311 100 524288 1575329 2036 1614
0b000b01 0b000c01 10313 100 524288 1576115 1626 1614
0b000d01 0b000e01 10310 100 524288 1576230 1587 1614
0b000901 0b000a01 10311 100 524288 1576296 1616 1614
0b000701 0b000001 10307 100 524288 1576498 1583 1614
0b000c01 0b000501 10040 100 524288 1483429 94755 26534
0b000601 0b000701 10309 100 524288 1572878 5359 1614
0b000301 0b000401 10308 100 524288 1576839 1585 1614
0b000a01 0b000b01 10312 100 524288 1577491 1581 1614
0b000201 0b000301 10307 100 524288 1576350 2922 1614
0b000d01 0b000e01 10311 100 524288 1577892 1850 1614
0b000201 0b000301 10308 100 524288 1577225 2547 1614
0b000001 0b000101 10306 100 524288 1578228 1769 1614
0b000c01 0b000d01 10312 100 524288 1576984 3089 1614
0b000601 0b000701 10310 100 524288 1576142 4272 1614
0b000801 0b000901 10309 100 524288 1576612 3875 1614
0b000501 0b000601 10311 100 524288 1579289 1604 1614
0b000e01 0b000f01 10310 100 524288 1579396 1627 1614
0b000f01 0b000801 10310 100 524288 1578012 3040 1614
0b000f01 0b000801 10311 100 524288 1578034 3043 1614
0b000801 0b000901 10310 100 524288 1576842 4307 1614
0b000601 0b000701 10311 100 524288 1577214 3844 1614
0b000d01 0b000e01 10312 100 524288 1579139 2234 1614
0b000001 0b000101 10307 100 524288 1579504 1779 1614
0b000101 0b000201 10306 100 524288 1578347 3031 1614
0b000101 0b000201 10307 100 524288 1578347 3037 1614
0b000601 0b000701 10312 100 524288 1578803 2896 1614
0b000c01 0b000d01 10313 100 524288 1577784 3920 1614
0b000301 0b000401 10309 100 524288 1580279 1585 1614
0b000801 0b000901 10311 100 524288 1577592 4313 1614
0b000c01 0b000d01 10314 100 524288 1578070 3959 1614
0b000d01 0b000e01 10313 100 524288 1580405 2005 1614
0b000e01 0b000f01 10311 100 524288 1580827 1606 1614
0b000a01 0b000b01 10313 100 524288 1580922 1585 1614
0b000801 0b000901 10312 100 524288 1579570 2991 1614
0b000501 0b000601 10312 100 524288 1581224 1590 1614
0b000c01 0b000d01 10315 100 524288 1580751 2306 1614
0b000401 0b000501 10311 100 524288 1581464 1598 1614
0b000101 0b000a01 10041 100 524288 1506313 77426 26534
0b000b01 0b000c01 10314 100 524288 1582082 1581 1614
0b000701 0b000001 10308 100 524288 1580083 3970 1614
0b000701 0b000001 10309 100 524288 1580158 4045 1614
0b000e01 0b000f01 10312 100 524288 1582752 1586 1614
0b000101 0b000201 10308 100 524288 1583007 1592 1614
0b000d01 0b000e01 10314 100 524288 1583113 1581 1614
0b000301 0b000401 10310 100 524288 1582312 2562 1614
0b000301 0b000401 10311 100 524288 1582812 2562 1614
0b000601 0b000701 10313 100 524288 1583903 1592 1614
0b000801 0b000901 10313 100 524288 1584062 1602 1614
0b000f01 0b000801 10312 100 524288 1584033 1637 1614
0b000201 0b000301 10309 100 524288 1584424 1581 1614
0b000701 0b000001 10310 100 524288 1581277 4947 1614
0b000401 0b000501 10312 100 524288 1584904 1598 1614
0b000901 0b000a01 10312 100 524288 1584159 2665 1614
0b000e01 0b000f01 10313 100 524288 1585420 1600 1614
0b000d01 0b000e01 10315 100 524288 1585039 2006 1614
0b000f01 0b000801 10313 100 524288 1585443 1627 1614
0b000301 0b000c01 10041 100 524288 1493541 93782 26534
0b000601 0b000701 10314 100 524288 1585824 1603 1614
0b000501 0b000601 10313 100 524288 1586102 1581 1614
0b000d01 0b000e01 10316 100 524288 1586067 2017 1614
0b000901 0b000a01 10313 100 524288 1584915 3406 1614
0b000a01 0b000b01 10314 100 524288 1586749 1597 1614
0b000701 0b000001 10311 100 524288 1583454 4934 1614
0b000901 0b000a01 10314 100 524288 1585571 3081 1614
0b000701 0b000001 10312 100 524288 1584098 4715 1614
0b000c01 0b000501 10041 100 524288 1493542 95657 26534
0b000e01 0b000f01 10314 100 524288 1587734 1581 1614
0b000201 0b000301 10310 100 524288 1587609 1581 1614
0b000501 0b000e01 10041 100 524288 1504740 84477 26534
0b000701 0b000001 10313 100 524288 1584709 4529 1614
0b000001 0b000101 10308 100 524288 1587063 3156 1614
0b000901 0b000a01 10315 100 524288 1588674 1606 1614
0b000801 0b000901 10314 100 524288 1588680 1675 1614
0b000701 0b000001 10314 100 524288 1588505 1914 1614
0b000401 0b000501 10313 100 524288 1587914 2626 1614
0b000001 0b000101 10309 100 524288 1587243 3319 1614
0b000301 0b000401 10312 100 524288 1589015 1605 1614
0b000401 0b000501 10314 100 524288 1588384 2583 1614
0b000501 0b000601 10314 100 524288 1589542 1601 1614
0b000f01 0b000801 10314 100 524288 1590030 1605 1614
0b000001 0b000101 10310 100 524288 1589264 2298 1614
0b000801 0b000901 10315 100 524288 1590080 1637 1614
0b000701 0b000001 10315 100 524288 1590437 1606 1614
0b000c01 0b000d01 10316 100 524288 1590333 1598 1614
0b000e01 0b000f01 10315 100 524288 1590085 2006 1614
0b000601 0b000701 10315 100 524288 1590693 1581 1614
0b000b01 0b000c01 10315 100 524288 1591356 1600 1614
0b000e01 0b000f01 10316 100 524288 1591124 2748 1614
0b000501 0b000601 10315 100 524288 1592239 1731 1614
0b000f01 0b000801 10315 100 524288 1592325 1597 1614
0b000a01 0b000b01 10315 100 524288 1591331 3009 1614
0b000e01 0b000701 10040 100 524288 1470287 124103 26534
0b000e01 0b000f01 10317 100 524288 1592257 2321 1614
0b000a01 0b000b01 10316 100 524288 1591662 3334 1614
0b000101 0b000201 10309 100 524288 1593229 1730 1614
0b000901 0b000a01 10316 100 524288 1593365 1678 1614
0b000001 0b000101 10311 100 524288 1591853 3107 1614
0b000801 0b000101 10041 100 524288 1522861 72237 26534
0b000501 0b000601 10316 100 524288 1593550 1728 1614
0b000601 0b000701 10316 100 524288 1594153 1581 1614
0b000001 0b000101 10312 100 524288 1592278 3807 1614
0b000a01 0b000b01 10317 100 524288 1593320 2526 1614
0b000101 0b000201 10310 100 524288 1594572 1718 1614
0b000901 0b000a01 10317 100 524288 1594757 1645 1614
0b000d01 0b000e01 10317 100 524288 1594941 1600 1614
0b000f01 0b000801 10316 100 524288 1595131 1581 1614
0b000401 0b000d01 10041 100 524288 1505569 91173 26534
0b000001 0b000101 10313 100 524288 1593429 3792 1614
0b000c01 0b000d01 10317 100 524288 1595966 1584 1614
0b000001 0b000101 10314 100 524288 1595053 2772 1614
0b000601 0b000701 10317 100 524288 1596980 1595 1614
0b000801 0b000901 10316 100 524288 1596962 1606 1614
0b000201 0b000b01 10041 100 524288 1499083 99995 26534
0b000701 0b000001 10316 100 524288 1597400 1706 1614
0b000f01 0b000801 10317 100 524288 1597618 1581 1614
0b000a01 0b000b01 10318 100 524288 1598083 1592 1614
0b000b01 0b000c01 10316 100 524288 1597350 2731 1614
0b000701 0b000001 10317 100 524288 1598744 1693 1614
0b000201 0b000301 10311 100 524288 1599300 1600 1614
0b000e01 0b000f01 10318 100 524288 1599581 1596 1614
0b000b01 0b000c01 10317 100 524288 1598036 3401 1614
0b000b01 0b000c01 10318 100 524288 1598856 2987 1614
0b000d01 0b000e01 10318 100 524288 1599752 2231 1614
0b000d01 0b000601 10041 100 524288 1497403 104924 26534
0b000101 0b000201 10311 100 524288 1598000 4566 1614
0b000d01 0b000e01 10319 100 524288 1600560 2229 1614
0b000101 0b000201 10312 100 524288 1598138 4928 1614
0b000701 0b000001 10318 100 524288 1601585 1581 1614
0b000001 0b000101 10315 100 524288 1602116 1721 1614
0b000b01 0b000c01 10319 100 524288 1602088 1603 1614
0b000801 0b000901 10317 100 524288 1602239 1581 1614
0b000101 0b000201 10313 100 524288 1599125 5372 1614
0b000c01 0b000d01 10318 100 524288 1603091 1581 1614
0b000001 0b000101 10316 100 524288 1603447 1721 1614
0b000101 0b000201 10314 100 524288 1600261 4988 1614
0b000101 0b000201 10315 100 524288 1600865 4540 1614
0b000f01 0b000801 10318 100 524288 1604217 1606 1614
0b000c01 0b000d01 10319 100 524288 1604853 1581 1614
0b000601 0b000701 10318 100 524288 1605337 1581 1614
0b000f01 0b000001 10040 100 524288 1474078 133011 26534
0b000e01 0b000f01 10319 100 524288 1605023 2256 1614
0b000001 0b000101 10317 100 524288 1606176 1601 1614
0b000e01 0b000f01 10320 100 524288 1605799 2261 1614
0b000201 0b000301 10312 100 524288 1605576 2576 1614
0b000c01 0b000d01 10320 100 524288 1606701 1581 1614
0b000901 0b000a01 10318 100 524288 1606860 1581 1614
0b000101 0b000201 10316 100 524288 1606877 1605 1614
0b000201 0b000301 10313 100 524288 1606076 2912 1614
0b000801 0b000901 10318 100 524288 1608833 1586 1614
0b000d01 0b000e01 10320 100 524288 1609444 1581 1614
0b000201 0b000301 10314 100 524288 1608259 3228 1614
0b000701 0b000001 10319 100 524288 1609928 1596 1614
0b000201 0b000301 10315 100 524288 1608415 3147 1614
0b000001 0b000101 10318 100 524288 1610099 1588 1614
0b000101 0b000201 10317 100 524288 1610787 1585 1614
0b000f01 0b000801 10319 100 524288 1610319 2256 1614
0b000d01 0b000e01 10321 100 524288 1611292 1581 1614
0b000201 0b000301 10316 100 524288 1611522 1590 1614
0b000a01 0b000b01 10319 100 524288 1611451 1581 1614
0b000f01 0b000801 10320 100 524288 1611100 2256 1614
0b000301 0b000401 10313 100 524288 1611162 2181 1614
0b000301 0b000401 10314 100 524288 1612028 2171 1614
0b000901 0b000a01 10319 100 524288 1613459 1581 1614
0b000001 0b000101 10319 100 524288 1614534 1588 1614
0b000301 0b000401 10315 100 524288 1614602 1585 1614
0b000101 0b000201 10318 100 524288 1614697 1590 1614
0b000201 0b000301 10317 100 524288 1615412 1590 1614
0b000e01 0b000f01 10321 100 524288 1615883 1581 1614
0b000b01 0b000c01 10320 100 524288 1616042 1581 1614
0b000801 0b000901 10319 100 524288 1615585 2256 1614
0b000301 0b000401 10316 100 524288 1616152 1601 1614
0b000801 0b000901 10320 100 524288 1616366 2256 1614
0b000401 0b000501 10315 100 524288 1616353 2181 1614
0b000101 0b000a01 10042 100 524288 1526252 92562 26534
0b000401 0b000501 10316 100 524288 1617209 2181 1614
0b000a01 0b000b01 10320 100 524288 1618050 1581 1614
0b000101 0b000201 10319 100 524288 1619132 1595 1614
0b000201 0b000301 10318 100 524288 1619327 1590 1614
0b000301 0b000401 10317 100 524288 1620042 1596 1614
0b000f01 0b000801 10321 100 524288 1620474 1581 1614
0b000c01 0b000d01 10321 100 524288 1620633 1581 1614
0b000401 0b000501 10317 100 524288 1620763 1581 1614
0b000901 0b000a01 10320 100 524288 1620851 1598 1614
0b000a01 0b000b01 10321 100 524288 1621824 1581 1614
0b000501 0b000601 10317 100 524288 1622400 1581 1614
0b000201 0b000301 10319 100 524288 1623737 1595 1614
0b000301 0b000401 10318 100 524288 1623957 1581 1614
0b000801 0b000901 10321 100 524288 1625065 1581 1614
0b000501 0b000601 10318 100 524288 1625384 1581 1614
0b000a01 0b000b01 10322 100 524288 1625459 1581 1614
0b000b01 0b000c01 10321 100 524288 1626415 1581 1614
0b000601 0b000701 10319 100 524288 1626991 1581 1614
0b000d01 0b000601 10042 100 524288 1517701 111200 26534
0b000601 0b000f01 10042 100 524288 1541433 87963 26534
0b000301 0b000401 10319 100 524288 1628372 1581 1614
0b000401 0b000501 10318 100 524288 1628578 1581 1614
0b000901 0b000a01 10321 100 524288 1629656 1581 1614
0b000b01 0b000c01 10322 100 524288 1630050 1581 1614
0b000c01 0b000d01 10322 100 524288 1631006 1581 1614
0b000701 0b000001 10320 100 524288 1631582 1604 1614
0b000601 0b000701 10320 100 524288 1631911 1583 1614
0b000f01 0b000801 10322 100 524288 1632406 1581 1614
0b000e01 0b000701 10041 100 524288 1500492 133669 26534
0b000801 0b000101 10042 100 524288 1533571 100930 26534
0b000401 0b000501 10319 100 524288 1632993 1601 1614
0b000501 0b000601 10319 100 524288 1633169 1581 1614
0b000501 0b000e01 10042 100 524288 1528149 106932 26534
0b000701 0b000801 10042 100 524288 1552586 84018 26534
0b000d01 0b000e01 10322 100 524288 1635597 1581 1614
0b000801 0b000901 10322 100 524288 1636997 1581 1614
0b000701 0b000001 10321 100 524288 1636504 2406 1614
0b000101 0b000201 10320 100 524288 1637511 1581 1614
0b000401 0b000d01 10042 100 524288 1527443 111889 26534
0b000601 0b000701 10321 100 524288 1637760 1600 1614
0b000701 0b000001 10322 100 524288 1637171 2370 1614
0b000e01 0b000f01 10322 100 524288 1638091 1581 1614
0b000801 0b000901 10323 100 524288 1639614 1581 1614
0b000e01 0b000f01 10323 100 524288 1640188 1581 1614
0b000901 0b000a01 10322 100 524288 1641588 1581 1614
0b000201 0b000301 10320 100 524288 1642102 1581 1614
0b000d01 0b000e01 10323 100 524288 1642372 1581 1614
0b000f01 0b000801 10323 100 524288 1642682 1581 1614
0b000001 0b000101 10320 100 524288 1641920 2406 1614
0b000001 0b000101 10321 100 524288 1642551 2406 1614
0b000901 0b000201 10042 100 524288 1539300 106082 26534
0b000901 0b000a01 10323 100 524288 1644205 1581 1614
0b000c01 0b000501 10042 100 524288 1527405 118671 26534
0b000f01 0b000001 10041 100 524288 1502914 143220 26534
0b000f01 0b000801 10324 100 524288 1644779 1581 1614
0b000301 0b000c01 10042 100 524288 1527700 119050 26534
0b000a01 0b000301 10042 100 524288 1543997 103135 26534
0b000a01 0b000b01 10323 100 524288 1646179 1581 1614
0b000301 0b000401 10320 100 524288 1646723 1581 1614
0b000e01 0b000f01 10324 100 524288 1646963 1581 1614
0b000801 0b000901 10324 100 524288 1647273 1581 1614
0b000101 0b000201 10321 100 524288 1647336 2383 1614
0b000201 0b000b01 10042 100 524288 1527468 122303 26534
0b000201 0b000301 10321 100 524288 1648392 1600 1614
0b000101 0b000201 10322 100 524288 1647997 2397 1614
0b000a01 0b000b01 10324 100 524288 1648826 1581 1614
0b000501 0b000601 10320 100 524288 1649086 1581 1614
0b000001 0b000101 10322 100 524288 1649144 1581 1614
0b000801 0b000901 10325 100 524288 1649370 1581 1614
0b000c01 0b000d01 10323 100 524288 1649760 1585 1614
0b000301 0b000401 10321 100 524288 1650172 1592 1614
0b000b01 0b000c01 10323 100 524288 1650770 1581 1614
0b000401 0b000501 10320 100 524288 1651314 1581 1614
0b000f01 0b000801 10325 100 524288 1651554 1581 1614
0b000b01 0b000401 10042 100 524288 1538453 114901 26534
0b000901 0b000a01 10324 100 524288 1651864 1581 1614
0b000301 0b000401 10322 100 524288 1653032 1597 1614
0b000b01 0b000c01 10324 100 524288 1652781 2406 1614
0b000201 0b000301 10322 100 524288 1652729 2386 1614
0b000601 0b000701 10322 100 524288 1653677 1581 1614
0b000101 0b000201 10323 100 524288 1653765 1595 1614
0b000201 0b000301 10323 100 524288 1653404 2362 1614
0b000b01 0b000c01 10325 100 524288 1653417 2419 1614
0b000d01 0b000e01 10324 100 524288 1654385 1601 1614
0b000401 0b000501 10321 100 524288 1654774 1581 1614
0b000c01 0b000d01 10324 100 524288 1655361 1581 1614
0b000e01 0b000701 10042 100 524288 1516669 140790 26534
0b000501 0b000601 10321 100 524288 1655905 1584 1614
0b000801 0b000901 10326 100 524288 1656145 1581 1614
0b000a01 0b000b01 10325 100 524288 1656485 1581 1614
0b000401 0b000501 10322 100 524288 1656364 1781 1614
0b000401 0b000501 10323 100 524288 1657639 1766 1614
0b000701 0b000001 10323 100 524288 1658268 1581 1614
0b000201 0b000301 10324 100 524288 1658370 1585 1614
0b000e01 0b000f01 10325 100 524288 1658996 1586 1614
0b000c01 0b000d01 10325 100 524288 1658197 2410 1614
0b000301 0b000401 10323 100 524288 1658155 2431 1614
0b000501 0b000601 10322 100 524288 1659365 1584 1614
0b000301 0b000401 10324 100 524288 1658776 2416 1614
0b000c01 0b000d01 10326 100 524288 1658846 2435 1614
0b000d01 0b000e01 10325 100 524288 1659982 1581 1614
0b000701 0b000001 10324 100 524288 1660469 1581 1614
0b000601 0b000701 10323 100 524288 1660499 1606 1614
0b000901 0b000a01 10325 100 524288 1660766 1581 1614
0b000b01 0b000c01 10326 100 524288 1661106 1581 1614
0b000501 0b000601 10323 100 524288 1661155 1781 1614
0b000501 0b000601 10324 100 524288 1662415 1806 1614
0b000001 0b000101 10323 100 524288 1662859 1581 1614
0b000301 0b000401 10325 100 524288 1662965 1581 1614
0b000701 0b000801 10043 100 524288 1557829 107264 26534
0b000f01 0b000801 10326 100 524288 1663592 1581 1614
0b000601 0b000f01 10043 100 524288 1554368 111066 26534
0b000601 0b000701 10324 100 524288 1663959 1581 1614
0b000d01 0b000e01 10326 100 524288 1663647 2400 1614
0b000401 0b000501 10324 100 524288 1663596 2431 1614
0b000401 0b000501 10325 100 524288 1664202 2431 1614
0b000001 0b000101 10324 100 524288 1665090 1581 1614
0b000701 0b000001 10325 100 524288 1665115 1586 1614
0b000d01 0b000e01 10327 100 524288 1664321 2376 1614
0b000a01 0b000b01 10326 100 524288 1665387 1581 1614
0b000001 0b000901 10042 100 524288 1547992 119190 26534
0b000c01 0b000d01 10327 100 524288 1665697 1581 1614
0b000601 0b000701 10325 100 524288 1665976 1756 1614
0b000601 0b000701 10326 100 524288 1667261 1764 1614
0b000101 0b000201 10324 100 524288 1667480 1581 1614
0b000401 0b000501 10326 100 524288 1667556 1581 1614
0b000f01 0b000801 10327 100 524288 1668474 1608 1614
0b000701 0b000001 10326 100 524288 1668550 1581 1614
0b000801 0b000901 10327 100 524288 1668133 2964 1614
0b000801 0b000901 10328 100 524288 1668213 2959 1614
0b000501 0b000601 10325 100 524288 1669673 1581 1614
0b000101 0b000201 10325 100 524288 1669711 1581 1614
0b000e01 0b000f01 10326 100 524288 1669057 2356 1614
0b000b01 0b000c01 10327 100 524288 1670008 1581 1614
0b000901 0b000a01 10326 100 524288 1670222 1581 1614
0b000301 0b000c01 10043 100 524288 1540748 131215 26534
0b000e01 0b000f01 10327 100 524288 1669737 2357 1614
0b000501 0b000e01 10043 100 524288 1546445 125859 26534
0b000701 0b000001 10327 100 524288 1670742 1731 1614
0b000a01 0b000301 10043 100 524288 1551284 121330 26534
0b000901 0b000201 10043 100 524288 1547034 125745 26534
0b000401 0b000d01 10043 100 524288 1544514 128037 26534
0b000201 0b000301 10325 100 524288 1672071 1581 1614
0b000501 0b000601 10326 100 524288 1672177 1581 1614
0b000701 0b000001 10328 100 524288 1672065 1731 1614
0b000701 0b000801 10044 100 524288 1562072 111759 26534
0b000001 0b000101 10325 100 524288 1673171 1581 1614
0b000801 0b000901 10329 100 524288 1673122 1606 1614
0b000201 0b000301 10326 100 524288 1674302 1597 1614
0b000f01 0b000801 10328 100 524288 1674453 1591 1614
0b000a01 0b000b01 10327 100 524288 1674843 1594 1614
0b000c01 0b000d01 10328 100 524288 1674973 1593 1614
0b000e01 0b000f01 10328 100 524288 1675344 1597 1614
0b000201 0b000b01 10043 100 524288 1541279 135887 26534
0b000901 0b000a01 10327 100 524288 1674137 2984 1614
0b000d01 0b000e01 10328 100 524288 1675591 1581 1614
0b000001 0b000101 10326 100 524288 1675513 1731 1614
0b000901 0b000a01 10328 100 524288 1674212 2984 1614
0b000201 0b000301 10327 100 524288 1675819 1605 1614
0b000301 0b000401 10326 100 524288 1675624 2006 1614
0b000601 0b000f01 10044 100 524288 1561366 116810 26534
0b000801 0b000901 10330 100 524288 1676871 1592 1614
0b000601 0b000701 10327 100 524288 1676798 1581 1614
0b000001 0b000101 10327 100 524288 1676836 1731 1614
0b000301 0b000401 10327 100 524288 1676662 1999 1614
0b000f01 0b000001 10042 100 524288 1520511 158205 26534
0b000101 0b000201 10326 100 524288 1677792 1581 1614
0b000901 0b000a01 10329 100 524288 1677738 1596 1614
0b000801 0b000101 10043 100 524288 1547807 132384 26534
0b000301 0b000401 10328 100 524288 1678909 1581 1614
0b000801 0b000901 10331 100 524288 1679084 1597 1614
0b000d01 0b000e01 10329 100 524288 1679606 1581 1614
0b000101 0b000201 10327 100 524288 1680284 1597 1614
0b000f01 0b000801 10329 100 524288 1679981 1806 1614
0b000301 0b000401 10329 100 524288 1680434 1586 1614
0b000b01 0b000c01 10328 100 524288 1679477 2329 1614
0b000e01 0b000f01 10329 100 524288 1680212 1600 1614
0b000401 0b000501 10327 100 524288 1680670 1581 1614
0b000b01 0b000c01 10329 100 524288 1680206 2325 1614
0b000f01 0b000801 10330 100 524288 1681216 1802 1614
0b000901 0b000a01 10330 100 524288 1681473 1583 1614
0b000001 0b000101 10328 100 524288 1681756 1600 1614
0b000a01 0b000b01 10328 100 524288 1680131 3306 1614
0b000a01 0b000b01 10329 100 524288 1680206 3337 1614
0b000a01 0b000b01 10330 100 524288 1682344 2302 1614
0b000101 0b000201 10328 100 524288 1683231 1581 1614
0b000e01 0b000701 10043 100 524288 1531890 152964 26534
0b000401 0b000501 10328 100 524288 1683530 1581 1614
0b000901 0b000a01 10331 100 524288 1683721 1601 1614
0b000701 0b000801 10045 100 524288 1570983 114591 26534
0b000e01 0b000f01 10330 100 524288 1684197 1600 1614
0b000a01 0b000301 10044 100 524288 1556784 129298 26534
0b000201 0b000301 10328 100 524288 1684921 1600 1614
0b000f01 0b000801 10331 100 524288 1684822 1600 1614
0b000b01 0b000401 10043 100 524288 1552469 134104 26534
0b000801 0b000901 10332 100 524288 1684797 1806 1614
0b000401 0b000501 10329 100 524288 1685030 1581 1614
0b000501 0b000601 10327 100 524288 1685261 1581 1614
0b000c01 0b000d01 10329 100 524288 1684816 2286 1614
0b000a01 0b000b01 10331 100 524288 1686066 1586 1614
0b000101 0b000201 10329 100 524288 1686396 1581 1614
0b000801 0b000901 10333 100 524288 1686028 1806 1614
0b000c01 0b000d01 10330 100 524288 1685571 2306 1614
0b000b01 0b000c01 10330 100 524288 1686477 1831 1614
0b000401 0b000d01 10044 100 524288 1554852 133446 26534
0b000201 0b000301 10329 100 524288 1687852 1590 1614
0b000b01 0b000c01 10331 100 524288 1687686 1828 1614
0b000601 0b000f01 10045 100 524288 1570824 118636 26534
0b000701 0b000001 10329 100 524288 1687894 1581 1614
0b000001 0b000901 10043 100 524288 1553460 136021 26534
0b000a01 0b000301 10045 100 524288 1559814 129910 26534
0b000501 0b000601 10328 100 524288 1688121 1587 1614
0b000f01 0b000801 10332 100 524288 1688807 1602 1614
0b000301 0b000401 10330 100 524288 1689092 1591 1614
0b000801 0b000901 10334 100 524288 1688584 2209 1614
0b000401 0b000501 10330 100 524288 1689583 1581 1614
0b000501 0b000601 10329 100 524288 1689621 1586 1614
0b000601 0b000701 10328 100 524288 1689882 1581 1614
0b000901 0b000a01 10332 100 524288 1689643 1822 1614
0b000801 0b000901 10335 100 524288 1689432 2192 1614
0b000b01 0b000c01 10332 100 524288 1690692 1581 1614
0b000d01 0b000601 10043 100 524288 1551580 140754 26534
0b000201 0b000301 10330 100 524288 1691017 1585 1614
0b000901 0b000a01 10333 100 524288 1690874 1856 1614
0b000d01 0b000e01 10330 100 524288 1690142 2856 1614
0b000701 0b000801 10046 100 524288 1578822 114396 26534
0b000c01 0b000501 10043 100 524288 1551434 141695 26534
0b000c01 0b000d01 10331 100 524288 1691348 1850 1614
0b000501 0b000e01 10044 100 524288 1558656 134855 26534
0b000601 0b000f01 10046 100 524288 1575292 118631 26534
0b000001 0b000101 10329 100 524288 1692515 1581 1614
0b000f01 0b000801 10333 100 524288 1692470 1599 1614
0b000901 0b000a01 10334 100 524288 1692521 1798 1614
0b000c01 0b000d01 10332 100 524288 1692554 1850 1614
0b000d01 0b000e01 10331 100 524288 1690887 3542 1614
0b000d01 0b000e01 10332 100 524288 1691308 3327 1614
0b000801 0b000901 10336 100 524288 1693419 1592 1614
0b000301 0b000401 10331 100 524288 1692452 2756 1614
0b000401 0b000501 10331 100 524288 1693693 1590 1614
0b000301 0b000401 10332 100 524288 1692734 2755 1614
0b000501 0b000601 10330 100 524288 1694174 1598 1614
0b000901 0b000201 10044 100 524288 1556537 139269 26534
0b000701 0b000001 10330 100 524288 1694503 1600 1614
0b000601 0b000701 10329 100 524288 1694247 1906 1614
0b000a01 0b000b01 10332 100 524288 1694475 1786 1614
0b000901 0b000a01 10335 100 524288 1693833 2595 1614
0b000c01 0b000d01 10333 100 524288 1695313 1595 1614
0b000301 0b000401 10333 100 524288 1695612 1581 1614
0b000901 0b000a01 10336 100 524288 1694664 2414 1614
0b000601 0b000701 10330 100 524288 1695374 1915 1614
0b000501 0b000601 10331 100 524288 1696139 1581 1614
0b000a01 0b000b01 10333 100 524288 1695740 1847 1614
0b000d01 0b000e01 10333 100 524288 1696208 1850 1614
0b000801 0b000101 10044 100 524288 1556353 141860 26534
0b000801 0b000901 10337 100 524288 1696228 2210 1614
0b000101 0b000201 10330 100 524288 1697106 1581 1614
0b000f01 0b000801 10334 100 524288 1696963 1620 1614
0b000f01 0b000001 10043 100 524288 1531547 167379 26534
0b000301 0b000c01 10044 100 524288 1557889 141198 26534
0b000a01 0b000b01 10334 100 524288 1697329 1647 1614
0b000d01 0b000e01 10334 100 524288 1697414 1844 1614
0b000801 0b000901 10338 100 524288 1697079 2197 1614
0b000e01 0b000f01 10331 100 524288 1696008 3456 1614
0b000901 0b000a01 10337 100 524288 1698051 1587 1614
0b000001 0b000901 10044 100 524288 1556516 143252 26534
0b000501 0b000601 10332 100 524288 1698293 1605 1614
0b000101 0b000a01 10043 100 524288 1557327 142849 26534
0b000601 0b000701 10331 100 524288 1698782 1586 1614
0b000201 0b000301 10331 100 524288 1698846 1581 1614
0b000001 0b000101 10330 100 524288 1699143 1600 1614
0b000e01 0b000f01 10332 100 524288 1696521 4472 1614
0b000701 0b000001 10331 100 524288 1699193 1912 1614
0b000b01 0b000c01 10333 100 524288 1699301 1712 1614
0b000b01 0b000401 10044 100 524288 1559804 141424 26534
0b000401 0b000501 10332 100 524288 1698248 3081 1614
0b000501 0b000e01 10045 100 524288 1564441 137080 26534
0b000d01 0b000e01 10335 100 524288 1699918 1602 1614
0b000201 0b000b01 10044 100 524288 1556168 145479 26534
0b000a01 0b000b01 10335 100 524288 1699438 2440 1614
0b000401 0b000501 10333 100 524288 1698529 3356 1614
0b000e01 0b000f01 10333 100 524288 1697439 4762 1614
0b000701 0b000001 10332 100 524288 1700329 1932 1614
0b000601 0b000701 10332 100 524288 1700730 1581 1614
0b000e01 0b000f01 10334 100 524288 1697645 4712 1614
0b000a01 0b000b01 10336 100 524288 1700088 2415 1614
0b000b01 0b000c01 10334 100 524288 1700627 1950 1614
0b000401 0b000501 10334 100 524288 1700233 2508 1614
0b000101 0b000201 10331 100 524288 1701223 1618 1614
0b000701 0b000801 10047 100 524288 1595284 107764 26534
0b000801 0b000901 10339 100 524288 1701593 1586 1614
0b000201 0b000301 10332 100 524288 1701727 1581 1614
0b000b01 0b000401 10045 100 524288 1561028 142386 26534
0b000001 0b000101 10331 100 524288 1701966 1592 1614
0b000e01 0b000f01 10335 100 524288 1701098 2331 1614
0b000c01 0b000d01 10334 100 524288 1702127 1586 1614
0b000301 0b000c01 10045 100 524288 1562637 141182 26534
0b000b01 0b000c01 10335 100 524288 1701986 1812 1614
0b000901 0b000a01 10338 100 524288 1701478 2595 1614
0b000f01 0b000801 10335 100 524288 1702504 1581 1614
0b000001 0b000901 10045 100 524288 1558680 145458 26534
0b000601 0b000701 10333 100 524288 1702908 1606 1614
0b000701 0b000001 10333 100 524288 1703408 1587 1614
0b000301 0b000401 10334 100 524288 1703437 1581 1614
0b000801 0b000101 10045 100 524288 1563441 141423 26534
0b000a01 0b000b01 10337 100 524288 1702648 2511 1614
0b000101 0b000201 10332 100 524288 1703753 1592 1614
0b000c01 0b000d01 10335 100 524288 1704053 1604 1614
0b000401 0b000501 10335 100 524288 1704268 1596 1614
0b000901 0b000a01 10339 100 524288 1702316 3399 1614
0b000a01 0b000b01 10338 100 524288 1703186 2529 1614
0b000901 0b000a01 10340 100 524288 1702808 3163 1614
0b000f01 0b000801 10336 100 524288 1704003 2027 1614
0b000001 0b000101 10332 100 524288 1704145 1926 1614
0b000401 0b000d01 10045 100 524288 1566134 140186 26534
0b000f01 0b000001 10044 100 524288 1537302 169270 26534
0b000901 0b000201 10045 100 524288 1564966 141948 26534
0b000701 0b000001 10334 100 524288 1705321 1605 1614
0b000001 0b000101 10333 100 524288 1705271 1922 1614
0b000501 0b000601 10333 100 524288 1704339 2960 1614
0b000201 0b000301 10333 100 524288 1705851 1617 1614
0b000e01 0b000f01 10337 100 524288 1704530 3068 1614
0b000e01 0b000f01 10336 100 524288 1704531 3067 1614
0b000801 0b000901 10340 100 524288 1706058 1601 1614
0b000301 0b000401 10335 100 524288 1706318 1581 1614
0b000c01 0b000d01 10336 100 524288 1705617 2140 1614
0b000401 0b000501 10336 100 524288 1706424 1596 1614
0b000c01 0b000501 10044 100 524288 1560845 147396 26534
0b000101 0b000201 10333 100 524288 1706568 1737 1614
0b000d01 0b000e01 10336 100 524288 1706723 1600 1614
0b000901 0b000a01 10341 100 524288 1706219 2114 1614
0b000501 0b000601 10334 100 524288 1704895 3508 1614
0b000b01 0b000c01 10336 100 524288 1704657 3751 1614
0b000f01 0b000801 10337 100 524288 1705211 3204 1614
0b000f01 0b000801 10338 100 524288 1705367 3129 1614
0b000a01 0b000b01 10339 100 524288 1707083 1617 1614
0b000b01 0b000c01 10337 100 524288 1704888 3962 1614
0b000501 0b000601 10335 100 524288 1705751 3102 1614
0b000501 0b000e01 10046 100 524288 1572325 136664 26534
0b000701 0b000001 10335 100 524288 1707524 1581 1614
0b000901 0b000a01 10342 100 524288 1707148 2142 1614
0b000b01 0b000c01 10338 100 524288 1705513 3962 1614
0b000001 0b000101 10334 100 524288 1708005 1581 1614
0b000101 0b000201 10334 100 524288 1707874 1731 1614
0b000401 0b000501 10337 100 524288 1708028 1596 1614
0b000001 0b000901 10046 100 524288 1563264 146429 26534
0b000401 0b000d01 10046 100 524288 1570174 139788 26534
0b000c01 0b000d01 10338 100 524288 1706808 3317 1614
0b000c01 0b000d01 10337 100 524288 1706829 3321 1614
0b000501 0b000601 10336 100 524288 1708874 1585 1614
0b000101 0b000a01 10044 100 524288 1561914 148547 26534
0b000c01 0b000501 10045 100 524288 1561757 148763 26534
0b000801 0b000901 10341 100 524288 1709040 1581 1614
0b000b01 0b000c01 10339 100 524288 1708725 1900 1614
0b000d01 0b000e01 10337 100 524288 1709330 1606 1614
0b000301 0b000c01 10046 100 524288 1569290 141544 26534
0b000101 0b000a01 10045 100 524288 1562964 148225 26534
0b000a01 0b000b01 10340 100 524288 1708725 2819 1614
0b000201 0b000301 10334 100 524288 1709924 1684 1614
0b000101 0b000201 10335 100 524288 1710233 1599 1614
0b000601 0b000f01 10047 100 524288 1598288 113566 26534
0b000301 0b000401 10336 100 524288 1710478 1602 1614
0b000a01 0b000b01 10341 100 524288 1708981 3088 1614
0b000f01 0b000801 10339 100 524288 1710608 1600 1614
0b000001 0b000101 10335 100 524288 1709582 2706 1614
0b000901 0b000a01 10343 100 524288 1710669 1606 1614
0b000601 0b000701 10334 100 524288 1710309 2076 1614
0b000d01 0b000e01 10338 100 524288 1710767 1626 1614
0b000401 0b000501 10338 100 524288 1710909 1601 1614
0b000b01 0b000401 10046 100 524288 1569450 143157 26534
0b000201 0b000b01 10045 100 524288 1563671 148991 26534
0b000a01 0b000301 10046 100 524288 1578797 133871 26534
0b000d01 0b000601 10044 100 524288 1563738 149168 26534
0b000001 0b000101 10336 100 524288 1709936 3065 1614
0b000201 0b000301 10335 100 524288 1711315 1886 1614
0b000b01 0b000c01 10340 100 524288 1711710 1602 1614
0b000e01 0b000f01 10338 100 524288 1711333 2389 1614
0b000001 0b000101 10337 100 524288 1712115 1961 1614
0b000101 0b000a01 10046 100 524288 1566430 147675 26534
0b000101 0b000201 10336 100 524288 1712626 1585 1614
0b000c01 0b000d01 10339 100 524288 1711418 2779 1614
0b000a01 0b000b01 10342 100 524288 1711373 2830 1614
0b000201 0b000301 10336 100 524288 1712615 1802 1614
0b000801 0b000901 10342 100 524288 1711425 2978 1614
0b000801 0b000901 10343 100 524288 1711506 2972 1614
0b000501 0b000601 10337 100 524288 1711060 3680 1614
0b000e01 0b000f01 10339 100 524288 1711999 2673 1614
0b000901 0b000a01 10344 100 524288 1712703 2115 1614
0b000601 0b000701 10335 100 524288 1711413 3678 1614
0b000501 0b000601 10338 100 524288 1711281 4084 1614
0b000d01 0b000601 10045 100 524288 1565313 150143 26534
0b000c01 0b000d01 10340 100 524288 1711890 3664 1614
0b000601 0b000701 10336 100 524288 1711863 3684 1614
0b000901 0b000a01 10345 100 524288 1713631 2137 1614
0b000e01 0b000f01 10340 100 524288 1713946 1901 1614
0b000a01 0b000b01 10343 100 524288 1712330 4124 1614
0b000201 0b000301 10337 100 524288 1714842 1606 1614
0b000f01 0b000801 10340 100 524288 1714864 1604 1614
0b000601 0b000701 10337 100 524288 1713469 3028 1614
0b000f01 0b000001 10045 100 524288 1546348 170147 26534
0b000801 0b000901 10344 100 524288 1715218 1581 1614
0b000301 0b000401 10337 100 524288 1714618 2147 1614
0b000701 0b000001 10336 100 524288 1715395 1588 1614
0b000201 0b000b01 10046 100 524288 1567630 149402 26534
0b000d01 0b000e01 10339 100 524288 1712972 4183 1614
0b000501 0b000601 10339 100 524288 1712664 4626 1614
0b000d01 0b000e01 10340 100 524288 1713135 4420 1614
0b000d01 0b000e01 10341 100 524288 1713160 4395 1614
0b000401 0b000501 10339 100 524288 1715090 2534 1614
0b000c01 0b000d01 10341 100 524288 1713635 4094 1614
0b000601 0b000701 10338 100 524288 1715916 1812 1614
0b000c01 0b000501 10046 100 524288 1572016 145786 26534
0b000b01 0b000c01 10341 100 524288 1714554 3320 1614
0b000101 0b000201 10337 100 524288 1715298 2573 1614
0b000501 0b000601 10340 100 524288 1713530 4341 1614
0b000c01 0b000d01 10342 100 524288 1713844 4066 1614
0b000401 0b000501 10340 100 524288 1715617 2532 1614
0b000501 0b000601 10341 100 524288 1715520 2955 1614
0b000a01 0b000b01 10344 100 524288 1713501 5162 1614
0b000201 0b000301 10338 100 524288 1717221 1608 1614
0b000f01 0b000801 10341 100 524288 1716732 2106 1614
0b000c01 0b000d01 10343 100 524288 1716322 2538 1614
0b000101 0b000201 10338 100 524288 1716011 3249 1614
0b000d01 0b000e01 10342 100 524288 1717207 1964 1614
0b000301 0b000401 10338 100 524288 1715678 3827 1614
0b000b01 0b000c01 10342 100 524288 1715079 4301 1614
0b000701 0b000001 10337 100 524288 1718101 1674 1614
0b000101 0b000201 10339 100 524288 1717086 2719 1614
0b000901 0b000201 10046 100 524288 1574891 144858 26534
0b000a01 0b000b01 10345 100 524288 1714199 5689 1614
0b000301 0b000401 10339 100 524288 1716211 4039 1614
0b000e01 0b000701 10044 100 524288 1554480 165601 26534
0b000701 0b000801 10048 100 524288 1642370 77881 26534
0b000b01 0b000c01 10343 100 524288 1715672 4489 1614
0b000d01 0b000601 10046 100 524288 1569000 151188 26534
0b000d01 0b000e01 10343 100 524288 1718564 1826 1614
0b000f01 0b000801 10342 100 524288 1717682 2908 1614
0b000901 0b000a01 10346 100 524288 1717413 3265 1614
0b000901 0b000a01 10347 100 524288 1717488 3290 1614
0b000801 0b000901 10345 100 524288 1719478 1616 1614
0b000001 0b000101 10338 100 524288 1719505 1602 1614
0b000f01 0b000801 10343 100 524288 1718857 2383 1614
0b000601 0b000701 10339 100 524288 1717750 3484 1614
0b000a01 0b000b01 10346 100 524288 1715285 5990 1614
0b000301 0b000401 10340 100 524288 1717427 3929 1614
0b000401 0b000501 10341 100 524288 1719775 1592 1614
0b000701 0b000001 10338 100 524288 1719507 1924 1614
0b000801 0b000101 10046 100 524288 1580372 141329 26534
0b000b01 0b000c01 10344 100 524288 1717243 4499 1614
0b000901 0b000a01 10348 100 524288 1719809 2108 1614
0b000301 0b000401 10341 100 524288 1719458 2573 1614
0b000a01 0b000301 10047 100 524288 1589834 132298 26534
0b000c01 0b000d01 10344 100 524288 1720884 1619 1614
0b000201 0b000301 10339 100 524288 1720881 1656 1614
0b000701 0b000001 10339 100 524288 1720738 1868 1614
0b000a01 0b000b01 10347 100 524288 1717115 5738 1614
0b000801 0b000101 10047 100 524288 1584087 139072 26534
0b000a01 0b000b01 10348 100 524288 1717828 5400 1614
0b000a01 0b000b01 10349 100 524288 1718778 4650 1614
0b000801 0b000901 10346 100 524288 1721848 1631 1614
0b000601 0b000701 10340 100 524288 1718375 5384 1614
0b000601 0b000701 10341 100 524288 1718466 5493 1614
0b000001 0b000901 10047 100 524288 1581091 143257 26534
0b000b01 0b000c01 10345 100 524288 1719494 4819 1614
0b000001 0b000101 10339 100 524288 1722815 1606 1614
0b000d01 0b000e01 10344 100 524288 1720739 3701 1614
0b000501 0b000601 10342 100 524288 1720634 4056 1614
0b000c01 0b000d01 10345 100 524288 1722390 2294 1614
0b000e01 0b000f01 10341 100 524288 1720165 4536 1614
0b000d01 0b000e01 10345 100 524288 1720920 3876 1614
0b000201 0b000301 10340 100 524288 1722270 2722 1614
0b000b01 0b000c01 10346 100 524288 1720072 4916 1614
0b000401 0b000501 10342 100 524288 1722515 2500 1614
0b000701 0b000001 10340 100 524288 1723121 1922 1614
0b000501 0b000e01 10047 100 524288 1593977 131123 26534
0b000d01 0b000e01 10346 100 524288 1721870 3401 1614
0b000501 0b000601 10343 100 524288 1720812 4409 1614
0b000201 0b000301 10341 100 524288 1722759 2658 1614
0b000501 0b000601 10344 100 524288 1721159 4362 1614
0b000901 0b000201 10047 100 524288 1583527 142141 26534
0b000901 0b000a01 10349 100 524288 1724104 1600 1614
0b000a01 0b000b01 10350 100 524288 1723788 1927 1614
0b000601 0b000701 10342 100 524288 1720300 5477 1614
0b000c01 0b000d01 10346 100 524288 1723171 2819 1614
0b000601 0b000701 10343 100 524288 1720881 5221 1614
0b000a01 0b000301 10048 100 524288 1599442 126696 26534
0b000401 0b000d01 10047 100 524288 1593630 132536 26534
0b000701 0b000001 10341 100 524288 1724274 1906 1614
0b000e01 0b000f01 10342 100 524288 1720565 5648 1614
0b000e01 0b000f01 10343 100 524288 1720565 5648 1614
0b000001 0b000101 10340 100 524288 1724471 1896 1614
0b000501 0b000601 10345 100 524288 1724377 2219 1614
0b000601 0b000701 10344 100 524288 1723198 3413 1614
0b000101 0b000201 10340 100 524288 1724117 2610 1614
0b000a01 0b000b01 10351 100 524288 1724927 1937 1614
0b000c01 0b000d01 10347 100 524288 1724752 2138 1614
0b000301 0b000c01 10047 100 524288 1592200 134838 26534
0b000801 0b000901 10347 100 524288 1723261 3653 1614
0b000401 0b000501 10343 100 524288 1723260 3857 1614
0b000b01 0b000c01 10347 100 524288 1721673 5398 1614
0b000d01 0b000e01 10347 100 524288 1725513 1595 1614
0b000b01 0b000401 10047 100 524288 1585517 141747 26534
0b000e01 0b000f01 10344 100 524288 1722181 5083 1614
0b000001 0b000101 10341 100 524288 1725646 1878 1614
0b000801 0b000901 10348 100 524288 1723600 3889 1614
0b000e01 0b000f01 10345 100 524288 1723400 4170 1614
0b000301 0b000401 10342 100 524288 1725142 2635 1614
0b000801 0b000901 10349 100 524288 1724250 3586 1614
0b000101 0b000201 10341 100 524288 1724711 3343 1614
0b000401 0b000501 10344 100 524288 1724366 3863 1614
0b000301 0b000401 10343 100 524288 1725547 2686 1614
0b000401 0b000501 10345 100 524288 1725041 3438 1614
0b000801 0b000101 10048 100 524288 1594675 133946 26534
0b000901 0b000a01 10350 100 524288 1726489 2181 1614
0b000b01 0b000c01 10348 100 524288 1722898 6266 1614
0b000f01 0b000801 10344 100 524288 1727711 1589 1614
0b000101 0b000201 10342 100 524288 1726169 3409 1614
0b000d01 0b000e01 10348 100 524288 1727694 1829 1614
0b000501 0b000601 10346 100 524288 1728025 1600 1614
0b000901 0b000a01 10351 100 524288 1727358 2181 1614
0b000c01 0b000d01 10348 100 524288 1727323 2404 1614
0b000601 0b000f01 10048 100 524288 1629975 99903 26534
0b000001 0b000101 10342 100 524288 1728053 1921 1614
0b000001 0b000901 10048 100 524288 1591428 138746 26534
0b000a01 0b000b01 10352 100 524288 1728714 1610 1614
0b000801 0b000101 10049 100 524288 1599752 130784 26534
0b000c01 0b000501 10047 100 524288 1586673 143964 26534
0b000701 0b000001 10342 100 524288 1726799 3676 1614
0b000101 0b000201 10343 100 524288 1727431 3253 1614
0b000201 0b000301 10342 100 524288 1728678 2013 1614
0b000c01 0b000d01 10349 100 524288 1727998 2754 1614
0b000101 0b000a01 10047 100 524288 1584293 146566 26534
0b000b01 0b000c01 10349 100 524288 1724285 6800 1614
0b000001 0b000101 10343 100 524288 1729190 1921 1614
0b000701 0b000001 10343 100 524288 1726999 4176 1614
0b000601 0b000701 10345 100 524288 1727700 3727 1614
0b000301 0b000401 10344 100 524288 1728002 3507 1614
0b000e01 0b000701 10045 100 524288 1562718 169106 26534
0b000e01 0b000f01 10346 100 524288 1727450 4550 1614
0b000701 0b000801 10049 100 524288 1681419 50668 26534
0b000501 0b000601 10347 100 524288 1730127 1972 1614
0b000301 0b000401 10345 100 524288 1728427 3788 1614
0b000201 0b000301 10343 100 524288 1729737 2529 1614
0b000301 0b000401 10346 100 524288 1729148 3417 1614
0b000201 0b000b01 10047 100 524288 1584418 148183 26534
0b000101 0b000201 10344 100 524288 1729377 3363 1614
0b000d01 0b000601 10047 100 524288 1584744 148279 26534
0b000601 0b000701 10346 100 524288 1728231 4877 1614
0b000901 0b000a01 10352 100 524288 1729924 3211 1614
0b000501 0b000601 10348 100 524288 1731239 1960 1614
0b000e01 0b000f01 10347 100 524288 1727806 5369 1614
0b000f01 0b000801 10345 100 524288 1729223 4039 1614
0b000f01 0b000801 10346 100 524288 1729223 4039 1614
0b000401 0b000501 10346 100 524288 1730274 3256 1614
0b000601 0b000701 10347 100 524288 1728531 5005 1614
0b000d01 0b000e01 10349 100 524288 1729000 4285 1614
0b000b01 0b000c01 10350 100 524288 1725863 7642 1614
0b000d01 0b000e01 10350 100 524288 1729176 4334 1614
0b000e01 0b000f01 10348 100 524288 1728110 5527 1614
0b000201 0b000301 10344 100 524288 1731064 2583 1614
0b000e01 0b000f01 10349 100 524288 1728281 5456 1614
0b000c01 0b000d01 10350 100 524288 1730048 3691 1614
0b000c01 0b000d01 10351 100 524288 1730081 3708 1614
0b000a01 0b000b01 10353 100 524288 1731680 2200 1614
0b000801 0b000901 10350 100 524288 1732310 1600 1614
0b000b01 0b000c01 10351 100 524288 1726238 7748 1614
0b000701 0b000001 10344 100 524288 1728817 5076 1614
0b000701 0b000001 10345 100 524288 1729142 4951 1614
0b000b01 0b000c01 10352 100 524288 1726438 7673 1614
0b000701 0b000001 10346 100 524288 1729651 4573 1614
0b000601 0b000701 10348 100 524288 1729606 4641 1614
0b000301 0b000c01 10048 100 524288 1603910 130410 26534
0b000401 0b000501 10347 100 524288 1730787 3764 1614
0b000d01 0b000e01 10351 100 524288 1729900 4422 1614
0b000101 0b000201 10345 100 524288 1730534 4051 1614
0b000f01 0b000801 10347 100 524288 1730274 4050 1614
0b000e01 0b000701 10046 100 524288 1564299 170075 26534
0b000901 0b000201 10048 100 524288 1601608 132891 26534
0b000201 0b000301 10345 100 524288 1732588 2065 1614
0b000401 0b000501 10348 100 524288 1731243 3533 1614
0b000901 0b000a01 10353 100 524288 1730499 4212 1614
0b000e01 0b000f01 10350 100 524288 1732533 2335 1614
0b000601 0b000701 10349 100 524288 1732635 2487 1614
0b000501 0b000601 10349 100 524288 1733647 1587 1614
0b000301 0b000401 10347 100 524288 1733701 1599 1614
0b000901 0b000a01 10354 100 524288 1730846 4240 1614
0b000f01 0b000801 10348 100 524288 1732888 2334 1614
0b000c01 0b000d01 10352 100 524288 1732174 3102 1614
0b000b01 0b000c01 10353 100 524288 1728725 6742 1614
0b000a01 0b000b01 10354 100 524288 1732549 2918 1614
0b000901 0b000a01 10355 100 524288 1733184 2713 1614
0b000001 0b000101 10344 100 524288 1733485 2382 1614
0b000b01 0b000c01 10354 100 524288 1729874 6043 1614
0b000a01 0b000b01 10355 100 524288 1733869 2319 1614
0b000d01 0b000e01 10352 100 524288 1732737 3462 1614
0b000c01 0b000d01 10353 100 524288 1734095 2118 1614
0b000101 0b000a01 10048 100 524288 1593572 142964 26534
0b000001 0b000101 10345 100 524288 1734185 2357 1614
0b000d01 0b000e01 10353 100 524288 1733762 2808 1614
0b000101 0b000201 10346 100 524288 1731631 5169 1614
0b000801 0b000901 10351 100 524288 1735097 1906 1614
0b000301 0b000401 10348 100 524288 1735276 1699 1614
0b000f01 0b000001 10046 100 524288 1565156 171907 26534
0b000f01 0b000801 10349 100 524288 1735010 2060 1614
0b000201 0b000301 10346 100 524288 1735750 1584 1614
0b000b01 0b000c01 10355 100 524288 1733334 3936 1614
0b000a01 0b000b01 10356 100 524288 1736145 1600 1614
0b000601 0b000701 10350 100 524288 1735109 2631 1614
0b000401 0b000501 10349 100 524288 1735225 2732 1614
0b000b01 0b000c01 10356 100 524288 1735611 2385 1614
0b000701 0b000001 10347 100 524288 1734467 3748 1614
0b000401 0b000d01 10048 100 524288 1619197 119076 26534
0b000401 0b000501 10350 100 524288 1735575 2707 1614
0b000101 0b000201 10347 100 524288 1732984 5344 1614
0b000901 0b000a01 10356 100 524288 1736920 1608 1614
0b000101 0b000201 10348 100 524288 1733546 5132 1614
0b000301 0b000c01 10049 100 524288 1614527 124256 26534
0b000101 0b000201 10349 100 524288 1734121 4707 1614
0b000301 0b000401 10349 100 524288 1736657 2227 1614
0b000501 0b000601 10350 100 524288 1736540 2420 1614
0b000501 0b000e01 10048 100 524288 1621544 117483 26534
0b000801 0b000901 10352 100 524288 1736272 2781 1614
0b000e01 0b000f01 10351 100 524288 1736295 2854 1614
0b000e01 0b000f01 10352 100 524288 1736520 2854 1614
0b000b01 0b000401 10048 100 524288 1602685 137046 26534
0b000301 0b000401 10350 100 524288 1737663 2146 1614
0b000401 0b000501 10351 100 524288 1738310 1586 1614
0b000f01 0b000801 10350 100 524288 1736185 3824 1614
0b000401 0b000d01 10049 100 524288 1624678 115417 26534
0b000601 0b000701 10351 100 524288 1736033 4088 1614
0b000a01 0b000301 10049 100 524288 1634247 105913 26534
0b000601 0b000701 10352 100 524288 1736209 4062 1614
0b000701 0b000001 10348 100 524288 1734834 5518 1614
0b000f01 0b000801 10351 100 524288 1736647 3837 1614
0b000201 0b000301 10348 100 524288 1737509 3243 1614
0b000901 0b000201 10049 100 524288 1621632 119057 26534
0b000201 0b000301 10347 100 524288 1737595 3307 1614
0b000501 0b000601 10351 100 524288 1737561 3374 1614
0b000801 0b000901 10353 100 524288 1737334 3481 1614
0b000d01 0b000e01 10354 100 524288 1736749 4066 1614
0b000b01 0b000c01 10357 100 524288 1738477 2344 1614
0b000501 0b000601 10352 100 524288 1737786 3249 1614
0b000601 0b000701 10353 100 524288 1738244 2848 1614
0b000d01 0b000e01 10355 100 524288 1736799 4116 1614
0b000f01 0b000801 10352 100 524288 1737878 3156 1614
0b000001 0b000101 10346 100 524288 1736903 4376 1614
0b000101 0b000201 10350 100 524288 1738877 2407 1614
0b000401 0b000501 10352 100 524288 1739985 1582 1614
0b000a01 0b000b01 10357 100 524288 1737721 3887 1614
0b000c01 0b000d01 10354 100 524288 1736515 5093 1614
0b000901 0b000a01 10357 100 524288 1740013 1602 1614
0b000801 0b000901 10354 100 524288 1738232 3464 1614
0b000001 0b000101 10347 100 524288 1737103 4701 1614
0b000001 0b000101 10348 100 524288 1737234 4695 1614
0b000101 0b000201 10351 100 524288 1739552 2394 1614
0b000e01 0b000f01 10353 100 524288 1739209 2702 1614
0b000b01 0b000c01 10358 100 524288 1739198 2979 1614
0b000e01 0b000f01 10354 100 524288 1739580 2781 1614
0b000c01 0b000501 10048 100 524288 1604447 138026 26534
0b000801 0b000901 10355 100 524288 1740080 2454 1614
0b000201 0b000b01 10048 100 524288 1597969 144555 26534
0b000001 0b000101 10349 100 524288 1740073 2781 1614
0b000d01 0b000e01 10356 100 524288 1738286 4635 1614
0b000b01 0b000c01 10359 100 524288 1740755 2228 1614
0b000a01 0b000b01 10358 100 524288 1738096 4917 1614
0b000101 0b000a01 10049 100 524288 1608208 134882 26534
0b000201 0b000301 10349 100 524288 1739810 3460 1614
0b000601 0b000701 10354 100 524288 1741970 1597 1614
0b000901 0b000a01 10358 100 524288 1742063 1606 1614
0b000d01 0b000e01 10357 100 524288 1739223 4448 1614
0b000e01 0b000f01 10355 100 524288 1742037 1686 1614
0b000701 0b000001 10349 100 524288 1736118 7569 1614
0b000501 0b000601 10353 100 524288 1740967 3127 1614
0b000a01 0b000b01 10359 100 524288 1738907 5318 1614
0b000701 0b000001 10350 100 524288 1736546 7974 1614
0b000a01 0b000b01 10360 100 524288 1739546 5079 1614
0b000501 0b000601 10354 100 524288 1741292 3383 1614
0b000401 0b000501 10353 100 524288 1741894 2826 1614
0b000001 0b000101 10350 100 524288 1743362 1604 1614
0b000f01 0b000801 10353 100 524288 1742159 2841 1614
0b000c01 0b000d01 10355 100 524288 1736996 8022 1614
0b000d01 0b000e01 10358 100 524288 1741283 3819 1614
0b000f01 0b000801 10354 100 524288 1742384 2991 1614
0b000c01 0b000d01 10356 100 524288 1737121 8297 1614
0b000a01 0b000b01 10361 100 524288 1741538 3987 1614
0b000701 0b000001 10351 100 524288 1737257 8313 1614
0b000801 0b000901 10356 100 524288 1743019 2602 1614
0b000701 0b000001 10352 100 524288 1737384 8311 1614
0b000901 0b000201 10050 100 524288 1653991 91794 26534
0b000c01 0b000d01 10357 100 524288 1737330 8613 1614
0b000901 0b000a01 10359 100 524288 1743825 2181 1614
0b000801 0b000901 10357 100 524288 1743494 2577 1614
0b000701 0b000001 10353 100 524288 1738132 8063 1614
0b000d01 0b000e01 10359 100 524288 1743105 3309 1614
0b000401 0b000501 10354 100 524288 1742741 3660 1614
0b000401 0b000501 10355 100 524288 1742819 3607 1614
0b000301 0b000401 10351 100 524288 1743170 3282 1614
0b000501 0b000601 10355 100 524288 1742906 3664 1614
0b000d01 0b000601 10048 100 524288 1607682 138995 26534
0b000501 0b000e01 10049 100 524288 1637604 109162 26534
0b000601 0b000701 10355 100 524288 1743945 2965 1614
0b000901 0b000a01 10360 100 524288 1744706 2170 1614
0b000601 0b000701 10356 100 524288 1744045 2940 1614
0b000a01 0b000b01 10362 100 524288 1744625 2424 1614
0b000b01 0b000c01 10360 100 524288 1744618 2464 1614
0b000d01 0b000e01 10360 100 524288 1744618 2471 1614
0b000e01 0b000f01 10356 100 524288 1743825 3471 1614
0b000e01 0b000f01 10357 100 524288 1743925 3596 1614
0b000201 0b000301 10350 100 524288 1741338 6401 1614
0b000501 0b000601 10356 100 524288 1744577 3402 1614
0b000301 0b000401 10352 100 524288 1743762 4421 1614
0b000f01 0b000801 10355 100 524288 1744921 3416 1614
0b000301 0b000401 10353 100 524288 1743912 4446 1614
0b000201 0b000301 10351 100 524288 1741688 6926 1614
0b000c01 0b000d01 10358 100 524288 1738927 9797 1614
0b000e01 0b000701 10047 100 524288 1577809 170947 26534
0b000201 0b000301 10352 100 524288 1741838 6982 1614
0b000101 0b000201 10352 100 524288 1744814 4033 1614
0b000501 0b000601 10357 100 524288 1745483 3396 1614
0b000f01 0b000801 10356 100 524288 1745371 3516 1614
0b000001 0b000101 10351 100 524288 1746697 2412 1614
0b000301 0b000401 10354 100 524288 1746280 2840 1614
0b000101 0b000201 10353 100 524288 1744939 4239 1614
0b000a01 0b000b01 10363 100 524288 1746100 3106 1614
0b000201 0b000b01 10049 100 524288 1607507 141853 26534
0b000601 0b000701 10357 100 524288 1747104 2493 1614
0b000701 0b000001 10354 100 524288 1743131 6629 1614
0b000a01 0b000b01 10364 100 524288 1746679 2827 1614
0b000f01 0b000801 10357 100 524288 1746733 2854 1614
0b000701 0b000001 10355 100 524288 1743281 6554 1614
0b000b01 0b000401 10049 100 524288 1622641 127474 26534
0b000d01 0b000e01 10361 100 524288 1748028 2148 1614
0b000101 0b000201 10354 100 524288 1745864 4214 1614
0b000c01 0b000d01 10359 100 524288 1740280 9944 1614
0b000701 0b000001 10356 100 524288 1744102 6008 1614
0b000501 0b000601 10358 100 524288 1747730 2707 1614
0b000e01 0b000f01 10358 100 524288 1745931 4678 1614
0b000801 0b000901 10358 100 524288 1748010 2721 1614
0b000201 0b000301 10353 100 524288 1743699 7077 1614
0b000101 0b000201 10355 100 524288 1747976 2802 1614
0b000b01 0b000c01 10361 100 524288 1745534 5227 1614
0b000601 0b000701 10358 100 524288 1747685 3318 1614
0b000401 0b000501 10356 100 524288 1749462 1612 1614
0b000c01 0b000d01 10360 100 524288 1741006 9974 1614
0b000801 0b000901 10359 100 524288 1748385 2696 1614
0b000d01 0b000e01 10362 100 524288 1748953 2129 1614
0b000901 0b000a01 10361 100 524288 1748631 2630 1614
0b000701 0b000001 10357 100 524288 1746577 4614 1614
0b000201 0b000301 10354 100 524288 1744294 6955 1614
0b000001 0b000901 10049 100 524288 1636196 115185 26534
0b000a01 0b000b01 10365 100 524288 1749886 1601 1614
0b000c01 0b000d01 10361 100 524288 1741793 9812 1614
0b000201 0b000301 10355 100 524288 1744956 6543 1614
0b000901 0b000a01 10362 100 524288 1749081 2587 1614
0b000e01 0b000f01 10359 100 524288 1746681 5175 1614
0b000b01 0b000c01 10362 100 524288 1746023 5965 1614
0b000701 0b000001 10358 100 524288 1749920 2346 1614
0b000001 0b000101 10352 100 524288 1747530 4809 1614
0b000601 0b000f01 10049 100 524288 1674294 78069 26534
0b000201 0b000301 10356 100 524288 1748795 3724 1614
0b000c01 0b000d01 10362 100 524288 1743831 8880 1614
0b000501 0b000601 10359 100 524288 1749411 3332 1614
0b000501 0b000601 10360 100 524288 1749436 3307 1614
0b000301 0b000401 10355 100 524288 1750749 2195 1614
0b000f01 0b000801 10358 100 524288 1750306 2843 1614
0b000c01 0b000d01 10363 100 524288 1745187 8049 1614
0b000f01 0b000801 10359 100 524288 1750531 2818 1614
0b000c01 0b000d01 10364 100 524288 1745993 7493 1614
0b000e01 0b000701 10048 100 524288 1584383 169200 26534
0b000101 0b000201 10356 100 524288 1752119 1615 1614
0b000301 0b000401 10356 100 524288 1751624 2170 1614
0b000801 0b000901 10360 100 524288 1751897 2372 1614
0b000e01 0b000f01 10360 100 524288 1748112 6197 1614
0b000c01 0b000d01 10365 100 524288 1750092 4269 1614
0b000701 0b000001 10359 100 524288 1751766 2675 1614
0b000801 0b000101 10050 100 524288 1707095 47287 26534
0b000d01 0b000601 10049 100 524288 1625224 129194 26534
0b000001 0b000101 10353 100 524288 1748580 5965 1614
0b000b01 0b000c01 10363 100 524288 1747235 7311 1614
0b000001 0b000101 10354 100 524288 1748705 5990 1614
0b000701 0b000801 10050 100 524288 1718557 36280 26534
0b000f01 0b000001 10047 100 524288 1579615 175199 26534
0b000601 0b000701 10360 100 524288 1749580 5329 1614
0b000801 0b000901 10361 100 524288 1752597 2347 1614
0b000f01 0b000801 10360 100 524288 1753619 1586 1614
0b000b01 0b000c01 10364 100 524288 1747635 7661 1614
0b000601 0b000701 10359 100 524288 1749687 5422 1614
0b000001 0b000101 10355 100 524288 1749205 6090 1614
0b000c01 0b000d01 10366 100 524288 1753771 1827 1614
0b000401 0b000501 10357 100 524288 1751193 4418 1614
0b000501 0b000601 10361 100 524288 1754084 1615 1614
0b000701 0b000001 10360 100 524288 1752607 3121 1614
0b000501 0b000e01 10050 100 524288 1669067 86801 26534
0b000401 0b000501 10358 100 524288 1751368 4693 1614
0b000d01 0b000e01 10363 100 524288 1753234 2721 1614
0b000701 0b000001 10361 100 524288 1754013 2440 1614
0b000201 0b000301 10357 100 524288 1751857 4642 1614
0b000b01 0b000c01 10365 100 524288 1748535 7886 1614
0b000e01 0b000f01 10361 100 524288 1749424 7016 1614
0b000601 0b000701 10361 100 524288 1750989 5854 1614
0b000e01 0b000f01 10362 100 524288 1749776 7064 1614
0b000a01 0b000b01 10366 100 524288 1754271 2645 1614
0b000401 0b000d01 10050 100 524288 1681701 75233 26534
0b000101 0b000201 10357 100 524288 1755349 1603 1614
0b000f01 0b000801 10361 100 524288 1755373 1600 1614
0b000201 0b000301 10358 100 524288 1752188 4773 1614
0b000e01 0b000f01 10363 100 524288 1750099 6891 1614
0b000a01 0b000b01 10367 100 524288 1754678 2663 1614
0b000401 0b000501 10359 100 524288 1752130 5181 1614
0b000901 0b000a01 10363 100 524288 1753741 3718 1614
0b000b01 0b000c01 10366 100 524288 1750059 7572 1614
0b000301 0b000401 10357 100 524288 1753786 4045 1614
0b000601 0b000701 10362 100 524288 1751889 6279 1614
0b000201 0b000301 10359 100 524288 1753088 5179 1614
0b000401 0b000501 10360 100 524288 1753125 5167 1614
0b000e01 0b000f01 10364 100 524288 1753186 5179 1614
0b000701 0b000001 10362 100 524288 1756593 1747 1614
0b000a01 0b000301 10050 100 524288 1688332 70121 26534
0b000e01 0b000f01 10365 100 524288 1754092 4448 1614
0b000901 0b000a01 10364 100 524288 1754091 4468 1614
0b000201 0b000301 10360 100 524288 1753788 4954 1614
0b000b01 0b000c01 10367 100 524288 1752216 6690 1614
0b000f01 0b000801 10362 100 524288 1757319 1590 1614
0b000b01 0b000c01 10368 100 524288 1752370 6586 1614
0b000901 0b000a01 10365 100 524288 1754391 4643 1614
0b000301 0b000401 10358 100 524288 1754259 4909 1614
0b000301 0b000401 10359 100 524288 1754509 4915 1614
0b000c01 0b000501 10049 100 524288 1634641 124578 26534
0b000b01 0b000c01 10369 100 524288 1754497 4809 1614
0b000201 0b000301 10361 100 524288 1756744 2748 1614
0b000d01 0b000e01 10364 100 524288 1753990 5541 1614
0b000001 0b000101 10356 100 524288 1752770 6979 1614
0b000c01 0b000d01 10367 100 524288 1757556 2315 1614
0b000401 0b000501 10361 100 524288 1755954 3856 1614
0b000301 0b000401 10360 100 524288 1755529 4319 1614
0b000801 0b000901 10362 100 524288 1756159 3816 1614
0b000f01 0b000001 10048 100 524288 1587348 172657 26534
0b000601 0b000701 10363 100 524288 1753447 6474 1614
0b000401 0b000501 10362 100 524288 1756804 3281 1614
0b000501 0b000601 10362 100 524288 1758621 1600 1614
0b000001 0b000101 10357 100 524288 1753120 7329 1614
0b000e01 0b000f01 10366 100 524288 1758878 1618 1614
0b000c01 0b000d01 10368 100 524288 1758306 2295 1614
0b000801 0b000901 10363 100 524288 1756359 4266 1614
0b000101 0b000201 10358 100 524288 1757392 3597 1614
0b000701 0b000001 10363 100 524288 1757919 3077 1614
0b000901 0b000a01 10366 100 524288 1757279 3642 1614
0b000701 0b000001 10364 100 524288 1758119 2977 1614
0b000901 0b000a01 10367 100 524288 1757954 3217 1614
0b000d01 0b000e01 10365 100 524288 1754615 6626 1614
0b000601 0b000f01 10050 100 524288 1692748 68717 26534
0b000201 0b000301 10362 100 524288 1759962 1617 1614
0b000101 0b000201 10359 100 524288 1757705 3884 1614
0b000b01 0b000c01 10370 100 524288 1760351 1593 1614
0b000001 0b000101 10358 100 524288 1754201 7527 1614
0b000101 0b000201 10360 100 524288 1758305 3590 1614
0b000601 0b000701 10364 100 524288 1755753 6468 1614
0b000601 0b000701 10365 100 524288 1755753 6493 1614
0b000501 0b000601 10363 100 524288 1760321 2087 1614
0b000401 0b000501 10363 100 524288 1760841 1594 1614
0b000c01 0b000d01 10369 100 524288 1760641 2036 1614
0b000701 0b000001 10365 100 524288 1761178 1605 1614
0b000601 0b000701 10366 100 524288 1757428 5549 1614
0b000d01 0b000e01 10366 100 524288 1755721 7426 1614
0b000801 0b000901 10364 100 524288 1757847 5303 1614
0b000001 0b000101 10359 100 524288 1755276 7980 1614
0b000601 0b000701 10367 100 524288 1758709 4568 1614
0b000801 0b000901 10365 100 524288 1758215 5310 1614
0b000301 0b000401 10361 100 524288 1759509 4150 1614
0b000d01 0b000e01 10367 100 524288 1756246 7701 1614
0b000e01 0b000f01 10367 100 524288 1762541 1598 1614
0b000a01 0b000b01 10368 100 524288 1761569 2591 1614
0b000f01 0b000801 10363 100 524288 1759450 4833 1614
0b000d01 0b000e01 10368 100 524288 1756496 7851 1614
0b000801 0b000901 10366 100 524288 1759983 4473 1614
0b000701 0b000001 10366 100 524288 1762931 1600 1614
0b000901 0b000a01 10368 100 524288 1762985 1604 1614
0b000601 0b000701 10368 100 524288 1763231 1596 1614
0b000a01 0b000b01 10369 100 524288 1762044 2862 1614
0b000801 0b000901 10367 100 524288 1761919 3112 1614
0b000401 0b000501 10364 100 524288 1762434 2657 1614
0b000101 0b000201 10361 100 524288 1762759 2492 1614
0b000301 0b000401 10362 100 524288 1759971 5428 1614
0b000401 0b000501 10365 100 524288 1762858 2639 1614
0b000e01 0b000f01 10368 100 524288 1764251 1619 1614
0b000501 0b000601 10364 100 524288 1761302 4466 1614
0b000d01 0b000e01 10369 100 524288 1758608 7389 1614
0b000a01 0b000b01 10370 100 524288 1764181 1881 1614
0b000201 0b000301 10363 100 524288 1763999 2491 1614
0b000f01 0b000801 10364 100 524288 1759850 6657 1614
0b000101 0b000201 10362 100 524288 1763459 3267 1614
0b000001 0b000901 10050 100 524288 1669741 97209 26534
0b000f01 0b000801 10365 100 524288 1760000 6882 1614
0b000c01 0b000d01 10370 100 524288 1761916 4985 1614
0b000c01 0b000d01 10371 100 524288 1761966 5016 1614
0b000d01 0b000e01 10370 100 524288 1759944 7040 1614
0b000601 0b000701 10369 100 524288 1765418 1590 1614
0b000201 0b000301 10364 100 524288 1764599 2472 1614
0b000c01 0b000d01 10372 100 524288 1762316 4866 1614
0b000001 0b000101 10360 100 524288 1757451 10105 1614
0b000501 0b000601 10365 100 524288 1762229 5335 1614
0b000f01 0b000001 10049 100 524288 1596912 170915 26534
0b000901 0b000a01 10369 100 524288 1766160 1758 1614
0b000301 0b000401 10363 100 524288 1761277 6726 1614
0b000101 0b000201 10363 100 524288 1764738 3269 1614
0b000c01 0b000d01 10373 100 524288 1764954 3116 1614
0b000001 0b000101 10361 100 524288 1757824 10332 1614
0b000301 0b000401 10364 100 524288 1761463 6696 1614
0b000301 0b000401 10365 100 524288 1761752 6563 1614
0b000501 0b000601 10366 100 524288 1762820 5575 1614
0b000301 0b000401 10366 100 524288 1762502 5984 1614
0b000501 0b000601 10367 100 524288 1763095 5514 1614
0b000d01 0b000e01 10371 100 524288 1762881 5776 1614
0b000101 0b000201 10364 100 524288 1766266 2447 1614
0b000801 0b000901 10368 100 524288 1767293 1600 1614
0b000e01 0b000f01 10369 100 524288 1766157 2737 1614
0b000d01 0b000e01 10372 100 524288 1763611 5302 1614
0b000f01 0b000801 10366 100 524288 1761375 7688 1614
0b000001 0b000101 10362 100 524288 1758738 10468 1614
0b000a01 0b000b01 10371 100 524288 1767599 1617 1614
0b000f01 0b000801 10367 100 524288 1761550 7763 1614
0b000d01 0b000e01 10373 100 524288 1765687 3701 1614
0b000b01 0b000c01 10371 100 524288 1767170 2456 1614
0b000501 0b000601 10368 100 524288 1765445 4314 1614
0b000001 0b000101 10363 100 524288 1759463 10343 1614
0b000201 0b000301 10365 100 524288 1768261 1589 1614
0b000401 0b000501 10366 100 524288 1768409 1616 1614
0b000601 0b000701 10370 100 524288 1768778 1604 1614
0b000901 0b000a01 10370 100 524288 1767466 2901 1614
0b000501 0b000601 10369 100 524288 1768507 2142 1614
0b000f01 0b000801 10368 100 524288 1763506 7332 1614
0b000601 0b000f01 10051 100 524288 1721485 49442 26534
0b000b01 0b000c01 10372 100 524288 1767916 3187 1614
0b000701 0b000001 10367 100 524288 1765231 5893 1614
0b000701 0b000001 10368 100 524288 1765256 5868 1614
0b000901 0b000a01 10371 100 524288 1768041 3126 1614
0b000001 0b000101 10364 100 524288 1761350 9893 1614
0b000f01 0b000801 10369 100 524288 1764475 6888 1614
0b000e01 0b000f01 10370 100 524288 1766957 4554 1614
0b000201 0b000301 10366 100 524288 1769736 1780 1614
0b000b01 0b000c01 10373 100 524288 1769072 2606 1614
0b000301 0b000401 10367 100 524288 1769500 2467 1614
0b000801 0b000901 10369 100 524288 1769517 2700 1614
0b000901 0b000a01 10372 100 524288 1769960 2288 1614
0b000e01 0b000f01 10371 100 524288 1767357 4904 1614
0b000f01 0b000801 10370 100 524288 1767149 5376 1614
0b000a01 0b000b01 10372 100 524288 1770928 1606 1614
0b000301 0b000401 10368 100 524288 1770081 2461 1614
0b000601 0b000701 10371 100 524288 1770574 2025 1614
0b000001 0b000101 10365 100 524288 1763015 9609 1614
0b000701 0b000001 10369 100 524288 1765987 6643 1614
0b000801 0b000901 10370 100 524288 1769892 2806 1614
0b000201 0b000301 10367 100 524288 1771017 1774 1614
0b000701 0b000001 10370 100 524288 1766287 6643 1614
0b000f01 0b000801 10371 100 524288 1768880 4320 1614
0b000101 0b000201 10365 100 524288 1770566 2521 1614
0b000301 0b000c01 10050 100 524288 1689531 83563 26534
0b000001 0b000101 10366 100 524288 1764006 9324 1614
0b000001 0b000101 10367 100 524288 1764106 9249 1614
0b000901 0b000a01 10373 100 524288 1771903 1676 1614
0b000101 0b000a01 10050 100 524288 1681607 92154 26534
0b000001 0b000101 10368 100 524288 1765793 7968 1614
0b000701 0b000001 10371 100 524288 1767837 5943 1614
0b000801 0b000901 10371 100 524288 1772323 1756 1614
0b000101 0b000201 10366 100 524288 1771166 3064 1614
0b000d01 0b000e01 10374 100 524288 1769911 4239 1614
0b000f01 0b000801 10372 100 524288 1771904 2321 1614
0b000d01 0b000e01 10375 100 524288 1769992 4321 1614
0b000301 0b000401 10369 100 524288 1772860 1603 1614
0b000d01 0b000e01 10376 100 524288 1770192 4246 1614
0b000701 0b000001 10372 100 524288 1770018 4593 1614
0b000601 0b000701 10372 100 524288 1771619 2998 1614
0b000001 0b000101 10369 100 524288 1770837 3905 1614
0b000e01 0b000f01 10372 100 524288 1769007 6053 1614
0b000401 0b000501 10367 100 524288 1771013 4138 1614
0b000701 0b000001 10373 100 524288 1773392 2194 1614
0b000401 0b000501 10368 100 524288 1771169 4432 1614
0b000101 0b000201 10367 100 524288 1772816 2945 1614
0b000a01 0b000b01 10373 100 524288 1773377 2400 1614
0b000401 0b000501 10369 100 524288 1771325 4501 1614
0b000401 0b000d01 10051 100 524288 1734519 41349 26534
0b000501 0b000e01 10051 100 524288 1731489 44502 26534
0b000601 0b000701 10373 100 524288 1772769 3315 1614
0b000301 0b000401 10370 100 524288 1774526 1605 1614
0b000001 0b000101 10370 100 524288 1774134 2050 1614
0b000e01 0b000f01 10373 100 524288 1769994 6391 1614
0b000601 0b000701 10374 100 524288 1773659 2875 1614
0b000f01 0b000801 10373 100 524288 1773937 2625 1614
0b000901 0b000a01 10374 100 524288 1775227 1583 1614
0b000c01 0b000d01 10374 100 524288 1774113 2706 1614
0b000801 0b000901 10372 100 524288 1773848 3168 1614
0b000f01 0b000801 10374 100 524288 1774521 2566 1614
0b000b01 0b000c01 10374 100 524288 1775544 1614 1614
0b000e01 0b000701 10049 100 524288 1614035 163307 26534
0b000701 0b000001 10374 100 524288 1775609 1583 1614
0b000a01 0b000b01 10374 100 524288 1774177 3712 1614
0b000c01 0b000d01 10375 100 524288 1774688 3212 1614
0b000101 0b000201 10368 100 524288 1774253 3739 1614
0b000201 0b000301 10368 100 524288 1776097 1918 1614
0b000e01 0b000f01 10374 100 524288 1771667 6326 1614
0b000e01 0b000f01 10375 100 524288 1771923 6297 1614
0b000801 0b000901 10373 100 524288 1774373 4097 1614
0b000e01 0b000f01 10376 100 524288 1772398 6122 1614
0b000401 0b000501 10370 100 524288 1774977 3584 1614
0b000c01 0b000d01 10376 100 524288 1776104 2502 1614
0b000901 0b000a01 10375 100 524288 1777089 1608 1614
0b000401 0b000501 10371 100 524288 1775552 3409 1614
0b000901 0b000201 10051 100 524288 1745544 33519 26534
0b000201 0b000301 10369 100 524288 1777240 1900 1614
0b000701 0b000001 10375 100 524288 1777627 1590 1614
0b000a01 0b000b01 10375 100 524288 1775258 4279 1614
0b000801 0b000901 10374 100 524288 1775535 4085 1614
0b000401 0b000501 10372 100 524288 1777473 2413 1614
0b000f01 0b000801 10375 100 524288 1778070 1735 1614
0b000001 0b000101 10371 100 524288 1775640 4279 1614
0b000801 0b000901 10375 100 524288 1776210 3791 1614
0b000001 0b000101 10372 100 524288 1775940 4454 1614
0b000b01 0b000c01 10375 100 524288 1778787 1583 1614
0b000d01 0b000e01 10377 100 524288 1778878 2115 1614
0b000f01 0b000801 10376 100 524288 1779395 1735 1614
0b000101 0b000201 10369 100 524288 1775634 5520 1614
0b000a01 0b000b01 10376 100 524288 1776589 4562 1614
0b000a01 0b000b01 10377 100 524288 1776771 4480 1614
0b000001 0b000101 10373 100 524288 1776790 4829 1614
0b000901 0b000a01 10376 100 524288 1780026 1583 1614
0b000501 0b000601 10370 100 524288 1778161 3531 1614
0b000e01 0b000f01 10377 100 524288 1777160 4524 1614
0b000e01 0b000f01 10378 100 524288 1777323 4411 1614
0b000c01 0b000d01 10377 100 524288 1780168 1606 1614
0b000d01 0b000e01 10378 100 524288 1779829 2263 1614
0b000e01 0b000f01 10379 100 524288 1779001 3314 1614
0b000801 0b000901 10376 100 524288 1779572 2831 1614
0b000b01 0b000c01 10376 100 524288 1780899 1583 1614
0b000701 0b000001 10376 100 524288 1779094 3241 1614
0b000101 0b000201 10370 100 524288 1776365 6195 1614
0b000a01 0b000b01 10378 100 524288 1779820 2862 1614
0b000801 0b000901 10377 100 524288 1780097 2681 1614
0b000001 0b000101 10374 100 524288 1778596 4229 1614
0b000101 0b000201 10371 100 524288 1776771 6170 1614
0b000301 0b000401 10371 100 524288 1781025 1933 1614
0b000201 0b000301 10370 100 524288 1781002 2006 1614
0b000d01 0b000e01 10379 100 524288 1781616 1755 1614
0b000701 0b000001 10377 100 524288 1779544 3637 1614
0b000901 0b000a01 10377 100 524288 1781480 2035 1614
0b000001 0b000101 10375 100 524288 1780202 3054 1614
0b000501 0b000601 10371 100 524288 1778611 4662 1614
0b000501 0b000601 10372 100 524288 1778836 4743 1614
0b000701 0b000001 10378 100 524288 1780352 3235 1614
0b000101 0b000201 10372 100 524288 1777752 5956 1614
0b000a01 0b000b01 10379 100 524288 1781707 2006 1614
0b000f01 0b000801 10377 100 524288 1781003 2812 1614
0b000301 0b000401 10372 100 524288 1782150 1912 1614
0b000201 0b000301 10371 100 524288 1782073 1991 1614
0b000f01 0b000801 10378 100 524288 1781230 2810 1614
0b000b01 0b000c01 10377 100 524288 1782547 1583 1614
0b000801 0b000901 10378 100 524288 1782815 1748 1614
0b000101 0b000201 10373 100 524288 1779194 5570 1614
0b000c01 0b000d01 10378 100 524288 1783380 1606 1614
0b000501 0b000601 10373 100 524288 1781571 3881 1614
0b000501 0b000601 10374 100 524288 1781971 3606 1614
0b000201 0b000301 10372 100 524288 1784164 1656 1614
0b000901 0b000a01 10378 100 524288 1782630 3264 1614
0b000801 0b000901 10379 100 524288 1784140 1754 1614
0b000e01 0b000f01 10380 100 524288 1784003 1981 1614
0b000a01 0b000b01 10380 100 524288 1784619 1600 1614
0b000601 0b000701 10375 100 524288 1784702 1581 1614
0b000901 0b000a01 10379 100 524288 1783011 3289 1614
0b000d01 0b000e01 10380 100 524288 1784784 1600 1614
0b000a01 0b000301 10051 100 524288 1723688 62888 26534
0b000d01 0b000601 10050 100 524288 1670318 116264 26534
0b000101 0b000201 10374 100 524288 1782929 4141 1614
0b000901 0b000a01 10380 100 524288 1785413 2062 1614
0b000101 0b000201 10375 100 524288 1783404 4116 1614
0b000e01 0b000f01 10381 100 524288 1785102 2492 1614
0b000601 0b000701 10376 100 524288 1786283 1581 1614
0b000401 0b000501 10373 100 524288 1785968 1950 1614
0b000b01 0b000c01 10378 100 524288 1784161 3639 1614
0b000001 0b000101 10376 100 524288 1785345 2637 1614
0b000301 0b000401 10373 100 524288 1786018 2002 1614
0b000b01 0b000c01 10379 100 524288 1784261 3689 1614
0b000c01 0b000501 10050 100 524288 1674599 113469 26534
0b000a01 0b000b01 10381 100 524288 1786525 1623 1614
0b000e01 0b000f01 10382 100 524288 1786381 2140 1614
0b000b01 0b000c01 10380 100 524288 1785692 2962 1614
0b000801 0b000901 10380 100 524288 1787050 1619 1614
0b000c01 0b000d01 10379 100 524288 1787140 1581 1614
0b000f01 0b000801 10379 100 524288 1784694 4131 1614
0b000f01 0b000801 10380 100 524288 1784744 4137 1614
0b000401 0b000501 10374 100 524288 1787072 1952 1614
0b000301 0b000401 10374 100 524288 1787074 2096 1614
0b000f01 0b000801 10381 100 524288 1785325 3937 1614
0b000901 0b000a01 10381 100 524288 1787573 1706 1614
0b000b01 0b000401 10050 100 524288 1686583 102844 26534
0b000201 0b000301 10373 100 524288 1785570 3918 1614
0b000101 0b000201 10376 100 524288 1785835 3691 1614
0b000001 0b000101 10377 100 524288 1786191 3441 1614
0b000d01 0b000e01 10381 100 524288 1787996 1598 1614
0b000101 0b000201 10377 100 524288 1786266 3366 1614
0b000001 0b000101 10378 100 524288 1786597 3241 1614
0b000601 0b000701 10377 100 524288 1788462 1906 1614
0b000201 0b000301 10374 100 524288 1785951 4629 1614
0b000901 0b000a01 10382 100 524288 1788904 1706 1614
0b000f01 0b000801 10382 100 524288 1788994 1650 1614
0b000101 0b000a01 10051 100 524288 1709111 81760 26534
0b000b01 0b000c01 10381 100 524288 1789229 1606 1614
0b000e01 0b000f01 10383 100 524288 1789394 1585 1614
0b000a01 0b000b01 10382 100 524288 1789310 1881 1614
0b000301 0b000401 10375 100 524288 1788830 2502 1614
0b000601 0b000701 10378 100 524288 1789592 1911 1614
0b000201 0b000301 10375 100 524288 1786718 4993 1614
0b000301 0b000401 10376 100 524288 1789586 2402 1614
0b000a01 0b000b01 10383 100 524288 1790485 1873 1614
0b000201 0b000301 10376 100 524288 1787774 4620 1614
0b000701 0b000001 10379 100 524288 1790874 1581 1614
0b000f01 0b000801 10383 100 524288 1790604 2106 1614
0b000b01 0b000c01 10382 100 524288 1791158 1602 1614
0b000c01 0b000d01 10380 100 524288 1790960 2331 1614
0b000401 0b000501 10375 100 524288 1791030 2143 1614
0b000d01 0b000e01 10382 100 524288 1791731 1585 1614
0b000f01 0b000801 10384 100 524288 1791531 2129 1614
0b000201 0b000301 10377 100 524288 1790080 3693 1614
0b000c01 0b000d01 10381 100 524288 1791664 2358 1614
0b000101 0b000201 10378 100 524288 1792848 1602 1614
0b000301 0b000401 10377 100 524288 1792498 1977 1614
0b000501 0b000601 10375 100 524288 1790928 3758 1614
0b000501 0b000601 10376 100 524288 1791078 3883 1614
0b000701 0b000001 10380 100 524288 1793378 1906 1614
0b000501 0b000601 10377 100 524288 1792034 3402 1614
0b000c01 0b000d01 10382 100 524288 1793845 1623 1614
0b000201 0b000301 10378 100 524288 1792536 3368 1614
0b000201 0b000301 10379 100 524288 1792642 3312 1614
0b000401 0b000501 10376 100 524288 1792180 3949 1614
0b000301 0b000401 10378 100 524288 1793590 2652 1614
0b000701 0b000001 10381 100 524288 1794513 1902 1614
0b000a01 0b000b01 10384 100 524288 1793620 2798 1614
0b000401 0b000501 10377 100 524288 1792437 4073 1614
0b000a01 0b000b01 10385 100 524288 1793881 2787 1614
0b000801 0b000901 10381 100 524288 1791835 5006 1614
0b000b01 0b000c01 10383 100 524288 1795368 1602 1614
0b000001 0b000101 10379 100 524288 1795465 1581 1614
0b000301 0b000401 10379 100 524288 1794721 2377 1614
0b000801 0b000901 10382 100 524288 1791891 5156 1614
0b000c01 0b000d01 10383 100 524288 1795770 1581 1614
0b000801 0b000901 10383 100 524288 1792272 5306 1614
0b000d01 0b000e01 10383 100 524288 1796301 1581 1614
0b000501 0b000601 10378 100 524288 1796183 1590 1614
0b000e01 0b000f01 10384 100 524288 1796326 1581 1614
0b000801 0b000901 10384 100 524288 1793654 4830 1614
0b000301 0b000401 10380 100 524288 1796783 1677 1614
0b000401 0b000501 10378 100 524288 1794342 4162 1614
0b000401 0b000501 10379 100 524288 1794998 3962 1614
0b000201 0b000301 10380 100 524288 1797460 1604 1614
0b000801 0b000901 10385 100 524288 1796670 2570 1614
0b000401 0b000501 10380 100 524288 1797485 2454 1614
0b000701 0b000801 10051 100 524288 1740750 59682 26534
0b000301 0b000401 10381 100 524288 1798964 1594 1614
0b000601 0b000701 10379 100 524288 1797971 2593 1614
0b000001 0b000101 10380 100 524288 1799425 1581 1614
0b000601 0b000701 10380 100 524288 1798446 2568 1614
0b000101 0b000201 10379 100 524288 1800056 1581 1614
0b000c01 0b000d01 10384 100 524288 1799980 1598 1614
0b000401 0b000501 10381 100 524288 1800108 1681 1614
0b000501 0b000601 10379 100 524288 1799139 2775 1614
0b000d01 0b000e01 10384 100 524288 1800361 1581 1614
0b000b01 0b000c01 10384 100 524288 1799428 2806 1614
0b000b01 0b000c01 10385 100 524288 1799678 2787 1614
0b000e01 0b000f01 10385 100 524288 1800892 1581 1614
0b000f01 0b000801 10385 100 524288 1800917 1581 1614
0b000501 0b000601 10380 100 524288 1799520 3444 1614
0b000901 0b000a01 10383 100 524288 1800057 3206 1614
0b000401 0b000501 10382 100 524288 1801470 1704 1614
0b000201 0b000b01 10050 100 524288 1682413 121218 26534
0b000301 0b000401 10382 100 524288 1802074 1581 1614
0b000501 0b000601 10381 100 524288 1801514 3393 1614
0b000901 0b000a01 10384 100 524288 1800588 4279 1614
0b000801 0b000901 10386 100 524288 1803442 1602 1614
0b000701 0b000001 10382 100 524288 1803574 1600 1614
0b000501 0b000601 10382 100 524288 1801970 3304 1614
0b000101 0b000201 10380 100 524288 1804016 1581 1614
0b000901 0b000a01 10385 100 524288 1801494 4256 1614
0b000901 0b000a01 10386 100 524288 1802250 3756 1614
0b000d01 0b000e01 10385 100 524288 1804588 1587 1614
0b000501 0b000601 10383 100 524288 1804799 1750 1614
0b000601 0b000701 10381 100 524288 1804924 2006 1614
0b000f01 0b000801 10386 100 524288 1805483 1581 1614
0b000c01 0b000d01 10385 100 524288 1805475 1591 1614
0b000301 0b000c01 10051 100 524288 1721839 85930 26534
0b000601 0b000701 10382 100 524288 1805974 1987 1614
0b000401 0b000501 10383 100 524288 1806665 1581 1614
0b000b01 0b000c01 10386 100 524288 1806641 1586 1614
0b000901 0b000a01 10387 100 524288 1808054 1598 1614
0b000001 0b000101 10381 100 524288 1808184 1581 1614
0b000201 0b000301 10381 100 524288 1808607 1581 1614
0b000a01 0b000b01 10386 100 524288 1807877 2606 1614
0b000601 0b000701 10383 100 524288 1807917 3173 1614
0b000801 0b000901 10387 100 524288 1810074 1581 1614
0b000d01 0b000e01 10386 100 524288 1810076 1603 1614
0b000601 0b000701 10384 100 524288 1808284 3522 1614
0b000a01 0b000b01 10387 100 524288 1808760 3479 1614
0b000701 0b000001 10383 100 524288 1809940 2014 1614
0b000601 0b000701 10385 100 524288 1809559 2872 1614
0b000a01 0b000b01 10388 100 524288 1809016 3354 1614
0b000501 0b000601 10384 100 524288 1811256 1581 1614
0b000701 0b000001 10384 100 524288 1810971 2006 1614
0b000b01 0b000401 10051 100 524288 1708169 105013 26534
0b000c01 0b000d01 10386 100 524288 1810779 2581 1614
0b000c01 0b000d01 10387 100 524288 1811237 2581 1614
0b000a01 0b000b01 10389 100 524288 1812662 1581 1614
0b000601 0b000f01 10052 100 524288 1771405 42895 26534
0b000101 0b000201 10381 100 524288 1812775 1581 1614
0b000301 0b000401 10383 100 524288 1813198 1581 1614
0b000b01 0b000c01 10387 100 524288 1813493 1581 1614
0b000001 0b000901 10051 100 524288 1720023 96069 26534
0b000e01 0b000f01 10386 100 524288 1814689 1581 1614
0b000701 0b000001 10385 100 524288 1814816 1598 1614
0b000b01 0b000c01 10388 100 524288 1815249 1581 1614
0b000001 0b000101 10382 100 524288 1814964 2031 1614
0b000701 0b000801 10052 100 524288 1749995 67545 26534
0b000401 0b000501 10384 100 524288 1816192 1581 1614
0b000001 0b000101 10383 100 524288 1815987 2014 1614
0b000b01 0b000c01 10389 100 524288 1817253 1581 1614
0b000f01 0b000801 10387 100 524288 1817310 1581 1614
0b000d01 0b000e01 10387 100 524288 1816370 2589 1614
0b000201 0b000301 10382 100 524288 1817366 1581 1614
0b000401 0b000501 10385 100 524288 1817789 1581 1614
0b000d01 0b000e01 10388 100 524288 1816828 2581 1614
0b000c01 0b000d01 10388 100 524288 1818084 1581 1614
0b000901 0b000a01 10388 100 524288 1819102 1598 1614
0b000001 0b000101 10384 100 524288 1819424 1581 1614
0b000f01 0b000801 10388 100 524288 1819280 1595 1614
0b000801 0b000901 10388 100 524288 1820550 1681 1614
0b000d01 0b000601 10051 100 524288 1708697 113559 26534
0b000501 0b000601 10385 100 524288 1820783 1581 1614
0b000101 0b000201 10382 100 524288 1821011 1581 1614
0b000301 0b000401 10384 100 524288 1821957 1581 1614
0b000c01 0b000d01 10389 100 524288 1821844 1581 1614
0b000801 0b000901 10389 100 524288 1821901 1686 1614
0b000801 0b000101 10051 100 524288 1736272 87610 26534
0b000e01 0b000f01 10387 100 524288 1821969 2606 1614
0b000e01 0b000f01 10388 100 524288 1822419 2587 1614
0b000a01 0b000b01 10390 100 524288 1823710 1581 1614
0b000801 0b000901 10390 100 524288 1823885 1581 1614
0b000101 0b000201 10383 100 524288 1824015 1581 1614
0b000e01 0b000701 10050 100 524288 1664573 162166 26534
0b000901 0b000a01 10389 100 524288 1825241 1681 1614
0b000201 0b000301 10383 100 524288 1825602 1590 1614
0b000601 0b000701 10387 100 524288 1825266 2931 1614
0b000d01 0b000e01 10389 100 524288 1826435 1581 1614
0b000901 0b000a01 10390 100 524288 1826597 1681 1614
0b000601 0b000701 10386 100 524288 1825374 2929 1614
0b000101 0b000201 10384 100 524288 1826892 1581 1614
0b000b01 0b000c01 10390 100 524288 1828301 1581 1614
0b000f01 0b000801 10389 100 524288 1827585 2606 1614
0b000c01 0b000501 10051 100 524288 1712515 117874 26534
0b000f01 0b000801 10390 100 524288 1828016 2606 1614
0b000701 0b000001 10386 100 524288 1829749 1581 1614
0b000a01 0b000b01 10391 100 524288 1829932 1681 1614
0b000e01 0b000f01 10389 100 524288 1831026 1581 1614
0b000a01 0b000b01 10392 100 524288 1831288 1681 1614
0b000201 0b000301 10384 100 524288 1831483 1581 1614
0b000701 0b000001 10387 100 524288 1831207 2931 1614
0b000701 0b000001 10388 100 524288 1831313 2931 1614
0b000c01 0b000d01 10390 100 524288 1832892 1581 1614
0b000501 0b000601 10386 100 524288 1833399 1581 1614
0b000201 0b000b01 10051 100 524288 1708355 126944 26534
0b000801 0b000901 10391 100 524288 1833201 2606 1614
0b000001 0b000101 10385 100 524288 1834340 1581 1614
0b000801 0b000901 10392 100 524288 1833632 2606 1614
0b000b01 0b000c01 10391 100 524288 1834623 1681 1614
0b000b01 0b000c01 10392 100 524288 1835979 1681 1614
0b000301 0b000401 10385 100 524288 1836074 1581 1614
0b000a01 0b000301 10052 100 524288 1749016 88979 26534
0b000d01 0b000e01 10390 100 524288 1837483 1581 1614
0b000601 0b000701 10388 100 524288 1837990 1581 1614
0b000b01 0b000c01 10393 100 524288 1838309 1605 1614
0b000001 0b000101 10386 100 524288 1837148 2933 1614
0b000001 0b000101 10387 100 524288 1837254 2952 1614
0b000f01 0b000001 10050 100 524288 1675134 165283 26534
0b000101 0b000201 10385 100 524288 1838931 1581 1614
0b000c01 0b000d01 10391 100 524288 1839314 1681 1614
0b000901 0b000a01 10391 100 524288 1838817 2606 1614
0b000901 0b000a01 10392 100 524288 1839248 2606 1614
0b000701 0b000801 10053 100 524288 1759853 82170 26534
0b000c01 0b000d01 10392 100 524288 1840670 1681 1614
0b000401 0b000501 10386 100 524288 1840665 1590 1614
0b000301 0b000401 10386 100 524288 1841005 1581 1614
0b000e01 0b000f01 10390 100 524288 1842074 1581 1614
0b000701 0b000001 10389 100 524288 1842581 1596 1614
0b000c01 0b000d01 10393 100 524288 1842924 1581 1614
0b000001 0b000101 10388 100 524288 1843427 1589 1614
0b000201 0b000301 10385 100 524288 1843522 1594 1614
0b000d01 0b000e01 10391 100 524288 1844005 1681 1614
0b000101 0b000201 10386 100 524288 1843091 2931 1614
0b000a01 0b000b01 10393 100 524288 1844433 1581 1614
0b000101 0b000201 10387 100 524288 1843216 2912 1614
0b000801 0b000901 10393 100 524288 1845033 1581 1614
0b000501 0b000601 10387 100 524288 1845265 1606 1614
0b000d01 0b000e01 10392 100 524288 1845361 1681 1614
0b000401 0b000501 10387 100 524288 1845596 1581 1614
0b000f01 0b000801 10391 100 524288 1846665 1581 1614
0b000001 0b000101 10389 100 524288 1847187 1589 1614
0b000d01 0b000e01 10393 100 524288 1847515 1581 1614
0b000301 0b000c01 10052 100 524288 1740344 109016 26534
0b000101 0b000201 10388 100 524288 1848026 1581 1614
0b000301 0b000401 10387 100 524288 1848126 1606 1614
0b000e01 0b000f01 10391 100 524288 1848696 1581 1614
0b000501 0b000e01 10052 100 524288 1759071 91362 26534
0b000901 0b000a01 10393 100 524288 1849624 1581 1614
0b000601 0b000701 10389 100 524288 1849881 1606 1614
0b000501 0b000601 10388 100 524288 1850187 1581 1614
0b000201 0b000301 10386 100 524288 1849032 2954 1614
0b000801 0b000101 10052 100 524288 1744044 108323 26534
0b000201 0b000301 10387 100 524288 1849138 2948 1614
0b000101 0b000201 10389 100 524288 1851786 1581 1614
0b000e01 0b000f01 10392 100 524288 1852106 1706 1614
0b000c01 0b000d01 10394 100 524288 1852370 1581 1614
0b000201 0b000301 10388 100 524288 1852617 1581 1614
0b000401 0b000501 10388 100 524288 1852742 1581 1614
0b000e01 0b000f01 10393 100 524288 1853443 1700 1614
0b000a01 0b000b01 10394 100 524288 1854215 1581 1614
0b000701 0b000001 10390 100 524288 1854497 1606 1614
0b000601 0b000701 10390 100 524288 1854778 1581 1614
0b000301 0b000401 10388 100 524288 1854996 1606 1614
0b000101 0b000201 10390 100 524288 1855377 1600 1614
0b000201 0b000301 10389 100 524288 1856377 1581 1614
0b000b01 0b000401 10052 100 524288 1736890 121618 26534
0b000f01 0b000801 10392 100 524288 1856822 1706 1614
0b000d01 0b000e01 10394 100 524288 1856961 1581 1614
0b000201 0b000b01 10052 100 524288 1722815 135782 26534
0b000301 0b000401 10389 100 524288 1857208 1581 1614
0b000501 0b000601 10389 100 524288 1857333 1581 1614
0b000f01 0b000801 10393 100 524288 1858153 1706 1614
0b000b01 0b000c01 10394 100 524288 1858806 1581 1614
0b000701 0b000001 10391 100 524288 1859369 1581 1614
0b000401 0b000501 10389 100 524288 1859612 1606 1614
0b000201 0b000301 10390 100 524288 1859987 1581 1614
0b000001 0b000901 10052 100 524288 1741225 121188 26534
0b000301 0b000401 10390 100 524288 1860968 1600 1614
0b000101 0b000a01 10052 100 524288 1744289 118478 26534
0b000e01 0b000f01 10394 100 524288 1861552 1581 1614
0b000b01 0b000c01 10395 100 524288 1861607 1581 1614
0b000801 0b000901 10394 100 524288 1861538 1706 1614
0b000401 0b000501 10390 100 524288 1861518 2756 1614
0b000401 0b000501 10391 100 524288 1861799 2756 1614
0b000801 0b000901 10395 100 524288 1862869 1706 1614
0b000c01 0b000d01 10395 100 524288 1863397 1581 1614
0b000001 0b000101 10390 100 524288 1863960 1581 1614
0b000301 0b000401 10391 100 524288 1864578 1581 1614
0b000401 0b000d01 10052 100 524288 1762178 104607 26534
0b000a01 0b000301 10053 100 524288 1760469 106013 26534
0b000a01 0b000b01 10395 100 524288 1865777 1596 1614
0b000901 0b000a01 10394 100 524288 1865423 2206 1614
0b000f01 0b000801 10394 100 524288 1866143 1581 1614
0b000c01 0b000d01 10396 100 524288 1866198 1581 1614
0b000901 0b000a01 10395 100 524288 1866254 2956 1614
0b000801 0b000101 10053 100 524288 1751347 118132 26534
0b000d01 0b000e01 10395 100 524288 1867988 1581 1614
0b000901 0b000a01 10396 100 524288 1867585 2331 1614
0b000501 0b000601 10390 100 524288 1867284 2760 1614
0b000101 0b000201 10391 100 524288 1868551 1581 1614
0b000501 0b000601 10391 100 524288 1867565 2779 1614
0b000401 0b000501 10392 100 524288 1869169 1598 1614
0b000301 0b000401 10392 100 524288 1869492 1581 1614
0b000201 0b000b01 10053 100 524288 1733694 137645 26534
0b000d01 0b000e01 10396 100 524288 1869795 2056 1614
0b000a01 0b000301 10054 100 524288 1763931 108013 26534
0b000b01 0b000c01 10396 100 524288 1870383 1606 1614
0b000a01 0b000b01 10396 100 524288 1870639 1581 1614
0b000801 0b000901 10396 100 524288 1870734 1581 1614
0b000e01 0b000701 10051 100 524288 1702298 170493 26534
0b000d01 0b000e01 10397 100 524288 1870789 2043 1614
0b000301 0b000c01 10053 100 524288 1751830 121742 26534
0b000101 0b000201 10392 100 524288 1872489 1581 1614
0b000a01 0b000b01 10397 100 524288 1872926 1598 1614
0b000501 0b000601 10392 100 524288 1873777 1606 1614
0b000401 0b000501 10393 100 524288 1874083 1596 1614
0b000601 0b000701 10391 100 524288 1873054 2756 1614
0b000601 0b000701 10392 100 524288 1873354 2747 1614
0b000301 0b000401 10393 100 524288 1874954 1581 1614
0b000b01 0b000c01 10397 100 524288 1874349 2156 1614
0b000c01 0b000d01 10397 100 524288 1874999 1606 1614
0b000901 0b000a01 10397 100 524288 1875325 1581 1614
0b000e01 0b000f01 10395 100 524288 1874861 2056 1614
0b000c01 0b000501 10052 100 524288 1738477 138692 26534
0b000701 0b000001 10392 100 524288 1875801 1581 1614
0b000b01 0b000c01 10398 100 524288 1875230 2177 1614
0b000901 0b000201 10052 100 524288 1763635 114262 26534
0b000e01 0b000f01 10396 100 524288 1875842 2056 1614
0b000501 0b000e01 10053 100 524288 1768101 110091 26534
0b000c01 0b000d01 10398 100 524288 1876582 1602 1614
0b000201 0b000301 10391 100 524288 1877080 1581 1614
0b000b01 0b000c01 10399 100 524288 1877534 1581 1614
0b000701 0b000801 10054 100 524288 1789293 90319 26534
0b000601 0b000701 10393 100 524288 1878393 1621 1614
0b000f01 0b000001 10051 100 524288 1706439 173654 26534
0b000501 0b000601 10393 100 524288 1878689 1606 1614
0b000701 0b000001 10393 100 524288 1878820 1581 1614
0b000401 0b000501 10394 100 524288 1879545 1584 1614
0b000d01 0b000e01 10398 100 524288 1879615 1600 1614
0b000401 0b000d01 10053 100 524288 1766669 114680 26534
0b000a01 0b000b01 10398 100 524288 1879916 1581 1614
0b000c01 0b000d01 10399 100 524288 1879515 2154 1614
0b000501 0b000601 10394 100 524288 1880179 1581 1614
0b000001 0b000101 10391 100 524288 1880392 1581 1614
0b000f01 0b000801 10395 100 524288 1879927 2075 1614
0b000201 0b000301 10392 100 524288 1880907 1589 1614
0b000e01 0b000f01 10397 100 524288 1881202 1581 1614
0b000d01 0b000e01 10399 100 524288 1881194 1602 1614
0b000c01 0b000d01 10400 100 524288 1880417 2435 1614
0b000f01 0b000801 10396 100 524288 1880908 2064 1614
0b000301 0b000401 10394 100 524288 1881671 1581 1614
0b000f01 0b000001 10052 100 524288 1710608 172399 26534
0b000c01 0b000d01 10401 100 524288 1882125 1883 1614
0b000801 0b000901 10397 100 524288 1882622 1581 1614
0b000701 0b000001 10394 100 524288 1883024 1606 1614
0b000601 0b000701 10394 100 524288 1883305 1584 1614
0b000e01 0b000f01 10398 100 524288 1884225 1584 1614
0b000501 0b000601 10395 100 524288 1884139 1581 1614
0b000001 0b000101 10392 100 524288 1883103 2755 1614
0b000001 0b000101 10393 100 524288 1883411 2747 1614
0b000601 0b000701 10395 100 524288 1884770 1581 1614
0b000101 0b000201 10393 100 524288 1884983 1584 1614
0b000301 0b000401 10395 100 524288 1885506 1581 1614
0b000801 0b000901 10398 100 524288 1885012 2106 1614
0b000001 0b000901 10053 100 524288 1752845 134510 26534
0b000f01 0b000801 10397 100 524288 1885793 1600 1614
0b000e01 0b000f01 10399 100 524288 1885806 1603 1614
0b000e01 0b000701 10052 100 524288 1715403 172136 26534
0b000001 0b000101 10394 100 524288 1886017 1581 1614
0b000401 0b000501 10395 100 524288 1886262 1581 1614
0b000d01 0b000e01 10400 100 524288 1884359 3281 1614
0b000801 0b000901 10399 100 524288 1885982 2081 1614
0b000901 0b000201 10053 100 524288 1766535 121649 26534
0b000d01 0b000e01 10401 100 524288 1884679 3567 1614
0b000901 0b000a01 10398 100 524288 1887213 1581 1614
0b000d01 0b000e01 10402 100 524288 1885862 2990 1614
0b000501 0b000e01 10054 100 524288 1773035 116079 26534
0b000701 0b000001 10395 100 524288 1887899 1606 1614
0b000601 0b000f01 10053 100 524288 1786589 103156 26534
0b000601 0b000701 10396 100 524288 1888730 1581 1614
0b000f01 0b000801 10398 100 524288 1888819 1581 1614
0b000201 0b000301 10393 100 524288 1889577 1591 1614
0b000701 0b000001 10396 100 524288 1889361 1856 1614
0b000401 0b000501 10396 100 524288 1890097 1581 1614
0b000101 0b000201 10394 100 524288 1888868 3226 1614
0b000801 0b000901 10400 100 524288 1890403 1600 1614
0b000f01 0b000801 10399 100 524288 1890419 1606 1614
0b000b01 0b000401 10053 100 524288 1752516 139573 26534
0b000401 0b000d01 10054 100 524288 1771496 120870 26534
0b000701 0b000001 10397 100 524288 1890549 1849 1614
0b000501 0b000601 10396 100 524288 1890853 1581 1614
0b000101 0b000201 10395 100 524288 1889168 3497 1614
0b000201 0b000301 10394 100 524288 1891194 1586 1614
0b000301 0b000c01 10054 100 524288 1764589 128641 26534
0b000101 0b000201 10396 100 524288 1890608 2757 1614
0b000a01 0b000b01 10399 100 524288 1891804 1599 1614
0b000101 0b000a01 10053 100 524288 1757555 135883 26534
0b000901 0b000a01 10399 100 524288 1890128 3682 1614
0b000e01 0b000f01 10400 100 524288 1890650 3480 1614
0b000001 0b000101 10395 100 524288 1892515 1606 1614
0b000901 0b000a01 10400 100 524288 1890365 3920 1614
0b000f01 0b000801 10400 100 524288 1892755 1626 1614
0b000d01 0b000601 10052 100 524288 1748428 146181 26534
0b000901 0b000a01 10401 100 524288 1891073 3562 1614
0b000701 0b000001 10398 100 524288 1893321 1581 1614
0b000801 0b000901 10401 100 524288 1893410 1581 1614
0b000601 0b000f01 10054 100 524288 1788587 107077 26534
0b000301 0b000401 10396 100 524288 1894178 1601 1614
0b000e01 0b000f01 10401 100 524288 1891256 4670 1614
0b000001 0b000101 10396 100 524288 1894227 1856 1614
0b000701 0b000801 10055 100 524288 1804024 92061 26534
0b000501 0b000601 10397 100 524288 1894688 1586 1614
0b000e01 0b000f01 10402 100 524288 1891862 4664 1614
0b000901 0b000a01 10402 100 524288 1895013 1585 1614
0b000e01 0b000f01 10403 100 524288 1892124 4477 1614
0b000801 0b000901 10402 100 524288 1895035 1581 1614
0b000401 0b000501 10397 100 524288 1895099 1591 1614
0b000d01 0b000e01 10403 100 524288 1895376 1589 1614
0b000601 0b000701 10397 100 524288 1895444 1581 1614
0b000001 0b000101 10397 100 524288 1895408 1856 1614
0b000301 0b000401 10397 100 524288 1895790 1589 1614
0b000c01 0b000d01 10402 100 524288 1896240 1598 1614
0b000201 0b000301 10395 100 524288 1895104 3031 1614
0b000b01 0b000c01 10400 100 524288 1896413 1585 1614
0b000f01 0b000801 10401 100 524288 1897140 1601 1614
0b000801 0b000901 10403 100 524288 1897391 1583 1614
0b000601 0b000701 10398 100 524288 1897619 1581 1614
0b000201 0b000301 10396 100 524288 1895675 3568 1614
0b000201 0b000301 10397 100 524288 1896375 3243 1614
0b000a01 0b000b01 10400 100 524288 1896448 3678 1614
0b000e01 0b000701 10053 100 524288 1730118 170163 26534
0b000401 0b000501 10398 100 524288 1898789 1586 1614
0b000801 0b000901 10404 100 524288 1899095 1604 1614
0b000601 0b000701 10399 100 524288 1899284 1591 1614
0b000101 0b000201 10397 100 524288 1899093 1856 1614
0b000a01 0b000b01 10401 100 524288 1896820 4340 1614
0b000501 0b000601 10398 100 524288 1899700 1589 1614
0b000901 0b000a01 10403 100 524288 1899626 1584 1614
0b000e01 0b000f01 10404 100 524288 1899975 1623 1614
0b000a01 0b000b01 10402 100 524288 1897295 4321 1614
0b000401 0b000501 10399 100 524288 1900389 1606 1614
0b000d01 0b000601 10053 100 524288 1751734 150521 26534
0b000101 0b000201 10398 100 524288 1900274 1856 1614
0b000a01 0b000b01 10403 100 524288 1899608 2801 1614
0b000301 0b000401 10398 100 524288 1901145 1581 1614
0b000d01 0b000e01 10404 100 524288 1900848 1585 1614
0b000c01 0b000d01 10403 100 524288 1901008 1581 1614
0b000b01 0b000401 10054 100 524288 1759926 143085 26534
0b000f01 0b000001 10053 100 524288 1730580 172637 26534
0b000f01 0b000801 10402 100 524288 1898674 4577 1614
0b000801 0b000901 10405 100 524288 1901751 1604 1614
0b000901 0b000a01 10404 100 524288 1901984 1581 1614
0b000701 0b000801 10056 100 524288 1814100 89724 26534
0b000f01 0b000801 10403 100 524288 1898936 5050 1614
0b000301 0b000401 10399 100 524288 1902628 1606 1614
0b000701 0b000001 10399 100 524288 1902210 2056 1614
0b000f01 0b000801 10404 100 524288 1899536 5056 1614
0b000f01 0b000801 10405 100 524288 1899611 5012 1614
0b000c01 0b000501 10053 100 524288 1754998 150025 26534
0b000a01 0b000301 10055 100 524288 1788904 116261 26534
0b000901 0b000a01 10405 100 524288 1903709 1581 1614
0b000501 0b000601 10399 100 524288 1903385 1589 1614
0b000701 0b000801 10057 100 524288 1815441 89570 26534
0b000401 0b000d01 10055 100 524288 1779141 126060 26534
0b000b01 0b000c01 10401 100 524288 1903136 2206 1614
0b000501 0b000e01 10055 100 524288 1782896 122693 26534
0b000201 0b000301 10398 100 524288 1903959 1856 1614
0b000f01 0b000801 10406 100 524288 1904608 1585 1614
0b000601 0b000701 10400 100 524288 1904299 2106 1614
0b000701 0b000001 10400 100 524288 1903291 3139 1614
0b000501 0b000601 10400 100 524288 1905005 1606 1614
0b000701 0b000001 10401 100 524288 1903885 2845 1614
0b000e01 0b000701 10054 100 524288 1737332 169596 26534
0b000301 0b000c01 10055 100 524288 1775801 131085 26534
0b000201 0b000301 10399 100 524288 1905140 1856 1614
0b000e01 0b000f01 10405 100 524288 1905443 1581 1614
0b000601 0b000701 10401 100 524288 1905265 2071 1614
0b000601 0b000f01 10055 100 524288 1797696 110075 26534
0b000f01 0b000001 10054 100 524288 1736747 171026 26534
0b000901 0b000a01 10406 100 524288 1906365 1596 1614
0b000a01 0b000b01 10404 100 524288 1906575 1592 1614
0b000901 0b000201 10054 100 524288 1775708 132496 26534
0b000001 0b000101 10398 100 524288 1906227 2006 1614
0b000b01 0b000c01 10402 100 524288 1904170 4153 1614
0b000b01 0b000c01 10403 100 524288 1904626 4199 1614
0b000401 0b000501 10400 100 524288 1905736 3364 1614
0b000b01 0b000c01 10404 100 524288 1905419 3706 1614
0b000a01 0b000301 10056 100 524288 1792289 116880 26534
0b000001 0b000101 10399 100 524288 1907276 1988 1614
0b000601 0b000f01 10056 100 524288 1800783 108539 26534
0b000501 0b000601 10401 100 524288 1908033 1590 1614
0b000401 0b000501 10401 100 524288 1906021 3604 1614
0b000d01 0b000e01 10405 100 524288 1908211 1591 1614
0b000a01 0b000b01 10405 100 524288 1908300 1581 1614
0b000c01 0b000d01 10404 100 524288 1908352 1581 1614
0b000401 0b000501 10402 100 524288 1907244 3006 1614
0b000e01 0b000f01 10406 100 524288 1908599 1585 1614
0b000301 0b000401 10400 100 524288 1908175 2631 1614
0b000801 0b000101 10054 100 524288 1772073 138938 26534
0b000601 0b000701 10402 100 524288 1909621 1594 1614
0b000801 0b000901 10406 100 524288 1906261 4773 1614
0b000d01 0b000601 10054 100 524288 1757371 153715 26534
0b000c01 0b000d01 10405 100 524288 1909896 1606 1614
0b000001 0b000901 10054 100 524288 1767541 144026 26534
0b000c01 0b000501 10054 100 524288 1759431 152508 26534
0b000301 0b000401 10401 100 524288 1908825 3239 1614
0b000f01 0b000801 10407 100 524288 1910034 2308 1614
0b000a01 0b000b01 10406 100 524288 1910971 1581 1614
0b000b01 0b000c01 10405 100 524288 1911177 1583 1614
0b000701 0b000001 10402 100 524288 1909415 3318 1614
0b000201 0b000301 10400 100 524288 1911214 1604 1614
0b000001 0b000101 10400 100 524288 1909440 3431 1614
0b000301 0b000401 10402 100 524288 1910006 3037 1614
0b000c01 0b000d01 10406 100 524288 1911835 1606 1614
0b000101 0b000201 10399 100 524288 1911243 2028 1614
0b000001 0b000101 10401 100 524288 1909740 3706 1614
0b000701 0b000001 10403 100 524288 1909938 3770 1614
0b000801 0b000901 10407 100 524288 1906834 6956 1614
0b000f01 0b000801 10408 100 524288 1910781 3131 1614
0b000701 0b000001 10404 100 524288 1910346 3587 1614
0b000b01 0b000401 10055 100 524288 1772226 141800 26534
0b000001 0b000101 10402 100 524288 1910783 3166 1614
0b000801 0b000901 10408 100 524288 1906996 7100 1614
0b000301 0b000401 10403 100 524288 1912179 1962 1614
0b000601 0b000701 10403 100 524288 1912633 1602 1614
0b000e01 0b000f01 10407 100 524288 1912812 1606 1614
0b000b01 0b000c01 10406 100 524288 1912891 1581 1614
0b000d01 0b000e01 10406 100 524288 1912943 1581 1614
0b000101 0b000201 10400 100 524288 1912274 2156 1614
0b000801 0b000901 10409 100 524288 1907633 7063 1614
0b000801 0b000901 10410 100 524288 1908021 6875 1614
0b000801 0b000901 10411 100 524288 1909203 5943 1614
0b000201 0b000b01 10054 100 524288 1764905 150397 26534
0b000501 0b000601 10402 100 524288 1912110 3261 1614
0b000401 0b000501 10403 100 524288 1913816 1600 1614
0b000f01 0b000801 10409 100 524288 1912332 3220 1614
0b000601 0b000701 10404 100 524288 1914096 1620 1614
0b000101 0b000201 10401 100 524288 1914021 1715 1614
0b000701 0b000001 10405 100 524288 1914225 1593 1614
0b000f01 0b000801 10410 100 524288 1913194 2808 1614
0b000d01 0b000e01 10407 100 524288 1914512 1583 1614
0b000801 0b000101 10055 100 524288 1777235 139234 26534
0b000901 0b000a01 10407 100 524288 1914044 2508 1614
0b000501 0b000601 10403 100 524288 1912635 4243 1614
0b000801 0b000901 10412 100 524288 1915352 1598 1614
0b000a01 0b000301 10057 100 524288 1806273 110999 26534
0b000901 0b000a01 10408 100 524288 1914577 2695 1614
0b000c01 0b000d01 10407 100 524288 1915770 1581 1614
0b000601 0b000f01 10057 100 524288 1815847 101485 26534
0b000301 0b000401 10404 100 524288 1915828 1603 1614
0b000501 0b000601 10404 100 524288 1913260 4243 1614
0b000101 0b000201 10402 100 524288 1915881 1987 1614
0b000101 0b000a01 10054 100 524288 1772216 145800 26534
0b000501 0b000601 10405 100 524288 1914949 3129 1614
0b000d01 0b000e01 10408 100 524288 1916451 1583 1614
0b000201 0b000301 10401 100 524288 1916281 1906 1614
0b000001 0b000101 10403 100 524288 1915743 2502 1614
0b000801 0b000901 10413 100 524288 1916922 1606 1614
0b000401 0b000501 10404 100 524288 1916053 2498 1614
0b000701 0b000001 10406 100 524288 1917245 1611 1614
0b000001 0b000901 10055 100 524288 1774134 144808 26534
0b000101 0b000201 10403 100 524288 1916959 1990 1614
0b000f01 0b000801 10411 100 524288 1917428 1606 1614
0b000e01 0b000f01 10408 100 524288 1917534 1581 1614
0b000b01 0b000c01 10407 100 524288 1918312 1600 1614
0b000201 0b000301 10402 100 524288 1917440 2339 1614
0b000601 0b000701 10405 100 524288 1918381 1595 1614
0b000501 0b000601 10406 100 524288 1918426 1608 1614
0b000001 0b000101 10404 100 524288 1916718 3458 1614
0b000001 0b000101 10405 100 524288 1916943 3314 1614
0b000701 0b000001 10407 100 524288 1918726 1587 1614
0b000901 0b000a01 10409 100 524288 1916800 3662 1614
0b000401 0b000501 10405 100 524288 1917036 3471 1614
0b000401 0b000501 10406 100 524288 1917151 3406 1614
0b000f01 0b000001 10055 100 524288 1754866 165742 26534
0b000e01 0b000f01 10409 100 524288 1919105 1587 1614
0b000201 0b000b01 10055 100 524288 1771723 149041 26534
0b000201 0b000301 10403 100 524288 1918746 2058 1614
0b000101 0b000201 10404 100 524288 1919479 1599 1614
0b000801 0b000901 10414 100 524288 1918562 2630 1614
0b000701 0b000801 10058 100 524288 1879111 42371 26534
0b000e01 0b000701 10055 100 524288 1758965 162525 26534
0b000801 0b000901 10415 100 524288 1919012 2605 1614
0b000f01 0b000801 10412 100 524288 1920342 1602 1614
0b000001 0b000901 10056 100 524288 1777621 144235 26534
0b000401 0b000501 10407 100 524288 1920441 1616 1614
0b000a01 0b000b01 10407 100 524288 1919562 2725 1614
0b000301 0b000c01 10056 100 524288 1795404 126865 26534
0b000301 0b000401 10405 100 524288 1920282 2146 1614
0b000e01 0b000f01 10410 100 524288 1921044 1581 1614
0b000201 0b000301 10404 100 524288 1920878 1960 1614
0b000101 0b000a01 10055 100 524288 1776340 146503 26534
0b000101 0b000201 10405 100 524288 1921255 1611 1614
0b000601 0b000701 10406 100 524288 1919888 3023 1614
0b000901 0b000a01 10410 100 524288 1917706 5463 1614
0b000501 0b000601 10407 100 524288 1921561 1583 1614
0b000301 0b000c01 10057 100 524288 1798914 124449 26534
0b000001 0b000101 10406 100 524288 1921866 1595 1614
0b000301 0b000401 10406 100 524288 1921197 2537 1614
0b000901 0b000a01 10411 100 524288 1917906 5687 1614
0b000801 0b000101 10056 100 524288 1786825 136827 26534
0b000801 0b000901 10416 100 524288 1922044 1612 1614
0b000f01 0b000801 10413 100 524288 1922125 1581 1614
0b000a01 0b000b01 10408 100 524288 1920282 3467 1614
0b000901 0b000a01 10412 100 524288 1918156 5668 1614
0b000d01 0b000601 10055 100 524288 1771080 152841 26534
0b000201 0b000301 10405 100 524288 1921959 1977 1614
0b000001 0b000901 10057 100 524288 1782227 141815 26534
0b000b01 0b000401 10056 100 524288 1786723 137321 26534
0b000c01 0b000501 10055 100 524288 1772636 151869 26534
0b000a01 0b000b01 10409 100 524288 1921026 3479 1614
0b000c01 0b000d01 10408 100 524288 1922922 1602 1614
0b000601 0b000701 10407 100 524288 1920513 4079 1614
0b000901 0b000201 10055 100 524288 1785788 138808 26534
0b000601 0b000701 10408 100 524288 1921088 4079 1614
0b000201 0b000b01 10056 100 524288 1778771 146456 26534
0b000f01 0b000801 10414 100 524288 1923702 1590 1614
0b000b01 0b000c01 10408 100 524288 1923774 1606 1614
0b000a01 0b000b01 10410 100 524288 1923472 2058 1614
0b000301 0b000401 10407 100 524288 1922789 2849 1614
0b000201 0b000301 10406 100 524288 1924088 1598 1614
0b000401 0b000d01 10056 100 524288 1799252 126614 26534
0b000601 0b000701 10409 100 524288 1923044 2823 1614
0b000001 0b000101 10407 100 524288 1923323 2783 1614
0b000701 0b000001 10408 100 524288 1924500 1654 1614
0b000101 0b000201 10406 100 524288 1923186 2968 1614
0b000501 0b000e01 10056 100 524288 1802949 123212 26534
0b000101 0b000201 10407 100 524288 1923267 2962 1614
0b000001 0b000101 10408 100 524288 1923618 2763 1614
0b000301 0b000401 10408 100 524288 1923814 2699 1614
0b000b01 0b000c01 10409 100 524288 1925297 1606 1614
0b000801 0b000901 10417 100 524288 1924492 2588 1614
0b000401 0b000501 10408 100 524288 1925438 1743 1614
0b000501 0b000601 10408 100 524288 1923517 3702 1614
0b000c01 0b000d01 10409 100 524288 1925279 1980 1614
0b000501 0b000e01 10057 100 524288 1806184 121071 26534
0b000501 0b000601 10409 100 524288 1923567 3702 1614
0b000801 0b000901 10418 100 524288 1924954 2582 1614
0b000901 0b000a01 10413 100 524288 1921538 6040 1614
0b000b01 0b000401 10057 100 524288 1794201 133483 26534
0b000701 0b000001 10409 100 524288 1925921 1635 1614
0b000901 0b000a01 10414 100 524288 1921952 6126 1614
0b000401 0b000d01 10057 100 524288 1803568 124484 26534
0b000801 0b000101 10057 100 524288 1795720 132534 26534
0b000c01 0b000d01 10410 100 524288 1926373 1986 1614
0b000301 0b000401 10409 100 524288 1925848 2483 1614
0b000501 0b000601 10410 100 524288 1925067 3352 1614
0b000601 0b000701 10410 100 524288 1926931 1604 1614
0b000a01 0b000b01 10411 100 524288 1925853 2714 1614
0b000101 0b000a01 10056 100 524288 1784629 144133 26534
0b000001 0b000901 10058 100 524288 1798294 130482 26534
0b000a01 0b000b01 10412 100 524288 1926179 2738 1614
0b000201 0b000301 10407 100 524288 1927606 1590 1614
0b000d01 0b000e01 10409 100 524288 1927534 1731 1614
0b000b01 0b000c01 10410 100 524288 1926759 2631 1614
0b000101 0b000201 10408 100 524288 1926471 2943 1614
0b000501 0b000601 10411 100 524288 1927515 1954 1614
0b000301 0b000401 10410 100 524288 1926946 2543 1614
0b000701 0b000001 10410 100 524288 1928177 1587 1614
0b000101 0b000201 10409 100 524288 1926662 3227 1614
0b000c01 0b000d01 10411 100 524288 1928390 1625 1614
0b000901 0b000201 10056 100 524288 1791679 138836 26534
0b000401 0b000501 10409 100 524288 1926744 3774 1614
0b000901 0b000a01 10415 100 524288 1924202 6486 1614
0b000301 0b000401 10411 100 524288 1928696 1918 1614
0b000d01 0b000e01 10410 100 524288 1928876 1870 1614
0b000201 0b000b01 10057 100 524288 1790530 140252 26534
0b000001 0b000101 10409 100 524288 1929164 1644 1614
0b000b01 0b000c01 10411 100 524288 1927515 3398 1614
0b000401 0b000501 10410 100 524288 1927054 3952 1614
0b000901 0b000a01 10416 100 524288 1924627 6436 1614
0b000a01 0b000301 10058 100 524288 1844864 86250 26534
0b000e01 0b000f01 10411 100 524288 1929171 1975 1614
0b000901 0b000a01 10417 100 524288 1924866 6347 1614
0b000b01 0b000c01 10412 100 524288 1928237 3026 1614
0b000d01 0b000601 10056 100 524288 1780910 150386 26534
0b000901 0b000a01 10418 100 524288 1927052 4611 1614
0b000801 0b000101 10058 100 524288 1805508 126364 26534
0b000601 0b000701 10411 100 524288 1930229 1866 1614
0b000e01 0b000f01 10412 100 524288 1930265 1956 1614
0b000f01 0b000001 10056 100 524288 1775271 156987 26534
0b000201 0b000301 10408 100 524288 1929164 2994 1614
0b000201 0b000301 10409 100 524288 1929239 2969 1614
0b000001 0b000101 10410 100 524288 1930566 1654 1614
0b000101 0b000201 10410 100 524288 1929116 3683 1614
0b000101 0b000a01 10057 100 524288 1790992 141869 26534
0b000101 0b000201 10411 100 524288 1929391 3633 1614
0b000e01 0b000701 10056 100 524288 1777448 155609 26534
0b000b01 0b000c01 10413 100 524288 1931577 1611 1614
0b000701 0b000001 10411 100 524288 1931545 1615 1614
0b000c01 0b000501 10056 100 524288 1785492 147844 26534
0b000101 0b000a01 10058 100 524288 1792642 140585 26534
0b000901 0b000a01 10419 100 524288 1931786 1602 1614
0b000501 0b000e01 10058 100 524288 1822380 111251 26534
0b000301 0b000c01 10058 100 524288 1830202 103543 26534
0b000a01 0b000b01 10413 100 524288 1930588 3181 1614
0b000d01 0b000e01 10411 100 524288 1930269 3506 1614
0b000301 0b000401 10412 100 524288 1932206 1618 1614
0b000e01 0b000f01 10413 100 524288 1932275 1602 1614
0b000101 0b000201 10412 100 524288 1931264 2660 1614
0b000601 0b000701 10412 100 524288 1931429 2524 1614
0b000c01 0b000d01 10412 100 524288 1932400 1617 1614
0b000001 0b000101 10411 100 524288 1932774 1594 1614
0b000b01 0b000401 10058 100 524288 1815380 119046 26534
0b000401 0b000501 10411 100 524288 1928648 5976 1614
0b000201 0b000b01 10058 100 524288 1804647 130234 26534
0b000901 0b000201 10057 100 524288 1799851 135018 26534
0b000a01 0b000b01 10414 100 524288 1931088 3904 1614
0b000601 0b000701 10413 100 524288 1932479 2549 1614
0b000f01 0b000001 10057 100 524288 1781530 153735 26534
0b000b01 0b000c01 10414 100 524288 1933792 1583 1614
0b000e01 0b000f01 10414 100 524288 1933756 1621 1614
0b000d01 0b000e01 10412 100 524288 1931062 4486 1614
0b000c01 0b000501 10057 100 524288 1790810 144805 26534
0b000201 0b000301 10410 100 524288 1932424 3294 1614
0b000a01 0b000301 10059 100 524288 1872220 63527 26534
0b000d01 0b000e01 10413 100 524288 1931369 4479 1614
0b000401 0b000d01 10058 100 524288 1826548 109243 26534
0b000101 0b000201 10413 100 524288 1933818 2000 1614
0b000a01 0b000b01 10415 100 524288 1931772 4284 1614
0b000401 0b000501 10412 100 524288 1929523 6476 1614
0b000501 0b000601 10412 100 524288 1933528 2590 1614
0b000f01 0b000801 10415 100 524288 1934156 1981 1614
0b000601 0b000f01 10058 100 524288 1861924 74253 26534
0b000601 0b000701 10414 100 524288 1934306 1878 1614
0b000d01 0b000e01 10414 100 524288 1933025 3373 1614
0b000301 0b000401 10413 100 524288 1934124 2431 1614
0b000501 0b000601 10413 100 524288 1934016 2652 1614
0b000c01 0b000d01 10413 100 524288 1933923 2881 1614
0b000101 0b000201 10414 100 524288 1934882 1986 1614
0b000701 0b000001 10412 100 524288 1935105 2088 1614
0b000201 0b000301 10411 100 524288 1932899 4306 1614
0b000401 0b000501 10413 100 524288 1930694 6711 1614
0b000001 0b000101 10412 100 524288 1935268 2143 1614
0b000101 0b000a01 10059 100 524288 1820005 117580 26534
0b000f01 0b000801 10416 100 524288 1935231 2185 1614
0b000c01 0b000d01 10414 100 524288 1934273 3504 1614
0b000301 0b000c01 10059 100 524288 1855096 82652 26534
0b000501 0b000601 10414 100 524288 1936346 1678 1614
0b000001 0b000901 10059 100 524288 1859113 78913 26534
0b000701 0b000001 10413 100 524288 1936067 2082 1614
0b000d01 0b000601 10057 100 524288 1797032 141279 26534
0b000d01 0b000601 10058 100 524288 1798478 139837 26534
0b000201 0b000b01 10059 100 524288 1828606 109646 26534
0b000801 0b000101 10059 100 524288 1851256 87132 26534
0b000001 0b000101 10413 100 524288 1936170 2168 1614
0b000d01 0b000e01 10415 100 524288 1937027 1608 1614
0b000401 0b000501 10414 100 524288 1931341 7039 1614
0b000301 0b000401 10414 100 524288 1935168 3449 1614
0b000201 0b000301 10412 100 524288 1933525 5103 1614
0b000301 0b000401 10415 100 524288 1935218 3424 1614
0b000f01 0b000801 10417 100 524288 1936887 1929 1614
0b000f01 0b000001 10058 100 524288 1793989 144914 26534
0b000b01 0b000401 10059 100 524288 1849024 89960 26534
0b000101 0b000201 10415 100 524288 1937378 1597 1614
0b000401 0b000501 10415 100 524288 1932499 6976 1614
0b000e01 0b000701 10057 100 524288 1792604 146945 26534
0b000a01 0b000b01 10416 100 524288 1934223 5343 1614
0b000001 0b000101 10414 100 524288 1938275 1594 1614
0b000901 0b000201 10058 100 524288 1814665 125227 26534
0b000701 0b000001 10414 100 524288 1938038 1890 1614
0b000a01 0b000b01 10417 100 524288 1934673 5368 1614
0b000401 0b000501 10416 100 524288 1933624 6526 1614
0b000c01 0b000501 10058 100 524288 1805244 134854 26534
0b000501 0b000e01 10059 100 524288 1864228 76143 26534
0b000e01 0b000f01 10415 100 524288 1936641 3535 1614
0b000c01 0b000d01 10415 100 524288 1936198 4093 1614
0b000e01 0b000f01 10416 100 524288 1936785 3791 1614
0b000c01 0b000d01 10416 100 524288 1936755 3936 1614
0b000801 0b000901 10419 100 524288 1939147 1602 1614
0b000a01 0b000b01 10418 100 524288 1935871 4920 1614
0b000d01 0b000e01 10416 100 524288 1938801 2071 1614
0b000a01 0b000b01 10419 100 524288 1936237 4679 1614
0b000701 0b000001 10415 100 524288 1939194 1884 1614
0b000f01 0b000801 10418 100 524288 1938387 2541 1614
0b000c01 0b000d01 10417 100 524288 1938385 2956 1614
0b000f01 0b000801 10419 100 524288 1939187 2391 1614
0b000401 0b000d01 10059 100 524288 1865578 75764 26534
0b000601 0b000701 10415 100 524288 1939678 1697 1614
0b000401 0b000501 10417 100 524288 1936834 4631 1614
0b000401 0b000501 10418 100 524288 1937436 4154 1614
0b000501 0b000601 10415 100 524288 1938625 3034 1614
0b000b01 0b000c01 10415 100 524288 1937891 3756 1614
0b000301 0b000401 10416 100 524288 1940215 1652 1614
0b000b01 0b000c01 10416 100 524288 1938002 3851 1614
0b000901 0b000201 10059 100 524288 1828476 113687 26534
0b000d01 0b000601 10059 100 524288 1822675 119605 26534
0b000e01 0b000f01 10417 100 524288 1938558 3774 1614
0b000c01 0b000501 10059 100 524288 1819840 122535 26534
0b000b01 0b000c01 10417 100 524288 1939066 3318 1614
0b000501 0b000601 10416 100 524288 1939009 3425 1614
0b000e01 0b000f01 10418 100 524288 1939408 3199 1614
0b000101 0b000201 10416 100 524288 1940421 2138 1614
0b000201 0b000301 10413 100 524288 1935809 6768 1614
0b000e01 0b000701 10058 100 524288 1804952 137689 26534
0b000d01 0b000e01 10417 100 524288 1939814 2949 1614
0b000201 0b000301 10414 100 524288 1936034 6843 1614
0b000501 0b000601 10417 100 524288 1940415 2719 1614
0b000d01 0b000e01 10418 100 524288 1940787 2507 1614
0b000301 0b000401 10417 100 524288 1941638 1616 1614
0b000001 0b000101 10415 100 524288 1941159 2500 1614
0b000e01 0b000701 10059 100 524288 1809185 134546 26534
0b000201 0b000301 10415 100 524288 1936934 6793 1614
0b000101 0b000201 10417 100 524288 1941348 2567 1614
0b000701 0b000001 10416 100 524288 1942559 1600 1614
0b000b01 0b000c01 10418 100 524288 1942576 1831 1614
0b000201 0b000301 10416 100 524288 1937879 6529 1614
0b000d01 0b000e01 10419 100 524288 1943301 1581 1614
0b000201 0b000301 10417 100 524288 1938828 5980 1614
0b000501 0b000601 10418 100 524288 1943108 1701 1614
0b000101 0b000201 10418 100 524288 1942879 2061 1614
0b000b01 0b000c01 10419 100 524288 1943801 1812 1614
0b000601 0b000701 10416 100 524288 1941034 4430 1614
0b000001 0b000101 10416 100 524288 1941913 3708 1614
0b000201 0b000301 10418 100 524288 1942902 2751 1614
0b000601 0b000701 10417 100 524288 1941321 4668 1614
0b000601 0b000701 10418 100 524288 1941331 4683 1614
0b000501 0b000601 10419 100 524288 1944475 1677 1614
0b000001 0b000101 10417 100 524288 1942938 3713 1614
0b000601 0b000f01 10059 100 524288 1907984 38929 26534
0b000601 0b000701 10419 100 524288 1944669 2432 1614
0b000001 0b000101 10418 100 524288 1944088 3038 1614
0b000201 0b000301 10419 100 524288 1945569 1600 1614
0b000701 0b000001 10417 100 524288 1945651 1593 1614
0b000e01 0b000f01 10419 100 524288 1945773 1581 1614
0b000c01 0b000d01 10418 100 524288 1944863 2506 1614
0b000301 0b000401 10418 100 524288 1945887 1602 1614
0b000c01 0b000d01 10419 100 524288 1945394 2506 1614
0b000401 0b000501 10419 100 524288 1946264 1604 1614
0b000101 0b000201 10419 100 524288 1946669 1600 1614
0b000001 0b000101 10419 100 524288 1947169 1605 1614
0b000301 0b000401 10419 100 524288 1947418 1581 1614
0b000f01 0b000001 10059 100 524288 1835617 114280 26534
0b000701 0b000001 10418 100 524288 1948474 2531 1614
0b000701 0b000001 10419 100 524288 1948999 2512 1614
0b000701 0b000801 10059 100 524288 1922986 34606 26534
