time, src, dst, sport, dport, size, cnp_number
34500000, 30, 32, 10000, 100, 108560640, 1
34600000, 7, 9, 10003, 100, 108560640, 1
34600000, 7, 9, 10002, 100, 108560640, 1
34600000, 78, 80, 10001, 100, 108560640, 1
36700000, 118, 120, 10002, 100, 108560640, 1
37400000, 95, 97, 10003, 100, 108560640, 1
38600000, 78, 80, 10001, 100, 108560640, 2
38700000, 14, 16, 10000, 100, 108560640, 1
39000000, 16, 26, 10000, 100, 108560640, 1
39100000, 40, 50, 10003, 100, 108560640, 1
40500000, 30, 32, 10000, 100, 108560640, 2
40500000, 78, 80, 10001, 100, 108560640, 3
40600000, 14, 16, 10000, 100, 108560640, 2
40600000, 30, 32, 10000, 100, 108560640, 3
40700000, 54, 56, 10003, 100, 108560640, 1
52600000, 20, 30, 10006, 100, 108560640, 1
52600000, 76, 86, 10010, 100, 108560640, 1
58800000, 122, 4, 10012, 100, 108560640, 2
59000000, 26, 36, 10012, 100, 108560640, 1
59100000, 26, 36, 10010, 100, 108560640, 1
64700000, 97, 107, 10013, 100, 108560640, 1
65700000, 34, 44, 10012, 100, 108560640, 1
68000000, 34, 44, 10016, 100, 108560640, 1
68400000, 46, 48, 10017, 100, 108560640, 1
68400000, 46, 48, 10016, 100, 108560640, 1
68600000, 34, 44, 10016, 100, 108560640, 2
68600000, 46, 48, 10016, 100, 108560640, 3
68600000, 46, 48, 10013, 100, 108560640, 1
68600000, 46, 48, 10012, 100, 108560640, 1
69100000, 34, 44, 10017, 100, 108560640, 1
69900000, 46, 48, 10014, 100, 108560640, 1
69900000, 46, 48, 10013, 100, 108560640, 2
69900000, 46, 48, 10012, 100, 108560640, 2
72000000, 74, 84, 10015, 100, 108560640, 1
74300000, 112, 122, 10017, 100, 108560640, 1
74400000, 112, 122, 10016, 100, 108560640, 1
74400000, 112, 122, 10014, 100, 108560640, 1
74500000, 112, 122, 10018, 100, 108560640, 1
74500000, 112, 122, 10016, 100, 108560640, 2
75500000, 27, 37, 10020, 100, 108560640, 1
75600000, 27, 37, 10017, 100, 108560640, 1
75600000, 27, 37, 10016, 100, 108560640, 1
75600000, 112, 122, 10015, 100, 108560640, 1
75700000, 112, 122, 10017, 100, 108560640, 2
75700000, 112, 122, 10016, 100, 108560640, 3
75800000, 112, 122, 10015, 100, 108560640, 2
76000000, 67, 77, 10021, 100, 108560640, 1
76000000, 67, 77, 10020, 100, 108560640, 1
76000000, 67, 77, 10019, 100, 108560640, 2
76000000, 67, 77, 10017, 100, 108560640, 1
76300000, 112, 122, 10014, 100, 108560640, 2
76400000, 112, 122, 10017, 100, 108560640, 3
76500000, 112, 122, 10016, 100, 108560640, 4
76600000, 112, 122, 10019, 100, 108560640, 1
77100000, 112, 122, 10014, 100, 108560640, 3
77300000, 112, 122, 10017, 100, 108560640, 4
77300000, 112, 122, 10014, 100, 108560640, 4
77400000, 112, 122, 10019, 100, 108560640, 2
77400000, 112, 122, 10014, 100, 108560640, 5
77500000, 112, 122, 10020, 100, 108560640, 1
77600000, 112, 122, 10018, 100, 108560640, 2
77600000, 112, 122, 10014, 100, 108560640, 6
77800000, 112, 122, 10020, 100, 108560640, 2
77800000, 112, 122, 10015, 100, 108560640, 4
77900000, 112, 122, 10019, 100, 108560640, 3
77900000, 112, 122, 10016, 100, 108560640, 5
78000000, 112, 122, 10021, 100, 108560640, 3
78000000, 112, 122, 10020, 100, 108560640, 3
78000000, 112, 122, 10018, 100, 108560640, 3
78000000, 112, 122, 10016, 100, 108560640, 6
80700000, 66, 76, 10019, 100, 108560640, 1
81500000, 112, 122, 10023, 100, 108560640, 1
82200000, 112, 122, 10023, 100, 108560640, 2
82300000, 112, 122, 10020, 100, 108560640, 4
82900000, 66, 76, 10022, 100, 108560640, 1
83100000, 61, 71, 10022, 100, 108560640, 1
83100000, 61, 71, 10021, 100, 108560640, 1
85200000, 75, 85, 10025, 100, 108560640, 1
85200000, 75, 85, 10020, 100, 108560640, 1
85300000, 75, 85, 10023, 100, 108560640, 1
86900000, 92, 102, 10022, 100, 108560640, 1
87000000, 92, 102, 10024, 100, 108560640, 1
87200000, 112, 122, 10024, 100, 108560640, 1
87200000, 112, 122, 10023, 100, 108560640, 3
87300000, 112, 122, 10022, 100, 108560640, 1
87400000, 112, 122, 10024, 100, 108560640, 2
87500000, 112, 122, 10025, 100, 108560640, 1
87500000, 112, 122, 10022, 100, 108560640, 2
87600000, 112, 122, 10024, 100, 108560640, 3
88200000, 81, 91, 10026, 100, 108560640, 1
88300000, 92, 102, 10025, 100, 108560640, 1
88600000, 81, 91, 10022, 100, 108560640, 1
89300000, 86, 88, 10022, 100, 108560640, 1
89400000, 86, 88, 10022, 100, 108560640, 2
89500000, 86, 88, 10025, 100, 108560640, 1
90000000, 120, 2, 10024, 100, 108560640, 1
90000000, 120, 2, 10022, 100, 108560640, 1
90900000, 16, 26, 10025, 100, 108560640, 1
91000000, 16, 26, 10021, 100, 108560640, 1
91000000, 16, 26, 10019, 100, 108560640, 1
91000000, 120, 2, 10024, 100, 108560640, 2
91000000, 120, 2, 10023, 100, 108560640, 1
91100000, 120, 2, 10025, 100, 108560640, 1
91100000, 120, 2, 10021, 100, 108560640, 2
91200000, 16, 26, 10025, 100, 108560640, 2
91200000, 16, 26, 10020, 100, 108560640, 2
91200000, 16, 26, 10019, 100, 108560640, 2
91300000, 16, 26, 10026, 100, 108560640, 1
91300000, 16, 26, 10023, 100, 108560640, 1
91300000, 16, 26, 10020, 100, 108560640, 3
91400000, 16, 26, 10025, 100, 108560640, 3
91400000, 16, 26, 10023, 100, 108560640, 2
91400000, 16, 26, 10021, 100, 108560640, 2
92000000, 81, 91, 10026, 100, 108560640, 2
92400000, 81, 91, 10026, 100, 108560640, 3
92500000, 16, 26, 10023, 100, 108560640, 3
92500000, 16, 26, 10019, 100, 108560640, 3
92600000, 16, 26, 10025, 100, 108560640, 4
92600000, 16, 26, 10021, 100, 108560640, 5
92600000, 16, 26, 10020, 100, 108560640, 4
92600000, 81, 91, 10028, 100, 108560640, 1
92600000, 81, 91, 10027, 100, 108560640, 1
92600000, 81, 91, 10026, 100, 108560640, 4
92700000, 16, 26, 10025, 100, 108560640, 5
92700000, 16, 26, 10022, 100, 108560640, 1
92700000, 16, 26, 10019, 100, 108560640, 4
92800000, 16, 26, 10026, 100, 108560640, 4
92800000, 16, 26, 10024, 100, 108560640, 2
92800000, 16, 26, 10021, 100, 108560640, 6
92800000, 16, 26, 10020, 100, 108560640, 5
92800000, 16, 26, 10019, 100, 108560640, 5
92900000, 16, 26, 10025, 100, 108560640, 6
92900000, 16, 26, 10023, 100, 108560640, 5
92900000, 16, 26, 10020, 100, 108560640, 7
93000000, 16, 26, 10025, 100, 108560640, 7
93000000, 16, 26, 10022, 100, 108560640, 3
93000000, 16, 26, 10020, 100, 108560640, 9
93000000, 16, 26, 10019, 100, 108560640, 6
93100000, 16, 26, 10022, 100, 108560640, 4
93100000, 16, 26, 10020, 100, 108560640, 10
93200000, 16, 26, 10026, 100, 108560640, 5
93200000, 16, 26, 10023, 100, 108560640, 6
93200000, 16, 26, 10022, 100, 108560640, 5
93200000, 16, 26, 10021, 100, 108560640, 7
93300000, 16, 26, 10026, 100, 108560640, 7
93300000, 16, 26, 10024, 100, 108560640, 4
93500000, 16, 26, 10023, 100, 108560640, 7
93600000, 16, 26, 10025, 100, 108560640, 8
96000000, 111, 113, 10029, 100, 108560640, 1
96000000, 111, 113, 10024, 100, 108560640, 1
96100000, 111, 113, 10029, 100, 108560640, 2
96100000, 111, 113, 10024, 100, 108560640, 2
96200000, 111, 113, 10023, 100, 108560640, 2
96300000, 111, 113, 10028, 100, 108560640, 1
96300000, 111, 113, 10026, 100, 108560640, 1
96800000, 111, 113, 10025, 100, 108560640, 1
97000000, 111, 113, 10030, 100, 108560640, 1
97000000, 111, 113, 10029, 100, 108560640, 3
97100000, 111, 113, 10029, 100, 108560640, 5
97100000, 111, 113, 10026, 100, 108560640, 2
97200000, 111, 113, 10028, 100, 108560640, 2
97200000, 111, 113, 10025, 100, 108560640, 2
97300000, 111, 113, 10030, 100, 108560640, 2
97300000, 111, 113, 10024, 100, 108560640, 3
97400000, 111, 113, 10027, 100, 108560640, 2
97500000, 111, 113, 10030, 100, 108560640, 3
97500000, 111, 113, 10029, 100, 108560640, 6
97500000, 111, 113, 10025, 100, 108560640, 3
97700000, 82, 92, 10027, 100, 108560640, 1
97800000, 82, 92, 10026, 100, 108560640, 1
97800000, 82, 92, 10025, 100, 108560640, 1
97800000, 82, 92, 10024, 100, 108560640, 1
98100000, 111, 113, 10030, 100, 108560640, 4
98200000, 111, 113, 10028, 100, 108560640, 3
98200000, 111, 113, 10026, 100, 108560640, 3
98200000, 111, 113, 10024, 100, 108560640, 4
98300000, 111, 113, 10031, 100, 108560640, 1
98300000, 111, 113, 10029, 100, 108560640, 7
98400000, 111, 113, 10029, 100, 108560640, 12
98400000, 111, 113, 10028, 100, 108560640, 4
98400000, 111, 113, 10026, 100, 108560640, 4
98400000, 111, 113, 10023, 100, 108560640, 3
98500000, 111, 113, 10031, 100, 108560640, 3
98500000, 111, 113, 10030, 100, 108560640, 5
98500000, 111, 113, 10029, 100, 108560640, 13
98500000, 111, 113, 10028, 100, 108560640, 5
98500000, 111, 113, 10027, 100, 108560640, 3
98500000, 111, 113, 10025, 100, 108560640, 4
98500000, 111, 113, 10023, 100, 108560640, 4
98600000, 111, 113, 10028, 100, 108560640, 9
98600000, 111, 113, 10026, 100, 108560640, 5
98600000, 111, 113, 10025, 100, 108560640, 5
98600000, 111, 113, 10023, 100, 108560640, 5
98700000, 29, 39, 10025, 100, 108560640, 1
98700000, 111, 113, 10030, 100, 108560640, 7
98700000, 111, 113, 10029, 100, 108560640, 14
98700000, 111, 113, 10028, 100, 108560640, 13
98700000, 111, 113, 10025, 100, 108560640, 7
98700000, 111, 113, 10024, 100, 108560640, 8
98700000, 111, 113, 10023, 100, 108560640, 7
98800000, 111, 113, 10030, 100, 108560640, 9
98800000, 111, 113, 10029, 100, 108560640, 16
98800000, 111, 113, 10028, 100, 108560640, 15
98800000, 111, 113, 10027, 100, 108560640, 4
98800000, 111, 113, 10025, 100, 108560640, 8
98800000, 111, 113, 10024, 100, 108560640, 9
98800000, 111, 113, 10023, 100, 108560640, 9
98900000, 111, 113, 10029, 100, 108560640, 17
98900000, 111, 113, 10028, 100, 108560640, 18
98900000, 111, 113, 10026, 100, 108560640, 7
98900000, 111, 113, 10025, 100, 108560640, 12
98900000, 111, 113, 10024, 100, 108560640, 10
99000000, 82, 92, 10026, 100, 108560640, 2
99000000, 111, 113, 10030, 100, 108560640, 11
99000000, 111, 113, 10029, 100, 108560640, 20
99000000, 111, 113, 10027, 100, 108560640, 6
99000000, 111, 113, 10026, 100, 108560640, 8
99000000, 111, 113, 10025, 100, 108560640, 13
99000000, 111, 113, 10023, 100, 108560640, 11
99100000, 82, 92, 10024, 100, 108560640, 2
99100000, 111, 113, 10029, 100, 108560640, 21
99100000, 111, 113, 10028, 100, 108560640, 19
99100000, 111, 113, 10026, 100, 108560640, 9
99100000, 111, 113, 10025, 100, 108560640, 15
99100000, 111, 113, 10024, 100, 108560640, 12
99100000, 111, 113, 10023, 100, 108560640, 13
99200000, 82, 92, 10028, 100, 108560640, 1
99200000, 82, 92, 10026, 100, 108560640, 3
99200000, 82, 92, 10024, 100, 108560640, 3
99200000, 111, 113, 10029, 100, 108560640, 22
99200000, 111, 113, 10027, 100, 108560640, 7
99200000, 111, 113, 10025, 100, 108560640, 16
99200000, 111, 113, 10024, 100, 108560640, 14
99200000, 111, 113, 10023, 100, 108560640, 15
99300000, 82, 92, 10025, 100, 108560640, 2
99300000, 82, 92, 10024, 100, 108560640, 4
99300000, 111, 113, 10031, 100, 108560640, 4
99300000, 111, 113, 10030, 100, 108560640, 12
99300000, 111, 113, 10029, 100, 108560640, 24
99300000, 111, 113, 10026, 100, 108560640, 11
99300000, 111, 113, 10025, 100, 108560640, 18
99300000, 111, 113, 10023, 100, 108560640, 21
99400000, 82, 92, 10025, 100, 108560640, 3
99400000, 111, 113, 10030, 100, 108560640, 15
99400000, 111, 113, 10029, 100, 108560640, 25
99400000, 111, 113, 10028, 100, 108560640, 21
99400000, 111, 113, 10027, 100, 108560640, 9
99400000, 111, 113, 10026, 100, 108560640, 12
99400000, 111, 113, 10025, 100, 108560640, 20
99400000, 111, 113, 10024, 100, 108560640, 15
99400000, 111, 113, 10023, 100, 108560640, 23
99500000, 111, 113, 10030, 100, 108560640, 16
99500000, 111, 113, 10028, 100, 108560640, 23
99500000, 111, 113, 10026, 100, 108560640, 13
99500000, 111, 113, 10024, 100, 108560640, 16
99500000, 111, 113, 10023, 100, 108560640, 24
99600000, 82, 92, 10028, 100, 108560640, 2
99600000, 82, 92, 10027, 100, 108560640, 2
99600000, 111, 113, 10031, 100, 108560640, 5
99600000, 111, 113, 10030, 100, 108560640, 17
99600000, 111, 113, 10029, 100, 108560640, 26
99600000, 111, 113, 10028, 100, 108560640, 24
99600000, 111, 113, 10027, 100, 108560640, 11
99600000, 111, 113, 10026, 100, 108560640, 14
99600000, 111, 113, 10023, 100, 108560640, 25
99700000, 29, 39, 10026, 100, 108560640, 1
99700000, 82, 92, 10025, 100, 108560640, 4
99700000, 111, 113, 10025, 100, 108560640, 22
99700000, 111, 113, 10023, 100, 108560640, 27
99800000, 82, 92, 10028, 100, 108560640, 3
99800000, 82, 92, 10025, 100, 108560640, 5
99800000, 82, 92, 10024, 100, 108560640, 5
99800000, 111, 113, 10029, 100, 108560640, 27
99800000, 111, 113, 10027, 100, 108560640, 13
99800000, 111, 113, 10026, 100, 108560640, 16
99800000, 111, 113, 10024, 100, 108560640, 17
99900000, 82, 92, 10023, 100, 108560640, 1
99900000, 111, 113, 10030, 100, 108560640, 18
99900000, 111, 113, 10028, 100, 108560640, 25
99900000, 111, 113, 10027, 100, 108560640, 14
99900000, 111, 113, 10026, 100, 108560640, 18
99900000, 111, 113, 10025, 100, 108560640, 26
99900000, 111, 113, 10024, 100, 108560640, 19
99900000, 111, 113, 10023, 100, 108560640, 28
100000000, 111, 113, 10031, 100, 108560640, 6
100000000, 111, 113, 10030, 100, 108560640, 19
100000000, 111, 113, 10027, 100, 108560640, 15
100000000, 111, 113, 10024, 100, 108560640, 21
100000000, 111, 113, 10023, 100, 108560640, 29
100100000, 111, 113, 10030, 100, 108560640, 20
100100000, 111, 113, 10028, 100, 108560640, 26
100100000, 111, 113, 10025, 100, 108560640, 28
100100000, 111, 113, 10024, 100, 108560640, 22
100200000, 111, 113, 10031, 100, 108560640, 8
100200000, 111, 113, 10030, 100, 108560640, 22
100200000, 111, 113, 10029, 100, 108560640, 28
100200000, 111, 113, 10027, 100, 108560640, 17
100200000, 111, 113, 10026, 100, 108560640, 19
100200000, 111, 113, 10025, 100, 108560640, 29
100200000, 111, 113, 10023, 100, 108560640, 30
100300000, 111, 113, 10031, 100, 108560640, 9
100300000, 111, 113, 10030, 100, 108560640, 23
100300000, 111, 113, 10029, 100, 108560640, 29
100300000, 111, 113, 10028, 100, 108560640, 27
100300000, 111, 113, 10026, 100, 108560640, 21
100400000, 111, 113, 10031, 100, 108560640, 10
100400000, 111, 113, 10029, 100, 108560640, 31
100400000, 111, 113, 10028, 100, 108560640, 29
100400000, 111, 113, 10027, 100, 108560640, 18
100400000, 111, 113, 10026, 100, 108560640, 23
100400000, 111, 113, 10025, 100, 108560640, 30
100400000, 111, 113, 10024, 100, 108560640, 23
100500000, 111, 113, 10031, 100, 108560640, 11
100500000, 111, 113, 10030, 100, 108560640, 24
100500000, 111, 113, 10029, 100, 108560640, 32
100500000, 111, 113, 10028, 100, 108560640, 30
100500000, 111, 113, 10027, 100, 108560640, 20
100500000, 111, 113, 10025, 100, 108560640, 31
100600000, 111, 113, 10027, 100, 108560640, 21
100600000, 111, 113, 10026, 100, 108560640, 24
100600000, 111, 113, 10025, 100, 108560640, 33
100600000, 111, 113, 10024, 100, 108560640, 24
100700000, 111, 113, 10027, 100, 108560640, 22
100700000, 111, 113, 10023, 100, 108560640, 31
100800000, 111, 113, 10031, 100, 108560640, 13
100800000, 111, 113, 10030, 100, 108560640, 25
100800000, 111, 113, 10027, 100, 108560640, 25
100800000, 111, 113, 10024, 100, 108560640, 25
100800000, 111, 113, 10023, 100, 108560640, 32
100900000, 111, 113, 10029, 100, 108560640, 33
100900000, 111, 113, 10027, 100, 108560640, 26
100900000, 111, 113, 10026, 100, 108560640, 26
100900000, 111, 113, 10024, 100, 108560640, 26
100900000, 111, 113, 10023, 100, 108560640, 33
101000000, 111, 113, 10031, 100, 108560640, 14
101000000, 111, 113, 10029, 100, 108560640, 35
101000000, 111, 113, 10028, 100, 108560640, 32
101000000, 111, 113, 10027, 100, 108560640, 27
101000000, 111, 113, 10026, 100, 108560640, 27
101000000, 111, 113, 10025, 100, 108560640, 34
101100000, 111, 113, 10031, 100, 108560640, 15
101100000, 111, 113, 10030, 100, 108560640, 26
101100000, 111, 113, 10029, 100, 108560640, 37
101100000, 111, 113, 10028, 100, 108560640, 34
101100000, 111, 113, 10027, 100, 108560640, 30
101100000, 111, 113, 10023, 100, 108560640, 34
101200000, 29, 39, 10025, 100, 108560640, 2
101200000, 111, 113, 10024, 100, 108560640, 27
101400000, 29, 39, 10025, 100, 108560640, 3
101700000, 82, 92, 10027, 100, 108560640, 3
101800000, 82, 92, 10023, 100, 108560640, 2
101900000, 82, 92, 10024, 100, 108560640, 6
102000000, 82, 92, 10031, 100, 108560640, 1
102000000, 82, 92, 10030, 100, 108560640, 1
102000000, 82, 92, 10025, 100, 108560640, 6
102200000, 82, 92, 10025, 100, 108560640, 7
102200000, 89, 99, 10030, 100, 108560640, 1
102200000, 89, 99, 10029, 100, 108560640, 1
102200000, 89, 99, 10028, 100, 108560640, 1
102200000, 89, 99, 10026, 100, 108560640, 1
102300000, 82, 92, 10028, 100, 108560640, 4
102300000, 82, 92, 10024, 100, 108560640, 7
102400000, 114, 124, 10027, 100, 108560640, 1
102500000, 82, 92, 10030, 100, 108560640, 2
102600000, 82, 92, 10028, 100, 108560640, 6
102600000, 82, 92, 10027, 100, 108560640, 4
102600000, 82, 92, 10026, 100, 108560640, 4
102700000, 82, 92, 10031, 100, 108560640, 2
102700000, 82, 92, 10027, 100, 108560640, 5
102700000, 82, 92, 10024, 100, 108560640, 8
102800000, 24, 34, 10026, 100, 108560640, 1
102800000, 82, 92, 10030, 100, 108560640, 3
102800000, 82, 92, 10029, 100, 108560640, 1
102800000, 82, 92, 10028, 100, 108560640, 7
102800000, 82, 92, 10026, 100, 108560640, 6
102900000, 24, 34, 10027, 100, 108560640, 2
102900000, 24, 34, 10024, 100, 108560640, 1
102900000, 82, 92, 10031, 100, 108560640, 3
102900000, 82, 92, 10029, 100, 108560640, 2
102900000, 82, 92, 10027, 100, 108560640, 6
102900000, 82, 92, 10025, 100, 108560640, 8
102900000, 82, 92, 10024, 100, 108560640, 9
103000000, 24, 34, 10029, 100, 108560640, 1
103000000, 24, 34, 10028, 100, 108560640, 1
103000000, 82, 92, 10032, 100, 108560640, 1
103000000, 82, 92, 10031, 100, 108560640, 5
103000000, 82, 92, 10028, 100, 108560640, 8
103000000, 82, 92, 10027, 100, 108560640, 7
103000000, 82, 92, 10026, 100, 108560640, 7
103000000, 82, 92, 10024, 100, 108560640, 10
103000000, 89, 99, 10031, 100, 108560640, 1
103000000, 111, 113, 10029, 100, 108560640, 38
103100000, 24, 34, 10030, 100, 108560640, 1
103100000, 82, 92, 10031, 100, 108560640, 7
103100000, 82, 92, 10029, 100, 108560640, 3
103100000, 82, 92, 10028, 100, 108560640, 9
103100000, 111, 113, 10033, 100, 108560640, 1
103200000, 82, 92, 10031, 100, 108560640, 8
103200000, 82, 92, 10025, 100, 108560640, 9
103200000, 111, 113, 10032, 100, 108560640, 1
103300000, 55, 57, 10028, 100, 108560640, 1
103300000, 82, 92, 10029, 100, 108560640, 4
103400000, 55, 57, 10031, 100, 108560640, 1
103500000, 55, 57, 10032, 100, 108560640, 1
103500000, 55, 57, 10031, 100, 108560640, 2
103500000, 55, 57, 10030, 100, 108560640, 2
103500000, 55, 57, 10027, 100, 108560640, 1
104200000, 94, 96, 10025, 100, 108560640, 1
104300000, 94, 96, 10031, 100, 108560640, 1
104300000, 94, 96, 10030, 100, 108560640, 2
104300000, 94, 96, 10028, 100, 108560640, 1
104300000, 94, 96, 10027, 100, 108560640, 1
104300000, 111, 113, 10029, 100, 108560640, 39
104300000, 111, 113, 10028, 100, 108560640, 35
104400000, 24, 34, 10029, 100, 108560640, 2
104400000, 94, 96, 10033, 100, 108560640, 1
104400000, 94, 96, 10031, 100, 108560640, 2
104400000, 94, 96, 10025, 100, 108560640, 2
104400000, 111, 113, 10031, 100, 108560640, 16
104400000, 111, 113, 10029, 100, 108560640, 40
104400000, 120, 2, 10031, 100, 108560640, 1
104400000, 120, 2, 10029, 100, 108560640, 1
104400000, 120, 2, 10028, 100, 108560640, 1
104500000, 24, 34, 10030, 100, 108560640, 2
104500000, 24, 34, 10029, 100, 108560640, 5
104500000, 24, 34, 10026, 100, 108560640, 3
104500000, 55, 57, 10028, 100, 108560640, 2
104500000, 94, 96, 10031, 100, 108560640, 3
104500000, 94, 96, 10029, 100, 108560640, 1
104500000, 94, 96, 10026, 100, 108560640, 1
104500000, 111, 113, 10033, 100, 108560640, 2
104500000, 111, 113, 10031, 100, 108560640, 17
104500000, 111, 113, 10028, 100, 108560640, 37
104600000, 24, 34, 10030, 100, 108560640, 3
104600000, 24, 34, 10028, 100, 108560640, 2
104600000, 24, 34, 10026, 100, 108560640, 4
104600000, 24, 34, 10025, 100, 108560640, 1
104600000, 55, 57, 10032, 100, 108560640, 2
104600000, 55, 57, 10029, 100, 108560640, 1
104600000, 94, 96, 10030, 100, 108560640, 3
104600000, 94, 96, 10028, 100, 108560640, 2
104600000, 94, 96, 10027, 100, 108560640, 2
104600000, 111, 113, 10031, 100, 108560640, 18
104700000, 24, 34, 10029, 100, 108560640, 6
104700000, 24, 34, 10027, 100, 108560640, 3
104700000, 24, 34, 10026, 100, 108560640, 5
104700000, 24, 34, 10025, 100, 108560640, 3
104700000, 55, 57, 10033, 100, 108560640, 1
104700000, 111, 113, 10032, 100, 108560640, 2
104700000, 111, 113, 10030, 100, 108560640, 27
104700000, 111, 113, 10028, 100, 108560640, 38
104800000, 24, 34, 10029, 100, 108560640, 8
104800000, 24, 34, 10027, 100, 108560640, 5
104800000, 24, 34, 10026, 100, 108560640, 6
104800000, 55, 57, 10029, 100, 108560640, 2
104800000, 111, 113, 10030, 100, 108560640, 28
104800000, 111, 113, 10029, 100, 108560640, 41
104800000, 111, 113, 10028, 100, 108560640, 39
104900000, 24, 34, 10031, 100, 108560640, 2
104900000, 24, 34, 10028, 100, 108560640, 3
104900000, 24, 34, 10026, 100, 108560640, 8
104900000, 24, 34, 10024, 100, 108560640, 3
104900000, 94, 96, 10029, 100, 108560640, 2
104900000, 111, 113, 10033, 100, 108560640, 3
104900000, 111, 113, 10031, 100, 108560640, 19
104900000, 111, 113, 10029, 100, 108560640, 42
105000000, 24, 34, 10030, 100, 108560640, 5
105000000, 24, 34, 10028, 100, 108560640, 4
105000000, 24, 34, 10026, 100, 108560640, 9
105000000, 55, 57, 10033, 100, 108560640, 2
105000000, 55, 57, 10032, 100, 108560640, 5
105000000, 55, 57, 10027, 100, 108560640, 3
105000000, 94, 96, 10025, 100, 108560640, 3
105000000, 111, 113, 10033, 100, 108560640, 4
105100000, 24, 34, 10030, 100, 108560640, 6
105100000, 24, 34, 10029, 100, 108560640, 10
105100000, 24, 34, 10028, 100, 108560640, 5
105100000, 24, 34, 10026, 100, 108560640, 11
105100000, 24, 34, 10024, 100, 108560640, 8
105100000, 55, 57, 10032, 100, 108560640, 6
105100000, 55, 57, 10028, 100, 108560640, 3
105100000, 94, 96, 10028, 100, 108560640, 3
105100000, 111, 113, 10034, 100, 108560640, 1
105100000, 111, 113, 10029, 100, 108560640, 44
105200000, 24, 34, 10031, 100, 108560640, 4
105200000, 24, 34, 10030, 100, 108560640, 7
105200000, 24, 34, 10027, 100, 108560640, 7
105200000, 24, 34, 10026, 100, 108560640, 12
105200000, 24, 34, 10024, 100, 108560640, 9
105200000, 111, 113, 10031, 100, 108560640, 20
105200000, 111, 113, 10029, 100, 108560640, 45
105300000, 24, 34, 10029, 100, 108560640, 11
105300000, 24, 34, 10025, 100, 108560640, 4
105300000, 24, 34, 10024, 100, 108560640, 10
105400000, 24, 34, 10029, 100, 108560640, 12
105400000, 24, 34, 10028, 100, 108560640, 8
105400000, 24, 34, 10024, 100, 108560640, 11
105500000, 24, 34, 10030, 100, 108560640, 9
105500000, 24, 34, 10029, 100, 108560640, 14
105500000, 24, 34, 10027, 100, 108560640, 8
105500000, 24, 34, 10026, 100, 108560640, 14
105500000, 82, 92, 10032, 100, 108560640, 2
105500000, 94, 96, 10031, 100, 108560640, 4
105500000, 94, 96, 10030, 100, 108560640, 4
105500000, 94, 96, 10026, 100, 108560640, 2
105600000, 24, 34, 10030, 100, 108560640, 11
105600000, 24, 34, 10028, 100, 108560640, 9
105600000, 24, 34, 10024, 100, 108560640, 12
105600000, 94, 96, 10031, 100, 108560640, 5
105600000, 94, 96, 10027, 100, 108560640, 3
105700000, 82, 92, 10028, 100, 108560640, 10
105700000, 94, 96, 10031, 100, 108560640, 7
105700000, 94, 96, 10028, 100, 108560640, 4
105700000, 94, 96, 10027, 100, 108560640, 4
105700000, 94, 96, 10026, 100, 108560640, 4
105800000, 24, 34, 10029, 100, 108560640, 15
105800000, 24, 34, 10027, 100, 108560640, 11
105800000, 24, 34, 10024, 100, 108560640, 14
105800000, 82, 92, 10032, 100, 108560640, 3
105800000, 82, 92, 10028, 100, 108560640, 12
105800000, 94, 96, 10033, 100, 108560640, 2
105800000, 94, 96, 10032, 100, 108560640, 1
105800000, 94, 96, 10030, 100, 108560640, 5
105800000, 94, 96, 10029, 100, 108560640, 4
105800000, 94, 96, 10027, 100, 108560640, 5
105800000, 94, 96, 10026, 100, 108560640, 6
105800000, 94, 96, 10025, 100, 108560640, 4
105900000, 82, 92, 10032, 100, 108560640, 4
105900000, 82, 92, 10030, 100, 108560640, 4
105900000, 94, 96, 10033, 100, 108560640, 4
105900000, 94, 96, 10032, 100, 108560640, 2
106000000, 24, 34, 10027, 100, 108560640, 13
106000000, 24, 34, 10026, 100, 108560640, 15
106000000, 24, 34, 10024, 100, 108560640, 15
106000000, 82, 92, 10032, 100, 108560640, 5
106000000, 82, 92, 10031, 100, 108560640, 9
106000000, 82, 92, 10030, 100, 108560640, 5
106000000, 82, 92, 10029, 100, 108560640, 6
106000000, 82, 92, 10027, 100, 108560640, 8
106000000, 94, 96, 10033, 100, 108560640, 5
106000000, 94, 96, 10031, 100, 108560640, 8
106000000, 94, 96, 10029, 100, 108560640, 5
106000000, 94, 96, 10027, 100, 108560640, 6
106000000, 94, 96, 10026, 100, 108560640, 7
106100000, 24, 34, 10030, 100, 108560640, 12
106100000, 24, 34, 10024, 100, 108560640, 16
106100000, 82, 92, 10032, 100, 108560640, 6
106100000, 82, 92, 10031, 100, 108560640, 10
106100000, 82, 92, 10030, 100, 108560640, 7
106100000, 82, 92, 10028, 100, 108560640, 13
106100000, 82, 92, 10027, 100, 108560640, 9
106100000, 94, 96, 10032, 100, 108560640, 3
106100000, 94, 96, 10028, 100, 108560640, 5
106100000, 94, 96, 10026, 100, 108560640, 8
106200000, 82, 92, 10032, 100, 108560640, 7
106200000, 82, 92, 10031, 100, 108560640, 11
106200000, 82, 92, 10030, 100, 108560640, 8
106200000, 82, 92, 10029, 100, 108560640, 7
106200000, 82, 92, 10028, 100, 108560640, 14
106200000, 94, 96, 10031, 100, 108560640, 9
106200000, 94, 96, 10027, 100, 108560640, 7
106300000, 24, 34, 10031, 100, 108560640, 5
106300000, 24, 34, 10030, 100, 108560640, 13
106300000, 24, 34, 10026, 100, 108560640, 16
106300000, 24, 34, 10024, 100, 108560640, 17
106300000, 82, 92, 10029, 100, 108560640, 8
106300000, 82, 92, 10028, 100, 108560640, 15
106300000, 94, 96, 10033, 100, 108560640, 6
106300000, 94, 96, 10031, 100, 108560640, 10
106300000, 94, 96, 10027, 100, 108560640, 8
106300000, 94, 96, 10026, 100, 108560640, 9
106300000, 94, 96, 10025, 100, 108560640, 5
106400000, 24, 34, 10029, 100, 108560640, 16
106400000, 24, 34, 10026, 100, 108560640, 17
106400000, 82, 92, 10032, 100, 108560640, 8
106400000, 82, 92, 10031, 100, 108560640, 13
106400000, 82, 92, 10030, 100, 108560640, 9
106400000, 82, 92, 10029, 100, 108560640, 9
106400000, 94, 96, 10033, 100, 108560640, 7
106400000, 94, 96, 10031, 100, 108560640, 11
106400000, 94, 96, 10030, 100, 108560640, 6
106400000, 94, 96, 10029, 100, 108560640, 6
106500000, 24, 34, 10031, 100, 108560640, 6
106500000, 82, 92, 10032, 100, 108560640, 9
106500000, 82, 92, 10029, 100, 108560640, 11
106500000, 82, 92, 10028, 100, 108560640, 16
106500000, 82, 92, 10027, 100, 108560640, 10
106500000, 94, 96, 10033, 100, 108560640, 9
106500000, 94, 96, 10027, 100, 108560640, 9
106600000, 24, 34, 10030, 100, 108560640, 14
106600000, 24, 34, 10029, 100, 108560640, 17
106600000, 24, 34, 10027, 100, 108560640, 14
106600000, 24, 34, 10026, 100, 108560640, 18
106600000, 24, 34, 10025, 100, 108560640, 5
106600000, 82, 92, 10032, 100, 108560640, 10
106600000, 82, 92, 10031, 100, 108560640, 14
106600000, 82, 92, 10030, 100, 108560640, 11
106600000, 82, 92, 10029, 100, 108560640, 13
106600000, 94, 96, 10032, 100, 108560640, 4
106600000, 94, 96, 10027, 100, 108560640, 10
106700000, 24, 34, 10031, 100, 108560640, 7
106700000, 82, 92, 10030, 100, 108560640, 12
106700000, 82, 92, 10029, 100, 108560640, 14
106700000, 82, 92, 10027, 100, 108560640, 11
106800000, 24, 34, 10030, 100, 108560640, 16
106800000, 82, 92, 10032, 100, 108560640, 11
106800000, 82, 92, 10031, 100, 108560640, 15
106800000, 82, 92, 10030, 100, 108560640, 13
106800000, 82, 92, 10029, 100, 108560640, 15
106800000, 82, 92, 10027, 100, 108560640, 12
106800000, 94, 96, 10033, 100, 108560640, 10
106800000, 94, 96, 10031, 100, 108560640, 12
106800000, 94, 96, 10027, 100, 108560640, 12
106900000, 24, 34, 10025, 100, 108560640, 6
106900000, 82, 92, 10032, 100, 108560640, 12
106900000, 82, 92, 10028, 100, 108560640, 18
107000000, 24, 34, 10030, 100, 108560640, 17
107000000, 24, 34, 10026, 100, 108560640, 19
107000000, 82, 92, 10032, 100, 108560640, 13
107000000, 82, 92, 10031, 100, 108560640, 18
107000000, 82, 92, 10030, 100, 108560640, 17
107000000, 82, 92, 10028, 100, 108560640, 20
107000000, 94, 96, 10028, 100, 108560640, 6
107000000, 94, 96, 10026, 100, 108560640, 10
107100000, 82, 92, 10032, 100, 108560640, 14
107100000, 82, 92, 10030, 100, 108560640, 20
107100000, 82, 92, 10028, 100, 108560640, 21
107100000, 82, 92, 10027, 100, 108560640, 16
107100000, 94, 96, 10033, 100, 108560640, 11
107200000, 24, 34, 10030, 100, 108560640, 18
107200000, 82, 92, 10031, 100, 108560640, 20
107200000, 82, 92, 10029, 100, 108560640, 16
107200000, 82, 92, 10028, 100, 108560640, 23
107200000, 82, 92, 10027, 100, 108560640, 17
107200000, 94, 96, 10026, 100, 108560640, 11
107300000, 24, 34, 10030, 100, 108560640, 19
107300000, 24, 34, 10029, 100, 108560640, 18
107300000, 24, 34, 10027, 100, 108560640, 15
107300000, 82, 92, 10028, 100, 108560640, 24
107300000, 94, 96, 10033, 100, 108560640, 14
107300000, 94, 96, 10031, 100, 108560640, 13
107300000, 94, 96, 10027, 100, 108560640, 13
107300000, 94, 96, 10025, 100, 108560640, 6
107400000, 82, 92, 10032, 100, 108560640, 16
107400000, 82, 92, 10031, 100, 108560640, 22
107400000, 82, 92, 10029, 100, 108560640, 18
107400000, 82, 92, 10028, 100, 108560640, 25
107400000, 94, 96, 10033, 100, 108560640, 16
107400000, 94, 96, 10032, 100, 108560640, 5
107400000, 94, 96, 10030, 100, 108560640, 8
107400000, 94, 96, 10029, 100, 108560640, 8
107400000, 94, 96, 10028, 100, 108560640, 7
107400000, 94, 96, 10027, 100, 108560640, 14
107400000, 94, 96, 10025, 100, 108560640, 7
107500000, 82, 92, 10031, 100, 108560640, 25
107500000, 82, 92, 10030, 100, 108560640, 22
107500000, 82, 92, 10028, 100, 108560640, 27
107500000, 82, 92, 10027, 100, 108560640, 18
107500000, 94, 96, 10033, 100, 108560640, 17
107500000, 94, 96, 10032, 100, 108560640, 6
107500000, 94, 96, 10030, 100, 108560640, 9
107500000, 94, 96, 10028, 100, 108560640, 10
107600000, 24, 34, 10027, 100, 108560640, 16
107600000, 82, 92, 10029, 100, 108560640, 19
107600000, 82, 92, 10027, 100, 108560640, 20
107600000, 94, 96, 10033, 100, 108560640, 20
107600000, 94, 96, 10030, 100, 108560640, 11
107600000, 94, 96, 10029, 100, 108560640, 11
107600000, 94, 96, 10028, 100, 108560640, 11
107600000, 94, 96, 10027, 100, 108560640, 16
107600000, 94, 96, 10026, 100, 108560640, 13
107700000, 24, 34, 10030, 100, 108560640, 21
107700000, 82, 92, 10030, 100, 108560640, 24
107700000, 82, 92, 10029, 100, 108560640, 20
107700000, 82, 92, 10027, 100, 108560640, 22
107700000, 94, 96, 10032, 100, 108560640, 7
107700000, 94, 96, 10031, 100, 108560640, 14
107700000, 94, 96, 10028, 100, 108560640, 13
107700000, 94, 96, 10027, 100, 108560640, 17
107700000, 94, 96, 10026, 100, 108560640, 14
107800000, 82, 92, 10032, 100, 108560640, 17
107800000, 82, 92, 10031, 100, 108560640, 26
107800000, 82, 92, 10028, 100, 108560640, 30
107800000, 94, 96, 10033, 100, 108560640, 22
107800000, 94, 96, 10031, 100, 108560640, 15
107800000, 94, 96, 10030, 100, 108560640, 14
107800000, 94, 96, 10026, 100, 108560640, 17
107800000, 94, 96, 10025, 100, 108560640, 8
107900000, 82, 92, 10032, 100, 108560640, 18
107900000, 82, 92, 10030, 100, 108560640, 25
107900000, 82, 92, 10027, 100, 108560640, 23
107900000, 94, 96, 10033, 100, 108560640, 24
107900000, 94, 96, 10030, 100, 108560640, 18
107900000, 94, 96, 10029, 100, 108560640, 12
107900000, 94, 96, 10028, 100, 108560640, 16
107900000, 94, 96, 10027, 100, 108560640, 18
107900000, 94, 96, 10026, 100, 108560640, 23
108000000, 82, 92, 10032, 100, 108560640, 20
108000000, 82, 92, 10031, 100, 108560640, 28
108000000, 82, 92, 10030, 100, 108560640, 26
108000000, 82, 92, 10028, 100, 108560640, 33
108000000, 82, 92, 10027, 100, 108560640, 24
108000000, 94, 96, 10033, 100, 108560640, 26
108000000, 94, 96, 10031, 100, 108560640, 16
108000000, 94, 96, 10030, 100, 108560640, 21
108000000, 94, 96, 10028, 100, 108560640, 18
108000000, 94, 96, 10027, 100, 108560640, 19
108100000, 82, 92, 10031, 100, 108560640, 29
108100000, 82, 92, 10030, 100, 108560640, 27
108100000, 82, 92, 10029, 100, 108560640, 22
108100000, 82, 92, 10028, 100, 108560640, 34
108100000, 94, 96, 10033, 100, 108560640, 29
108100000, 94, 96, 10030, 100, 108560640, 22
108100000, 94, 96, 10029, 100, 108560640, 13
108100000, 94, 96, 10027, 100, 108560640, 20
108100000, 94, 96, 10026, 100, 108560640, 24
108200000, 82, 92, 10032, 100, 108560640, 21
108200000, 82, 92, 10030, 100, 108560640, 28
108200000, 82, 92, 10029, 100, 108560640, 23
108200000, 82, 92, 10028, 100, 108560640, 35
108200000, 94, 96, 10032, 100, 108560640, 8
108200000, 94, 96, 10031, 100, 108560640, 17
108200000, 94, 96, 10029, 100, 108560640, 14
108200000, 94, 96, 10026, 100, 108560640, 25
108300000, 82, 92, 10032, 100, 108560640, 22
108300000, 82, 92, 10031, 100, 108560640, 31
108300000, 82, 92, 10030, 100, 108560640, 29
108300000, 82, 92, 10029, 100, 108560640, 25
108300000, 82, 92, 10028, 100, 108560640, 36
108300000, 94, 96, 10032, 100, 108560640, 9
108300000, 94, 96, 10029, 100, 108560640, 15
108300000, 94, 96, 10026, 100, 108560640, 27
108400000, 82, 92, 10031, 100, 108560640, 32
108400000, 94, 96, 10031, 100, 108560640, 18
108400000, 94, 96, 10028, 100, 108560640, 20
108500000, 82, 92, 10029, 100, 108560640, 27
108500000, 82, 92, 10027, 100, 108560640, 25
108500000, 94, 96, 10030, 100, 108560640, 24
108600000, 82, 92, 10032, 100, 108560640, 23
108600000, 82, 92, 10030, 100, 108560640, 30
108600000, 82, 92, 10028, 100, 108560640, 38
108700000, 46, 48, 10031, 100, 108560640, 1
108700000, 82, 92, 10031, 100, 108560640, 33
108700000, 82, 92, 10029, 100, 108560640, 28
108700000, 82, 92, 10027, 100, 108560640, 26
108700000, 94, 96, 10029, 100, 108560640, 16
108700000, 94, 96, 10028, 100, 108560640, 21
108700000, 94, 96, 10027, 100, 108560640, 21
108800000, 82, 92, 10032, 100, 108560640, 24
108800000, 82, 92, 10031, 100, 108560640, 34
108800000, 82, 92, 10029, 100, 108560640, 30
108800000, 94, 96, 10033, 100, 108560640, 30
108800000, 94, 96, 10030, 100, 108560640, 25
108800000, 94, 96, 10029, 100, 108560640, 18
108800000, 94, 96, 10028, 100, 108560640, 22
108900000, 82, 92, 10032, 100, 108560640, 26
108900000, 82, 92, 10027, 100, 108560640, 27
108900000, 94, 96, 10033, 100, 108560640, 31
108900000, 94, 96, 10031, 100, 108560640, 20
108900000, 94, 96, 10027, 100, 108560640, 22
109000000, 82, 92, 10030, 100, 108560640, 31
109000000, 94, 96, 10031, 100, 108560640, 22
109000000, 94, 96, 10030, 100, 108560640, 26
109000000, 94, 96, 10029, 100, 108560640, 19
109000000, 94, 96, 10027, 100, 108560640, 23
109100000, 82, 92, 10030, 100, 108560640, 32
109100000, 82, 92, 10029, 100, 108560640, 31
109100000, 82, 92, 10028, 100, 108560640, 39
109100000, 94, 96, 10031, 100, 108560640, 23
109100000, 94, 96, 10030, 100, 108560640, 27
109100000, 94, 96, 10026, 100, 108560640, 28
109200000, 82, 92, 10032, 100, 108560640, 27
109200000, 82, 92, 10031, 100, 108560640, 35
109200000, 82, 92, 10029, 100, 108560640, 32
109200000, 94, 96, 10026, 100, 108560640, 30
109300000, 82, 92, 10028, 100, 108560640, 40
109300000, 94, 96, 10033, 100, 108560640, 32
109300000, 94, 96, 10032, 100, 108560640, 10
109300000, 94, 96, 10026, 100, 108560640, 32
109400000, 82, 92, 10032, 100, 108560640, 28
109400000, 82, 92, 10031, 100, 108560640, 36
109400000, 82, 92, 10030, 100, 108560640, 34
109400000, 82, 92, 10029, 100, 108560640, 33
109400000, 82, 92, 10028, 100, 108560640, 41
109400000, 94, 96, 10033, 100, 108560640, 33
109400000, 94, 96, 10031, 100, 108560640, 24
109400000, 94, 96, 10028, 100, 108560640, 26
109400000, 94, 96, 10026, 100, 108560640, 34
109500000, 82, 92, 10031, 100, 108560640, 37
109500000, 82, 92, 10028, 100, 108560640, 43
109500000, 94, 96, 10033, 100, 108560640, 34
109500000, 94, 96, 10032, 100, 108560640, 11
109500000, 94, 96, 10030, 100, 108560640, 30
109500000, 94, 96, 10026, 100, 108560640, 35
109600000, 82, 92, 10033, 100, 108560640, 1
109600000, 82, 92, 10031, 100, 108560640, 38
109600000, 82, 92, 10030, 100, 108560640, 35
109600000, 82, 92, 10029, 100, 108560640, 34
109600000, 82, 92, 10027, 100, 108560640, 28
109600000, 94, 96, 10031, 100, 108560640, 25
109600000, 94, 96, 10029, 100, 108560640, 20
109600000, 94, 96, 10028, 100, 108560640, 27
109600000, 94, 96, 10026, 100, 108560640, 37
109700000, 20, 30, 10027, 100, 108560640, 1
109700000, 82, 92, 10031, 100, 108560640, 39
109700000, 94, 96, 10033, 100, 108560640, 35
109700000, 94, 96, 10032, 100, 108560640, 12
109700000, 94, 96, 10030, 100, 108560640, 31
109700000, 94, 96, 10027, 100, 108560640, 24
109800000, 20, 30, 10028, 100, 108560640, 1
109800000, 82, 92, 10033, 100, 108560640, 2
109800000, 82, 92, 10028, 100, 108560640, 44
109800000, 94, 96, 10031, 100, 108560640, 29
109800000, 94, 96, 10030, 100, 108560640, 32
109800000, 94, 96, 10029, 100, 108560640, 21
109800000, 94, 96, 10028, 100, 108560640, 29
109800000, 94, 96, 10027, 100, 108560640, 25
109800000, 94, 96, 10026, 100, 108560640, 39
109900000, 82, 92, 10032, 100, 108560640, 30
109900000, 82, 92, 10027, 100, 108560640, 29
109900000, 94, 96, 10027, 100, 108560640, 28
109900000, 94, 96, 10026, 100, 108560640, 41
110000000, 82, 92, 10033, 100, 108560640, 3
110000000, 82, 92, 10031, 100, 108560640, 40
110000000, 82, 92, 10030, 100, 108560640, 37
110000000, 82, 92, 10029, 100, 108560640, 35
110000000, 82, 92, 10027, 100, 108560640, 30
110000000, 94, 96, 10033, 100, 108560640, 36
110000000, 94, 96, 10032, 100, 108560640, 13
110000000, 94, 96, 10027, 100, 108560640, 29
110000000, 94, 96, 10026, 100, 108560640, 42
110100000, 82, 92, 10030, 100, 108560640, 39
110100000, 82, 92, 10027, 100, 108560640, 31
110100000, 94, 96, 10033, 100, 108560640, 37
110100000, 94, 96, 10032, 100, 108560640, 14
110100000, 94, 96, 10029, 100, 108560640, 23
110100000, 94, 96, 10027, 100, 108560640, 31
110100000, 94, 96, 10026, 100, 108560640, 44
110200000, 82, 92, 10033, 100, 108560640, 4
110200000, 82, 92, 10031, 100, 108560640, 42
110200000, 82, 92, 10029, 100, 108560640, 37
110200000, 82, 92, 10028, 100, 108560640, 45
110200000, 82, 92, 10027, 100, 108560640, 33
110200000, 94, 96, 10030, 100, 108560640, 34
110200000, 94, 96, 10029, 100, 108560640, 25
110200000, 94, 96, 10028, 100, 108560640, 30
110200000, 94, 96, 10026, 100, 108560640, 45
110300000, 82, 92, 10032, 100, 108560640, 31
110300000, 82, 92, 10031, 100, 108560640, 43
110300000, 82, 92, 10029, 100, 108560640, 38
110300000, 94, 96, 10033, 100, 108560640, 38
110300000, 94, 96, 10029, 100, 108560640, 26
110300000, 94, 96, 10028, 100, 108560640, 31
110300000, 94, 96, 10027, 100, 108560640, 32
110300000, 94, 96, 10026, 100, 108560640, 46
110300000, 119, 121, 10033, 100, 108560640, 1
110300000, 119, 121, 10031, 100, 108560640, 1
110400000, 82, 92, 10032, 100, 108560640, 32
110400000, 82, 92, 10031, 100, 108560640, 45
110400000, 82, 92, 10028, 100, 108560640, 46
110400000, 82, 92, 10027, 100, 108560640, 34
110400000, 94, 96, 10030, 100, 108560640, 35
110400000, 94, 96, 10027, 100, 108560640, 33
110400000, 119, 121, 10030, 100, 108560640, 1
110400000, 119, 121, 10028, 100, 108560640, 1
110500000, 82, 92, 10032, 100, 108560640, 33
110500000, 82, 92, 10028, 100, 108560640, 47
110500000, 83, 93, 10033, 100, 108560640, 1
110500000, 83, 93, 10030, 100, 108560640, 1
110500000, 94, 96, 10033, 100, 108560640, 39
110500000, 94, 96, 10032, 100, 108560640, 15
110500000, 94, 96, 10029, 100, 108560640, 27
110600000, 82, 92, 10033, 100, 108560640, 5
110600000, 82, 92, 10032, 100, 108560640, 34
110600000, 82, 92, 10030, 100, 108560640, 41
110600000, 82, 92, 10029, 100, 108560640, 39
110600000, 82, 92, 10028, 100, 108560640, 48
110600000, 82, 92, 10027, 100, 108560640, 35
110600000, 83, 93, 10035, 100, 108560640, 1
110600000, 83, 93, 10032, 100, 108560640, 2
110600000, 94, 96, 10032, 100, 108560640, 16
110600000, 94, 96, 10030, 100, 108560640, 37
110600000, 94, 96, 10029, 100, 108560640, 29
110600000, 94, 96, 10028, 100, 108560640, 32
110600000, 94, 96, 10027, 100, 108560640, 34
110700000, 82, 92, 10032, 100, 108560640, 35
110700000, 82, 92, 10031, 100, 108560640, 46
110700000, 82, 92, 10030, 100, 108560640, 42
110700000, 82, 92, 10029, 100, 108560640, 40
110700000, 82, 92, 10027, 100, 108560640, 37
110700000, 94, 96, 10031, 100, 108560640, 30
110700000, 94, 96, 10030, 100, 108560640, 39
110700000, 94, 96, 10028, 100, 108560640, 33
110700000, 94, 96, 10026, 100, 108560640, 47
110800000, 82, 92, 10032, 100, 108560640, 36
110800000, 82, 92, 10031, 100, 108560640, 47
110800000, 82, 92, 10030, 100, 108560640, 44
110800000, 82, 92, 10027, 100, 108560640, 41
110800000, 83, 93, 10034, 100, 108560640, 1
110800000, 83, 93, 10030, 100, 108560640, 3
110800000, 94, 96, 10032, 100, 108560640, 17
110800000, 94, 96, 10029, 100, 108560640, 30
110800000, 94, 96, 10028, 100, 108560640, 34
110800000, 94, 96, 10027, 100, 108560640, 35
110900000, 83, 93, 10034, 100, 108560640, 2
111000000, 94, 96, 10033, 100, 108560640, 40
111000000, 94, 96, 10032, 100, 108560640, 18
111000000, 94, 96, 10030, 100, 108560640, 40
111000000, 94, 96, 10028, 100, 108560640, 35
111000000, 94, 96, 10027, 100, 108560640, 37
111000000, 94, 96, 10026, 100, 108560640, 48
111100000, 94, 96, 10033, 100, 108560640, 41
111100000, 94, 96, 10030, 100, 108560640, 42
111100000, 94, 96, 10029, 100, 108560640, 32
111100000, 94, 96, 10026, 100, 108560640, 49
111100000, 114, 124, 10033, 100, 108560640, 1
111100000, 114, 124, 10031, 100, 108560640, 1
111200000, 94, 96, 10027, 100, 108560640, 38
111200000, 94, 96, 10026, 100, 108560640, 50
111300000, 94, 96, 10027, 100, 108560640, 39
111400000, 94, 96, 10033, 100, 108560640, 42
111400000, 94, 96, 10028, 100, 108560640, 36
111400000, 94, 96, 10026, 100, 108560640, 51
111500000, 60, 70, 10031, 100, 108560640, 1
111500000, 94, 96, 10031, 100, 108560640, 31
111600000, 60, 70, 10032, 100, 108560640, 1
111600000, 60, 70, 10030, 100, 108560640, 1
111600000, 60, 70, 10029, 100, 108560640, 1
111600000, 94, 96, 10030, 100, 108560640, 43
111600000, 119, 121, 10032, 100, 108560640, 1
111700000, 60, 70, 10032, 100, 108560640, 2
111700000, 60, 70, 10028, 100, 108560640, 2
111700000, 94, 96, 10031, 100, 108560640, 32
111700000, 94, 96, 10028, 100, 108560640, 37
111700000, 94, 96, 10027, 100, 108560640, 40
111700000, 119, 121, 10033, 100, 108560640, 2
111700000, 119, 121, 10029, 100, 108560640, 1
111800000, 94, 96, 10030, 100, 108560640, 44
111800000, 94, 96, 10028, 100, 108560640, 38
111800000, 119, 121, 10034, 100, 108560640, 1
111800000, 119, 121, 10028, 100, 108560640, 2
111900000, 94, 96, 10029, 100, 108560640, 33
111900000, 119, 121, 10034, 100, 108560640, 2
111900000, 119, 121, 10031, 100, 108560640, 2
112000000, 94, 96, 10033, 100, 108560640, 43
112000000, 94, 96, 10032, 100, 108560640, 20
112000000, 94, 96, 10031, 100, 108560640, 33
112000000, 94, 96, 10029, 100, 108560640, 35
112100000, 94, 96, 10032, 100, 108560640, 21
112100000, 94, 96, 10031, 100, 108560640, 34
112100000, 94, 96, 10030, 100, 108560640, 45
112100000, 94, 96, 10028, 100, 108560640, 39
112200000, 60, 70, 10028, 100, 108560640, 3
112200000, 94, 96, 10033, 100, 108560640, 46
112200000, 94, 96, 10031, 100, 108560640, 37
112200000, 94, 96, 10029, 100, 108560640, 36
112300000, 94, 96, 10029, 100, 108560640, 38
112300000, 94, 96, 10027, 100, 108560640, 42
112300000, 114, 124, 10034, 100, 108560640, 1
112300000, 119, 121, 10034, 100, 108560640, 4
112400000, 119, 121, 10032, 100, 108560640, 2
112400000, 119, 121, 10030, 100, 108560640, 2
112500000, 119, 121, 10032, 100, 108560640, 3
112600000, 119, 121, 10030, 100, 108560640, 3
112600000, 119, 121, 10028, 100, 108560640, 3
112700000, 60, 70, 10034, 100, 108560640, 1
112700000, 60, 70, 10031, 100, 108560640, 2
112700000, 60, 70, 10028, 100, 108560640, 4
112700000, 119, 121, 10029, 100, 108560640, 2
112800000, 60, 70, 10030, 100, 108560640, 3
112800000, 119, 121, 10034, 100, 108560640, 5
112800000, 119, 121, 10033, 100, 108560640, 3
112800000, 119, 121, 10032, 100, 108560640, 4
112800000, 119, 121, 10028, 100, 108560640, 4
112900000, 60, 70, 10034, 100, 108560640, 2
112900000, 60, 70, 10031, 100, 108560640, 3
112900000, 60, 70, 10029, 100, 108560640, 3
112900000, 60, 70, 10027, 100, 108560640, 1
113000000, 60, 70, 10034, 100, 108560640, 3
113000000, 60, 70, 10033, 100, 108560640, 2
113100000, 119, 121, 10034, 100, 108560640, 6
113100000, 119, 121, 10032, 100, 108560640, 5
113100000, 119, 121, 10031, 100, 108560640, 3
113100000, 119, 121, 10028, 100, 108560640, 5
113200000, 119, 121, 10028, 100, 108560640, 6
113300000, 119, 121, 10035, 100, 108560640, 1
113300000, 119, 121, 10034, 100, 108560640, 7
113300000, 119, 121, 10033, 100, 108560640, 4
113300000, 119, 121, 10032, 100, 108560640, 6
113300000, 119, 121, 10030, 100, 108560640, 4
113300000, 119, 121, 10028, 100, 108560640, 7
113400000, 66, 76, 10032, 100, 108560640, 1
113400000, 119, 121, 10035, 100, 108560640, 2
113400000, 119, 121, 10034, 100, 108560640, 8
113400000, 119, 121, 10031, 100, 108560640, 5
113400000, 119, 121, 10030, 100, 108560640, 5
113500000, 66, 76, 10030, 100, 108560640, 1
113500000, 119, 121, 10035, 100, 108560640, 3
113500000, 119, 121, 10033, 100, 108560640, 5
113500000, 119, 121, 10031, 100, 108560640, 6
113500000, 119, 121, 10030, 100, 108560640, 7
113600000, 60, 70, 10029, 100, 108560640, 5
113600000, 119, 121, 10033, 100, 108560640, 6
113600000, 119, 121, 10031, 100, 108560640, 8
113600000, 119, 121, 10030, 100, 108560640, 8
113600000, 119, 121, 10029, 100, 108560640, 5
113600000, 119, 121, 10028, 100, 108560640, 9
113700000, 60, 70, 10028, 100, 108560640, 6
113700000, 119, 121, 10031, 100, 108560640, 11
113700000, 119, 121, 10030, 100, 108560640, 9
113700000, 119, 121, 10029, 100, 108560640, 8
113700000, 119, 121, 10028, 100, 108560640, 11
113800000, 60, 70, 10031, 100, 108560640, 4
113800000, 60, 70, 10028, 100, 108560640, 7
113800000, 60, 70, 10027, 100, 108560640, 2
113800000, 119, 121, 10032, 100, 108560640, 8
113800000, 119, 121, 10029, 100, 108560640, 9
113900000, 60, 70, 10034, 100, 108560640, 4
113900000, 60, 70, 10032, 100, 108560640, 3
113900000, 60, 70, 10031, 100, 108560640, 5
113900000, 60, 70, 10030, 100, 108560640, 5
113900000, 60, 70, 10028, 100, 108560640, 9
113900000, 60, 70, 10027, 100, 108560640, 5
113900000, 119, 121, 10029, 100, 108560640, 10
113900000, 119, 121, 10028, 100, 108560640, 12
114000000, 60, 70, 10031, 100, 108560640, 8
114000000, 60, 70, 10030, 100, 108560640, 7
114000000, 119, 121, 10036, 100, 108560640, 1
114000000, 119, 121, 10033, 100, 108560640, 7
114000000, 119, 121, 10031, 100, 108560640, 12
114000000, 119, 121, 10030, 100, 108560640, 10
114000000, 119, 121, 10028, 100, 108560640, 13
114100000, 60, 70, 10034, 100, 108560640, 6
114100000, 60, 70, 10033, 100, 108560640, 3
114100000, 60, 70, 10032, 100, 108560640, 4
114100000, 60, 70, 10031, 100, 108560640, 9
114100000, 60, 70, 10030, 100, 108560640, 9
114100000, 60, 70, 10029, 100, 108560640, 6
114100000, 60, 70, 10027, 100, 108560640, 6
114100000, 119, 121, 10034, 100, 108560640, 10
114100000, 119, 121, 10033, 100, 108560640, 8
114100000, 119, 121, 10029, 100, 108560640, 11
114200000, 60, 70, 10034, 100, 108560640, 7
114200000, 60, 70, 10032, 100, 108560640, 6
114200000, 60, 70, 10031, 100, 108560640, 11
114200000, 60, 70, 10029, 100, 108560640, 7
114200000, 60, 70, 10028, 100, 108560640, 10
114200000, 60, 70, 10027, 100, 108560640, 8
114200000, 119, 121, 10036, 100, 108560640, 2
114200000, 119, 121, 10035, 100, 108560640, 4
114200000, 119, 121, 10033, 100, 108560640, 9
114200000, 119, 121, 10032, 100, 108560640, 9
114200000, 119, 121, 10031, 100, 108560640, 13
114200000, 119, 121, 10029, 100, 108560640, 13
114200000, 119, 121, 10028, 100, 108560640, 14
114300000, 60, 70, 10033, 100, 108560640, 4
114300000, 60, 70, 10028, 100, 108560640, 11
114300000, 119, 121, 10035, 100, 108560640, 5
114300000, 119, 121, 10033, 100, 108560640, 10
114300000, 119, 121, 10029, 100, 108560640, 14
114400000, 60, 70, 10032, 100, 108560640, 10
114400000, 60, 70, 10031, 100, 108560640, 12
114400000, 60, 70, 10030, 100, 108560640, 11
114400000, 60, 70, 10028, 100, 108560640, 12
114400000, 60, 70, 10027, 100, 108560640, 9
114400000, 119, 121, 10033, 100, 108560640, 11
114400000, 119, 121, 10032, 100, 108560640, 11
114400000, 119, 121, 10031, 100, 108560640, 15
114400000, 119, 121, 10030, 100, 108560640, 14
114400000, 119, 121, 10028, 100, 108560640, 15
114500000, 60, 70, 10034, 100, 108560640, 8
114500000, 60, 70, 10033, 100, 108560640, 5
114500000, 60, 70, 10032, 100, 108560640, 11
114500000, 60, 70, 10031, 100, 108560640, 17
114500000, 60, 70, 10028, 100, 108560640, 13
114500000, 60, 70, 10027, 100, 108560640, 10
114500000, 119, 121, 10037, 100, 108560640, 1
114500000, 119, 121, 10036, 100, 108560640, 3
114500000, 119, 121, 10035, 100, 108560640, 6
114500000, 119, 121, 10033, 100, 108560640, 13
114500000, 119, 121, 10031, 100, 108560640, 17
114500000, 119, 121, 10030, 100, 108560640, 17
114600000, 60, 70, 10033, 100, 108560640, 10
114600000, 60, 70, 10032, 100, 108560640, 12
114600000, 60, 70, 10029, 100, 108560640, 8
114600000, 60, 70, 10028, 100, 108560640, 15
114600000, 119, 121, 10035, 100, 108560640, 7
114600000, 119, 121, 10033, 100, 108560640, 14
114600000, 119, 121, 10032, 100, 108560640, 13
114600000, 119, 121, 10031, 100, 108560640, 18
114600000, 119, 121, 10029, 100, 108560640, 16
114700000, 60, 70, 10032, 100, 108560640, 13
114700000, 60, 70, 10031, 100, 108560640, 19
114700000, 60, 70, 10030, 100, 108560640, 13
114700000, 60, 70, 10029, 100, 108560640, 9
114700000, 60, 70, 10028, 100, 108560640, 16
114700000, 60, 70, 10027, 100, 108560640, 12
114700000, 119, 121, 10037, 100, 108560640, 2
114700000, 119, 121, 10036, 100, 108560640, 4
114700000, 119, 121, 10032, 100, 108560640, 14
114700000, 119, 121, 10031, 100, 108560640, 19
114700000, 119, 121, 10029, 100, 108560640, 17
114700000, 119, 121, 10028, 100, 108560640, 16
114800000, 60, 70, 10031, 100, 108560640, 20
114800000, 60, 70, 10030, 100, 108560640, 14
114800000, 119, 121, 10036, 100, 108560640, 6
114800000, 119, 121, 10033, 100, 108560640, 16
114800000, 119, 121, 10032, 100, 108560640, 16
114800000, 119, 121, 10030, 100, 108560640, 19
114800000, 119, 121, 10029, 100, 108560640, 18
114900000, 60, 70, 10032, 100, 108560640, 14
114900000, 60, 70, 10029, 100, 108560640, 10
114900000, 119, 121, 10035, 100, 108560640, 9
114900000, 119, 121, 10033, 100, 108560640, 19
114900000, 119, 121, 10031, 100, 108560640, 21
115000000, 60, 70, 10032, 100, 108560640, 15
115000000, 60, 70, 10030, 100, 108560640, 15
115000000, 60, 70, 10029, 100, 108560640, 11
115000000, 60, 70, 10028, 100, 108560640, 17
115000000, 66, 76, 10031, 100, 108560640, 1
115000000, 119, 121, 10034, 100, 108560640, 11
115000000, 119, 121, 10033, 100, 108560640, 21
115000000, 119, 121, 10031, 100, 108560640, 23
115000000, 119, 121, 10030, 100, 108560640, 21
115000000, 119, 121, 10028, 100, 108560640, 18
115100000, 60, 70, 10034, 100, 108560640, 9
115100000, 60, 70, 10033, 100, 108560640, 11
115100000, 60, 70, 10032, 100, 108560640, 19
115100000, 60, 70, 10031, 100, 108560640, 21
115100000, 60, 70, 10028, 100, 108560640, 20
115100000, 60, 70, 10027, 100, 108560640, 13
115100000, 119, 121, 10036, 100, 108560640, 7
115100000, 119, 121, 10034, 100, 108560640, 12
115100000, 119, 121, 10033, 100, 108560640, 22
115100000, 119, 121, 10031, 100, 108560640, 24
115100000, 119, 121, 10030, 100, 108560640, 23
115100000, 119, 121, 10029, 100, 108560640, 19
115100000, 119, 121, 10028, 100, 108560640, 21
115200000, 60, 70, 10034, 100, 108560640, 10
115200000, 60, 70, 10033, 100, 108560640, 12
115200000, 60, 70, 10029, 100, 108560640, 12
115200000, 60, 70, 10028, 100, 108560640, 21
115200000, 90, 100, 10031, 100, 108560640, 1
115200000, 119, 121, 10038, 100, 108560640, 1
115200000, 119, 121, 10037, 100, 108560640, 3
115200000, 119, 121, 10036, 100, 108560640, 9
115200000, 119, 121, 10035, 100, 108560640, 10
115200000, 119, 121, 10033, 100, 108560640, 24
115200000, 119, 121, 10032, 100, 108560640, 17
115200000, 119, 121, 10031, 100, 108560640, 26
115300000, 60, 70, 10033, 100, 108560640, 13
115300000, 60, 70, 10031, 100, 108560640, 24
115300000, 60, 70, 10029, 100, 108560640, 14
115300000, 60, 70, 10028, 100, 108560640, 22
115300000, 119, 121, 10038, 100, 108560640, 2
115300000, 119, 121, 10033, 100, 108560640, 25
115300000, 119, 121, 10031, 100, 108560640, 27
115300000, 119, 121, 10030, 100, 108560640, 24
115300000, 119, 121, 10029, 100, 108560640, 21
115300000, 119, 121, 10028, 100, 108560640, 23
115400000, 60, 70, 10034, 100, 108560640, 12
115400000, 60, 70, 10033, 100, 108560640, 14
115400000, 60, 70, 10028, 100, 108560640, 24
115400000, 119, 121, 10038, 100, 108560640, 3
115400000, 119, 121, 10034, 100, 108560640, 13
115400000, 119, 121, 10033, 100, 108560640, 26
115400000, 119, 121, 10032, 100, 108560640, 18
115500000, 60, 70, 10034, 100, 108560640, 13
115500000, 60, 70, 10033, 100, 108560640, 15
115500000, 60, 70, 10031, 100, 108560640, 25
115500000, 60, 70, 10028, 100, 108560640, 26
115500000, 119, 121, 10037, 100, 108560640, 6
115500000, 119, 121, 10033, 100, 108560640, 30
115500000, 119, 121, 10030, 100, 108560640, 25
115500000, 119, 121, 10029, 100, 108560640, 22
115500000, 119, 121, 10028, 100, 108560640, 24
115600000, 60, 70, 10034, 100, 108560640, 14
115600000, 60, 70, 10031, 100, 108560640, 26
115600000, 60, 70, 10030, 100, 108560640, 16
115600000, 119, 121, 10037, 100, 108560640, 7
115600000, 119, 121, 10033, 100, 108560640, 31
115600000, 119, 121, 10030, 100, 108560640, 27
115600000, 119, 121, 10028, 100, 108560640, 25
115700000, 60, 70, 10032, 100, 108560640, 20
115700000, 60, 70, 10030, 100, 108560640, 17
115700000, 60, 70, 10028, 100, 108560640, 27
115700000, 60, 70, 10027, 100, 108560640, 14
115700000, 119, 121, 10037, 100, 108560640, 8
115700000, 119, 121, 10036, 100, 108560640, 10
115700000, 119, 121, 10035, 100, 108560640, 11
115700000, 119, 121, 10031, 100, 108560640, 28
115800000, 60, 70, 10033, 100, 108560640, 16
115800000, 60, 70, 10031, 100, 108560640, 27
115800000, 60, 70, 10030, 100, 108560640, 19
115800000, 60, 70, 10028, 100, 108560640, 28
115800000, 60, 70, 10027, 100, 108560640, 15
115800000, 119, 121, 10037, 100, 108560640, 9
115800000, 119, 121, 10036, 100, 108560640, 11
115800000, 119, 121, 10034, 100, 108560640, 14
115800000, 119, 121, 10030, 100, 108560640, 28
115800000, 119, 121, 10029, 100, 108560640, 23
115900000, 60, 70, 10032, 100, 108560640, 22
115900000, 60, 70, 10030, 100, 108560640, 20
115900000, 60, 70, 10029, 100, 108560640, 15
115900000, 60, 70, 10028, 100, 108560640, 29
115900000, 60, 70, 10027, 100, 108560640, 17
115900000, 119, 121, 10036, 100, 108560640, 13
115900000, 119, 121, 10033, 100, 108560640, 33
115900000, 119, 121, 10031, 100, 108560640, 30
115900000, 119, 121, 10030, 100, 108560640, 29
115900000, 119, 121, 10029, 100, 108560640, 24
115900000, 119, 121, 10028, 100, 108560640, 28
116000000, 60, 70, 10032, 100, 108560640, 23
116000000, 60, 70, 10031, 100, 108560640, 28
116000000, 60, 70, 10029, 100, 108560640, 16
116000000, 119, 121, 10036, 100, 108560640, 14
116000000, 119, 121, 10035, 100, 108560640, 12
116000000, 119, 121, 10031, 100, 108560640, 31
116000000, 119, 121, 10029, 100, 108560640, 25
116100000, 60, 70, 10033, 100, 108560640, 17
116100000, 60, 70, 10031, 100, 108560640, 29
116100000, 60, 70, 10030, 100, 108560640, 21
116100000, 60, 70, 10029, 100, 108560640, 17
116100000, 119, 121, 10038, 100, 108560640, 4
116100000, 119, 121, 10037, 100, 108560640, 11
116100000, 119, 121, 10034, 100, 108560640, 15
116100000, 119, 121, 10033, 100, 108560640, 34
116100000, 119, 121, 10031, 100, 108560640, 32
116100000, 119, 121, 10030, 100, 108560640, 31
116100000, 119, 121, 10028, 100, 108560640, 30
116200000, 60, 70, 10034, 100, 108560640, 15
116200000, 60, 70, 10032, 100, 108560640, 24
116200000, 60, 70, 10030, 100, 108560640, 22
116200000, 60, 70, 10028, 100, 108560640, 31
116200000, 66, 76, 10033, 100, 108560640, 1
116200000, 119, 121, 10037, 100, 108560640, 12
116200000, 119, 121, 10034, 100, 108560640, 16
116200000, 119, 121, 10028, 100, 108560640, 33
116300000, 60, 70, 10029, 100, 108560640, 20
116300000, 119, 121, 10038, 100, 108560640, 5
116300000, 119, 121, 10037, 100, 108560640, 13
116300000, 119, 121, 10035, 100, 108560640, 13
116300000, 119, 121, 10034, 100, 108560640, 17
116300000, 119, 121, 10033, 100, 108560640, 35
116300000, 119, 121, 10030, 100, 108560640, 32
116300000, 119, 121, 10029, 100, 108560640, 27
116300000, 119, 121, 10028, 100, 108560640, 35
116400000, 60, 70, 10031, 100, 108560640, 30
116400000, 60, 70, 10030, 100, 108560640, 23
116400000, 60, 70, 10028, 100, 108560640, 32
116400000, 119, 121, 10034, 100, 108560640, 18
116400000, 119, 121, 10032, 100, 108560640, 20
116500000, 60, 70, 10033, 100, 108560640, 18
116500000, 60, 70, 10031, 100, 108560640, 31
116500000, 60, 70, 10030, 100, 108560640, 24
116500000, 119, 121, 10036, 100, 108560640, 15
116500000, 119, 121, 10035, 100, 108560640, 14
116500000, 119, 121, 10033, 100, 108560640, 37
116500000, 119, 121, 10032, 100, 108560640, 21
116500000, 119, 121, 10029, 100, 108560640, 30
116600000, 60, 70, 10032, 100, 108560640, 25
116600000, 119, 121, 10032, 100, 108560640, 22
116600000, 119, 121, 10030, 100, 108560640, 33
116600000, 119, 121, 10028, 100, 108560640, 36
116700000, 60, 70, 10032, 100, 108560640, 26
116700000, 60, 70, 10028, 100, 108560640, 33
116700000, 119, 121, 10037, 100, 108560640, 14
116700000, 119, 121, 10034, 100, 108560640, 19
116700000, 119, 121, 10033, 100, 108560640, 38
116700000, 119, 121, 10032, 100, 108560640, 23
116700000, 119, 121, 10031, 100, 108560640, 33
116700000, 119, 121, 10030, 100, 108560640, 36
116700000, 119, 121, 10028, 100, 108560640, 37
116800000, 60, 70, 10033, 100, 108560640, 19
116800000, 60, 70, 10028, 100, 108560640, 34
116800000, 119, 121, 10036, 100, 108560640, 16
116800000, 119, 121, 10033, 100, 108560640, 39
116800000, 119, 121, 10030, 100, 108560640, 37
116800000, 119, 121, 10028, 100, 108560640, 38
116900000, 60, 70, 10033, 100, 108560640, 20
116900000, 119, 121, 10038, 100, 108560640, 6
116900000, 119, 121, 10037, 100, 108560640, 16
116900000, 119, 121, 10033, 100, 108560640, 40
116900000, 119, 121, 10032, 100, 108560640, 25
116900000, 119, 121, 10028, 100, 108560640, 40
117000000, 60, 70, 10032, 100, 108560640, 27
117000000, 60, 70, 10031, 100, 108560640, 33
117000000, 60, 70, 10030, 100, 108560640, 25
117000000, 60, 70, 10029, 100, 108560640, 21
117000000, 60, 70, 10028, 100, 108560640, 35
117000000, 119, 121, 10036, 100, 108560640, 18
117100000, 60, 70, 10032, 100, 108560640, 28
117100000, 60, 70, 10031, 100, 108560640, 34
117100000, 119, 121, 10038, 100, 108560640, 7
117100000, 119, 121, 10037, 100, 108560640, 17
117100000, 119, 121, 10036, 100, 108560640, 19
117100000, 119, 121, 10033, 100, 108560640, 42
117500000, 60, 70, 10029, 100, 108560640, 22
117600000, 60, 70, 10027, 100, 108560640, 18
117600000, 95, 97, 10032, 100, 108560640, 1
117600000, 95, 97, 10030, 100, 108560640, 1
117700000, 60, 70, 10032, 100, 108560640, 30
117700000, 60, 70, 10031, 100, 108560640, 35
117800000, 60, 70, 10032, 100, 108560640, 31
117900000, 60, 70, 10032, 100, 108560640, 32
117900000, 60, 70, 10027, 100, 108560640, 19
117900000, 102, 104, 10035, 100, 108560640, 1
117900000, 102, 104, 10034, 100, 108560640, 1
118000000, 60, 70, 10028, 100, 108560640, 36
118000000, 60, 70, 10027, 100, 108560640, 20
118000000, 102, 104, 10035, 100, 108560640, 2
118000000, 102, 104, 10034, 100, 108560640, 2
118000000, 102, 104, 10033, 100, 108560640, 1
118000000, 102, 104, 10030, 100, 108560640, 1
118200000, 60, 70, 10027, 100, 108560640, 21
118300000, 60, 70, 10034, 100, 108560640, 16
118600000, 54, 56, 10035, 100, 108560640, 1
118600000, 54, 56, 10034, 100, 108560640, 1
118600000, 54, 56, 10032, 100, 108560640, 1
118700000, 60, 70, 10033, 100, 108560640, 21
118900000, 9, 19, 10039, 100, 108560640, 1
118900000, 9, 19, 10035, 100, 108560640, 2
118900000, 60, 70, 10034, 100, 108560640, 17
118900000, 95, 97, 10034, 100, 108560640, 1
118900000, 95, 97, 10031, 100, 108560640, 1
118900000, 95, 97, 10030, 100, 108560640, 2
119000000, 54, 56, 10033, 100, 108560640, 1
119000000, 60, 70, 10031, 100, 108560640, 36
119000000, 60, 70, 10029, 100, 108560640, 23
119100000, 60, 70, 10030, 100, 108560640, 27
119100000, 96, 106, 10038, 100, 108560640, 1
119100000, 96, 106, 10036, 100, 108560640, 1
119100000, 96, 106, 10035, 100, 108560640, 1
119200000, 96, 106, 10034, 100, 108560640, 1
119400000, 102, 104, 10032, 100, 108560640, 1
119500000, 102, 104, 10037, 100, 108560640, 2
119500000, 102, 104, 10035, 100, 108560640, 3
119500000, 102, 104, 10033, 100, 108560640, 2
119600000, 102, 104, 10036, 100, 108560640, 1
119600000, 102, 104, 10033, 100, 108560640, 4
119600000, 102, 104, 10031, 100, 108560640, 1
119700000, 54, 56, 10032, 100, 108560640, 2
119700000, 102, 104, 10036, 100, 108560640, 2
119700000, 102, 104, 10033, 100, 108560640, 5
119700000, 102, 104, 10030, 100, 108560640, 4
119800000, 54, 56, 10031, 100, 108560640, 1
119800000, 102, 104, 10036, 100, 108560640, 3
119900000, 102, 104, 10035, 100, 108560640, 4
119900000, 102, 104, 10031, 100, 108560640, 2
120000000, 54, 56, 10034, 100, 108560640, 2
120000000, 54, 56, 10031, 100, 108560640, 2
120000000, 91, 101, 10037, 100, 108560640, 1
120000000, 91, 101, 10035, 100, 108560640, 1
120000000, 102, 104, 10037, 100, 108560640, 3
120000000, 102, 104, 10034, 100, 108560640, 3
120000000, 102, 104, 10030, 100, 108560640, 6
120100000, 102, 104, 10036, 100, 108560640, 4
120100000, 102, 104, 10034, 100, 108560640, 4
120100000, 102, 104, 10032, 100, 108560640, 2
120200000, 102, 104, 10037, 100, 108560640, 4
120200000, 102, 104, 10034, 100, 108560640, 5
120200000, 102, 104, 10030, 100, 108560640, 7
120300000, 54, 56, 10032, 100, 108560640, 3
120300000, 54, 56, 10030, 100, 108560640, 1
120300000, 102, 104, 10034, 100, 108560640, 6
120400000, 102, 104, 10035, 100, 108560640, 5
120500000, 102, 104, 10035, 100, 108560640, 6
120500000, 102, 104, 10034, 100, 108560640, 7
120500000, 102, 104, 10030, 100, 108560640, 9
120600000, 102, 104, 10032, 100, 108560640, 3
120800000, 102, 104, 10030, 100, 108560640, 10
120900000, 95, 97, 10033, 100, 108560640, 1
120900000, 95, 97, 10031, 100, 108560640, 2
121000000, 64, 74, 10033, 100, 108560640, 1
121000000, 64, 74, 10028, 100, 108560640, 2
121000000, 102, 104, 10032, 100, 108560640, 4
121000000, 102, 104, 10031, 100, 108560640, 4
121000000, 102, 104, 10030, 100, 108560640, 12
121100000, 102, 104, 10032, 100, 108560640, 5
121200000, 9, 19, 10037, 100, 108560640, 1
121200000, 54, 56, 10035, 100, 108560640, 2
121200000, 54, 56, 10034, 100, 108560640, 3
121200000, 54, 56, 10033, 100, 108560640, 2
121200000, 64, 74, 10034, 100, 108560640, 1
121200000, 64, 74, 10033, 100, 108560640, 2
121200000, 64, 74, 10030, 100, 108560640, 2
121200000, 102, 104, 10034, 100, 108560640, 10
121200000, 102, 104, 10030, 100, 108560640, 13
121300000, 9, 19, 10039, 100, 108560640, 2
121300000, 54, 56, 10033, 100, 108560640, 3
121300000, 54, 56, 10032, 100, 108560640, 4
121300000, 54, 56, 10031, 100, 108560640, 3
121300000, 54, 56, 10030, 100, 108560640, 2
121300000, 64, 74, 10031, 100, 108560640, 1
121300000, 64, 74, 10027, 100, 108560640, 1
121300000, 102, 104, 10037, 100, 108560640, 5
121300000, 102, 104, 10035, 100, 108560640, 8
121300000, 102, 104, 10034, 100, 108560640, 11
121300000, 102, 104, 10033, 100, 108560640, 6
121300000, 102, 104, 10031, 100, 108560640, 7
121300000, 102, 104, 10030, 100, 108560640, 14
121400000, 54, 56, 10033, 100, 108560640, 4
121400000, 64, 74, 10034, 100, 108560640, 2
121400000, 102, 104, 10037, 100, 108560640, 6
121400000, 102, 104, 10034, 100, 108560640, 12
121400000, 102, 104, 10033, 100, 108560640, 7
121400000, 102, 104, 10032, 100, 108560640, 7
121400000, 102, 104, 10031, 100, 108560640, 8
121500000, 54, 56, 10035, 100, 108560640, 3
121500000, 54, 56, 10031, 100, 108560640, 4
121500000, 102, 104, 10037, 100, 108560640, 7
121500000, 102, 104, 10035, 100, 108560640, 9
121500000, 102, 104, 10034, 100, 108560640, 14
121500000, 102, 104, 10033, 100, 108560640, 8
121500000, 102, 104, 10031, 100, 108560640, 11
121600000, 54, 56, 10031, 100, 108560640, 5
121600000, 102, 104, 10037, 100, 108560640, 8
121600000, 102, 104, 10036, 100, 108560640, 5
121600000, 102, 104, 10035, 100, 108560640, 12
121600000, 102, 104, 10034, 100, 108560640, 15
121600000, 102, 104, 10032, 100, 108560640, 8
121600000, 102, 104, 10031, 100, 108560640, 12
121600000, 102, 104, 10030, 100, 108560640, 15
121700000, 54, 56, 10033, 100, 108560640, 5
121700000, 54, 56, 10031, 100, 108560640, 6
121700000, 54, 56, 10030, 100, 108560640, 3
121700000, 64, 74, 10034, 100, 108560640, 3
121700000, 102, 104, 10037, 100, 108560640, 11
121700000, 102, 104, 10036, 100, 108560640, 6
121700000, 102, 104, 10035, 100, 108560640, 13
121700000, 102, 104, 10034, 100, 108560640, 18
121700000, 102, 104, 10033, 100, 108560640, 9
121700000, 102, 104, 10031, 100, 108560640, 15
121700000, 102, 104, 10030, 100, 108560640, 17
121800000, 54, 56, 10034, 100, 108560640, 4
121800000, 54, 56, 10033, 100, 108560640, 6
121800000, 64, 74, 10028, 100, 108560640, 3
121800000, 102, 104, 10037, 100, 108560640, 12
121800000, 102, 104, 10036, 100, 108560640, 8
121800000, 102, 104, 10035, 100, 108560640, 14
121800000, 102, 104, 10034, 100, 108560640, 20
121800000, 102, 104, 10033, 100, 108560640, 11
121800000, 102, 104, 10032, 100, 108560640, 9
121800000, 102, 104, 10031, 100, 108560640, 17
121800000, 102, 104, 10030, 100, 108560640, 18
121900000, 54, 56, 10035, 100, 108560640, 4
121900000, 54, 56, 10034, 100, 108560640, 6
121900000, 54, 56, 10033, 100, 108560640, 7
121900000, 102, 104, 10036, 100, 108560640, 11
121900000, 102, 104, 10035, 100, 108560640, 15
121900000, 102, 104, 10034, 100, 108560640, 21
121900000, 102, 104, 10033, 100, 108560640, 13
121900000, 102, 104, 10030, 100, 108560640, 20
122000000, 54, 56, 10035, 100, 108560640, 6
122000000, 54, 56, 10033, 100, 108560640, 8
122000000, 54, 56, 10032, 100, 108560640, 5
122000000, 95, 97, 10034, 100, 108560640, 2
122000000, 102, 104, 10037, 100, 108560640, 13
122000000, 102, 104, 10036, 100, 108560640, 12
122000000, 102, 104, 10035, 100, 108560640, 16
122000000, 102, 104, 10034, 100, 108560640, 23
122000000, 102, 104, 10033, 100, 108560640, 14
122000000, 102, 104, 10032, 100, 108560640, 10
122000000, 102, 104, 10031, 100, 108560640, 18
122000000, 102, 104, 10030, 100, 108560640, 21
122100000, 54, 56, 10031, 100, 108560640, 9
122100000, 95, 97, 10031, 100, 108560640, 3
122100000, 102, 104, 10037, 100, 108560640, 17
122100000, 102, 104, 10036, 100, 108560640, 13
122100000, 102, 104, 10035, 100, 108560640, 17
122100000, 102, 104, 10033, 100, 108560640, 16
122100000, 102, 104, 10031, 100, 108560640, 19
122100000, 102, 104, 10030, 100, 108560640, 23
122200000, 54, 56, 10035, 100, 108560640, 8
122200000, 54, 56, 10034, 100, 108560640, 8
122200000, 54, 56, 10031, 100, 108560640, 10
122200000, 95, 97, 10032, 100, 108560640, 2
122200000, 95, 97, 10030, 100, 108560640, 3
122200000, 102, 104, 10036, 100, 108560640, 14
122200000, 102, 104, 10034, 100, 108560640, 24
122200000, 102, 104, 10033, 100, 108560640, 17
122200000, 102, 104, 10031, 100, 108560640, 20
122300000, 54, 56, 10035, 100, 108560640, 9
122300000, 54, 56, 10034, 100, 108560640, 9
122300000, 54, 56, 10032, 100, 108560640, 7
122300000, 54, 56, 10030, 100, 108560640, 4
122300000, 95, 97, 10035, 100, 108560640, 1
122300000, 102, 104, 10037, 100, 108560640, 19
122300000, 102, 104, 10036, 100, 108560640, 16
122300000, 102, 104, 10035, 100, 108560640, 20
122300000, 102, 104, 10033, 100, 108560640, 20
122300000, 102, 104, 10030, 100, 108560640, 24
122400000, 54, 56, 10033, 100, 108560640, 9
122400000, 54, 56, 10032, 100, 108560640, 8
122400000, 102, 104, 10035, 100, 108560640, 21
122400000, 102, 104, 10034, 100, 108560640, 25
122400000, 102, 104, 10032, 100, 108560640, 11
122400000, 102, 104, 10031, 100, 108560640, 21
122400000, 102, 104, 10030, 100, 108560640, 25
122500000, 54, 56, 10035, 100, 108560640, 10
122500000, 102, 104, 10037, 100, 108560640, 20
122500000, 102, 104, 10036, 100, 108560640, 17
122500000, 102, 104, 10035, 100, 108560640, 22
122500000, 102, 104, 10030, 100, 108560640, 26
122600000, 54, 56, 10035, 100, 108560640, 11
122600000, 54, 56, 10034, 100, 108560640, 10
122600000, 54, 56, 10033, 100, 108560640, 10
122600000, 54, 56, 10032, 100, 108560640, 9
122600000, 54, 56, 10031, 100, 108560640, 11
122600000, 102, 104, 10033, 100, 108560640, 21
122600000, 102, 104, 10031, 100, 108560640, 23
122600000, 102, 104, 10030, 100, 108560640, 27
122700000, 54, 56, 10035, 100, 108560640, 12
122700000, 54, 56, 10034, 100, 108560640, 11
122700000, 54, 56, 10033, 100, 108560640, 11
122700000, 54, 56, 10031, 100, 108560640, 12
122700000, 102, 104, 10037, 100, 108560640, 21
122700000, 102, 104, 10035, 100, 108560640, 23
122700000, 102, 104, 10033, 100, 108560640, 22
122700000, 102, 104, 10032, 100, 108560640, 12
122700000, 102, 104, 10031, 100, 108560640, 24
122700000, 102, 104, 10030, 100, 108560640, 28
122800000, 54, 56, 10035, 100, 108560640, 13
122800000, 54, 56, 10034, 100, 108560640, 12
122800000, 102, 104, 10037, 100, 108560640, 22
122800000, 102, 104, 10036, 100, 108560640, 18
122800000, 102, 104, 10035, 100, 108560640, 24
122800000, 102, 104, 10034, 100, 108560640, 27
122800000, 102, 104, 10032, 100, 108560640, 13
122800000, 102, 104, 10031, 100, 108560640, 25
122900000, 54, 56, 10034, 100, 108560640, 13
122900000, 54, 56, 10030, 100, 108560640, 6
122900000, 64, 74, 10032, 100, 108560640, 1
122900000, 102, 104, 10037, 100, 108560640, 23
122900000, 102, 104, 10035, 100, 108560640, 26
122900000, 102, 104, 10034, 100, 108560640, 29
122900000, 102, 104, 10033, 100, 108560640, 23
122900000, 102, 104, 10032, 100, 108560640, 14
122900000, 102, 104, 10031, 100, 108560640, 26
122900000, 102, 104, 10030, 100, 108560640, 30
123000000, 54, 56, 10035, 100, 108560640, 14
123000000, 64, 74, 10032, 100, 108560640, 2
123000000, 64, 74, 10029, 100, 108560640, 1
123000000, 102, 104, 10037, 100, 108560640, 24
123000000, 102, 104, 10036, 100, 108560640, 19
123000000, 102, 104, 10035, 100, 108560640, 28
123000000, 102, 104, 10034, 100, 108560640, 31
123000000, 102, 104, 10033, 100, 108560640, 24
123100000, 54, 56, 10035, 100, 108560640, 15
123100000, 54, 56, 10034, 100, 108560640, 14
123100000, 54, 56, 10033, 100, 108560640, 12
123100000, 54, 56, 10031, 100, 108560640, 13
123100000, 54, 56, 10030, 100, 108560640, 8
123100000, 64, 74, 10035, 100, 108560640, 1
123100000, 64, 74, 10031, 100, 108560640, 2
123100000, 64, 74, 10030, 100, 108560640, 3
123100000, 102, 104, 10037, 100, 108560640, 25
123100000, 102, 104, 10035, 100, 108560640, 30
123100000, 102, 104, 10034, 100, 108560640, 32
123100000, 102, 104, 10033, 100, 108560640, 25
123100000, 102, 104, 10032, 100, 108560640, 15
123100000, 102, 104, 10031, 100, 108560640, 27
123200000, 54, 56, 10032, 100, 108560640, 10
123200000, 54, 56, 10030, 100, 108560640, 9
123200000, 64, 74, 10032, 100, 108560640, 3
123200000, 102, 104, 10035, 100, 108560640, 31
123200000, 102, 104, 10032, 100, 108560640, 16
123200000, 102, 104, 10031, 100, 108560640, 28
123300000, 54, 56, 10034, 100, 108560640, 15
123300000, 54, 56, 10031, 100, 108560640, 14
123300000, 54, 56, 10030, 100, 108560640, 11
123300000, 102, 104, 10036, 100, 108560640, 20
123300000, 102, 104, 10034, 100, 108560640, 33
123300000, 102, 104, 10033, 100, 108560640, 26
123300000, 102, 104, 10032, 100, 108560640, 17
123300000, 102, 104, 10031, 100, 108560640, 29
123300000, 102, 104, 10030, 100, 108560640, 31
123400000, 54, 56, 10033, 100, 108560640, 13
123400000, 64, 74, 10033, 100, 108560640, 3
123400000, 102, 104, 10035, 100, 108560640, 32
123400000, 102, 104, 10033, 100, 108560640, 27
123400000, 102, 104, 10032, 100, 108560640, 18
123400000, 102, 104, 10030, 100, 108560640, 33
123500000, 102, 104, 10037, 100, 108560640, 26
123500000, 102, 104, 10035, 100, 108560640, 34
123500000, 102, 104, 10030, 100, 108560640, 35
123600000, 54, 56, 10032, 100, 108560640, 11
123600000, 64, 74, 10032, 100, 108560640, 4
123600000, 64, 74, 10031, 100, 108560640, 3
123600000, 64, 74, 10029, 100, 108560640, 3
123600000, 102, 104, 10037, 100, 108560640, 27
123600000, 102, 104, 10034, 100, 108560640, 35
123700000, 54, 56, 10035, 100, 108560640, 16
123700000, 64, 74, 10034, 100, 108560640, 5
123700000, 64, 74, 10032, 100, 108560640, 5
123700000, 64, 74, 10030, 100, 108560640, 4
123700000, 102, 104, 10035, 100, 108560640, 35
123700000, 102, 104, 10034, 100, 108560640, 36
123700000, 102, 104, 10033, 100, 108560640, 28
123800000, 64, 74, 10030, 100, 108560640, 5
123800000, 102, 104, 10034, 100, 108560640, 37
123800000, 102, 104, 10033, 100, 108560640, 29
123800000, 102, 104, 10030, 100, 108560640, 36
123900000, 102, 104, 10035, 100, 108560640, 36
123900000, 102, 104, 10034, 100, 108560640, 40
123900000, 102, 104, 10033, 100, 108560640, 31
123900000, 102, 104, 10031, 100, 108560640, 30
124000000, 54, 56, 10032, 100, 108560640, 12
124000000, 64, 74, 10031, 100, 108560640, 4
124000000, 64, 74, 10030, 100, 108560640, 6
124000000, 102, 104, 10036, 100, 108560640, 21
124000000, 102, 104, 10035, 100, 108560640, 37
124000000, 102, 104, 10031, 100, 108560640, 31
124000000, 102, 104, 10030, 100, 108560640, 37
124100000, 54, 56, 10037, 100, 108560640, 1
124100000, 54, 56, 10036, 100, 108560640, 1
124100000, 64, 74, 10034, 100, 108560640, 6
124100000, 64, 74, 10030, 100, 108560640, 8
124100000, 102, 104, 10037, 100, 108560640, 28
124100000, 102, 104, 10035, 100, 108560640, 38
124200000, 64, 74, 10035, 100, 108560640, 2
124200000, 64, 74, 10033, 100, 108560640, 4
124200000, 64, 74, 10030, 100, 108560640, 9
124200000, 64, 74, 10029, 100, 108560640, 4
124200000, 102, 104, 10035, 100, 108560640, 39
124300000, 64, 74, 10035, 100, 108560640, 3
124300000, 64, 74, 10033, 100, 108560640, 5
124300000, 64, 74, 10031, 100, 108560640, 7
124300000, 64, 74, 10030, 100, 108560640, 10
124300000, 64, 74, 10029, 100, 108560640, 5
124400000, 64, 74, 10033, 100, 108560640, 6
124400000, 64, 74, 10032, 100, 108560640, 6
124400000, 64, 74, 10031, 100, 108560640, 10
124400000, 64, 74, 10030, 100, 108560640, 11
124400000, 64, 74, 10029, 100, 108560640, 6
124400000, 102, 104, 10033, 100, 108560640, 32
124500000, 54, 56, 10033, 100, 108560640, 14
124500000, 64, 74, 10035, 100, 108560640, 5
124500000, 64, 74, 10033, 100, 108560640, 7
124500000, 64, 74, 10030, 100, 108560640, 12
124500000, 102, 104, 10031, 100, 108560640, 32
124500000, 102, 104, 10030, 100, 108560640, 38
124600000, 64, 74, 10033, 100, 108560640, 9
124600000, 64, 74, 10029, 100, 108560640, 7
124600000, 102, 104, 10036, 100, 108560640, 23
124700000, 64, 74, 10034, 100, 108560640, 7
124700000, 64, 74, 10030, 100, 108560640, 13
124800000, 64, 74, 10035, 100, 108560640, 6
124800000, 64, 74, 10029, 100, 108560640, 8
124800000, 102, 104, 10036, 100, 108560640, 24
124800000, 102, 104, 10033, 100, 108560640, 33
124800000, 102, 104, 10031, 100, 108560640, 33
124800000, 102, 104, 10030, 100, 108560640, 40
124900000, 64, 74, 10034, 100, 108560640, 10
124900000, 64, 74, 10031, 100, 108560640, 11
124900000, 102, 104, 10037, 100, 108560640, 29
125000000, 64, 74, 10035, 100, 108560640, 7
125000000, 64, 74, 10029, 100, 108560640, 9
125000000, 102, 104, 10036, 100, 108560640, 25
125000000, 102, 104, 10030, 100, 108560640, 41
125100000, 64, 74, 10034, 100, 108560640, 11
125100000, 64, 74, 10033, 100, 108560640, 10
125100000, 102, 104, 10037, 100, 108560640, 30
125100000, 102, 104, 10036, 100, 108560640, 27
125200000, 102, 104, 10032, 100, 108560640, 19
125200000, 102, 104, 10031, 100, 108560640, 35
125300000, 54, 56, 10038, 100, 108560640, 1
125300000, 64, 74, 10034, 100, 108560640, 12
125300000, 64, 74, 10031, 100, 108560640, 12
125300000, 64, 74, 10029, 100, 108560640, 10
125400000, 64, 74, 10030, 100, 108560640, 14
125400000, 102, 104, 10035, 100, 108560640, 40
125400000, 102, 104, 10034, 100, 108560640, 41
125500000, 64, 74, 10032, 100, 108560640, 7
125500000, 64, 74, 10031, 100, 108560640, 13
125500000, 64, 74, 10029, 100, 108560640, 11
125600000, 64, 74, 10033, 100, 108560640, 11
125600000, 64, 74, 10032, 100, 108560640, 8
125600000, 64, 74, 10031, 100, 108560640, 14
125600000, 64, 74, 10030, 100, 108560640, 15
125600000, 64, 74, 10029, 100, 108560640, 12
125600000, 102, 104, 10034, 100, 108560640, 42
125600000, 102, 104, 10030, 100, 108560640, 42
125700000, 64, 74, 10034, 100, 108560640, 13
125700000, 64, 74, 10031, 100, 108560640, 16
125700000, 102, 104, 10035, 100, 108560640, 41
125700000, 102, 104, 10031, 100, 108560640, 36
125800000, 64, 74, 10034, 100, 108560640, 16
125800000, 64, 74, 10033, 100, 108560640, 12
125800000, 64, 74, 10032, 100, 108560640, 9
125800000, 102, 104, 10036, 100, 108560640, 28
125800000, 102, 104, 10031, 100, 108560640, 37
125900000, 64, 74, 10034, 100, 108560640, 17
125900000, 64, 74, 10033, 100, 108560640, 16
125900000, 64, 74, 10032, 100, 108560640, 10
125900000, 64, 74, 10030, 100, 108560640, 16
125900000, 102, 104, 10037, 100, 108560640, 31
125900000, 102, 104, 10032, 100, 108560640, 20
126000000, 94, 96, 10039, 100, 108560640, 1
126000000, 94, 96, 10037, 100, 108560640, 1
126000000, 94, 96, 10036, 100, 108560640, 1
126000000, 94, 96, 10034, 100, 108560640, 1
126100000, 64, 74, 10035, 100, 108560640, 8
126100000, 64, 74, 10034, 100, 108560640, 19
126100000, 64, 74, 10033, 100, 108560640, 18
126100000, 64, 74, 10032, 100, 108560640, 12
126100000, 94, 96, 10038, 100, 108560640, 1
126100000, 94, 96, 10037, 100, 108560640, 2
126100000, 94, 96, 10035, 100, 108560640, 1
126100000, 102, 104, 10036, 100, 108560640, 29
126100000, 102, 104, 10032, 100, 108560640, 21
126200000, 64, 74, 10034, 100, 108560640, 20
126200000, 64, 74, 10033, 100, 108560640, 20
126200000, 64, 74, 10032, 100, 108560640, 14
126200000, 64, 74, 10031, 100, 108560640, 17
126200000, 64, 74, 10030, 100, 108560640, 17
126200000, 64, 74, 10029, 100, 108560640, 13
126200000, 94, 96, 10041, 100, 108560640, 1
126200000, 94, 96, 10040, 100, 108560640, 1
126200000, 94, 96, 10035, 100, 108560640, 2
126200000, 102, 104, 10032, 100, 108560640, 22
126300000, 64, 74, 10034, 100, 108560640, 21
126300000, 64, 74, 10033, 100, 108560640, 23
126300000, 64, 74, 10029, 100, 108560640, 14
126400000, 64, 74, 10035, 100, 108560640, 10
126400000, 64, 74, 10034, 100, 108560640, 22
126400000, 64, 74, 10033, 100, 108560640, 24
126400000, 64, 74, 10031, 100, 108560640, 18
126400000, 64, 74, 10029, 100, 108560640, 15
126400000, 102, 104, 10037, 100, 108560640, 32
126400000, 102, 104, 10033, 100, 108560640, 34
126400000, 102, 104, 10032, 100, 108560640, 23
126500000, 64, 74, 10035, 100, 108560640, 11
126500000, 64, 74, 10032, 100, 108560640, 15
126500000, 64, 74, 10031, 100, 108560640, 19
126600000, 64, 74, 10035, 100, 108560640, 14
126600000, 64, 74, 10034, 100, 108560640, 25
126600000, 64, 74, 10033, 100, 108560640, 25
126600000, 64, 74, 10032, 100, 108560640, 17
126600000, 64, 74, 10031, 100, 108560640, 20
126600000, 64, 74, 10030, 100, 108560640, 18
126600000, 64, 74, 10029, 100, 108560640, 17
126700000, 64, 74, 10035, 100, 108560640, 15
126700000, 64, 74, 10033, 100, 108560640, 27
126700000, 64, 74, 10032, 100, 108560640, 18
126700000, 64, 74, 10030, 100, 108560640, 19
126800000, 64, 74, 10035, 100, 108560640, 16
126800000, 64, 74, 10034, 100, 108560640, 26
126800000, 64, 74, 10031, 100, 108560640, 21
126900000, 64, 74, 10034, 100, 108560640, 27
126900000, 64, 74, 10033, 100, 108560640, 29
126900000, 64, 74, 10031, 100, 108560640, 22
126900000, 64, 74, 10030, 100, 108560640, 21
127000000, 64, 74, 10035, 100, 108560640, 18
127000000, 64, 74, 10034, 100, 108560640, 28
127000000, 64, 74, 10032, 100, 108560640, 19
127000000, 64, 74, 10031, 100, 108560640, 23
127000000, 64, 74, 10030, 100, 108560640, 22
127100000, 64, 74, 10035, 100, 108560640, 19
127100000, 64, 74, 10033, 100, 108560640, 31
127100000, 64, 74, 10029, 100, 108560640, 19
127200000, 64, 74, 10034, 100, 108560640, 29
127300000, 64, 74, 10035, 100, 108560640, 22
127300000, 64, 74, 10034, 100, 108560640, 30
127400000, 2, 12, 10039, 100, 108560640, 1
127400000, 2, 12, 10038, 100, 108560640, 1
127400000, 2, 12, 10036, 100, 108560640, 1
127400000, 64, 74, 10032, 100, 108560640, 20
127400000, 64, 74, 10031, 100, 108560640, 24
127400000, 64, 74, 10030, 100, 108560640, 24
127400000, 64, 74, 10029, 100, 108560640, 20
127500000, 64, 74, 10032, 100, 108560640, 21
127500000, 64, 74, 10030, 100, 108560640, 25
127600000, 2, 12, 10040, 100, 108560640, 1
127600000, 2, 12, 10036, 100, 108560640, 2
128400000, 36, 46, 10037, 100, 108560640, 2
128400000, 41, 51, 10038, 100, 108560640, 1
128400000, 41, 51, 10035, 100, 108560640, 1
128400000, 41, 51, 10032, 100, 108560640, 1
128500000, 41, 51, 10038, 100, 108560640, 2
128500000, 41, 51, 10035, 100, 108560640, 2
128500000, 41, 51, 10033, 100, 108560640, 1
128500000, 41, 51, 10032, 100, 108560640, 2
128600000, 41, 51, 10041, 100, 108560640, 1
128600000, 41, 51, 10040, 100, 108560640, 1
128600000, 41, 51, 10038, 100, 108560640, 3
128600000, 41, 51, 10037, 100, 108560640, 1
128600000, 41, 51, 10035, 100, 108560640, 3
128700000, 41, 51, 10039, 100, 108560640, 1
128700000, 41, 51, 10037, 100, 108560640, 2
128700000, 41, 51, 10036, 100, 108560640, 1
128700000, 41, 51, 10034, 100, 108560640, 1
128800000, 2, 12, 10041, 100, 108560640, 1
128800000, 2, 12, 10039, 100, 108560640, 2
128900000, 2, 12, 10037, 100, 108560640, 1
128900000, 2, 12, 10035, 100, 108560640, 1
129000000, 2, 12, 10041, 100, 108560640, 2
129000000, 2, 12, 10037, 100, 108560640, 2
129100000, 5, 15, 10038, 100, 108560640, 1
129200000, 32, 42, 10034, 100, 108560640, 1
129300000, 5, 15, 10041, 100, 108560640, 1
129300000, 32, 42, 10033, 100, 108560640, 1
129500000, 36, 46, 10035, 100, 108560640, 1
129600000, 2, 12, 10036, 100, 108560640, 3
129700000, 2, 12, 10042, 100, 108560640, 1
129700000, 2, 12, 10041, 100, 108560640, 3
129700000, 2, 12, 10035, 100, 108560640, 2
129800000, 2, 12, 10042, 100, 108560640, 2
129800000, 2, 12, 10037, 100, 108560640, 3
129800000, 2, 12, 10036, 100, 108560640, 4
129900000, 2, 12, 10041, 100, 108560640, 5
129900000, 2, 12, 10039, 100, 108560640, 3
129900000, 2, 12, 10037, 100, 108560640, 4
129900000, 2, 12, 10036, 100, 108560640, 5
129900000, 32, 42, 10038, 100, 108560640, 1
129900000, 32, 42, 10037, 100, 108560640, 1
129900000, 106, 116, 10037, 100, 108560640, 1
130000000, 2, 12, 10043, 100, 108560640, 1
130000000, 2, 12, 10038, 100, 108560640, 3
130000000, 2, 12, 10037, 100, 108560640, 5
130000000, 2, 12, 10036, 100, 108560640, 6
130000000, 2, 12, 10035, 100, 108560640, 3
130000000, 32, 42, 10038, 100, 108560640, 2
130000000, 32, 42, 10036, 100, 108560640, 2
130000000, 106, 116, 10040, 100, 108560640, 1
130000000, 106, 116, 10039, 100, 108560640, 1
130100000, 2, 12, 10041, 100, 108560640, 6
130100000, 2, 12, 10039, 100, 108560640, 4
130100000, 2, 12, 10038, 100, 108560640, 4
130100000, 2, 12, 10036, 100, 108560640, 7
130200000, 2, 12, 10040, 100, 108560640, 2
130200000, 2, 12, 10039, 100, 108560640, 5
130200000, 2, 12, 10038, 100, 108560640, 6
130200000, 2, 12, 10036, 100, 108560640, 8
130200000, 60, 70, 10038, 100, 108560640, 1
130300000, 2, 12, 10038, 100, 108560640, 8
130300000, 2, 12, 10036, 100, 108560640, 9
130300000, 2, 12, 10035, 100, 108560640, 4
130400000, 2, 12, 10043, 100, 108560640, 3
130400000, 2, 12, 10041, 100, 108560640, 7
130400000, 2, 12, 10038, 100, 108560640, 9
130400000, 2, 12, 10037, 100, 108560640, 6
130400000, 2, 12, 10036, 100, 108560640, 10
130500000, 2, 12, 10041, 100, 108560640, 8
130500000, 2, 12, 10040, 100, 108560640, 3
130500000, 2, 12, 10038, 100, 108560640, 11
130500000, 2, 12, 10035, 100, 108560640, 5
130500000, 17, 27, 10040, 100, 108560640, 1
130600000, 2, 12, 10043, 100, 108560640, 5
130600000, 2, 12, 10040, 100, 108560640, 5
130600000, 2, 12, 10039, 100, 108560640, 6
130600000, 2, 12, 10036, 100, 108560640, 11
130700000, 2, 12, 10043, 100, 108560640, 6
130700000, 2, 12, 10042, 100, 108560640, 3
130700000, 2, 12, 10039, 100, 108560640, 7
130700000, 2, 12, 10038, 100, 108560640, 12
130700000, 2, 12, 10036, 100, 108560640, 12
130700000, 17, 27, 10043, 100, 108560640, 1
130700000, 17, 27, 10042, 100, 108560640, 1
130700000, 17, 27, 10041, 100, 108560640, 2
130700000, 41, 51, 10038, 100, 108560640, 4
130800000, 2, 12, 10041, 100, 108560640, 9
130800000, 2, 12, 10040, 100, 108560640, 6
130800000, 2, 12, 10038, 100, 108560640, 14
130800000, 17, 27, 10044, 100, 108560640, 1
130800000, 41, 51, 10037, 100, 108560640, 3
130800000, 41, 51, 10036, 100, 108560640, 2
130800000, 41, 51, 10035, 100, 108560640, 4
130800000, 103, 105, 10038, 100, 108560640, 1
130900000, 2, 12, 10041, 100, 108560640, 10
130900000, 2, 12, 10040, 100, 108560640, 7
130900000, 2, 12, 10039, 100, 108560640, 8
130900000, 2, 12, 10036, 100, 108560640, 13
130900000, 17, 27, 10040, 100, 108560640, 2
130900000, 41, 51, 10041, 100, 108560640, 2
130900000, 41, 51, 10037, 100, 108560640, 4
131000000, 2, 12, 10042, 100, 108560640, 4
131000000, 2, 12, 10036, 100, 108560640, 14
131000000, 41, 51, 10042, 100, 108560640, 1
131000000, 41, 51, 10036, 100, 108560640, 3
131000000, 41, 51, 10035, 100, 108560640, 5
131000000, 103, 105, 10038, 100, 108560640, 3
131000000, 103, 105, 10037, 100, 108560640, 1
131100000, 2, 12, 10043, 100, 108560640, 7
131100000, 2, 12, 10038, 100, 108560640, 15
131100000, 41, 51, 10042, 100, 108560640, 3
131100000, 41, 51, 10039, 100, 108560640, 2
131100000, 41, 51, 10037, 100, 108560640, 6
131100000, 103, 105, 10039, 100, 108560640, 1
131200000, 2, 12, 10040, 100, 108560640, 8
131200000, 41, 51, 10040, 100, 108560640, 3
131200000, 41, 51, 10038, 100, 108560640, 7
131300000, 41, 51, 10042, 100, 108560640, 4
131300000, 41, 51, 10040, 100, 108560640, 5
131300000, 41, 51, 10039, 100, 108560640, 3
131300000, 41, 51, 10038, 100, 108560640, 10
131300000, 41, 51, 10035, 100, 108560640, 6
131400000, 36, 46, 10036, 100, 108560640, 1
131400000, 41, 51, 10041, 100, 108560640, 4
131400000, 41, 51, 10040, 100, 108560640, 6
131400000, 41, 51, 10038, 100, 108560640, 11
131400000, 41, 51, 10036, 100, 108560640, 4
131400000, 41, 51, 10035, 100, 108560640, 7
131500000, 36, 46, 10040, 100, 108560640, 1
131500000, 36, 46, 10037, 100, 108560640, 3
131500000, 41, 51, 10042, 100, 108560640, 6
131500000, 41, 51, 10040, 100, 108560640, 7
131500000, 41, 51, 10038, 100, 108560640, 13
131500000, 41, 51, 10037, 100, 108560640, 8
131500000, 41, 51, 10036, 100, 108560640, 5
131600000, 36, 46, 10039, 100, 108560640, 1
131600000, 36, 46, 10038, 100, 108560640, 1
131600000, 41, 51, 10042, 100, 108560640, 7
131600000, 41, 51, 10039, 100, 108560640, 4
131600000, 41, 51, 10038, 100, 108560640, 14
131600000, 41, 51, 10036, 100, 108560640, 8
131600000, 41, 51, 10035, 100, 108560640, 8
131700000, 41, 51, 10041, 100, 108560640, 6
131700000, 41, 51, 10040, 100, 108560640, 8
131700000, 41, 51, 10039, 100, 108560640, 5
131700000, 41, 51, 10038, 100, 108560640, 16
131700000, 41, 51, 10037, 100, 108560640, 9
131700000, 41, 51, 10036, 100, 108560640, 10
131700000, 41, 51, 10035, 100, 108560640, 9
131800000, 11, 21, 10044, 100, 108560640, 1
131800000, 41, 51, 10041, 100, 108560640, 8
131800000, 41, 51, 10038, 100, 108560640, 17
131800000, 41, 51, 10037, 100, 108560640, 10
131900000, 11, 21, 10040, 100, 108560640, 3
131900000, 41, 51, 10041, 100, 108560640, 10
131900000, 41, 51, 10040, 100, 108560640, 10
131900000, 41, 51, 10039, 100, 108560640, 7
131900000, 41, 51, 10038, 100, 108560640, 18
131900000, 41, 51, 10036, 100, 108560640, 11
132000000, 11, 21, 10045, 100, 108560640, 1
132000000, 11, 21, 10044, 100, 108560640, 2
132000000, 11, 21, 10043, 100, 108560640, 1
132000000, 11, 21, 10040, 100, 108560640, 4
132000000, 41, 51, 10041, 100, 108560640, 11
132000000, 41, 51, 10039, 100, 108560640, 8
132000000, 41, 51, 10038, 100, 108560640, 21
132000000, 41, 51, 10037, 100, 108560640, 11
132000000, 41, 51, 10036, 100, 108560640, 14
132100000, 41, 51, 10041, 100, 108560640, 14
132100000, 41, 51, 10040, 100, 108560640, 13
132100000, 41, 51, 10039, 100, 108560640, 9
132100000, 41, 51, 10038, 100, 108560640, 23
132100000, 41, 51, 10037, 100, 108560640, 12
132100000, 41, 51, 10036, 100, 108560640, 15
132200000, 11, 21, 10041, 100, 108560640, 2
132200000, 41, 51, 10044, 100, 108560640, 1
132200000, 41, 51, 10040, 100, 108560640, 16
132200000, 41, 51, 10038, 100, 108560640, 25
132200000, 41, 51, 10036, 100, 108560640, 16
132300000, 41, 51, 10043, 100, 108560640, 1
132300000, 41, 51, 10042, 100, 108560640, 8
132300000, 41, 51, 10041, 100, 108560640, 17
132300000, 41, 51, 10040, 100, 108560640, 17
132300000, 41, 51, 10039, 100, 108560640, 13
132300000, 41, 51, 10038, 100, 108560640, 27
132300000, 41, 51, 10036, 100, 108560640, 17
132300000, 103, 105, 10036, 100, 108560640, 1
132400000, 41, 51, 10044, 100, 108560640, 3
132400000, 41, 51, 10042, 100, 108560640, 9
132400000, 41, 51, 10041, 100, 108560640, 18
132400000, 41, 51, 10040, 100, 108560640, 18
132400000, 41, 51, 10037, 100, 108560640, 16
132400000, 41, 51, 10036, 100, 108560640, 20
132400000, 103, 105, 10035, 100, 108560640, 1
132500000, 41, 51, 10043, 100, 108560640, 2
132500000, 41, 51, 10041, 100, 108560640, 19
132500000, 41, 51, 10040, 100, 108560640, 21
132500000, 41, 51, 10038, 100, 108560640, 29
132500000, 41, 51, 10037, 100, 108560640, 19
132500000, 41, 51, 10036, 100, 108560640, 23
132600000, 41, 51, 10043, 100, 108560640, 3
132600000, 41, 51, 10042, 100, 108560640, 10
132600000, 41, 51, 10041, 100, 108560640, 20
132600000, 41, 51, 10040, 100, 108560640, 24
132600000, 41, 51, 10038, 100, 108560640, 30
132600000, 41, 51, 10037, 100, 108560640, 21
132600000, 41, 51, 10036, 100, 108560640, 24
132700000, 41, 51, 10042, 100, 108560640, 11
132700000, 41, 51, 10040, 100, 108560640, 26
132700000, 41, 51, 10039, 100, 108560640, 15
132700000, 41, 51, 10038, 100, 108560640, 32
132700000, 41, 51, 10037, 100, 108560640, 24
132700000, 41, 51, 10036, 100, 108560640, 27
132800000, 41, 51, 10042, 100, 108560640, 12
132800000, 41, 51, 10041, 100, 108560640, 21
132800000, 41, 51, 10039, 100, 108560640, 18
132800000, 41, 51, 10038, 100, 108560640, 34
132800000, 118, 120, 10037, 100, 108560640, 1
132800000, 118, 120, 10036, 100, 108560640, 1
132900000, 36, 46, 10036, 100, 108560640, 3
132900000, 41, 51, 10042, 100, 108560640, 13
132900000, 41, 51, 10040, 100, 108560640, 28
132900000, 41, 51, 10039, 100, 108560640, 20
132900000, 41, 51, 10038, 100, 108560640, 35
132900000, 41, 51, 10037, 100, 108560640, 25
132900000, 41, 51, 10036, 100, 108560640, 29
133000000, 41, 51, 10041, 100, 108560640, 22
133000000, 41, 51, 10038, 100, 108560640, 38
133000000, 41, 51, 10037, 100, 108560640, 27
133100000, 36, 46, 10037, 100, 108560640, 4
133100000, 41, 51, 10044, 100, 108560640, 4
133100000, 41, 51, 10041, 100, 108560640, 23
133100000, 41, 51, 10040, 100, 108560640, 29
133100000, 41, 51, 10039, 100, 108560640, 21
133100000, 41, 51, 10038, 100, 108560640, 39
133100000, 41, 51, 10037, 100, 108560640, 28
133100000, 41, 51, 10036, 100, 108560640, 32
133100000, 103, 105, 10034, 100, 108560640, 1
133200000, 17, 27, 10045, 100, 108560640, 1
133200000, 36, 46, 10038, 100, 108560640, 2
133200000, 36, 46, 10037, 100, 108560640, 5
133200000, 41, 51, 10044, 100, 108560640, 6
133200000, 41, 51, 10041, 100, 108560640, 24
133200000, 41, 51, 10040, 100, 108560640, 32
133200000, 41, 51, 10039, 100, 108560640, 24
133200000, 41, 51, 10038, 100, 108560640, 40
133200000, 41, 51, 10036, 100, 108560640, 33
133300000, 36, 46, 10039, 100, 108560640, 3
133300000, 36, 46, 10036, 100, 108560640, 5
133300000, 36, 46, 10035, 100, 108560640, 3
133300000, 41, 51, 10044, 100, 108560640, 7
133300000, 41, 51, 10041, 100, 108560640, 26
133300000, 41, 51, 10039, 100, 108560640, 25
133300000, 41, 51, 10038, 100, 108560640, 43
133300000, 41, 51, 10036, 100, 108560640, 35
133400000, 36, 46, 10038, 100, 108560640, 3
133400000, 36, 46, 10037, 100, 108560640, 7
133400000, 36, 46, 10036, 100, 108560640, 7
133400000, 36, 46, 10035, 100, 108560640, 4
133400000, 41, 51, 10044, 100, 108560640, 9
133400000, 41, 51, 10043, 100, 108560640, 4
133400000, 41, 51, 10040, 100, 108560640, 34
133400000, 41, 51, 10039, 100, 108560640, 26
133400000, 41, 51, 10037, 100, 108560640, 29
133400000, 41, 51, 10036, 100, 108560640, 36
133500000, 36, 46, 10039, 100, 108560640, 4
133500000, 36, 46, 10038, 100, 108560640, 6
133500000, 36, 46, 10037, 100, 108560640, 10
133500000, 36, 46, 10036, 100, 108560640, 8
133500000, 36, 46, 10035, 100, 108560640, 6
133500000, 41, 51, 10041, 100, 108560640, 27
133500000, 41, 51, 10039, 100, 108560640, 27
133500000, 41, 51, 10038, 100, 108560640, 44
133500000, 41, 51, 10037, 100, 108560640, 31
133600000, 32, 42, 10039, 100, 108560640, 1
133600000, 36, 46, 10040, 100, 108560640, 2
133600000, 36, 46, 10039, 100, 108560640, 6
133600000, 36, 46, 10037, 100, 108560640, 11
133600000, 36, 46, 10036, 100, 108560640, 11
133600000, 36, 46, 10035, 100, 108560640, 7
133600000, 41, 51, 10039, 100, 108560640, 29
133600000, 103, 105, 10037, 100, 108560640, 2
133700000, 32, 42, 10040, 100, 108560640, 1
133700000, 36, 46, 10037, 100, 108560640, 12
133700000, 41, 51, 10040, 100, 108560640, 35
133700000, 41, 51, 10039, 100, 108560640, 30
133700000, 41, 51, 10038, 100, 108560640, 45
133700000, 41, 51, 10037, 100, 108560640, 32
133700000, 41, 51, 10036, 100, 108560640, 39
133700000, 103, 105, 10039, 100, 108560640, 2
133800000, 36, 46, 10040, 100, 108560640, 3
133800000, 36, 46, 10038, 100, 108560640, 7
133800000, 36, 46, 10037, 100, 108560640, 13
133800000, 36, 46, 10036, 100, 108560640, 12
133800000, 41, 51, 10044, 100, 108560640, 10
133800000, 41, 51, 10043, 100, 108560640, 5
133800000, 41, 51, 10040, 100, 108560640, 36
133800000, 41, 51, 10038, 100, 108560640, 46
133800000, 41, 51, 10036, 100, 108560640, 40
133800000, 103, 105, 10036, 100, 108560640, 2
133800000, 103, 105, 10035, 100, 108560640, 2
133900000, 36, 46, 10040, 100, 108560640, 4
133900000, 36, 46, 10039, 100, 108560640, 7
133900000, 36, 46, 10038, 100, 108560640, 8
133900000, 36, 46, 10037, 100, 108560640, 14
133900000, 36, 46, 10036, 100, 108560640, 13
133900000, 41, 51, 10041, 100, 108560640, 28
133900000, 41, 51, 10040, 100, 108560640, 38
133900000, 41, 51, 10039, 100, 108560640, 32
133900000, 41, 51, 10038, 100, 108560640, 47
133900000, 41, 51, 10037, 100, 108560640, 33
133900000, 103, 105, 10039, 100, 108560640, 4
133900000, 103, 105, 10038, 100, 108560640, 6
134000000, 36, 46, 10040, 100, 108560640, 5
134000000, 36, 46, 10039, 100, 108560640, 9
134000000, 36, 46, 10038, 100, 108560640, 9
134000000, 36, 46, 10037, 100, 108560640, 15
134000000, 36, 46, 10035, 100, 108560640, 10
134000000, 41, 51, 10044, 100, 108560640, 11
134000000, 41, 51, 10042, 100, 108560640, 14
134000000, 41, 51, 10041, 100, 108560640, 29
134000000, 41, 51, 10040, 100, 108560640, 39
134000000, 41, 51, 10039, 100, 108560640, 33
134000000, 41, 51, 10036, 100, 108560640, 41
134000000, 103, 105, 10038, 100, 108560640, 7
134000000, 103, 105, 10037, 100, 108560640, 3
134000000, 103, 105, 10035, 100, 108560640, 3
134100000, 36, 46, 10040, 100, 108560640, 6
134100000, 36, 46, 10038, 100, 108560640, 11
134100000, 36, 46, 10037, 100, 108560640, 16
134100000, 36, 46, 10036, 100, 108560640, 14
134100000, 36, 46, 10035, 100, 108560640, 11
134100000, 41, 51, 10042, 100, 108560640, 15
134100000, 41, 51, 10040, 100, 108560640, 40
134100000, 41, 51, 10038, 100, 108560640, 48
134100000, 103, 105, 10036, 100, 108560640, 3
134100000, 103, 105, 10035, 100, 108560640, 4
134200000, 36, 46, 10036, 100, 108560640, 15
134200000, 41, 51, 10042, 100, 108560640, 20
134200000, 41, 51, 10040, 100, 108560640, 42
134200000, 41, 51, 10039, 100, 108560640, 34
134200000, 41, 51, 10038, 100, 108560640, 50
134200000, 41, 51, 10036, 100, 108560640, 42
134300000, 11, 21, 10041, 100, 108560640, 3
134300000, 36, 46, 10039, 100, 108560640, 10
134300000, 36, 46, 10038, 100, 108560640, 12
134300000, 36, 46, 10037, 100, 108560640, 17
134300000, 36, 46, 10035, 100, 108560640, 13
134300000, 41, 51, 10043, 100, 108560640, 7
134300000, 41, 51, 10042, 100, 108560640, 21
134300000, 41, 51, 10041, 100, 108560640, 32
134300000, 41, 51, 10039, 100, 108560640, 35
134300000, 41, 51, 10038, 100, 108560640, 51
134300000, 41, 51, 10036, 100, 108560640, 44
134400000, 11, 21, 10047, 100, 108560640, 1
134400000, 11, 21, 10046, 100, 108560640, 1
134400000, 11, 21, 10043, 100, 108560640, 2
134400000, 36, 46, 10040, 100, 108560640, 7
134400000, 36, 46, 10036, 100, 108560640, 16
134400000, 36, 46, 10035, 100, 108560640, 14
134400000, 41, 51, 10042, 100, 108560640, 22
134400000, 41, 51, 10040, 100, 108560640, 43
134400000, 41, 51, 10038, 100, 108560640, 52
134400000, 41, 51, 10037, 100, 108560640, 34
134500000, 17, 27, 10044, 100, 108560640, 2
134500000, 17, 27, 10042, 100, 108560640, 2
134500000, 17, 27, 10041, 100, 108560640, 3
134500000, 36, 46, 10040, 100, 108560640, 8
134500000, 36, 46, 10038, 100, 108560640, 13
134500000, 41, 51, 10044, 100, 108560640, 12
134500000, 41, 51, 10043, 100, 108560640, 9
134500000, 41, 51, 10042, 100, 108560640, 23
134500000, 41, 51, 10041, 100, 108560640, 33
134500000, 41, 51, 10040, 100, 108560640, 45
134500000, 41, 51, 10039, 100, 108560640, 36
134500000, 41, 51, 10038, 100, 108560640, 53
134500000, 41, 51, 10037, 100, 108560640, 37
134500000, 41, 51, 10036, 100, 108560640, 48
134600000, 11, 21, 10044, 100, 108560640, 3
134600000, 11, 21, 10043, 100, 108560640, 3
134600000, 17, 27, 10044, 100, 108560640, 3
134600000, 17, 27, 10042, 100, 108560640, 4
134600000, 17, 27, 10041, 100, 108560640, 4
134600000, 36, 46, 10040, 100, 108560640, 9
134600000, 36, 46, 10039, 100, 108560640, 11
134600000, 36, 46, 10038, 100, 108560640, 15
134600000, 36, 46, 10037, 100, 108560640, 18
134600000, 41, 51, 10043, 100, 108560640, 10
134600000, 41, 51, 10042, 100, 108560640, 24
134600000, 41, 51, 10040, 100, 108560640, 46
134600000, 41, 51, 10038, 100, 108560640, 54
134600000, 41, 51, 10036, 100, 108560640, 49
134700000, 11, 21, 10045, 100, 108560640, 2
134700000, 11, 21, 10040, 100, 108560640, 5
134700000, 17, 27, 10045, 100, 108560640, 2
134700000, 41, 51, 10041, 100, 108560640, 34
134700000, 41, 51, 10037, 100, 108560640, 40
134700000, 41, 51, 10036, 100, 108560640, 51
134800000, 11, 21, 10046, 100, 108560640, 2
134800000, 11, 21, 10045, 100, 108560640, 3
134800000, 11, 21, 10040, 100, 108560640, 7
134800000, 11, 21, 10039, 100, 108560640, 1
134800000, 17, 27, 10046, 100, 108560640, 1
134800000, 17, 27, 10043, 100, 108560640, 3
134800000, 17, 27, 10042, 100, 108560640, 6
134800000, 41, 51, 10044, 100, 108560640, 13
134800000, 41, 51, 10042, 100, 108560640, 25
134800000, 41, 51, 10041, 100, 108560640, 37
134800000, 41, 51, 10038, 100, 108560640, 55
134800000, 41, 51, 10037, 100, 108560640, 41
134800000, 41, 51, 10036, 100, 108560640, 55
134900000, 11, 21, 10047, 100, 108560640, 2
134900000, 11, 21, 10046, 100, 108560640, 3
134900000, 11, 21, 10045, 100, 108560640, 4
134900000, 11, 21, 10039, 100, 108560640, 2
134900000, 17, 27, 10045, 100, 108560640, 3
134900000, 17, 27, 10044, 100, 108560640, 4
134900000, 17, 27, 10043, 100, 108560640, 6
134900000, 17, 27, 10042, 100, 108560640, 9
134900000, 17, 27, 10041, 100, 108560640, 7
134900000, 41, 51, 10041, 100, 108560640, 38
134900000, 41, 51, 10039, 100, 108560640, 38
134900000, 41, 51, 10038, 100, 108560640, 57
134900000, 41, 51, 10037, 100, 108560640, 42
134900000, 41, 51, 10036, 100, 108560640, 58
135000000, 11, 21, 10047, 100, 108560640, 3
135000000, 11, 21, 10045, 100, 108560640, 5
135000000, 11, 21, 10043, 100, 108560640, 4
135000000, 11, 21, 10042, 100, 108560640, 1
135000000, 11, 21, 10040, 100, 108560640, 8
135000000, 17, 27, 10046, 100, 108560640, 2
135000000, 17, 27, 10045, 100, 108560640, 5
135000000, 17, 27, 10044, 100, 108560640, 6
135000000, 17, 27, 10043, 100, 108560640, 9
135000000, 17, 27, 10041, 100, 108560640, 9
135000000, 41, 51, 10044, 100, 108560640, 14
135000000, 41, 51, 10041, 100, 108560640, 39
135000000, 41, 51, 10040, 100, 108560640, 48
135000000, 41, 51, 10038, 100, 108560640, 58
135000000, 41, 51, 10037, 100, 108560640, 44
135000000, 41, 51, 10036, 100, 108560640, 60
135100000, 11, 21, 10045, 100, 108560640, 6
135100000, 11, 21, 10040, 100, 108560640, 9
135100000, 11, 21, 10039, 100, 108560640, 4
135100000, 17, 27, 10042, 100, 108560640, 11
135100000, 17, 27, 10041, 100, 108560640, 10
135100000, 41, 51, 10043, 100, 108560640, 11
135100000, 41, 51, 10040, 100, 108560640, 49
135200000, 11, 21, 10047, 100, 108560640, 4
135200000, 11, 21, 10045, 100, 108560640, 7
135200000, 11, 21, 10044, 100, 108560640, 4
135200000, 11, 21, 10041, 100, 108560640, 4
135200000, 17, 27, 10044, 100, 108560640, 8
135200000, 17, 27, 10043, 100, 108560640, 11
135200000, 17, 27, 10041, 100, 108560640, 11
135200000, 41, 51, 10042, 100, 108560640, 26
135200000, 41, 51, 10041, 100, 108560640, 40
135200000, 41, 51, 10040, 100, 108560640, 50
135200000, 41, 51, 10038, 100, 108560640, 59
135200000, 41, 51, 10036, 100, 108560640, 61
135300000, 11, 21, 10045, 100, 108560640, 11
135300000, 11, 21, 10041, 100, 108560640, 5
135300000, 17, 27, 10045, 100, 108560640, 8
135300000, 17, 27, 10044, 100, 108560640, 9
135300000, 17, 27, 10042, 100, 108560640, 12
135300000, 17, 27, 10041, 100, 108560640, 12
135300000, 41, 51, 10044, 100, 108560640, 15
135300000, 41, 51, 10040, 100, 108560640, 51
135300000, 41, 51, 10039, 100, 108560640, 39
135300000, 41, 51, 10038, 100, 108560640, 60
135300000, 41, 51, 10037, 100, 108560640, 45
135400000, 11, 21, 10044, 100, 108560640, 5
135400000, 11, 21, 10043, 100, 108560640, 5
135400000, 11, 21, 10042, 100, 108560640, 2
135400000, 11, 21, 10041, 100, 108560640, 6
135400000, 11, 21, 10039, 100, 108560640, 5
135400000, 17, 27, 10044, 100, 108560640, 10
135400000, 17, 27, 10043, 100, 108560640, 12
135400000, 17, 27, 10041, 100, 108560640, 13
135400000, 41, 51, 10044, 100, 108560640, 16
135400000, 41, 51, 10041, 100, 108560640, 41
135400000, 41, 51, 10040, 100, 108560640, 52
135400000, 41, 51, 10038, 100, 108560640, 61
135400000, 41, 51, 10037, 100, 108560640, 46
135500000, 11, 21, 10047, 100, 108560640, 5
135500000, 11, 21, 10046, 100, 108560640, 5
135500000, 11, 21, 10045, 100, 108560640, 12
135500000, 11, 21, 10044, 100, 108560640, 6
135500000, 11, 21, 10041, 100, 108560640, 7
135500000, 11, 21, 10039, 100, 108560640, 6
135500000, 17, 27, 10043, 100, 108560640, 13
135500000, 17, 27, 10041, 100, 108560640, 15
135500000, 41, 51, 10042, 100, 108560640, 27
135500000, 41, 51, 10040, 100, 108560640, 53
135500000, 41, 51, 10039, 100, 108560640, 40
135500000, 41, 51, 10037, 100, 108560640, 47
135500000, 104, 114, 10042, 100, 108560640, 1
135500000, 104, 114, 10041, 100, 108560640, 1
135500000, 104, 114, 10040, 100, 108560640, 1
135600000, 11, 21, 10047, 100, 108560640, 6
135600000, 11, 21, 10046, 100, 108560640, 7
135600000, 11, 21, 10045, 100, 108560640, 13
135600000, 11, 21, 10043, 100, 108560640, 8
135600000, 11, 21, 10041, 100, 108560640, 8
135600000, 11, 21, 10040, 100, 108560640, 10
135600000, 17, 27, 10045, 100, 108560640, 9
135600000, 17, 27, 10044, 100, 108560640, 11
135600000, 17, 27, 10043, 100, 108560640, 15
135600000, 17, 27, 10042, 100, 108560640, 15
135600000, 41, 51, 10036, 100, 108560640, 62
135700000, 11, 21, 10045, 100, 108560640, 14
135700000, 11, 21, 10043, 100, 108560640, 11
135700000, 11, 21, 10041, 100, 108560640, 9
135700000, 11, 21, 10039, 100, 108560640, 7
135700000, 17, 27, 10045, 100, 108560640, 10
135700000, 17, 27, 10043, 100, 108560640, 16
135700000, 17, 27, 10042, 100, 108560640, 16
135700000, 41, 51, 10041, 100, 108560640, 42
135700000, 41, 51, 10040, 100, 108560640, 54
135700000, 41, 51, 10039, 100, 108560640, 41
135700000, 41, 51, 10037, 100, 108560640, 49
135700000, 41, 51, 10036, 100, 108560640, 63
135800000, 11, 21, 10046, 100, 108560640, 8
135800000, 11, 21, 10044, 100, 108560640, 8
135800000, 11, 21, 10043, 100, 108560640, 12
135800000, 11, 21, 10042, 100, 108560640, 3
135800000, 11, 21, 10041, 100, 108560640, 11
135800000, 11, 21, 10040, 100, 108560640, 12
135800000, 11, 21, 10039, 100, 108560640, 8
135800000, 17, 27, 10045, 100, 108560640, 13
135800000, 17, 27, 10042, 100, 108560640, 17
135800000, 41, 51, 10039, 100, 108560640, 45
135800000, 41, 51, 10037, 100, 108560640, 51
135900000, 11, 21, 10047, 100, 108560640, 7
135900000, 11, 21, 10046, 100, 108560640, 10
135900000, 11, 21, 10044, 100, 108560640, 9
135900000, 11, 21, 10043, 100, 108560640, 13
135900000, 11, 21, 10042, 100, 108560640, 4
135900000, 11, 21, 10041, 100, 108560640, 14
135900000, 11, 21, 10040, 100, 108560640, 14
135900000, 17, 27, 10046, 100, 108560640, 3
135900000, 17, 27, 10043, 100, 108560640, 20
135900000, 17, 27, 10041, 100, 108560640, 17
136000000, 11, 21, 10046, 100, 108560640, 11
136000000, 11, 21, 10044, 100, 108560640, 10
136000000, 11, 21, 10043, 100, 108560640, 18
136000000, 11, 21, 10042, 100, 108560640, 5
136000000, 11, 21, 10041, 100, 108560640, 16
136000000, 11, 21, 10040, 100, 108560640, 18
136000000, 17, 27, 10046, 100, 108560640, 5
136000000, 17, 27, 10045, 100, 108560640, 16
136000000, 17, 27, 10044, 100, 108560640, 12
136000000, 17, 27, 10041, 100, 108560640, 18
136100000, 11, 21, 10047, 100, 108560640, 8
136100000, 11, 21, 10046, 100, 108560640, 12
136100000, 11, 21, 10045, 100, 108560640, 15
136100000, 11, 21, 10044, 100, 108560640, 11
136100000, 11, 21, 10042, 100, 108560640, 7
136100000, 11, 21, 10041, 100, 108560640, 17
136100000, 11, 21, 10040, 100, 108560640, 19
136100000, 11, 21, 10039, 100, 108560640, 9
136100000, 17, 27, 10047, 100, 108560640, 1
136100000, 17, 27, 10046, 100, 108560640, 8
136100000, 17, 27, 10042, 100, 108560640, 18
136200000, 11, 21, 10047, 100, 108560640, 9
136200000, 11, 21, 10046, 100, 108560640, 14
136200000, 11, 21, 10045, 100, 108560640, 19
136200000, 11, 21, 10044, 100, 108560640, 12
136200000, 11, 21, 10043, 100, 108560640, 22
136200000, 11, 21, 10042, 100, 108560640, 9
136200000, 11, 21, 10041, 100, 108560640, 18
136200000, 11, 21, 10039, 100, 108560640, 11
136200000, 17, 27, 10045, 100, 108560640, 18
136200000, 17, 27, 10044, 100, 108560640, 17
136200000, 17, 27, 10043, 100, 108560640, 21
136200000, 17, 27, 10042, 100, 108560640, 19
136200000, 17, 27, 10041, 100, 108560640, 19
136300000, 11, 21, 10047, 100, 108560640, 10
136300000, 11, 21, 10046, 100, 108560640, 17
136300000, 11, 21, 10045, 100, 108560640, 20
136300000, 11, 21, 10044, 100, 108560640, 14
136300000, 11, 21, 10043, 100, 108560640, 23
136300000, 11, 21, 10042, 100, 108560640, 10
136300000, 11, 21, 10041, 100, 108560640, 20
136300000, 11, 21, 10040, 100, 108560640, 22
136300000, 11, 21, 10039, 100, 108560640, 12
136300000, 17, 27, 10045, 100, 108560640, 19
136300000, 17, 27, 10044, 100, 108560640, 18
136400000, 11, 21, 10047, 100, 108560640, 12
136400000, 11, 21, 10046, 100, 108560640, 18
136400000, 11, 21, 10045, 100, 108560640, 23
136400000, 11, 21, 10044, 100, 108560640, 15
136400000, 11, 21, 10043, 100, 108560640, 24
136400000, 11, 21, 10041, 100, 108560640, 21
136400000, 11, 21, 10040, 100, 108560640, 24
136400000, 11, 21, 10039, 100, 108560640, 13
136400000, 17, 27, 10044, 100, 108560640, 19
136500000, 11, 21, 10046, 100, 108560640, 19
136500000, 11, 21, 10045, 100, 108560640, 24
136500000, 11, 21, 10044, 100, 108560640, 16
136500000, 11, 21, 10043, 100, 108560640, 28
136500000, 11, 21, 10042, 100, 108560640, 12
136500000, 11, 21, 10041, 100, 108560640, 26
136500000, 11, 21, 10040, 100, 108560640, 25
136500000, 17, 27, 10043, 100, 108560640, 22
136600000, 11, 21, 10047, 100, 108560640, 14
136600000, 11, 21, 10045, 100, 108560640, 26
136600000, 11, 21, 10043, 100, 108560640, 30
136600000, 11, 21, 10042, 100, 108560640, 13
136600000, 11, 21, 10041, 100, 108560640, 29
136600000, 17, 27, 10046, 100, 108560640, 9
136700000, 11, 21, 10046, 100, 108560640, 20
136700000, 11, 21, 10045, 100, 108560640, 27
136700000, 11, 21, 10043, 100, 108560640, 31
136700000, 11, 21, 10042, 100, 108560640, 15
136700000, 11, 21, 10041, 100, 108560640, 31
136700000, 11, 21, 10040, 100, 108560640, 28
136700000, 11, 21, 10039, 100, 108560640, 16
136700000, 17, 27, 10044, 100, 108560640, 20
136800000, 11, 21, 10047, 100, 108560640, 16
136800000, 11, 21, 10045, 100, 108560640, 29
136800000, 11, 21, 10044, 100, 108560640, 20
136800000, 11, 21, 10043, 100, 108560640, 33
136800000, 11, 21, 10039, 100, 108560640, 17
136900000, 11, 21, 10040, 100, 108560640, 29
137000000, 11, 21, 10046, 100, 108560640, 23
137000000, 11, 21, 10045, 100, 108560640, 31
137000000, 11, 21, 10044, 100, 108560640, 21
137000000, 11, 21, 10043, 100, 108560640, 35
137000000, 11, 21, 10041, 100, 108560640, 33
137100000, 11, 21, 10047, 100, 108560640, 17
137100000, 11, 21, 10045, 100, 108560640, 32
137100000, 11, 21, 10044, 100, 108560640, 23
137100000, 11, 21, 10043, 100, 108560640, 36
137100000, 11, 21, 10042, 100, 108560640, 17
137100000, 11, 21, 10041, 100, 108560640, 34
137100000, 11, 21, 10040, 100, 108560640, 30
137100000, 11, 21, 10039, 100, 108560640, 19
137200000, 11, 21, 10045, 100, 108560640, 33
137200000, 11, 21, 10043, 100, 108560640, 38
137200000, 11, 21, 10039, 100, 108560640, 20
137200000, 17, 27, 10044, 100, 108560640, 21
137200000, 17, 27, 10043, 100, 108560640, 23
137300000, 11, 21, 10045, 100, 108560640, 34
137300000, 11, 21, 10044, 100, 108560640, 25
137300000, 11, 21, 10040, 100, 108560640, 31
137300000, 17, 27, 10047, 100, 108560640, 2
137300000, 17, 27, 10045, 100, 108560640, 20
137300000, 17, 27, 10044, 100, 108560640, 22
137300000, 17, 27, 10043, 100, 108560640, 24
137300000, 17, 27, 10042, 100, 108560640, 21
137400000, 11, 21, 10047, 100, 108560640, 19
137400000, 11, 21, 10044, 100, 108560640, 26
137400000, 11, 21, 10043, 100, 108560640, 39
137400000, 17, 27, 10046, 100, 108560640, 10
137400000, 17, 27, 10044, 100, 108560640, 23
137400000, 17, 27, 10042, 100, 108560640, 23
137500000, 11, 21, 10044, 100, 108560640, 27
137500000, 17, 27, 10047, 100, 108560640, 3
137500000, 17, 27, 10045, 100, 108560640, 21
137600000, 11, 21, 10047, 100, 108560640, 22
137600000, 17, 27, 10046, 100, 108560640, 12
137600000, 17, 27, 10045, 100, 108560640, 22
137600000, 17, 27, 10044, 100, 108560640, 24
137600000, 17, 27, 10042, 100, 108560640, 26
137700000, 11, 21, 10045, 100, 108560640, 35
137700000, 11, 21, 10041, 100, 108560640, 35
137700000, 17, 27, 10044, 100, 108560640, 25
137700000, 17, 27, 10043, 100, 108560640, 26
137800000, 11, 21, 10047, 100, 108560640, 23
137800000, 11, 21, 10043, 100, 108560640, 40
137800000, 11, 21, 10041, 100, 108560640, 36
137900000, 11, 21, 10045, 100, 108560640, 36
137900000, 11, 21, 10042, 100, 108560640, 18
138000000, 11, 21, 10044, 100, 108560640, 28
138000000, 11, 21, 10041, 100, 108560640, 37
138000000, 49, 59, 10040, 100, 108560640, 1
138000000, 49, 59, 10037, 100, 108560640, 1
138000000, 49, 59, 10036, 100, 108560640, 1
138100000, 49, 59, 10037, 100, 108560640, 2
138200000, 49, 59, 10038, 100, 108560640, 1
138500000, 32, 42, 10043, 100, 108560640, 1
138600000, 32, 42, 10043, 100, 108560640, 2
138600000, 32, 42, 10042, 100, 108560640, 3
138600000, 32, 42, 10040, 100, 108560640, 3
138800000, 29, 39, 10043, 100, 108560640, 1
138900000, 29, 39, 10042, 100, 108560640, 1
138900000, 32, 42, 10044, 100, 108560640, 1
138900000, 32, 42, 10040, 100, 108560640, 4
138900000, 32, 42, 10039, 100, 108560640, 2
139000000, 32, 42, 10042, 100, 108560640, 4
139000000, 32, 42, 10041, 100, 108560640, 1
139400000, 110, 112, 10037, 100, 108560640, 1
139500000, 110, 112, 10035, 100, 108560640, 1
139600000, 49, 59, 10042, 100, 108560640, 2
139600000, 49, 59, 10040, 100, 108560640, 2
139600000, 49, 59, 10036, 100, 108560640, 4
139600000, 110, 112, 10037, 100, 108560640, 2
139600000, 110, 112, 10036, 100, 108560640, 1
139700000, 49, 59, 10039, 100, 108560640, 1
139700000, 49, 59, 10038, 100, 108560640, 2
139700000, 110, 112, 10041, 100, 108560640, 1
139700000, 110, 112, 10039, 100, 108560640, 1
139700000, 110, 112, 10034, 100, 108560640, 1
139800000, 49, 59, 10042, 100, 108560640, 3
139800000, 49, 59, 10038, 100, 108560640, 3
139800000, 49, 59, 10037, 100, 108560640, 3
139800000, 49, 59, 10036, 100, 108560640, 5
139800000, 110, 112, 10041, 100, 108560640, 2
139800000, 110, 112, 10040, 100, 108560640, 1
139900000, 49, 59, 10042, 100, 108560640, 4
139900000, 49, 59, 10040, 100, 108560640, 5
139900000, 49, 59, 10039, 100, 108560640, 2
139900000, 49, 59, 10037, 100, 108560640, 5
139900000, 49, 59, 10036, 100, 108560640, 6
140000000, 49, 59, 10043, 100, 108560640, 1
140000000, 49, 59, 10042, 100, 108560640, 5
140000000, 49, 59, 10038, 100, 108560640, 4
140000000, 49, 59, 10037, 100, 108560640, 6
140100000, 49, 59, 10042, 100, 108560640, 6
140100000, 49, 59, 10039, 100, 108560640, 3
140100000, 49, 59, 10038, 100, 108560640, 5
140100000, 49, 59, 10036, 100, 108560640, 8
140200000, 49, 59, 10043, 100, 108560640, 2
140200000, 49, 59, 10041, 100, 108560640, 2
140200000, 49, 59, 10040, 100, 108560640, 6
140200000, 49, 59, 10036, 100, 108560640, 10
140500000, 110, 112, 10036, 100, 108560640, 2
140600000, 110, 112, 10037, 100, 108560640, 3
140600000, 110, 112, 10036, 100, 108560640, 3
140800000, 110, 112, 10040, 100, 108560640, 2
140800000, 110, 112, 10038, 100, 108560640, 1
141000000, 44, 54, 10039, 100, 108560640, 1
141100000, 44, 54, 10036, 100, 108560640, 1
141900000, 110, 112, 10037, 100, 108560640, 4
142000000, 44, 54, 10041, 100, 108560640, 1
142000000, 44, 54, 10040, 100, 108560640, 1
142000000, 110, 112, 10041, 100, 108560640, 4
142000000, 110, 112, 10039, 100, 108560640, 3
142100000, 44, 54, 10042, 100, 108560640, 1
142100000, 44, 54, 10040, 100, 108560640, 2
142100000, 87, 89, 10042, 100, 108560640, 1
142100000, 110, 112, 10038, 100, 108560640, 2
142100000, 110, 112, 10037, 100, 108560640, 6
142200000, 44, 54, 10042, 100, 108560640, 2
142200000, 44, 54, 10039, 100, 108560640, 2
142200000, 44, 54, 10037, 100, 108560640, 1
142200000, 44, 54, 10036, 100, 108560640, 2
142200000, 87, 89, 10041, 100, 108560640, 1
142200000, 110, 112, 10039, 100, 108560640, 4
142200000, 110, 112, 10037, 100, 108560640, 7
142300000, 87, 89, 10045, 100, 108560640, 1
142300000, 87, 89, 10043, 100, 108560640, 1
142300000, 87, 89, 10040, 100, 108560640, 1
142300000, 110, 112, 10039, 100, 108560640, 5
142300000, 110, 112, 10037, 100, 108560640, 8
142400000, 110, 112, 10036, 100, 108560640, 4
142500000, 110, 112, 10040, 100, 108560640, 4
142500000, 110, 112, 10036, 100, 108560640, 5
142600000, 10, 20, 10043, 100, 108560640, 1
142600000, 10, 20, 10042, 100, 108560640, 3
142600000, 110, 112, 10041, 100, 108560640, 5
142600000, 110, 112, 10040, 100, 108560640, 5
142600000, 110, 112, 10038, 100, 108560640, 3
142800000, 10, 20, 10046, 100, 108560640, 1
142800000, 10, 20, 10041, 100, 108560640, 1
142800000, 110, 112, 10040, 100, 108560640, 6
142800000, 110, 112, 10039, 100, 108560640, 6
142900000, 10, 20, 10044, 100, 108560640, 1
142900000, 110, 112, 10041, 100, 108560640, 6
142900000, 110, 112, 10037, 100, 108560640, 9
143000000, 110, 112, 10041, 100, 108560640, 8
143000000, 110, 112, 10038, 100, 108560640, 4
143000000, 110, 112, 10037, 100, 108560640, 10
143000000, 110, 112, 10036, 100, 108560640, 6
143100000, 110, 112, 10041, 100, 108560640, 9
143100000, 110, 112, 10039, 100, 108560640, 7
143100000, 110, 112, 10036, 100, 108560640, 7
143200000, 110, 112, 10039, 100, 108560640, 8
143200000, 110, 112, 10038, 100, 108560640, 6
143200000, 110, 112, 10037, 100, 108560640, 12
143300000, 110, 112, 10039, 100, 108560640, 9
143400000, 110, 112, 10040, 100, 108560640, 8
143400000, 110, 112, 10036, 100, 108560640, 8
143500000, 49, 59, 10041, 100, 108560640, 3
143500000, 110, 112, 10040, 100, 108560640, 9
143500000, 110, 112, 10038, 100, 108560640, 8
143500000, 110, 112, 10036, 100, 108560640, 9
143500000, 114, 124, 10043, 100, 108560640, 1
143500000, 114, 124, 10041, 100, 108560640, 1
143600000, 49, 59, 10041, 100, 108560640, 5
143600000, 110, 112, 10041, 100, 108560640, 10
143600000, 110, 112, 10040, 100, 108560640, 10
143600000, 110, 112, 10039, 100, 108560640, 10
143600000, 110, 112, 10038, 100, 108560640, 9
143700000, 10, 20, 10045, 100, 108560640, 1
143700000, 10, 20, 10041, 100, 108560640, 2
143700000, 49, 59, 10041, 100, 108560640, 6
143700000, 110, 112, 10039, 100, 108560640, 11
143800000, 10, 20, 10046, 100, 108560640, 2
143800000, 10, 20, 10045, 100, 108560640, 2
143800000, 10, 20, 10041, 100, 108560640, 3
143800000, 87, 89, 10042, 100, 108560640, 2
143800000, 110, 112, 10040, 100, 108560640, 11
143900000, 10, 20, 10046, 100, 108560640, 3
143900000, 10, 20, 10044, 100, 108560640, 5
143900000, 10, 20, 10043, 100, 108560640, 2
143900000, 10, 20, 10042, 100, 108560640, 4
143900000, 49, 59, 10045, 100, 108560640, 1
143900000, 49, 59, 10040, 100, 108560640, 7
143900000, 110, 112, 10041, 100, 108560640, 13
143900000, 110, 112, 10039, 100, 108560640, 12
143900000, 110, 112, 10038, 100, 108560640, 10
144000000, 10, 20, 10043, 100, 108560640, 3
144000000, 10, 20, 10042, 100, 108560640, 5
144000000, 49, 59, 10040, 100, 108560640, 10
144000000, 49, 59, 10039, 100, 108560640, 4
144000000, 87, 89, 10043, 100, 108560640, 2
144000000, 87, 89, 10042, 100, 108560640, 4
144000000, 110, 112, 10039, 100, 108560640, 13
144000000, 110, 112, 10037, 100, 108560640, 13
144100000, 10, 20, 10046, 100, 108560640, 4
144100000, 10, 20, 10045, 100, 108560640, 3
144100000, 10, 20, 10044, 100, 108560640, 6
144100000, 10, 20, 10041, 100, 108560640, 5
144100000, 49, 59, 10045, 100, 108560640, 2
144100000, 87, 89, 10046, 100, 108560640, 1
144100000, 87, 89, 10042, 100, 108560640, 5
144100000, 87, 89, 10041, 100, 108560640, 2
144100000, 110, 112, 10041, 100, 108560640, 15
144100000, 110, 112, 10037, 100, 108560640, 14
144200000, 10, 20, 10047, 100, 108560640, 2
144200000, 10, 20, 10044, 100, 108560640, 7
144200000, 10, 20, 10043, 100, 108560640, 5
144200000, 10, 20, 10042, 100, 108560640, 6
144200000, 49, 59, 10045, 100, 108560640, 3
144200000, 49, 59, 10039, 100, 108560640, 5
144200000, 86, 88, 10043, 100, 108560640, 1
144200000, 87, 89, 10046, 100, 108560640, 2
144200000, 87, 89, 10045, 100, 108560640, 2
144200000, 87, 89, 10044, 100, 108560640, 1
144200000, 110, 112, 10042, 100, 108560640, 1
144200000, 110, 112, 10039, 100, 108560640, 14
144300000, 49, 59, 10045, 100, 108560640, 5
144300000, 49, 59, 10044, 100, 108560640, 1
144300000, 49, 59, 10042, 100, 108560640, 7
144300000, 49, 59, 10040, 100, 108560640, 11
144300000, 49, 59, 10039, 100, 108560640, 7
144300000, 86, 88, 10046, 100, 108560640, 1
144300000, 87, 89, 10047, 100, 108560640, 1
144300000, 87, 89, 10043, 100, 108560640, 3
144300000, 87, 89, 10041, 100, 108560640, 3
144300000, 110, 112, 10042, 100, 108560640, 2
144300000, 110, 112, 10040, 100, 108560640, 12
144300000, 110, 112, 10036, 100, 108560640, 10
144400000, 49, 59, 10043, 100, 108560640, 3
144400000, 49, 59, 10042, 100, 108560640, 8
144400000, 49, 59, 10041, 100, 108560640, 7
144400000, 49, 59, 10040, 100, 108560640, 12
144400000, 87, 89, 10047, 100, 108560640, 2
144400000, 87, 89, 10043, 100, 108560640, 4
144400000, 110, 112, 10038, 100, 108560640, 11
144400000, 110, 112, 10037, 100, 108560640, 15
144400000, 110, 112, 10036, 100, 108560640, 11
144500000, 49, 59, 10044, 100, 108560640, 2
144500000, 49, 59, 10043, 100, 108560640, 4
144500000, 49, 59, 10041, 100, 108560640, 9
144500000, 110, 112, 10040, 100, 108560640, 13
144500000, 110, 112, 10039, 100, 108560640, 16
144500000, 110, 112, 10038, 100, 108560640, 12
144500000, 110, 112, 10036, 100, 108560640, 12
144600000, 40, 50, 10044, 100, 108560640, 1
144600000, 40, 50, 10043, 100, 108560640, 1
144600000, 49, 59, 10043, 100, 108560640, 6
144600000, 49, 59, 10042, 100, 108560640, 11
144600000, 49, 59, 10041, 100, 108560640, 10
144600000, 49, 59, 10039, 100, 108560640, 9
144600000, 110, 112, 10041, 100, 108560640, 16
144600000, 110, 112, 10040, 100, 108560640, 14
144600000, 110, 112, 10038, 100, 108560640, 13
144600000, 110, 112, 10037, 100, 108560640, 16
144600000, 110, 112, 10036, 100, 108560640, 13
144700000, 49, 59, 10044, 100, 108560640, 3
144700000, 49, 59, 10043, 100, 108560640, 7
144700000, 49, 59, 10042, 100, 108560640, 13
144700000, 49, 59, 10041, 100, 108560640, 13
144700000, 49, 59, 10039, 100, 108560640, 11
144700000, 110, 112, 10039, 100, 108560640, 19
144700000, 110, 112, 10037, 100, 108560640, 17
144800000, 49, 59, 10043, 100, 108560640, 10
144800000, 49, 59, 10042, 100, 108560640, 15
144800000, 49, 59, 10039, 100, 108560640, 12
144800000, 110, 112, 10042, 100, 108560640, 3
144800000, 110, 112, 10041, 100, 108560640, 17
144800000, 110, 112, 10038, 100, 108560640, 14
144800000, 110, 112, 10037, 100, 108560640, 18
144900000, 49, 59, 10044, 100, 108560640, 4
144900000, 49, 59, 10043, 100, 108560640, 11
144900000, 49, 59, 10042, 100, 108560640, 17
144900000, 49, 59, 10040, 100, 108560640, 15
144900000, 49, 59, 10039, 100, 108560640, 13
144900000, 110, 112, 10041, 100, 108560640, 18
144900000, 110, 112, 10039, 100, 108560640, 21
144900000, 110, 112, 10038, 100, 108560640, 15
144900000, 110, 112, 10037, 100, 108560640, 19
144900000, 110, 112, 10036, 100, 108560640, 15
145000000, 49, 59, 10045, 100, 108560640, 7
145000000, 49, 59, 10042, 100, 108560640, 18
145000000, 49, 59, 10041, 100, 108560640, 14
145000000, 49, 59, 10039, 100, 108560640, 14
145000000, 110, 112, 10041, 100, 108560640, 21
145000000, 110, 112, 10038, 100, 108560640, 16
145100000, 49, 59, 10045, 100, 108560640, 9
145100000, 49, 59, 10044, 100, 108560640, 5
145100000, 49, 59, 10042, 100, 108560640, 21
145100000, 49, 59, 10041, 100, 108560640, 15
145100000, 49, 59, 10040, 100, 108560640, 17
145100000, 49, 59, 10039, 100, 108560640, 15
145100000, 110, 112, 10038, 100, 108560640, 17
145100000, 110, 112, 10037, 100, 108560640, 20
145200000, 49, 59, 10042, 100, 108560640, 22
145200000, 49, 59, 10041, 100, 108560640, 18
145200000, 110, 112, 10041, 100, 108560640, 23
145300000, 110, 112, 10042, 100, 108560640, 5
145300000, 110, 112, 10041, 100, 108560640, 24
145400000, 86, 88, 10045, 100, 108560640, 1
145400000, 110, 112, 10042, 100, 108560640, 6
145400000, 110, 112, 10038, 100, 108560640, 18
145500000, 110, 112, 10040, 100, 108560640, 15
145500000, 110, 112, 10037, 100, 108560640, 21
145500000, 110, 112, 10036, 100, 108560640, 17
145500000, 111, 113, 10040, 100, 108560640, 1
145600000, 110, 112, 10042, 100, 108560640, 7
145600000, 110, 112, 10041, 100, 108560640, 25
145700000, 110, 112, 10042, 100, 108560640, 8
145700000, 110, 112, 10040, 100, 108560640, 16
145700000, 110, 112, 10039, 100, 108560640, 22
145700000, 110, 112, 10037, 100, 108560640, 22
145700000, 111, 113, 10044, 100, 108560640, 1
145700000, 111, 113, 10042, 100, 108560640, 1
145800000, 110, 112, 10042, 100, 108560640, 9
145800000, 110, 112, 10041, 100, 108560640, 28
145800000, 110, 112, 10040, 100, 108560640, 17
145800000, 110, 112, 10037, 100, 108560640, 23
145900000, 110, 112, 10042, 100, 108560640, 11
145900000, 110, 112, 10040, 100, 108560640, 18
145900000, 110, 112, 10039, 100, 108560640, 24
146000000, 110, 112, 10041, 100, 108560640, 29
146000000, 110, 112, 10036, 100, 108560640, 18
146100000, 110, 112, 10040, 100, 108560640, 19
146100000, 110, 112, 10039, 100, 108560640, 26
146300000, 93, 103, 10043, 100, 108560640, 1
146300000, 93, 103, 10042, 100, 108560640, 1
146400000, 93, 103, 10041, 100, 108560640, 1
146500000, 49, 59, 10045, 100, 108560640, 10
146500000, 49, 59, 10041, 100, 108560640, 19
146500000, 86, 88, 10045, 100, 108560640, 2
146600000, 49, 59, 10045, 100, 108560640, 11
146600000, 86, 88, 10043, 100, 108560640, 2
146600000, 93, 103, 10045, 100, 108560640, 1
146600000, 93, 103, 10039, 100, 108560640, 1
146700000, 49, 59, 10043, 100, 108560640, 12
146700000, 49, 59, 10041, 100, 108560640, 20
146700000, 86, 88, 10047, 100, 108560640, 1
146700000, 93, 103, 10041, 100, 108560640, 2
146700000, 93, 103, 10039, 100, 108560640, 3
146800000, 49, 59, 10044, 100, 108560640, 6
146800000, 49, 59, 10043, 100, 108560640, 13
146800000, 49, 59, 10041, 100, 108560640, 21
146800000, 49, 59, 10040, 100, 108560640, 18
146800000, 93, 103, 10040, 100, 108560640, 1
146900000, 49, 59, 10044, 100, 108560640, 7
146900000, 49, 59, 10043, 100, 108560640, 15
146900000, 49, 59, 10042, 100, 108560640, 23
146900000, 49, 59, 10041, 100, 108560640, 22
146900000, 93, 103, 10045, 100, 108560640, 3
146900000, 93, 103, 10044, 100, 108560640, 1
146900000, 93, 103, 10042, 100, 108560640, 2
147000000, 49, 59, 10045, 100, 108560640, 12
147000000, 49, 59, 10044, 100, 108560640, 9
147000000, 49, 59, 10041, 100, 108560640, 23
147100000, 49, 59, 10044, 100, 108560640, 10
147100000, 49, 59, 10043, 100, 108560640, 17
147100000, 49, 59, 10042, 100, 108560640, 24
147100000, 49, 59, 10041, 100, 108560640, 26
147200000, 49, 59, 10045, 100, 108560640, 13
147200000, 49, 59, 10043, 100, 108560640, 19
147200000, 49, 59, 10042, 100, 108560640, 25
147200000, 49, 59, 10040, 100, 108560640, 19
147300000, 49, 59, 10044, 100, 108560640, 11
147300000, 49, 59, 10043, 100, 108560640, 20
147300000, 49, 59, 10042, 100, 108560640, 27
147400000, 49, 59, 10043, 100, 108560640, 21
147400000, 49, 59, 10041, 100, 108560640, 27
147500000, 49, 59, 10044, 100, 108560640, 12
147500000, 49, 59, 10043, 100, 108560640, 22
147500000, 49, 59, 10042, 100, 108560640, 29
147500000, 49, 59, 10041, 100, 108560640, 28
147600000, 49, 59, 10045, 100, 108560640, 14
147600000, 49, 59, 10043, 100, 108560640, 24
147700000, 49, 59, 10046, 100, 108560640, 1
147700000, 49, 59, 10042, 100, 108560640, 31
147700000, 93, 103, 10043, 100, 108560640, 2
147800000, 49, 59, 10046, 100, 108560640, 2
147800000, 49, 59, 10045, 100, 108560640, 15
147800000, 49, 59, 10041, 100, 108560640, 29
147800000, 93, 103, 10046, 100, 108560640, 1
147800000, 93, 103, 10039, 100, 108560640, 4
147800000, 111, 113, 10043, 100, 108560640, 1
147800000, 111, 113, 10042, 100, 108560640, 2
147900000, 49, 59, 10044, 100, 108560640, 15
147900000, 49, 59, 10043, 100, 108560640, 25
147900000, 49, 59, 10042, 100, 108560640, 33
147900000, 49, 59, 10041, 100, 108560640, 31
147900000, 49, 59, 10040, 100, 108560640, 21
148000000, 93, 103, 10044, 100, 108560640, 3
148100000, 49, 59, 10046, 100, 108560640, 3
148100000, 49, 59, 10045, 100, 108560640, 16
148100000, 49, 59, 10044, 100, 108560640, 17
148100000, 49, 59, 10040, 100, 108560640, 22
148100000, 93, 103, 10047, 100, 108560640, 2
148100000, 93, 103, 10045, 100, 108560640, 4
148100000, 93, 103, 10040, 100, 108560640, 2
148100000, 93, 103, 10039, 100, 108560640, 6
148200000, 49, 59, 10047, 100, 108560640, 1
148200000, 49, 59, 10046, 100, 108560640, 4
148200000, 49, 59, 10044, 100, 108560640, 19
148200000, 49, 59, 10043, 100, 108560640, 26
148200000, 49, 59, 10042, 100, 108560640, 34
148200000, 49, 59, 10041, 100, 108560640, 32
148200000, 93, 103, 10044, 100, 108560640, 4
148300000, 49, 59, 10047, 100, 108560640, 2
148300000, 49, 59, 10046, 100, 108560640, 5
148300000, 49, 59, 10045, 100, 108560640, 17
148300000, 49, 59, 10042, 100, 108560640, 36
148300000, 49, 59, 10041, 100, 108560640, 34
148300000, 49, 59, 10040, 100, 108560640, 23
148300000, 93, 103, 10046, 100, 108560640, 2
148300000, 93, 103, 10042, 100, 108560640, 4
148300000, 93, 103, 10039, 100, 108560640, 7
148400000, 49, 59, 10043, 100, 108560640, 27
148400000, 49, 59, 10042, 100, 108560640, 39
148400000, 49, 59, 10040, 100, 108560640, 25
148400000, 93, 103, 10044, 100, 108560640, 6
148400000, 93, 103, 10043, 100, 108560640, 3
148400000, 93, 103, 10041, 100, 108560640, 3
148500000, 49, 59, 10047, 100, 108560640, 3
148500000, 49, 59, 10043, 100, 108560640, 30
148500000, 49, 59, 10041, 100, 108560640, 35
148500000, 93, 103, 10040, 100, 108560640, 3
148500000, 93, 103, 10039, 100, 108560640, 8
148600000, 12, 22, 10048, 100, 108560640, 1
148600000, 12, 22, 10043, 100, 108560640, 1
148600000, 49, 59, 10048, 100, 108560640, 1
148600000, 49, 59, 10047, 100, 108560640, 5
148600000, 49, 59, 10046, 100, 108560640, 6
148600000, 49, 59, 10045, 100, 108560640, 19
148600000, 49, 59, 10044, 100, 108560640, 20
148600000, 49, 59, 10042, 100, 108560640, 40
148600000, 93, 103, 10045, 100, 108560640, 5
148600000, 93, 103, 10042, 100, 108560640, 5
148700000, 12, 22, 10048, 100, 108560640, 2
148700000, 49, 59, 10044, 100, 108560640, 21
148700000, 49, 59, 10043, 100, 108560640, 32
148700000, 49, 59, 10042, 100, 108560640, 41
148700000, 49, 59, 10041, 100, 108560640, 38
148700000, 49, 59, 10040, 100, 108560640, 26
148800000, 12, 22, 10045, 100, 108560640, 1
148800000, 12, 22, 10044, 100, 108560640, 1
148800000, 49, 59, 10048, 100, 108560640, 2
148800000, 49, 59, 10045, 100, 108560640, 20
148800000, 49, 59, 10044, 100, 108560640, 24
148800000, 49, 59, 10042, 100, 108560640, 44
148800000, 49, 59, 10040, 100, 108560640, 29
148800000, 93, 103, 10046, 100, 108560640, 3
148800000, 93, 103, 10044, 100, 108560640, 7
148800000, 93, 103, 10042, 100, 108560640, 6
148800000, 93, 103, 10041, 100, 108560640, 4
148800000, 93, 103, 10039, 100, 108560640, 9
148900000, 49, 59, 10048, 100, 108560640, 3
148900000, 49, 59, 10045, 100, 108560640, 22
148900000, 49, 59, 10043, 100, 108560640, 33
148900000, 49, 59, 10042, 100, 108560640, 46
148900000, 49, 59, 10041, 100, 108560640, 40
148900000, 93, 103, 10044, 100, 108560640, 8
148900000, 93, 103, 10040, 100, 108560640, 4
149000000, 49, 59, 10048, 100, 108560640, 4
149000000, 49, 59, 10047, 100, 108560640, 6
149000000, 49, 59, 10046, 100, 108560640, 7
149000000, 49, 59, 10044, 100, 108560640, 26
149000000, 49, 59, 10043, 100, 108560640, 34
149000000, 49, 59, 10042, 100, 108560640, 48
149000000, 49, 59, 10041, 100, 108560640, 42
149000000, 93, 103, 10046, 100, 108560640, 4
149100000, 49, 59, 10048, 100, 108560640, 5
149100000, 49, 59, 10047, 100, 108560640, 7
149100000, 49, 59, 10043, 100, 108560640, 35
149100000, 49, 59, 10042, 100, 108560640, 49
149100000, 49, 59, 10041, 100, 108560640, 43
149100000, 49, 59, 10040, 100, 108560640, 30
149200000, 49, 59, 10045, 100, 108560640, 23
149200000, 49, 59, 10041, 100, 108560640, 45
149200000, 49, 59, 10040, 100, 108560640, 31
149200000, 93, 103, 10043, 100, 108560640, 5
149300000, 49, 59, 10041, 100, 108560640, 46
149300000, 49, 59, 10040, 100, 108560640, 33
149300000, 93, 103, 10047, 100, 108560640, 3
149300000, 93, 103, 10046, 100, 108560640, 5
149300000, 93, 103, 10044, 100, 108560640, 9
149300000, 93, 103, 10040, 100, 108560640, 5
149300000, 111, 113, 10042, 100, 108560640, 3
149300000, 111, 113, 10040, 100, 108560640, 2
149400000, 49, 59, 10042, 100, 108560640, 51
149400000, 49, 59, 10041, 100, 108560640, 48
149400000, 93, 103, 10043, 100, 108560640, 6
149400000, 93, 103, 10039, 100, 108560640, 10
149400000, 111, 113, 10044, 100, 108560640, 2
149400000, 111, 113, 10041, 100, 108560640, 1
149500000, 49, 59, 10046, 100, 108560640, 8
149500000, 49, 59, 10044, 100, 108560640, 27
149500000, 49, 59, 10043, 100, 108560640, 36
149500000, 49, 59, 10042, 100, 108560640, 53
149500000, 49, 59, 10041, 100, 108560640, 49
149500000, 49, 59, 10040, 100, 108560640, 34
149500000, 93, 103, 10044, 100, 108560640, 11
149600000, 49, 59, 10043, 100, 108560640, 37
149600000, 49, 59, 10041, 100, 108560640, 51
149600000, 93, 103, 10047, 100, 108560640, 4
149700000, 49, 59, 10042, 100, 108560640, 54
149700000, 49, 59, 10040, 100, 108560640, 36
149800000, 49, 59, 10046, 100, 108560640, 9
149800000, 49, 59, 10044, 100, 108560640, 28
149800000, 93, 103, 10047, 100, 108560640, 5
149800000, 93, 103, 10044, 100, 108560640, 13
149800000, 93, 103, 10043, 100, 108560640, 7
149800000, 93, 103, 10041, 100, 108560640, 6
149800000, 93, 103, 10040, 100, 108560640, 6
149900000, 49, 59, 10044, 100, 108560640, 30
149900000, 49, 59, 10040, 100, 108560640, 37
149900000, 93, 103, 10040, 100, 108560640, 9
149900000, 93, 103, 10039, 100, 108560640, 11
150000000, 49, 59, 10040, 100, 108560640, 38
150000000, 93, 103, 10046, 100, 108560640, 6
150100000, 93, 103, 10044, 100, 108560640, 14
150100000, 93, 103, 10040, 100, 108560640, 11
150200000, 93, 103, 10047, 100, 108560640, 6
150200000, 93, 103, 10045, 100, 108560640, 6
150200000, 93, 103, 10044, 100, 108560640, 15
150300000, 12, 22, 10046, 100, 108560640, 1
150300000, 12, 22, 10045, 100, 108560640, 2
150300000, 93, 103, 10045, 100, 108560640, 7
150300000, 93, 103, 10044, 100, 108560640, 16
150300000, 93, 103, 10041, 100, 108560640, 7
150400000, 12, 22, 10046, 100, 108560640, 2
150700000, 12, 22, 10049, 100, 108560640, 1
150700000, 12, 22, 10047, 100, 108560640, 1
151300000, 33, 43, 10049, 100, 108560640, 1
151400000, 33, 43, 10047, 100, 108560640, 2
152100000, 37, 47, 10049, 100, 108560640, 2
152100000, 37, 47, 10046, 100, 108560640, 1
152100000, 37, 47, 10045, 100, 108560640, 1
152300000, 37, 47, 10050, 100, 108560640, 1
152300000, 37, 47, 10045, 100, 108560640, 2
152500000, 12, 22, 10050, 100, 108560640, 1
152500000, 12, 22, 10046, 100, 108560640, 3
152500000, 19, 29, 10050, 100, 108560640, 1
152500000, 19, 29, 10044, 100, 108560640, 1
152500000, 37, 47, 10048, 100, 108560640, 1
152600000, 12, 22, 10051, 100, 108560640, 1
152600000, 12, 22, 10049, 100, 108560640, 2
152600000, 19, 29, 10051, 100, 108560640, 1
152700000, 12, 22, 10047, 100, 108560640, 2
152700000, 19, 29, 10045, 100, 108560640, 1
152800000, 12, 22, 10050, 100, 108560640, 2
152800000, 12, 22, 10049, 100, 108560640, 3
152800000, 12, 22, 10047, 100, 108560640, 3
152800000, 19, 29, 10051, 100, 108560640, 2
152800000, 19, 29, 10044, 100, 108560640, 2
152900000, 19, 29, 10052, 100, 108560640, 1
152900000, 19, 29, 10048, 100, 108560640, 1
152900000, 19, 29, 10047, 100, 108560640, 1
153000000, 19, 29, 10048, 100, 108560640, 2
153000000, 19, 29, 10043, 100, 108560640, 1
153100000, 12, 22, 10046, 100, 108560640, 5
153100000, 19, 29, 10049, 100, 108560640, 1
153100000, 19, 29, 10047, 100, 108560640, 2
153100000, 19, 29, 10046, 100, 108560640, 2
153100000, 19, 29, 10044, 100, 108560640, 3
153100000, 19, 29, 10043, 100, 108560640, 2
153200000, 72, 82, 10042, 100, 108560640, 2
153300000, 12, 22, 10051, 100, 108560640, 2
153300000, 72, 82, 10045, 100, 108560640, 2
153300000, 72, 82, 10043, 100, 108560640, 1
153300000, 72, 82, 10039, 100, 108560640, 1
153400000, 12, 22, 10046, 100, 108560640, 6
153400000, 72, 82, 10047, 100, 108560640, 1
153400000, 72, 82, 10046, 100, 108560640, 1
153400000, 72, 82, 10045, 100, 108560640, 3
153500000, 72, 82, 10047, 100, 108560640, 2
153500000, 72, 82, 10044, 100, 108560640, 1
153500000, 72, 82, 10041, 100, 108560640, 1
153600000, 72, 82, 10044, 100, 108560640, 2
153600000, 118, 120, 10045, 100, 108560640, 1
153600000, 118, 120, 10044, 100, 108560640, 1
153900000, 19, 29, 10050, 100, 108560640, 2
154000000, 19, 29, 10049, 100, 108560640, 2
154000000, 19, 29, 10044, 100, 108560640, 4
154100000, 19, 29, 10049, 100, 108560640, 3
154100000, 19, 29, 10045, 100, 108560640, 2
154200000, 19, 29, 10047, 100, 108560640, 3
154300000, 19, 29, 10051, 100, 108560640, 3
154300000, 19, 29, 10049, 100, 108560640, 4
154300000, 19, 29, 10047, 100, 108560640, 4
154300000, 19, 29, 10045, 100, 108560640, 3
154300000, 19, 29, 10044, 100, 108560640, 5
154400000, 19, 29, 10050, 100, 108560640, 4
154400000, 19, 29, 10047, 100, 108560640, 6
154400000, 19, 29, 10046, 100, 108560640, 3
154400000, 19, 29, 10045, 100, 108560640, 4
154400000, 37, 47, 10046, 100, 108560640, 2
154500000, 19, 29, 10052, 100, 108560640, 2
154500000, 19, 29, 10050, 100, 108560640, 5
154500000, 19, 29, 10049, 100, 108560640, 6
154500000, 19, 29, 10047, 100, 108560640, 8
154500000, 19, 29, 10046, 100, 108560640, 4
154500000, 19, 29, 10044, 100, 108560640, 6
154600000, 19, 29, 10049, 100, 108560640, 7
154600000, 19, 29, 10044, 100, 108560640, 7
154600000, 19, 29, 10043, 100, 108560640, 3
154600000, 72, 82, 10040, 100, 108560640, 1
154700000, 19, 29, 10050, 100, 108560640, 7
154700000, 19, 29, 10048, 100, 108560640, 4
154700000, 19, 29, 10047, 100, 108560640, 9
154700000, 72, 82, 10039, 100, 108560640, 2
154800000, 19, 29, 10051, 100, 108560640, 5
154800000, 19, 29, 10046, 100, 108560640, 5
154800000, 19, 29, 10045, 100, 108560640, 5
154800000, 19, 29, 10044, 100, 108560640, 9
154800000, 19, 29, 10043, 100, 108560640, 5
154800000, 72, 82, 10041, 100, 108560640, 2
154900000, 19, 29, 10052, 100, 108560640, 3
154900000, 19, 29, 10048, 100, 108560640, 5
154900000, 19, 29, 10047, 100, 108560640, 10
155000000, 19, 29, 10051, 100, 108560640, 6
155000000, 19, 29, 10047, 100, 108560640, 11
155000000, 19, 29, 10045, 100, 108560640, 6
155000000, 19, 29, 10043, 100, 108560640, 7
155000000, 72, 82, 10047, 100, 108560640, 3
155000000, 94, 96, 10050, 100, 108560640, 1
155100000, 19, 29, 10051, 100, 108560640, 7
155100000, 19, 29, 10048, 100, 108560640, 6
155100000, 19, 29, 10045, 100, 108560640, 7
155100000, 19, 29, 10043, 100, 108560640, 8
155100000, 72, 82, 10046, 100, 108560640, 2
155100000, 72, 82, 10045, 100, 108560640, 4
155100000, 72, 82, 10044, 100, 108560640, 3
155100000, 94, 96, 10051, 100, 108560640, 1
155200000, 19, 29, 10052, 100, 108560640, 6
155200000, 19, 29, 10051, 100, 108560640, 8
155200000, 19, 29, 10049, 100, 108560640, 8
155200000, 19, 29, 10045, 100, 108560640, 8
155200000, 72, 82, 10039, 100, 108560640, 3
155300000, 19, 29, 10052, 100, 108560640, 7
155300000, 19, 29, 10049, 100, 108560640, 10
155300000, 19, 29, 10048, 100, 108560640, 7
155300000, 19, 29, 10047, 100, 108560640, 12
155300000, 19, 29, 10044, 100, 108560640, 11
155300000, 19, 29, 10043, 100, 108560640, 9
155300000, 72, 82, 10043, 100, 108560640, 2
155300000, 72, 82, 10039, 100, 108560640, 4
155400000, 19, 29, 10052, 100, 108560640, 9
155400000, 19, 29, 10051, 100, 108560640, 9
155400000, 19, 29, 10050, 100, 108560640, 8
155400000, 19, 29, 10048, 100, 108560640, 10
155400000, 19, 29, 10047, 100, 108560640, 15
155400000, 19, 29, 10046, 100, 108560640, 7
155400000, 19, 29, 10044, 100, 108560640, 14
155500000, 19, 29, 10052, 100, 108560640, 10
155500000, 19, 29, 10050, 100, 108560640, 9
155500000, 19, 29, 10045, 100, 108560640, 10
155500000, 19, 29, 10044, 100, 108560640, 15
155500000, 19, 29, 10043, 100, 108560640, 11
155500000, 72, 82, 10039, 100, 108560640, 5
155600000, 19, 29, 10051, 100, 108560640, 12
155600000, 19, 29, 10050, 100, 108560640, 10
155600000, 19, 29, 10048, 100, 108560640, 11
155600000, 19, 29, 10047, 100, 108560640, 16
155600000, 19, 29, 10043, 100, 108560640, 12
155700000, 19, 29, 10051, 100, 108560640, 13
155700000, 19, 29, 10050, 100, 108560640, 11
155700000, 19, 29, 10048, 100, 108560640, 14
155700000, 19, 29, 10046, 100, 108560640, 8
155700000, 19, 29, 10045, 100, 108560640, 11
155700000, 19, 29, 10044, 100, 108560640, 17
155700000, 19, 29, 10043, 100, 108560640, 13
155700000, 72, 82, 10045, 100, 108560640, 5
155800000, 19, 29, 10051, 100, 108560640, 15
155800000, 19, 29, 10048, 100, 108560640, 15
155800000, 19, 29, 10047, 100, 108560640, 17
155800000, 19, 29, 10046, 100, 108560640, 9
155800000, 19, 29, 10045, 100, 108560640, 12
155800000, 39, 41, 10047, 100, 108560640, 1
155900000, 19, 29, 10052, 100, 108560640, 11
155900000, 19, 29, 10051, 100, 108560640, 16
155900000, 19, 29, 10050, 100, 108560640, 12
155900000, 19, 29, 10046, 100, 108560640, 10
155900000, 19, 29, 10044, 100, 108560640, 18
155900000, 19, 29, 10043, 100, 108560640, 16
156000000, 19, 29, 10052, 100, 108560640, 12
156000000, 19, 29, 10050, 100, 108560640, 13
156000000, 19, 29, 10047, 100, 108560640, 19
156000000, 19, 29, 10045, 100, 108560640, 14
156000000, 39, 41, 10047, 100, 108560640, 2
156000000, 39, 41, 10046, 100, 108560640, 1
156000000, 72, 82, 10044, 100, 108560640, 4
156100000, 19, 29, 10052, 100, 108560640, 14
156100000, 19, 29, 10050, 100, 108560640, 15
156100000, 19, 29, 10048, 100, 108560640, 16
156100000, 19, 29, 10047, 100, 108560640, 20
156100000, 19, 29, 10045, 100, 108560640, 15
156200000, 19, 29, 10052, 100, 108560640, 15
156200000, 19, 29, 10050, 100, 108560640, 18
156200000, 19, 29, 10049, 100, 108560640, 11
156200000, 19, 29, 10048, 100, 108560640, 17
156200000, 19, 29, 10046, 100, 108560640, 12
156200000, 19, 29, 10045, 100, 108560640, 16
156200000, 19, 29, 10044, 100, 108560640, 23
156200000, 19, 29, 10043, 100, 108560640, 17
156200000, 39, 41, 10050, 100, 108560640, 1
156200000, 94, 96, 10048, 100, 108560640, 1
156300000, 19, 29, 10052, 100, 108560640, 17
156300000, 19, 29, 10047, 100, 108560640, 21
156300000, 19, 29, 10046, 100, 108560640, 14
156300000, 72, 82, 10047, 100, 108560640, 4
156300000, 72, 82, 10039, 100, 108560640, 6
156400000, 19, 29, 10052, 100, 108560640, 18
156400000, 19, 29, 10050, 100, 108560640, 21
156400000, 19, 29, 10049, 100, 108560640, 13
156400000, 19, 29, 10048, 100, 108560640, 18
156400000, 19, 29, 10046, 100, 108560640, 15
156400000, 19, 29, 10043, 100, 108560640, 19
156400000, 39, 41, 10051, 100, 108560640, 1
156400000, 39, 41, 10049, 100, 108560640, 1
156400000, 39, 41, 10045, 100, 108560640, 1
156400000, 72, 82, 10048, 100, 108560640, 1
156400000, 72, 82, 10043, 100, 108560640, 4
156500000, 19, 29, 10052, 100, 108560640, 20
156500000, 19, 29, 10047, 100, 108560640, 22
156500000, 19, 29, 10045, 100, 108560640, 17
156500000, 72, 82, 10043, 100, 108560640, 5
156600000, 19, 29, 10051, 100, 108560640, 19
156600000, 19, 29, 10049, 100, 108560640, 14
156600000, 19, 29, 10048, 100, 108560640, 21
156600000, 19, 29, 10045, 100, 108560640, 19
156600000, 19, 29, 10044, 100, 108560640, 24
156600000, 72, 82, 10048, 100, 108560640, 2
156600000, 72, 82, 10039, 100, 108560640, 7
156700000, 19, 29, 10052, 100, 108560640, 22
156700000, 19, 29, 10047, 100, 108560640, 24
156700000, 19, 29, 10045, 100, 108560640, 21
156700000, 19, 29, 10043, 100, 108560640, 21
156700000, 72, 82, 10045, 100, 108560640, 6
156700000, 72, 82, 10042, 100, 108560640, 3
156700000, 72, 82, 10039, 100, 108560640, 8
156800000, 19, 29, 10051, 100, 108560640, 20
156800000, 19, 29, 10050, 100, 108560640, 23
156800000, 19, 29, 10049, 100, 108560640, 16
156800000, 19, 29, 10044, 100, 108560640, 25
156800000, 72, 82, 10045, 100, 108560640, 7
156900000, 19, 29, 10050, 100, 108560640, 25
156900000, 19, 29, 10048, 100, 108560640, 23
156900000, 19, 29, 10046, 100, 108560640, 17
156900000, 19, 29, 10045, 100, 108560640, 22
156900000, 19, 29, 10043, 100, 108560640, 23
156900000, 72, 82, 10045, 100, 108560640, 8
157000000, 19, 29, 10052, 100, 108560640, 23
157000000, 19, 29, 10051, 100, 108560640, 21
157000000, 19, 29, 10048, 100, 108560640, 25
157000000, 19, 29, 10045, 100, 108560640, 23
157000000, 72, 82, 10048, 100, 108560640, 3
157100000, 19, 29, 10051, 100, 108560640, 23
157100000, 19, 29, 10050, 100, 108560640, 28
157100000, 19, 29, 10047, 100, 108560640, 26
157100000, 19, 29, 10046, 100, 108560640, 20
157100000, 19, 29, 10045, 100, 108560640, 25
157100000, 19, 29, 10044, 100, 108560640, 26
157100000, 122, 4, 10047, 100, 108560640, 1
157200000, 19, 29, 10050, 100, 108560640, 29
157200000, 19, 29, 10048, 100, 108560640, 26
157200000, 19, 29, 10044, 100, 108560640, 27
157200000, 21, 31, 10053, 100, 108560640, 1
157200000, 94, 96, 10048, 100, 108560640, 2
157200000, 122, 4, 10046, 100, 108560640, 2
157200000, 122, 4, 10044, 100, 108560640, 1
157300000, 19, 29, 10052, 100, 108560640, 25
157300000, 19, 29, 10050, 100, 108560640, 30
157300000, 19, 29, 10049, 100, 108560640, 17
157300000, 19, 29, 10046, 100, 108560640, 21
157300000, 19, 29, 10045, 100, 108560640, 27
157300000, 19, 29, 10044, 100, 108560640, 28
157300000, 19, 29, 10043, 100, 108560640, 24
157300000, 21, 31, 10050, 100, 108560640, 1
157300000, 21, 31, 10048, 100, 108560640, 1
157300000, 72, 82, 10048, 100, 108560640, 4
157300000, 72, 82, 10047, 100, 108560640, 5
157300000, 72, 82, 10046, 100, 108560640, 3
157300000, 94, 96, 10050, 100, 108560640, 2
157400000, 19, 29, 10052, 100, 108560640, 26
157400000, 19, 29, 10051, 100, 108560640, 24
157400000, 19, 29, 10048, 100, 108560640, 27
157400000, 19, 29, 10046, 100, 108560640, 22
157400000, 19, 29, 10044, 100, 108560640, 29
157400000, 21, 31, 10048, 100, 108560640, 2
157400000, 72, 82, 10043, 100, 108560640, 6
157400000, 94, 96, 10051, 100, 108560640, 2
157500000, 19, 29, 10049, 100, 108560640, 18
157500000, 19, 29, 10047, 100, 108560640, 27
157500000, 19, 29, 10045, 100, 108560640, 28
157500000, 21, 31, 10050, 100, 108560640, 2
157500000, 72, 82, 10049, 100, 108560640, 1
157500000, 72, 82, 10043, 100, 108560640, 7
157500000, 94, 96, 10052, 100, 108560640, 1
157600000, 19, 29, 10052, 100, 108560640, 27
157600000, 19, 29, 10050, 100, 108560640, 31
157600000, 19, 29, 10043, 100, 108560640, 25
157700000, 19, 29, 10046, 100, 108560640, 23
157700000, 19, 29, 10043, 100, 108560640, 26
157700000, 72, 82, 10045, 100, 108560640, 9
157700000, 119, 121, 10044, 100, 108560640, 1
157800000, 19, 29, 10043, 100, 108560640, 27
157800000, 72, 82, 10044, 100, 108560640, 5
157800000, 72, 82, 10042, 100, 108560640, 4
157800000, 119, 121, 10048, 100, 108560640, 1
157900000, 6, 8, 10045, 100, 108560640, 1
157900000, 118, 120, 10045, 100, 108560640, 2
158000000, 6, 8, 10045, 100, 108560640, 2
158000000, 6, 8, 10044, 100, 108560640, 1
158000000, 6, 8, 10043, 100, 108560640, 1
158000000, 72, 82, 10043, 100, 108560640, 8
158000000, 118, 120, 10048, 100, 108560640, 1
158000000, 118, 120, 10046, 100, 108560640, 1
158000000, 118, 120, 10045, 100, 108560640, 3
158100000, 6, 8, 10046, 100, 108560640, 2
158100000, 6, 8, 10043, 100, 108560640, 2
158100000, 72, 82, 10048, 100, 108560640, 5
158100000, 72, 82, 10043, 100, 108560640, 9
158100000, 72, 82, 10041, 100, 108560640, 3
158100000, 98, 108, 10041, 100, 108560640, 1
158100000, 118, 120, 10049, 100, 108560640, 1
158100000, 118, 120, 10047, 100, 108560640, 1
158200000, 6, 8, 10042, 100, 108560640, 1
158200000, 21, 31, 10052, 100, 108560640, 1
158200000, 72, 82, 10040, 100, 108560640, 2
158200000, 118, 120, 10049, 100, 108560640, 2
158200000, 118, 120, 10048, 100, 108560640, 2
158200000, 118, 120, 10044, 100, 108560640, 2
158300000, 21, 31, 10054, 100, 108560640, 1
158300000, 21, 31, 10051, 100, 108560640, 1
158300000, 72, 82, 10046, 100, 108560640, 4
158300000, 98, 108, 10038, 100, 108560640, 1
158300000, 98, 108, 10042, 100, 108560640, 1
158300000, 98, 108, 10044, 100, 108560640, 1
158300000, 118, 120, 10048, 100, 108560640, 3
158300000, 118, 120, 10044, 100, 108560640, 3
158300000, 118, 120, 10041, 100, 108560640, 1
158400000, 72, 82, 10043, 100, 108560640, 10
158400000, 72, 82, 10040, 100, 108560640, 3
158400000, 98, 108, 10040, 100, 108560640, 2
158400000, 98, 108, 10043, 100, 108560640, 1
158400000, 98, 108, 10045, 100, 108560640, 1
158400000, 98, 108, 10047, 100, 108560640, 2
158400000, 118, 120, 10045, 100, 108560640, 4
158400000, 118, 120, 10043, 100, 108560640, 1
158400000, 118, 120, 10042, 100, 108560640, 1
158400000, 118, 120, 10041, 100, 108560640, 2
158500000, 98, 108, 10038, 100, 108560640, 2
158500000, 98, 108, 10044, 100, 108560640, 2
158500000, 98, 108, 10046, 100, 108560640, 1
158500000, 118, 120, 10046, 100, 108560640, 2
158500000, 118, 120, 10045, 100, 108560640, 5
158500000, 118, 120, 10042, 100, 108560640, 2
158500000, 118, 120, 10041, 100, 108560640, 4
158600000, 72, 82, 10046, 100, 108560640, 5
158600000, 72, 82, 10045, 100, 108560640, 10
158600000, 72, 82, 10044, 100, 108560640, 6
158600000, 98, 108, 10037, 100, 108560640, 3
158600000, 118, 120, 10047, 100, 108560640, 2
158600000, 118, 120, 10044, 100, 108560640, 6
158600000, 118, 120, 10043, 100, 108560640, 2
158700000, 72, 82, 10043, 100, 108560640, 11
158700000, 72, 82, 10042, 100, 108560640, 5
158700000, 98, 108, 10038, 100, 108560640, 3
158700000, 98, 108, 10039, 100, 108560640, 2
158700000, 98, 108, 10042, 100, 108560640, 2
158700000, 98, 108, 10047, 100, 108560640, 3
158700000, 118, 120, 10047, 100, 108560640, 3
158700000, 118, 120, 10046, 100, 108560640, 3
158700000, 118, 120, 10044, 100, 108560640, 7
158800000, 21, 31, 10051, 100, 108560640, 2
158800000, 72, 82, 10047, 100, 108560640, 6
158800000, 72, 82, 10041, 100, 108560640, 4
158800000, 98, 108, 10043, 100, 108560640, 2
158800000, 118, 120, 10045, 100, 108560640, 6
158800000, 118, 120, 10044, 100, 108560640, 8
158800000, 118, 120, 10043, 100, 108560640, 3
159000000, 21, 31, 10048, 100, 108560640, 3
159000000, 72, 82, 10043, 100, 108560640, 12
159000000, 72, 82, 10042, 100, 108560640, 6
159000000, 118, 120, 10046, 100, 108560640, 4
159000000, 118, 120, 10044, 100, 108560640, 9
159100000, 21, 31, 10054, 100, 108560640, 2
159100000, 21, 31, 10052, 100, 108560640, 2
159100000, 21, 31, 10050, 100, 108560640, 4
159100000, 21, 31, 10049, 100, 108560640, 1
159100000, 72, 82, 10047, 100, 108560640, 7
159100000, 72, 82, 10043, 100, 108560640, 14
159100000, 98, 108, 10041, 100, 108560640, 2
159100000, 98, 108, 10045, 100, 108560640, 2
159100000, 118, 120, 10046, 100, 108560640, 5
159100000, 119, 121, 10048, 100, 108560640, 3
159100000, 119, 121, 10047, 100, 108560640, 1
159200000, 21, 31, 10053, 100, 108560640, 2
159200000, 21, 31, 10051, 100, 108560640, 3
159200000, 98, 108, 10041, 100, 108560640, 3
159200000, 118, 120, 10049, 100, 108560640, 3
159200000, 118, 120, 10047, 100, 108560640, 4
159200000, 118, 120, 10046, 100, 108560640, 6
159300000, 21, 31, 10049, 100, 108560640, 2
159300000, 72, 82, 10042, 100, 108560640, 8
159300000, 98, 108, 10039, 100, 108560640, 3
159300000, 98, 108, 10046, 100, 108560640, 2
159300000, 107, 117, 10051, 100, 108560640, 1
159300000, 107, 117, 10048, 100, 108560640, 1
159300000, 107, 117, 10047, 100, 108560640, 1
159300000, 118, 120, 10047, 100, 108560640, 5
159300000, 118, 120, 10045, 100, 108560640, 7
159400000, 6, 8, 10046, 100, 108560640, 3
159400000, 6, 8, 10044, 100, 108560640, 2
159400000, 6, 8, 10043, 100, 108560640, 3
159400000, 72, 82, 10047, 100, 108560640, 8
159400000, 98, 108, 10043, 100, 108560640, 5
159400000, 107, 117, 10047, 100, 108560640, 2
159400000, 118, 120, 10049, 100, 108560640, 4
159400000, 118, 120, 10046, 100, 108560640, 7
159400000, 118, 120, 10045, 100, 108560640, 8
159500000, 6, 8, 10042, 100, 108560640, 3
159500000, 72, 82, 10044, 100, 108560640, 7
159500000, 72, 82, 10043, 100, 108560640, 15
159500000, 98, 108, 10037, 100, 108560640, 4
159500000, 98, 108, 10046, 100, 108560640, 3
159500000, 107, 117, 10054, 100, 108560640, 1
159500000, 107, 117, 10053, 100, 108560640, 1
159500000, 107, 117, 10050, 100, 108560640, 1
159500000, 118, 120, 10049, 100, 108560640, 5
159500000, 118, 120, 10048, 100, 108560640, 4
159500000, 118, 120, 10045, 100, 108560640, 9
159500000, 118, 120, 10044, 100, 108560640, 10
159500000, 118, 120, 10043, 100, 108560640, 4
159600000, 6, 8, 10048, 100, 108560640, 2
159600000, 6, 8, 10046, 100, 108560640, 4
159600000, 98, 108, 10042, 100, 108560640, 3
159600000, 98, 108, 10044, 100, 108560640, 3
159600000, 107, 117, 10054, 100, 108560640, 2
159600000, 107, 117, 10050, 100, 108560640, 2
159600000, 107, 117, 10049, 100, 108560640, 1
159600000, 118, 120, 10049, 100, 108560640, 6
159600000, 118, 120, 10042, 100, 108560640, 3
159700000, 6, 8, 10044, 100, 108560640, 3
159700000, 72, 82, 10044, 100, 108560640, 8
159700000, 72, 82, 10043, 100, 108560640, 16
159700000, 98, 108, 10040, 100, 108560640, 3
159700000, 98, 108, 10044, 100, 108560640, 4
159700000, 98, 108, 10047, 100, 108560640, 5
159700000, 118, 120, 10047, 100, 108560640, 6
159700000, 118, 120, 10045, 100, 108560640, 10
159800000, 72, 82, 10048, 100, 108560640, 6
159800000, 72, 82, 10045, 100, 108560640, 11
159800000, 72, 82, 10044, 100, 108560640, 9
159800000, 98, 108, 10039, 100, 108560640, 5
159800000, 98, 108, 10042, 100, 108560640, 4
159800000, 98, 108, 10043, 100, 108560640, 6
159800000, 98, 108, 10044, 100, 108560640, 6
159800000, 98, 108, 10045, 100, 108560640, 3
159800000, 98, 108, 10047, 100, 108560640, 6
159800000, 118, 120, 10049, 100, 108560640, 7
159800000, 118, 120, 10048, 100, 108560640, 5
159800000, 118, 120, 10047, 100, 108560640, 8
159900000, 6, 8, 10047, 100, 108560640, 1
159900000, 6, 8, 10046, 100, 108560640, 5
159900000, 6, 8, 10044, 100, 108560640, 4
159900000, 72, 82, 10048, 100, 108560640, 7
159900000, 72, 82, 10045, 100, 108560640, 13
159900000, 98, 108, 10038, 100, 108560640, 4
159900000, 98, 108, 10040, 100, 108560640, 5
159900000, 98, 108, 10042, 100, 108560640, 6
159900000, 98, 108, 10043, 100, 108560640, 7
159900000, 98, 108, 10046, 100, 108560640, 4
159900000, 118, 120, 10049, 100, 108560640, 8
159900000, 118, 120, 10048, 100, 108560640, 6
159900000, 118, 120, 10047, 100, 108560640, 9
159900000, 118, 120, 10046, 100, 108560640, 8
159900000, 118, 120, 10043, 100, 108560640, 5
159900000, 118, 120, 10042, 100, 108560640, 5
160000000, 21, 31, 10048, 100, 108560640, 4
160000000, 98, 108, 10037, 100, 108560640, 5
160000000, 98, 108, 10041, 100, 108560640, 5
160000000, 98, 108, 10042, 100, 108560640, 8
160000000, 98, 108, 10043, 100, 108560640, 8
160000000, 98, 108, 10044, 100, 108560640, 7
160000000, 118, 120, 10048, 100, 108560640, 8
160000000, 118, 120, 10047, 100, 108560640, 10
160000000, 118, 120, 10046, 100, 108560640, 9
160000000, 118, 120, 10044, 100, 108560640, 11
160000000, 118, 120, 10043, 100, 108560640, 6
160000000, 118, 120, 10041, 100, 108560640, 5
160100000, 98, 108, 10038, 100, 108560640, 5
160100000, 98, 108, 10039, 100, 108560640, 6
160100000, 98, 108, 10040, 100, 108560640, 6
160100000, 98, 108, 10041, 100, 108560640, 8
160100000, 98, 108, 10042, 100, 108560640, 10
160100000, 98, 108, 10044, 100, 108560640, 8
160100000, 118, 120, 10044, 100, 108560640, 12
160100000, 118, 120, 10042, 100, 108560640, 6
160200000, 21, 31, 10052, 100, 108560640, 3
160200000, 21, 31, 10051, 100, 108560640, 4
160200000, 72, 82, 10048, 100, 108560640, 8
160200000, 72, 82, 10041, 100, 108560640, 5
160200000, 98, 108, 10037, 100, 108560640, 6
160200000, 98, 108, 10039, 100, 108560640, 7
160200000, 98, 108, 10040, 100, 108560640, 9
160200000, 98, 108, 10041, 100, 108560640, 10
160200000, 98, 108, 10043, 100, 108560640, 9
160200000, 98, 108, 10044, 100, 108560640, 9
160200000, 98, 108, 10047, 100, 108560640, 8
160200000, 118, 120, 10049, 100, 108560640, 10
160200000, 118, 120, 10043, 100, 108560640, 7
160200000, 118, 120, 10042, 100, 108560640, 7
160300000, 21, 31, 10050, 100, 108560640, 5
160300000, 98, 108, 10042, 100, 108560640, 11
160300000, 98, 108, 10043, 100, 108560640, 11
160300000, 98, 108, 10046, 100, 108560640, 6
160300000, 98, 108, 10047, 100, 108560640, 9
160300000, 118, 120, 10048, 100, 108560640, 9
160300000, 118, 120, 10045, 100, 108560640, 12
160300000, 118, 120, 10043, 100, 108560640, 8
160400000, 20, 30, 10052, 100, 108560640, 1
160400000, 20, 30, 10049, 100, 108560640, 1
160400000, 98, 108, 10037, 100, 108560640, 9
160400000, 98, 108, 10040, 100, 108560640, 10
160400000, 98, 108, 10042, 100, 108560640, 12
160400000, 98, 108, 10045, 100, 108560640, 4
160400000, 98, 108, 10046, 100, 108560640, 7
160400000, 98, 108, 10047, 100, 108560640, 10
160400000, 118, 120, 10049, 100, 108560640, 11
160400000, 118, 120, 10047, 100, 108560640, 13
160400000, 118, 120, 10046, 100, 108560640, 10
160400000, 118, 120, 10042, 100, 108560640, 8
160400000, 118, 120, 10041, 100, 108560640, 7
160500000, 21, 31, 10053, 100, 108560640, 4
160500000, 21, 31, 10048, 100, 108560640, 5
160500000, 98, 108, 10043, 100, 108560640, 12
160500000, 107, 117, 10049, 100, 108560640, 2
160500000, 118, 120, 10047, 100, 108560640, 15
160500000, 118, 120, 10046, 100, 108560640, 11
160500000, 118, 120, 10043, 100, 108560640, 9
160600000, 6, 8, 10044, 100, 108560640, 5
160600000, 20, 30, 10050, 100, 108560640, 1
160600000, 20, 30, 10049, 100, 108560640, 2
160600000, 21, 31, 10054, 100, 108560640, 3
160600000, 107, 117, 10052, 100, 108560640, 1
160600000, 107, 117, 10050, 100, 108560640, 3
160600000, 118, 120, 10045, 100, 108560640, 13
160600000, 118, 120, 10044, 100, 108560640, 13
160700000, 20, 30, 10051, 100, 108560640, 1
160700000, 20, 30, 10047, 100, 108560640, 1
160700000, 21, 31, 10053, 100, 108560640, 6
160700000, 21, 31, 10052, 100, 108560640, 4
160700000, 21, 31, 10050, 100, 108560640, 6
160700000, 21, 31, 10049, 100, 108560640, 3
160700000, 72, 82, 10047, 100, 108560640, 9
160700000, 107, 117, 10052, 100, 108560640, 3
160700000, 107, 117, 10051, 100, 108560640, 2
160700000, 107, 117, 10047, 100, 108560640, 3
160700000, 107, 117, 10049, 100, 108560640, 3
160700000, 118, 120, 10048, 100, 108560640, 12
160700000, 118, 120, 10046, 100, 108560640, 13
160700000, 118, 120, 10045, 100, 108560640, 15
160700000, 118, 120, 10044, 100, 108560640, 14
160700000, 118, 120, 10042, 100, 108560640, 9
160700000, 118, 120, 10041, 100, 108560640, 8
160800000, 21, 31, 10054, 100, 108560640, 4
160800000, 21, 31, 10051, 100, 108560640, 5
160800000, 72, 82, 10049, 100, 108560640, 2
160800000, 72, 82, 10043, 100, 108560640, 17
160800000, 107, 117, 10053, 100, 108560640, 2
160800000, 107, 117, 10050, 100, 108560640, 4
160800000, 118, 120, 10049, 100, 108560640, 13
160800000, 118, 120, 10048, 100, 108560640, 13
160800000, 118, 120, 10044, 100, 108560640, 15
160900000, 21, 31, 10053, 100, 108560640, 7
160900000, 21, 31, 10049, 100, 108560640, 5
160900000, 21, 31, 10048, 100, 108560640, 6
160900000, 72, 82, 10049, 100, 108560640, 3
160900000, 72, 82, 10045, 100, 108560640, 14
160900000, 72, 82, 10040, 100, 108560640, 4
160900000, 72, 82, 10041, 100, 108560640, 6
160900000, 107, 117, 10054, 100, 108560640, 3
160900000, 107, 117, 10053, 100, 108560640, 3
160900000, 107, 117, 10051, 100, 108560640, 3
160900000, 107, 117, 10050, 100, 108560640, 5
160900000, 107, 117, 10049, 100, 108560640, 4
160900000, 118, 120, 10044, 100, 108560640, 17
160900000, 118, 120, 10042, 100, 108560640, 10
160900000, 118, 120, 10041, 100, 108560640, 9
161000000, 21, 31, 10050, 100, 108560640, 8
161000000, 72, 82, 10049, 100, 108560640, 4
161000000, 72, 82, 10047, 100, 108560640, 10
161000000, 72, 82, 10042, 100, 108560640, 9
161000000, 107, 117, 10054, 100, 108560640, 4
161000000, 107, 117, 10053, 100, 108560640, 4
161000000, 107, 117, 10050, 100, 108560640, 6
161000000, 107, 117, 10047, 100, 108560640, 4
161000000, 119, 121, 10048, 100, 108560640, 4
161000000, 119, 121, 10047, 100, 108560640, 2
161100000, 21, 31, 10054, 100, 108560640, 5
161100000, 21, 31, 10053, 100, 108560640, 8
161100000, 21, 31, 10050, 100, 108560640, 9
161100000, 107, 117, 10054, 100, 108560640, 6
161100000, 107, 117, 10052, 100, 108560640, 4
161100000, 107, 117, 10050, 100, 108560640, 8
161100000, 107, 117, 10047, 100, 108560640, 5
161100000, 118, 120, 10048, 100, 108560640, 14
161100000, 118, 120, 10047, 100, 108560640, 16
161100000, 119, 121, 10047, 100, 108560640, 3
161200000, 21, 31, 10053, 100, 108560640, 9
161200000, 21, 31, 10050, 100, 108560640, 10
161200000, 21, 31, 10049, 100, 108560640, 6
161200000, 72, 82, 10041, 100, 108560640, 7
161200000, 107, 117, 10054, 100, 108560640, 7
161200000, 107, 117, 10053, 100, 108560640, 6
161200000, 107, 117, 10051, 100, 108560640, 6
161200000, 107, 117, 10048, 100, 108560640, 2
161200000, 107, 117, 10047, 100, 108560640, 6
161200000, 107, 117, 10049, 100, 108560640, 5
161300000, 21, 31, 10054, 100, 108560640, 7
161300000, 21, 31, 10052, 100, 108560640, 6
161300000, 21, 31, 10048, 100, 108560640, 7
161300000, 72, 82, 10049, 100, 108560640, 5
161300000, 72, 82, 10044, 100, 108560640, 10
161300000, 107, 117, 10054, 100, 108560640, 9
161300000, 107, 117, 10051, 100, 108560640, 7
161300000, 107, 117, 10048, 100, 108560640, 3
161300000, 107, 117, 10047, 100, 108560640, 7
161300000, 107, 117, 10049, 100, 108560640, 6
161300000, 118, 120, 10048, 100, 108560640, 15
161300000, 118, 120, 10046, 100, 108560640, 14
161300000, 119, 121, 10046, 100, 108560640, 1
161400000, 21, 31, 10053, 100, 108560640, 10
161400000, 21, 31, 10048, 100, 108560640, 8
161400000, 107, 117, 10053, 100, 108560640, 8
161400000, 107, 117, 10052, 100, 108560640, 5
161400000, 107, 117, 10051, 100, 108560640, 8
161400000, 107, 117, 10050, 100, 108560640, 9
161400000, 107, 117, 10048, 100, 108560640, 5
161400000, 107, 117, 10047, 100, 108560640, 8
161400000, 107, 117, 10049, 100, 108560640, 7
161400000, 118, 120, 10045, 100, 108560640, 17
161400000, 118, 120, 10044, 100, 108560640, 19
161400000, 118, 120, 10042, 100, 108560640, 11
161400000, 118, 120, 10041, 100, 108560640, 10
161500000, 21, 31, 10051, 100, 108560640, 6
161500000, 21, 31, 10049, 100, 108560640, 7
161500000, 72, 82, 10049, 100, 108560640, 6
161500000, 72, 82, 10043, 100, 108560640, 18
161500000, 72, 82, 10040, 100, 108560640, 5
161500000, 107, 117, 10054, 100, 108560640, 12
161500000, 107, 117, 10053, 100, 108560640, 9
161500000, 107, 117, 10051, 100, 108560640, 12
161500000, 107, 117, 10047, 100, 108560640, 9
161500000, 118, 120, 10044, 100, 108560640, 20
161500000, 118, 120, 10043, 100, 108560640, 10
161500000, 118, 120, 10042, 100, 108560640, 12
161600000, 21, 31, 10054, 100, 108560640, 8
161600000, 21, 31, 10052, 100, 108560640, 7
161600000, 21, 31, 10049, 100, 108560640, 8
161600000, 21, 31, 10048, 100, 108560640, 9
161600000, 72, 82, 10043, 100, 108560640, 19
161600000, 107, 117, 10053, 100, 108560640, 11
161600000, 107, 117, 10052, 100, 108560640, 6
161600000, 107, 117, 10051, 100, 108560640, 14
161600000, 107, 117, 10050, 100, 108560640, 10
161600000, 107, 117, 10047, 100, 108560640, 10
161600000, 107, 117, 10049, 100, 108560640, 9
161600000, 118, 120, 10048, 100, 108560640, 16
161600000, 118, 120, 10046, 100, 108560640, 15
161600000, 118, 120, 10043, 100, 108560640, 11
161600000, 118, 120, 10042, 100, 108560640, 13
161700000, 21, 31, 10053, 100, 108560640, 12
161700000, 72, 82, 10047, 100, 108560640, 11
161700000, 72, 82, 10046, 100, 108560640, 6
161700000, 72, 82, 10042, 100, 108560640, 10
161800000, 21, 31, 10053, 100, 108560640, 13
161800000, 21, 31, 10050, 100, 108560640, 12
161800000, 72, 82, 10042, 100, 108560640, 11
161800000, 118, 120, 10049, 100, 108560640, 15
161800000, 118, 120, 10048, 100, 108560640, 17
161800000, 118, 120, 10047, 100, 108560640, 17
161800000, 118, 120, 10044, 100, 108560640, 21
161800000, 118, 120, 10041, 100, 108560640, 11
161900000, 21, 31, 10053, 100, 108560640, 14
161900000, 21, 31, 10052, 100, 108560640, 8
161900000, 21, 31, 10050, 100, 108560640, 13
161900000, 21, 31, 10048, 100, 108560640, 10
161900000, 72, 82, 10040, 100, 108560640, 6
161900000, 118, 120, 10047, 100, 108560640, 18
161900000, 118, 120, 10042, 100, 108560640, 14
162000000, 21, 31, 10051, 100, 108560640, 7
162000000, 72, 82, 10049, 100, 108560640, 7
162000000, 72, 82, 10041, 100, 108560640, 8
162000000, 118, 120, 10044, 100, 108560640, 22
162100000, 21, 31, 10052, 100, 108560640, 9
162100000, 72, 82, 10043, 100, 108560640, 21
162100000, 118, 120, 10048, 100, 108560640, 18
162200000, 80, 90, 10043, 100, 108560640, 1
162200000, 118, 120, 10049, 100, 108560640, 16
162200000, 118, 120, 10041, 100, 108560640, 12
162300000, 80, 90, 10042, 100, 108560640, 1
162300000, 80, 90, 10041, 100, 108560640, 1
162400000, 21, 31, 10054, 100, 108560640, 9
162400000, 72, 82, 10049, 100, 108560640, 8
162400000, 80, 90, 10040, 100, 108560640, 1
162400000, 80, 90, 10039, 100, 108560640, 1
162400000, 118, 120, 10044, 100, 108560640, 23
162400000, 119, 121, 10046, 100, 108560640, 2
162500000, 72, 82, 10051, 100, 108560640, 1
162500000, 119, 121, 10045, 100, 108560640, 1
162600000, 72, 82, 10051, 100, 108560640, 2
162600000, 118, 120, 10049, 100, 108560640, 17
162600000, 119, 121, 10048, 100, 108560640, 5
162600000, 119, 121, 10045, 100, 108560640, 4
162700000, 45, 55, 10054, 100, 108560640, 1
162700000, 45, 55, 10052, 100, 108560640, 1
162700000, 72, 82, 10042, 100, 108560640, 12
162700000, 118, 120, 10048, 100, 108560640, 19
162700000, 119, 121, 10048, 100, 108560640, 6
162800000, 118, 120, 10046, 100, 108560640, 16
162800000, 119, 121, 10048, 100, 108560640, 7
162800000, 119, 121, 10046, 100, 108560640, 4
162800000, 119, 121, 10044, 100, 108560640, 2
162900000, 33, 43, 10057, 100, 108560640, 1
162900000, 33, 43, 10055, 100, 108560640, 1
162900000, 33, 43, 10051, 100, 108560640, 1
162900000, 119, 121, 10047, 100, 108560640, 4
162900000, 119, 121, 10045, 100, 108560640, 5
163000000, 33, 43, 10054, 100, 108560640, 1
163000000, 33, 43, 10053, 100, 108560640, 1
163000000, 33, 43, 10052, 100, 108560640, 1
163100000, 119, 121, 10049, 100, 108560640, 1
163300000, 118, 120, 10045, 100, 108560640, 18
163700000, 95, 97, 10053, 100, 108560640, 1
163900000, 45, 55, 10054, 100, 108560640, 2
163900000, 45, 55, 10051, 100, 108560640, 1
164100000, 33, 43, 10051, 100, 108560640, 2
164200000, 33, 43, 10056, 100, 108560640, 1
165000000, 20, 30, 10053, 100, 108560640, 1
165000000, 20, 30, 10051, 100, 108560640, 2
165100000, 20, 30, 10055, 100, 108560640, 1
165100000, 20, 30, 10052, 100, 108560640, 2
165200000, 20, 30, 10055, 100, 108560640, 2
165200000, 20, 30, 10053, 100, 108560640, 2
165200000, 20, 30, 10051, 100, 108560640, 4
165200000, 20, 30, 10049, 100, 108560640, 3
165200000, 20, 30, 10047, 100, 108560640, 2
165200000, 27, 37, 10051, 100, 108560640, 2
165200000, 45, 55, 10052, 100, 108560640, 2
165300000, 20, 30, 10054, 100, 108560640, 1
165300000, 20, 30, 10051, 100, 108560640, 6
165300000, 27, 37, 10054, 100, 108560640, 1
165300000, 27, 37, 10051, 100, 108560640, 3
165300000, 45, 55, 10053, 100, 108560640, 1
165300000, 45, 55, 10052, 100, 108560640, 3
165300000, 45, 55, 10050, 100, 108560640, 2
165400000, 20, 30, 10052, 100, 108560640, 3
165400000, 20, 30, 10051, 100, 108560640, 8
165400000, 27, 37, 10052, 100, 108560640, 1
165400000, 27, 37, 10050, 100, 108560640, 1
165500000, 20, 30, 10055, 100, 108560640, 3
165500000, 20, 30, 10053, 100, 108560640, 3
165500000, 20, 30, 10051, 100, 108560640, 11
165500000, 27, 37, 10050, 100, 108560640, 2
165500000, 27, 37, 10048, 100, 108560640, 1
165500000, 27, 37, 10047, 100, 108560640, 1
165600000, 20, 30, 10055, 100, 108560640, 5
165600000, 20, 30, 10054, 100, 108560640, 2
165600000, 20, 30, 10053, 100, 108560640, 4
165600000, 20, 30, 10051, 100, 108560640, 12
165600000, 20, 30, 10050, 100, 108560640, 3
165600000, 20, 30, 10049, 100, 108560640, 6
165600000, 27, 37, 10052, 100, 108560640, 2
165600000, 27, 37, 10048, 100, 108560640, 2
165700000, 20, 30, 10053, 100, 108560640, 5
165700000, 20, 30, 10050, 100, 108560640, 4
165700000, 20, 30, 10049, 100, 108560640, 8
165700000, 27, 37, 10049, 100, 108560640, 1
165700000, 27, 37, 10048, 100, 108560640, 3
165800000, 20, 30, 10053, 100, 108560640, 6
165800000, 20, 30, 10051, 100, 108560640, 13
165800000, 20, 30, 10050, 100, 108560640, 6
165800000, 27, 37, 10054, 100, 108560640, 2
165800000, 27, 37, 10053, 100, 108560640, 1
165800000, 27, 37, 10052, 100, 108560640, 3
165800000, 27, 37, 10049, 100, 108560640, 2
166300000, 45, 55, 10055, 100, 108560640, 1
166300000, 45, 55, 10053, 100, 108560640, 2
166400000, 45, 55, 10055, 100, 108560640, 2
166900000, 45, 55, 10056, 100, 108560640, 1
166900000, 45, 55, 10052, 100, 108560640, 4
166900000, 45, 55, 10051, 100, 108560640, 2
167000000, 45, 55, 10057, 100, 108560640, 1
167000000, 45, 55, 10055, 100, 108560640, 3
167000000, 45, 55, 10053, 100, 108560640, 4
167000000, 45, 55, 10052, 100, 108560640, 5
167000000, 45, 55, 10051, 100, 108560640, 3
167100000, 20, 30, 10055, 100, 108560640, 6
167100000, 20, 30, 10054, 100, 108560640, 3
167100000, 20, 30, 10053, 100, 108560640, 7
167100000, 20, 30, 10052, 100, 108560640, 4
167100000, 20, 30, 10051, 100, 108560640, 15
167100000, 20, 30, 10050, 100, 108560640, 7
167100000, 45, 55, 10056, 100, 108560640, 2
167100000, 45, 55, 10053, 100, 108560640, 5
167100000, 45, 55, 10051, 100, 108560640, 4
167100000, 45, 55, 10050, 100, 108560640, 4
167200000, 20, 30, 10053, 100, 108560640, 8
167200000, 20, 30, 10051, 100, 108560640, 16
167200000, 23, 25, 10051, 100, 108560640, 1
167200000, 45, 55, 10057, 100, 108560640, 2
167200000, 45, 55, 10056, 100, 108560640, 3
167200000, 45, 55, 10055, 100, 108560640, 4
167200000, 45, 55, 10052, 100, 108560640, 6
167200000, 45, 55, 10050, 100, 108560640, 5
167300000, 20, 30, 10055, 100, 108560640, 7
167300000, 20, 30, 10054, 100, 108560640, 5
167300000, 20, 30, 10053, 100, 108560640, 10
167300000, 20, 30, 10051, 100, 108560640, 18
167300000, 45, 55, 10053, 100, 108560640, 7
167300000, 45, 55, 10050, 100, 108560640, 6
167300000, 47, 49, 10050, 100, 108560640, 1
167400000, 20, 30, 10054, 100, 108560640, 6
167400000, 20, 30, 10052, 100, 108560640, 5
167400000, 20, 30, 10051, 100, 108560640, 19
167400000, 45, 55, 10057, 100, 108560640, 3
167400000, 45, 55, 10054, 100, 108560640, 4
167400000, 45, 55, 10053, 100, 108560640, 9
167400000, 45, 55, 10050, 100, 108560640, 8
167500000, 20, 30, 10055, 100, 108560640, 8
167500000, 20, 30, 10052, 100, 108560640, 7
167500000, 20, 30, 10051, 100, 108560640, 20
167500000, 20, 30, 10050, 100, 108560640, 9
167500000, 45, 55, 10056, 100, 108560640, 4
167500000, 47, 49, 10052, 100, 108560640, 1
167600000, 20, 30, 10054, 100, 108560640, 8
167600000, 20, 30, 10050, 100, 108560640, 11
167600000, 45, 55, 10057, 100, 108560640, 4
167600000, 45, 55, 10055, 100, 108560640, 5
167600000, 45, 55, 10054, 100, 108560640, 6
167600000, 45, 55, 10053, 100, 108560640, 10
167600000, 45, 55, 10052, 100, 108560640, 7
167600000, 45, 55, 10051, 100, 108560640, 5
167600000, 45, 55, 10050, 100, 108560640, 11
167600000, 47, 49, 10054, 100, 108560640, 1
167700000, 20, 30, 10055, 100, 108560640, 9
167700000, 20, 30, 10054, 100, 108560640, 10
167700000, 20, 30, 10052, 100, 108560640, 9
167700000, 20, 30, 10051, 100, 108560640, 21
167700000, 45, 55, 10055, 100, 108560640, 6
167700000, 45, 55, 10052, 100, 108560640, 8
167700000, 45, 55, 10050, 100, 108560640, 12
167800000, 20, 30, 10053, 100, 108560640, 14
167800000, 20, 30, 10052, 100, 108560640, 11
167800000, 20, 30, 10050, 100, 108560640, 13
167800000, 45, 55, 10056, 100, 108560640, 6
167800000, 45, 55, 10053, 100, 108560640, 11
167800000, 45, 55, 10052, 100, 108560640, 9
167800000, 45, 55, 10051, 100, 108560640, 7
167800000, 45, 55, 10050, 100, 108560640, 13
167900000, 20, 30, 10053, 100, 108560640, 16
167900000, 20, 30, 10052, 100, 108560640, 12
167900000, 20, 30, 10051, 100, 108560640, 22
167900000, 20, 30, 10050, 100, 108560640, 14
167900000, 45, 55, 10056, 100, 108560640, 7
167900000, 45, 55, 10052, 100, 108560640, 11
167900000, 45, 55, 10050, 100, 108560640, 14
168000000, 20, 30, 10055, 100, 108560640, 10
168000000, 20, 30, 10054, 100, 108560640, 12
168000000, 20, 30, 10053, 100, 108560640, 17
168000000, 20, 30, 10052, 100, 108560640, 13
168000000, 20, 30, 10050, 100, 108560640, 15
168000000, 45, 55, 10057, 100, 108560640, 5
168000000, 45, 55, 10055, 100, 108560640, 7
168000000, 45, 55, 10052, 100, 108560640, 14
168000000, 45, 55, 10051, 100, 108560640, 8
168000000, 45, 55, 10050, 100, 108560640, 15
168000000, 47, 49, 10053, 100, 108560640, 1
168100000, 20, 30, 10053, 100, 108560640, 18
168100000, 20, 30, 10052, 100, 108560640, 16
168100000, 20, 30, 10051, 100, 108560640, 23
168100000, 45, 55, 10057, 100, 108560640, 8
168100000, 45, 55, 10053, 100, 108560640, 12
168100000, 45, 55, 10052, 100, 108560640, 15
168100000, 45, 55, 10050, 100, 108560640, 16
168100000, 47, 49, 10052, 100, 108560640, 2
168200000, 20, 30, 10055, 100, 108560640, 11
168200000, 45, 55, 10054, 100, 108560640, 8
168200000, 45, 55, 10052, 100, 108560640, 16
168200000, 47, 49, 10055, 100, 108560640, 1
168200000, 47, 49, 10053, 100, 108560640, 2
168200000, 47, 49, 10051, 100, 108560640, 1
168300000, 45, 55, 10052, 100, 108560640, 18
168300000, 45, 55, 10050, 100, 108560640, 17
168400000, 20, 30, 10052, 100, 108560640, 17
168400000, 20, 30, 10051, 100, 108560640, 24
168400000, 45, 55, 10057, 100, 108560640, 9
168400000, 45, 55, 10056, 100, 108560640, 8
168400000, 45, 55, 10053, 100, 108560640, 14
168400000, 45, 55, 10052, 100, 108560640, 19
168400000, 45, 55, 10051, 100, 108560640, 12
168400000, 45, 55, 10050, 100, 108560640, 18
168500000, 20, 30, 10054, 100, 108560640, 13
168500000, 20, 30, 10053, 100, 108560640, 19
168500000, 20, 30, 10052, 100, 108560640, 18
168500000, 20, 30, 10051, 100, 108560640, 25
168500000, 45, 55, 10055, 100, 108560640, 8
168500000, 45, 55, 10052, 100, 108560640, 23
168500000, 65, 75, 10051, 100, 108560640, 1
168600000, 20, 30, 10052, 100, 108560640, 19
168600000, 20, 30, 10051, 100, 108560640, 26
168700000, 20, 30, 10055, 100, 108560640, 12
170900000, 127, 1, 10053, 100, 108560640, 1
171000000, 127, 1, 10048, 100, 108560640, 1
171100000, 127, 1, 10051, 100, 108560640, 1
171100000, 127, 1, 10050, 100, 108560640, 1
171100000, 127, 1, 10048, 100, 108560640, 2
171300000, 102, 104, 10056, 100, 108560640, 1
171300000, 102, 104, 10055, 100, 108560640, 1
171400000, 102, 104, 10057, 100, 108560640, 1
171400000, 102, 104, 10052, 100, 108560640, 1
171500000, 102, 104, 10057, 100, 108560640, 2
171500000, 102, 104, 10054, 100, 108560640, 1
171500000, 102, 104, 10050, 100, 108560640, 1
171600000, 73, 83, 10054, 100, 108560640, 1
171600000, 73, 83, 10052, 100, 108560640, 1
171600000, 73, 83, 10051, 100, 108560640, 1
171600000, 102, 104, 10057, 100, 108560640, 3
171600000, 102, 104, 10054, 100, 108560640, 2
171600000, 102, 104, 10050, 100, 108560640, 3
171600000, 102, 104, 10049, 100, 108560640, 1
171700000, 102, 104, 10057, 100, 108560640, 4
171700000, 102, 104, 10051, 100, 108560640, 2
172000000, 102, 104, 10054, 100, 108560640, 3
172000000, 102, 104, 10053, 100, 108560640, 1
172000000, 102, 104, 10052, 100, 108560640, 2
172100000, 102, 104, 10053, 100, 108560640, 2
172200000, 127, 1, 10051, 100, 108560640, 2
172400000, 102, 104, 10057, 100, 108560640, 5
172400000, 127, 1, 10051, 100, 108560640, 3
172400000, 127, 1, 10048, 100, 108560640, 3
172500000, 91, 101, 10052, 100, 108560640, 1
172500000, 91, 101, 10051, 100, 108560640, 1
172500000, 102, 104, 10056, 100, 108560640, 3
172600000, 102, 104, 10055, 100, 108560640, 2
172600000, 102, 104, 10051, 100, 108560640, 3
172700000, 102, 104, 10056, 100, 108560640, 7
172700000, 102, 104, 10053, 100, 108560640, 3
172700000, 102, 104, 10052, 100, 108560640, 3
172700000, 115, 125, 10056, 100, 108560640, 1
172700000, 115, 125, 10053, 100, 108560640, 1
172800000, 91, 101, 10050, 100, 108560640, 1
172800000, 102, 104, 10058, 100, 108560640, 1
172800000, 102, 104, 10051, 100, 108560640, 4
172800000, 115, 125, 10052, 100, 108560640, 1
172900000, 28, 38, 10055, 100, 108560640, 1
172900000, 115, 125, 10056, 100, 108560640, 2
172900000, 115, 125, 10053, 100, 108560640, 2
172900000, 115, 125, 10051, 100, 108560640, 1
173000000, 28, 38, 10056, 100, 108560640, 1
173000000, 47, 49, 10052, 100, 108560640, 4
173000000, 87, 89, 10056, 100, 108560640, 1
173000000, 91, 101, 10047, 100, 108560640, 1
173000000, 95, 97, 10053, 100, 108560640, 3
173000000, 115, 125, 10058, 100, 108560640, 1
173000000, 115, 125, 10055, 100, 108560640, 1
173000000, 115, 125, 10054, 100, 108560640, 2
173000000, 115, 125, 10052, 100, 108560640, 2
173100000, 79, 81, 10055, 100, 108560640, 1
173200000, 28, 38, 10054, 100, 108560640, 1
173200000, 28, 38, 10051, 100, 108560640, 1
173200000, 103, 105, 10055, 100, 108560640, 1
173400000, 47, 49, 10056, 100, 108560640, 1
173500000, 47, 49, 10055, 100, 108560640, 2
173500000, 47, 49, 10054, 100, 108560640, 2
173500000, 102, 104, 10055, 100, 108560640, 3
173500000, 102, 104, 10051, 100, 108560640, 5
173600000, 47, 49, 10057, 100, 108560640, 2
173700000, 47, 49, 10057, 100, 108560640, 3
173700000, 47, 49, 10056, 100, 108560640, 2
173700000, 47, 49, 10055, 100, 108560640, 4
173700000, 47, 49, 10054, 100, 108560640, 4
173700000, 47, 49, 10053, 100, 108560640, 4
173700000, 47, 49, 10051, 100, 108560640, 3
173700000, 102, 104, 10059, 100, 108560640, 1
173700000, 102, 104, 10054, 100, 108560640, 4
173700000, 102, 104, 10053, 100, 108560640, 4
173800000, 47, 49, 10056, 100, 108560640, 3
173800000, 47, 49, 10054, 100, 108560640, 8
173800000, 47, 49, 10053, 100, 108560640, 5
173800000, 47, 49, 10052, 100, 108560640, 6
173800000, 102, 104, 10058, 100, 108560640, 2
173800000, 102, 104, 10053, 100, 108560640, 5
173800000, 102, 104, 10051, 100, 108560640, 7
173900000, 47, 49, 10054, 100, 108560640, 9
173900000, 47, 49, 10053, 100, 108560640, 8
173900000, 102, 104, 10054, 100, 108560640, 6
173900000, 102, 104, 10052, 100, 108560640, 4
174000000, 79, 81, 10055, 100, 108560640, 2
174000000, 95, 97, 10053, 100, 108560640, 4
174000000, 102, 104, 10059, 100, 108560640, 3
174000000, 102, 104, 10057, 100, 108560640, 6
174000000, 102, 104, 10056, 100, 108560640, 10
174000000, 102, 104, 10055, 100, 108560640, 4
174000000, 102, 104, 10054, 100, 108560640, 8
174000000, 102, 104, 10053, 100, 108560640, 6
174100000, 95, 97, 10053, 100, 108560640, 5
174100000, 102, 104, 10058, 100, 108560640, 3
174100000, 102, 104, 10056, 100, 108560640, 11
174100000, 102, 104, 10053, 100, 108560640, 7
174100000, 102, 104, 10052, 100, 108560640, 5
174100000, 102, 104, 10051, 100, 108560640, 8
174100000, 127, 1, 10050, 100, 108560640, 2
174200000, 28, 38, 10053, 100, 108560640, 1
174200000, 47, 49, 10052, 100, 108560640, 7
174200000, 95, 97, 10053, 100, 108560640, 6
174200000, 102, 104, 10059, 100, 108560640, 4
174200000, 102, 104, 10056, 100, 108560640, 12
174200000, 102, 104, 10054, 100, 108560640, 9
174200000, 119, 121, 10050, 100, 108560640, 1
174300000, 28, 38, 10052, 100, 108560640, 1
174300000, 102, 104, 10059, 100, 108560640, 5
174300000, 102, 104, 10058, 100, 108560640, 5
174300000, 102, 104, 10057, 100, 108560640, 7
174300000, 102, 104, 10056, 100, 108560640, 13
174300000, 102, 104, 10055, 100, 108560640, 7
174300000, 102, 104, 10054, 100, 108560640, 10
174300000, 102, 104, 10053, 100, 108560640, 9
174300000, 102, 104, 10052, 100, 108560640, 6
174400000, 102, 104, 10057, 100, 108560640, 10
174400000, 102, 104, 10055, 100, 108560640, 8
174400000, 102, 104, 10054, 100, 108560640, 12
174400000, 102, 104, 10052, 100, 108560640, 7
174500000, 102, 104, 10059, 100, 108560640, 6
174500000, 102, 104, 10058, 100, 108560640, 7
174500000, 102, 104, 10057, 100, 108560640, 11
174500000, 102, 104, 10056, 100, 108560640, 15
174500000, 102, 104, 10055, 100, 108560640, 9
174500000, 102, 104, 10054, 100, 108560640, 16
174500000, 102, 104, 10053, 100, 108560640, 10
174500000, 102, 104, 10052, 100, 108560640, 8
174500000, 115, 125, 10052, 100, 108560640, 3
174600000, 102, 104, 10059, 100, 108560640, 7
174600000, 102, 104, 10058, 100, 108560640, 9
174600000, 102, 104, 10057, 100, 108560640, 12
174600000, 102, 104, 10056, 100, 108560640, 17
174600000, 102, 104, 10055, 100, 108560640, 11
174600000, 102, 104, 10054, 100, 108560640, 17
174600000, 102, 104, 10053, 100, 108560640, 14
174600000, 115, 125, 10056, 100, 108560640, 3
174700000, 102, 104, 10059, 100, 108560640, 8
174700000, 102, 104, 10057, 100, 108560640, 14
174700000, 102, 104, 10055, 100, 108560640, 12
174700000, 102, 104, 10054, 100, 108560640, 20
174700000, 102, 104, 10051, 100, 108560640, 11
174700000, 115, 125, 10058, 100, 108560640, 2
174700000, 115, 125, 10057, 100, 108560640, 1
174700000, 115, 125, 10052, 100, 108560640, 4
174800000, 102, 104, 10058, 100, 108560640, 11
174800000, 102, 104, 10056, 100, 108560640, 19
174800000, 102, 104, 10055, 100, 108560640, 15
174800000, 102, 104, 10054, 100, 108560640, 23
174800000, 102, 104, 10053, 100, 108560640, 16
174800000, 102, 104, 10051, 100, 108560640, 13
174800000, 115, 125, 10051, 100, 108560640, 2
174900000, 53, 63, 10055, 100, 108560640, 1
174900000, 53, 63, 10054, 100, 108560640, 1
174900000, 102, 104, 10058, 100, 108560640, 13
174900000, 102, 104, 10056, 100, 108560640, 21
174900000, 102, 104, 10055, 100, 108560640, 17
174900000, 102, 104, 10053, 100, 108560640, 17
174900000, 102, 104, 10052, 100, 108560640, 10
174900000, 102, 104, 10051, 100, 108560640, 19
174900000, 115, 125, 10056, 100, 108560640, 4
175000000, 102, 104, 10058, 100, 108560640, 14
175000000, 102, 104, 10056, 100, 108560640, 22
175000000, 102, 104, 10055, 100, 108560640, 18
175000000, 102, 104, 10054, 100, 108560640, 24
175000000, 102, 104, 10053, 100, 108560640, 19
175000000, 102, 104, 10052, 100, 108560640, 13
175000000, 102, 104, 10051, 100, 108560640, 22
175000000, 115, 125, 10057, 100, 108560640, 2
175000000, 115, 125, 10052, 100, 108560640, 5
175100000, 102, 104, 10058, 100, 108560640, 16
175100000, 102, 104, 10055, 100, 108560640, 19
175100000, 102, 104, 10054, 100, 108560640, 26
175100000, 102, 104, 10053, 100, 108560640, 20
175100000, 102, 104, 10052, 100, 108560640, 14
175100000, 102, 104, 10051, 100, 108560640, 23
175100000, 115, 125, 10054, 100, 108560640, 3
175200000, 102, 104, 10059, 100, 108560640, 9
175200000, 102, 104, 10058, 100, 108560640, 20
175200000, 102, 104, 10057, 100, 108560640, 15
175200000, 102, 104, 10056, 100, 108560640, 23
175200000, 102, 104, 10055, 100, 108560640, 20
175200000, 102, 104, 10054, 100, 108560640, 27
175200000, 102, 104, 10053, 100, 108560640, 22
175200000, 102, 104, 10052, 100, 108560640, 16
175200000, 102, 104, 10051, 100, 108560640, 24
175200000, 115, 125, 10057, 100, 108560640, 3
175200000, 115, 125, 10054, 100, 108560640, 4
175200000, 115, 125, 10052, 100, 108560640, 6
175300000, 28, 38, 10054, 100, 108560640, 2
175300000, 28, 38, 10051, 100, 108560640, 2
175300000, 102, 104, 10059, 100, 108560640, 11
175300000, 102, 104, 10058, 100, 108560640, 21
175300000, 102, 104, 10057, 100, 108560640, 16
175300000, 102, 104, 10056, 100, 108560640, 25
175300000, 102, 104, 10053, 100, 108560640, 23
175300000, 102, 104, 10052, 100, 108560640, 17
175300000, 102, 104, 10051, 100, 108560640, 25
175400000, 28, 38, 10056, 100, 108560640, 3
175400000, 28, 38, 10051, 100, 108560640, 3
175400000, 102, 104, 10058, 100, 108560640, 23
175400000, 102, 104, 10056, 100, 108560640, 26
175400000, 102, 104, 10055, 100, 108560640, 23
175500000, 28, 38, 10056, 100, 108560640, 4
175500000, 28, 38, 10054, 100, 108560640, 3
175500000, 28, 38, 10053, 100, 108560640, 2
175500000, 28, 38, 10051, 100, 108560640, 4
175500000, 102, 104, 10059, 100, 108560640, 12
175500000, 102, 104, 10058, 100, 108560640, 25
175500000, 102, 104, 10057, 100, 108560640, 18
175500000, 102, 104, 10055, 100, 108560640, 25
175500000, 102, 104, 10053, 100, 108560640, 24
175500000, 102, 104, 10052, 100, 108560640, 18
175600000, 28, 38, 10055, 100, 108560640, 4
175600000, 28, 38, 10052, 100, 108560640, 2
175600000, 28, 38, 10051, 100, 108560640, 5
175600000, 102, 104, 10059, 100, 108560640, 13
175600000, 102, 104, 10058, 100, 108560640, 28
175600000, 102, 104, 10057, 100, 108560640, 19
175600000, 102, 104, 10055, 100, 108560640, 26
175600000, 102, 104, 10053, 100, 108560640, 26
175600000, 102, 104, 10051, 100, 108560640, 26
175700000, 28, 38, 10053, 100, 108560640, 5
175700000, 28, 38, 10051, 100, 108560640, 6
175700000, 102, 104, 10058, 100, 108560640, 29
175700000, 102, 104, 10056, 100, 108560640, 28
175700000, 102, 104, 10055, 100, 108560640, 30
175700000, 102, 104, 10054, 100, 108560640, 28
175700000, 102, 104, 10053, 100, 108560640, 27
175800000, 28, 38, 10056, 100, 108560640, 6
175800000, 28, 38, 10055, 100, 108560640, 5
175800000, 28, 38, 10053, 100, 108560640, 7
175800000, 28, 38, 10052, 100, 108560640, 3
175800000, 28, 38, 10051, 100, 108560640, 7
175800000, 102, 104, 10059, 100, 108560640, 14
175800000, 102, 104, 10058, 100, 108560640, 31
175800000, 102, 104, 10057, 100, 108560640, 21
175800000, 102, 104, 10053, 100, 108560640, 30
175800000, 102, 104, 10052, 100, 108560640, 19
175800000, 102, 104, 10051, 100, 108560640, 27
175900000, 28, 38, 10056, 100, 108560640, 8
175900000, 28, 38, 10054, 100, 108560640, 4
175900000, 28, 38, 10053, 100, 108560640, 9
175900000, 102, 104, 10058, 100, 108560640, 32
175900000, 102, 104, 10056, 100, 108560640, 29
175900000, 102, 104, 10053, 100, 108560640, 31
175900000, 102, 104, 10052, 100, 108560640, 20
176000000, 28, 38, 10056, 100, 108560640, 9
176000000, 28, 38, 10055, 100, 108560640, 6
176000000, 47, 49, 10056, 100, 108560640, 4
176000000, 102, 104, 10059, 100, 108560640, 15
176000000, 102, 104, 10058, 100, 108560640, 33
176000000, 102, 104, 10057, 100, 108560640, 23
176000000, 102, 104, 10056, 100, 108560640, 30
176000000, 102, 104, 10055, 100, 108560640, 31
176000000, 102, 104, 10054, 100, 108560640, 31
176000000, 102, 104, 10053, 100, 108560640, 32
176100000, 28, 38, 10054, 100, 108560640, 5
176100000, 28, 38, 10052, 100, 108560640, 4
176100000, 28, 38, 10051, 100, 108560640, 8
176100000, 102, 104, 10059, 100, 108560640, 16
176100000, 102, 104, 10058, 100, 108560640, 34
176200000, 28, 38, 10056, 100, 108560640, 10
176200000, 28, 38, 10055, 100, 108560640, 8
176200000, 28, 38, 10054, 100, 108560640, 7
176200000, 28, 38, 10053, 100, 108560640, 10
176200000, 28, 38, 10051, 100, 108560640, 9
176200000, 45, 55, 10060, 100, 108560640, 1
176200000, 45, 55, 10059, 100, 108560640, 1
176200000, 45, 55, 10057, 100, 108560640, 11
176200000, 47, 49, 10057, 100, 108560640, 4
176200000, 47, 49, 10053, 100, 108560640, 9
176200000, 52, 62, 10053, 100, 108560640, 1
176200000, 52, 62, 10050, 100, 108560640, 1
176200000, 53, 63, 10056, 100, 108560640, 1
176200000, 102, 104, 10057, 100, 108560640, 25
176200000, 102, 104, 10055, 100, 108560640, 32
176200000, 102, 104, 10054, 100, 108560640, 32
176200000, 102, 104, 10053, 100, 108560640, 34
176200000, 102, 104, 10052, 100, 108560640, 21
176300000, 28, 38, 10056, 100, 108560640, 12
176300000, 28, 38, 10055, 100, 108560640, 10
176300000, 28, 38, 10054, 100, 108560640, 8
176300000, 28, 38, 10052, 100, 108560640, 5
176300000, 47, 49, 10057, 100, 108560640, 5
176300000, 47, 49, 10055, 100, 108560640, 5
176300000, 47, 49, 10053, 100, 108560640, 10
176300000, 102, 104, 10058, 100, 108560640, 35
176300000, 102, 104, 10057, 100, 108560640, 27
176300000, 102, 104, 10056, 100, 108560640, 32
176300000, 102, 104, 10052, 100, 108560640, 22
176400000, 28, 38, 10056, 100, 108560640, 14
176400000, 28, 38, 10054, 100, 108560640, 9
176400000, 28, 38, 10053, 100, 108560640, 11
176400000, 28, 38, 10051, 100, 108560640, 12
176400000, 102, 104, 10058, 100, 108560640, 37
176400000, 102, 104, 10057, 100, 108560640, 28
176400000, 102, 104, 10056, 100, 108560640, 33
176400000, 102, 104, 10052, 100, 108560640, 23
176500000, 28, 38, 10056, 100, 108560640, 15
176500000, 28, 38, 10055, 100, 108560640, 11
176500000, 28, 38, 10054, 100, 108560640, 10
176500000, 28, 38, 10052, 100, 108560640, 6
176500000, 28, 38, 10051, 100, 108560640, 13
176500000, 47, 49, 10055, 100, 108560640, 8
176500000, 102, 104, 10059, 100, 108560640, 17
176500000, 102, 104, 10053, 100, 108560640, 36
176500000, 102, 104, 10052, 100, 108560640, 24
176500000, 102, 104, 10051, 100, 108560640, 28
176600000, 28, 38, 10056, 100, 108560640, 16
176600000, 28, 38, 10055, 100, 108560640, 13
176600000, 28, 38, 10054, 100, 108560640, 11
176600000, 28, 38, 10053, 100, 108560640, 12
176600000, 77, 87, 10058, 100, 108560640, 2
176600000, 77, 87, 10057, 100, 108560640, 1
176600000, 102, 104, 10058, 100, 108560640, 38
176600000, 102, 104, 10057, 100, 108560640, 31
176600000, 102, 104, 10056, 100, 108560640, 34
176600000, 102, 104, 10055, 100, 108560640, 33
176600000, 102, 104, 10052, 100, 108560640, 25
176600000, 102, 104, 10051, 100, 108560640, 31
176700000, 28, 38, 10053, 100, 108560640, 13
176700000, 28, 38, 10051, 100, 108560640, 15
176700000, 47, 49, 10057, 100, 108560640, 6
176700000, 75, 85, 10058, 100, 108560640, 1
176700000, 77, 87, 10059, 100, 108560640, 1
176700000, 77, 87, 10053, 100, 108560640, 1
176700000, 102, 104, 10059, 100, 108560640, 18
176700000, 102, 104, 10057, 100, 108560640, 32
176700000, 102, 104, 10055, 100, 108560640, 34
176700000, 102, 104, 10053, 100, 108560640, 38
176700000, 102, 104, 10052, 100, 108560640, 28
176800000, 28, 38, 10056, 100, 108560640, 17
176800000, 28, 38, 10052, 100, 108560640, 7
176800000, 47, 49, 10055, 100, 108560640, 10
176800000, 47, 49, 10053, 100, 108560640, 11
176800000, 77, 87, 10055, 100, 108560640, 1
176800000, 102, 104, 10059, 100, 108560640, 20
176800000, 102, 104, 10057, 100, 108560640, 33
176800000, 102, 104, 10052, 100, 108560640, 29
176900000, 28, 38, 10055, 100, 108560640, 14
176900000, 28, 38, 10054, 100, 108560640, 12
176900000, 28, 38, 10053, 100, 108560640, 15
176900000, 28, 38, 10051, 100, 108560640, 16
176900000, 47, 49, 10056, 100, 108560640, 5
176900000, 47, 49, 10054, 100, 108560640, 10
176900000, 47, 49, 10053, 100, 108560640, 12
176900000, 75, 85, 10062, 100, 108560640, 1
176900000, 75, 85, 10061, 100, 108560640, 1
176900000, 75, 85, 10057, 100, 108560640, 1
176900000, 75, 85, 10056, 100, 108560640, 1
176900000, 77, 87, 10060, 100, 108560640, 1
176900000, 77, 87, 10054, 100, 108560640, 1
176900000, 102, 104, 10056, 100, 108560640, 35
176900000, 102, 104, 10055, 100, 108560640, 35
176900000, 102, 104, 10054, 100, 108560640, 34
176900000, 102, 104, 10053, 100, 108560640, 39
176900000, 102, 104, 10051, 100, 108560640, 32
177000000, 28, 38, 10054, 100, 108560640, 13
177000000, 47, 49, 10057, 100, 108560640, 7
177000000, 47, 49, 10054, 100, 108560640, 11
177000000, 75, 85, 10062, 100, 108560640, 2
177000000, 75, 85, 10061, 100, 108560640, 2
177000000, 75, 85, 10057, 100, 108560640, 2
177000000, 75, 85, 10055, 100, 108560640, 1
177000000, 77, 87, 10056, 100, 108560640, 1
177000000, 77, 87, 10055, 100, 108560640, 2
177000000, 77, 87, 10052, 100, 108560640, 1
177000000, 102, 104, 10061, 100, 108560640, 2
177000000, 102, 104, 10060, 100, 108560640, 1
177000000, 102, 104, 10056, 100, 108560640, 36
177000000, 102, 104, 10055, 100, 108560640, 36
177000000, 102, 104, 10052, 100, 108560640, 30
177000000, 102, 104, 10051, 100, 108560640, 33
177100000, 28, 38, 10056, 100, 108560640, 18
177100000, 28, 38, 10052, 100, 108560640, 8
177100000, 47, 49, 10057, 100, 108560640, 8
177100000, 47, 49, 10056, 100, 108560640, 6
177100000, 47, 49, 10054, 100, 108560640, 13
177100000, 47, 49, 10053, 100, 108560640, 13
177100000, 75, 85, 10060, 100, 108560640, 1
177100000, 102, 104, 10057, 100, 108560640, 34
177100000, 102, 104, 10056, 100, 108560640, 37
177100000, 102, 104, 10053, 100, 108560640, 40
177100000, 102, 104, 10052, 100, 108560640, 31
177100000, 102, 104, 10051, 100, 108560640, 34
177200000, 28, 38, 10054, 100, 108560640, 14
177200000, 28, 38, 10053, 100, 108560640, 16
177200000, 28, 38, 10052, 100, 108560640, 9
177200000, 47, 49, 10057, 100, 108560640, 9
177200000, 102, 104, 10061, 100, 108560640, 3
177200000, 102, 104, 10060, 100, 108560640, 3
177200000, 102, 104, 10058, 100, 108560640, 39
177200000, 102, 104, 10057, 100, 108560640, 37
177200000, 102, 104, 10054, 100, 108560640, 35
177200000, 102, 104, 10051, 100, 108560640, 35
177300000, 28, 38, 10056, 100, 108560640, 19
177300000, 28, 38, 10055, 100, 108560640, 15
177300000, 53, 63, 10055, 100, 108560640, 2
177300000, 102, 104, 10057, 100, 108560640, 38
177300000, 102, 104, 10055, 100, 108560640, 37
177300000, 102, 104, 10054, 100, 108560640, 38
177300000, 102, 104, 10052, 100, 108560640, 32
177400000, 28, 38, 10055, 100, 108560640, 16
177400000, 28, 38, 10054, 100, 108560640, 15
177400000, 28, 38, 10051, 100, 108560640, 17
177400000, 34, 44, 10053, 100, 108560640, 1
177400000, 34, 44, 10052, 100, 108560640, 1
177400000, 47, 49, 10056, 100, 108560640, 7
177400000, 47, 49, 10053, 100, 108560640, 14
177400000, 53, 63, 10059, 100, 108560640, 1
177400000, 53, 63, 10055, 100, 108560640, 3
177400000, 102, 104, 10060, 100, 108560640, 4
177400000, 102, 104, 10058, 100, 108560640, 41
177400000, 102, 104, 10057, 100, 108560640, 40
177400000, 102, 104, 10052, 100, 108560640, 36
177500000, 28, 38, 10056, 100, 108560640, 20
177500000, 28, 38, 10055, 100, 108560640, 17
177500000, 28, 38, 10052, 100, 108560640, 11
177500000, 47, 49, 10057, 100, 108560640, 11
177500000, 47, 49, 10056, 100, 108560640, 9
177500000, 47, 49, 10054, 100, 108560640, 14
177500000, 102, 104, 10060, 100, 108560640, 5
177500000, 102, 104, 10058, 100, 108560640, 42
177500000, 102, 104, 10056, 100, 108560640, 38
177500000, 102, 104, 10055, 100, 108560640, 39
177500000, 102, 104, 10054, 100, 108560640, 40
177500000, 102, 104, 10053, 100, 108560640, 42
177500000, 102, 104, 10052, 100, 108560640, 38
177500000, 102, 104, 10051, 100, 108560640, 36
177600000, 28, 38, 10056, 100, 108560640, 22
177600000, 28, 38, 10055, 100, 108560640, 18
177600000, 28, 38, 10053, 100, 108560640, 18
177600000, 28, 38, 10051, 100, 108560640, 18
177600000, 53, 63, 10057, 100, 108560640, 1
177600000, 102, 104, 10055, 100, 108560640, 40
177600000, 102, 104, 10054, 100, 108560640, 43
177600000, 102, 104, 10053, 100, 108560640, 43
177600000, 102, 104, 10052, 100, 108560640, 40
177600000, 102, 104, 10051, 100, 108560640, 37
177700000, 12, 22, 10060, 100, 108560640, 2
177700000, 12, 22, 10058, 100, 108560640, 1
177700000, 28, 38, 10056, 100, 108560640, 23
177700000, 28, 38, 10055, 100, 108560640, 19
177700000, 28, 38, 10054, 100, 108560640, 16
177700000, 28, 38, 10052, 100, 108560640, 12
177700000, 47, 49, 10056, 100, 108560640, 10
177700000, 47, 49, 10055, 100, 108560640, 11
177700000, 53, 63, 10057, 100, 108560640, 2
177700000, 77, 87, 10059, 100, 108560640, 2
177700000, 77, 87, 10057, 100, 108560640, 2
177700000, 102, 104, 10060, 100, 108560640, 6
177700000, 102, 104, 10059, 100, 108560640, 22
177700000, 102, 104, 10058, 100, 108560640, 43
177700000, 102, 104, 10056, 100, 108560640, 39
177700000, 102, 104, 10054, 100, 108560640, 44
177700000, 102, 104, 10051, 100, 108560640, 38
177800000, 12, 22, 10057, 100, 108560640, 1
177800000, 12, 22, 10055, 100, 108560640, 1
177800000, 28, 38, 10056, 100, 108560640, 24
177800000, 28, 38, 10053, 100, 108560640, 19
177800000, 28, 38, 10052, 100, 108560640, 13
177800000, 77, 87, 10060, 100, 108560640, 2
177800000, 77, 87, 10056, 100, 108560640, 2
177800000, 77, 87, 10054, 100, 108560640, 2
177800000, 102, 104, 10060, 100, 108560640, 7
177800000, 102, 104, 10059, 100, 108560640, 23
177800000, 102, 104, 10058, 100, 108560640, 44
177800000, 102, 104, 10057, 100, 108560640, 41
177800000, 102, 104, 10056, 100, 108560640, 41
177800000, 102, 104, 10054, 100, 108560640, 47
177800000, 102, 104, 10053, 100, 108560640, 44
177800000, 102, 104, 10051, 100, 108560640, 39
177900000, 12, 22, 10058, 100, 108560640, 2
177900000, 12, 22, 10057, 100, 108560640, 2
177900000, 28, 38, 10059, 100, 108560640, 1
177900000, 28, 38, 10058, 100, 108560640, 1
177900000, 28, 38, 10056, 100, 108560640, 25
177900000, 28, 38, 10055, 100, 108560640, 20
177900000, 28, 38, 10052, 100, 108560640, 14
177900000, 77, 87, 10059, 100, 108560640, 4
177900000, 77, 87, 10058, 100, 108560640, 3
177900000, 77, 87, 10057, 100, 108560640, 3
177900000, 77, 87, 10056, 100, 108560640, 3
177900000, 77, 87, 10055, 100, 108560640, 3
177900000, 102, 104, 10060, 100, 108560640, 8
177900000, 102, 104, 10058, 100, 108560640, 45
177900000, 102, 104, 10057, 100, 108560640, 43
177900000, 102, 104, 10056, 100, 108560640, 43
177900000, 102, 104, 10055, 100, 108560640, 42
177900000, 102, 104, 10054, 100, 108560640, 48
177900000, 102, 104, 10053, 100, 108560640, 47
177900000, 102, 104, 10052, 100, 108560640, 41
178000000, 12, 22, 10056, 100, 108560640, 1
178000000, 28, 38, 10059, 100, 108560640, 2
178000000, 28, 38, 10057, 100, 108560640, 1
178000000, 28, 38, 10054, 100, 108560640, 17
178000000, 73, 83, 10052, 100, 108560640, 2
178000000, 77, 87, 10060, 100, 108560640, 3
178000000, 77, 87, 10058, 100, 108560640, 5
178000000, 77, 87, 10056, 100, 108560640, 6
178000000, 77, 87, 10053, 100, 108560640, 2
178000000, 102, 104, 10060, 100, 108560640, 10
178000000, 102, 104, 10059, 100, 108560640, 24
178000000, 102, 104, 10058, 100, 108560640, 46
178000000, 102, 104, 10055, 100, 108560640, 43
178000000, 102, 104, 10053, 100, 108560640, 49
178000000, 102, 104, 10051, 100, 108560640, 41
178100000, 28, 38, 10056, 100, 108560640, 26
178100000, 53, 63, 10056, 100, 108560640, 2
178100000, 77, 87, 10060, 100, 108560640, 4
178100000, 77, 87, 10059, 100, 108560640, 6
178100000, 77, 87, 10056, 100, 108560640, 7
178100000, 77, 87, 10055, 100, 108560640, 4
178100000, 77, 87, 10054, 100, 108560640, 3
178100000, 102, 104, 10061, 100, 108560640, 4
178100000, 102, 104, 10060, 100, 108560640, 11
178100000, 102, 104, 10059, 100, 108560640, 25
178100000, 102, 104, 10058, 100, 108560640, 48
178100000, 102, 104, 10055, 100, 108560640, 44
178200000, 5, 15, 10056, 100, 108560640, 1
178200000, 73, 83, 10055, 100, 108560640, 1
178200000, 73, 83, 10052, 100, 108560640, 3
178200000, 77, 87, 10059, 100, 108560640, 7
178200000, 77, 87, 10058, 100, 108560640, 6
178200000, 77, 87, 10057, 100, 108560640, 4
178200000, 77, 87, 10056, 100, 108560640, 8
178200000, 77, 87, 10055, 100, 108560640, 5
178200000, 77, 87, 10054, 100, 108560640, 5
178200000, 102, 104, 10061, 100, 108560640, 5
178200000, 102, 104, 10059, 100, 108560640, 26
178200000, 102, 104, 10056, 100, 108560640, 45
178200000, 102, 104, 10054, 100, 108560640, 50
178200000, 102, 104, 10051, 100, 108560640, 42
178300000, 5, 15, 10055, 100, 108560640, 1
178300000, 77, 87, 10060, 100, 108560640, 6
178300000, 77, 87, 10057, 100, 108560640, 6
178300000, 77, 87, 10054, 100, 108560640, 7
178300000, 102, 104, 10061, 100, 108560640, 6
178300000, 102, 104, 10055, 100, 108560640, 47
178400000, 5, 15, 10058, 100, 108560640, 2
178400000, 5, 15, 10054, 100, 108560640, 1
178400000, 5, 15, 10053, 100, 108560640, 1
178400000, 53, 63, 10056, 100, 108560640, 4
178400000, 72, 82, 10053, 100, 108560640, 1
178400000, 72, 82, 10051, 100, 108560640, 3
178400000, 72, 82, 10049, 100, 108560640, 9
178400000, 77, 87, 10059, 100, 108560640, 8
178400000, 77, 87, 10058, 100, 108560640, 7
178400000, 77, 87, 10057, 100, 108560640, 8
178400000, 77, 87, 10054, 100, 108560640, 9
178400000, 77, 87, 10053, 100, 108560640, 3
178400000, 102, 104, 10061, 100, 108560640, 8
178400000, 102, 104, 10057, 100, 108560640, 44
178400000, 102, 104, 10056, 100, 108560640, 48
178400000, 102, 104, 10054, 100, 108560640, 52
178400000, 102, 104, 10053, 100, 108560640, 51
178400000, 102, 104, 10052, 100, 108560640, 43
178400000, 102, 104, 10051, 100, 108560640, 43
178500000, 28, 38, 10059, 100, 108560640, 3
178500000, 53, 63, 10057, 100, 108560640, 3
178500000, 53, 63, 10055, 100, 108560640, 4
178500000, 72, 82, 10056, 100, 108560640, 2
178500000, 77, 87, 10060, 100, 108560640, 9
178500000, 77, 87, 10058, 100, 108560640, 11
178500000, 77, 87, 10057, 100, 108560640, 11
178500000, 102, 104, 10061, 100, 108560640, 9
178500000, 102, 104, 10059, 100, 108560640, 28
178500000, 102, 104, 10058, 100, 108560640, 50
178500000, 102, 104, 10057, 100, 108560640, 46
178500000, 102, 104, 10056, 100, 108560640, 49
178500000, 102, 104, 10055, 100, 108560640, 50
178500000, 102, 104, 10053, 100, 108560640, 52
178500000, 102, 104, 10052, 100, 108560640, 44
178600000, 28, 38, 10058, 100, 108560640, 2
178600000, 53, 63, 10061, 100, 108560640, 2
178600000, 53, 63, 10059, 100, 108560640, 2
178600000, 72, 82, 10057, 100, 108560640, 1
178600000, 72, 82, 10055, 100, 108560640, 1
178600000, 72, 82, 10054, 100, 108560640, 1
178600000, 75, 85, 10057, 100, 108560640, 3
178600000, 77, 87, 10060, 100, 108560640, 10
178600000, 77, 87, 10057, 100, 108560640, 12
178600000, 77, 87, 10055, 100, 108560640, 6
178600000, 77, 87, 10054, 100, 108560640, 10
178600000, 77, 87, 10053, 100, 108560640, 4
178600000, 102, 104, 10061, 100, 108560640, 10
178600000, 102, 104, 10058, 100, 108560640, 53
178600000, 102, 104, 10056, 100, 108560640, 50
178600000, 102, 104, 10055, 100, 108560640, 51
178600000, 102, 104, 10052, 100, 108560640, 46
178700000, 28, 38, 10053, 100, 108560640, 20
178700000, 53, 63, 10060, 100, 108560640, 1
178700000, 53, 63, 10059, 100, 108560640, 3
178700000, 53, 63, 10056, 100, 108560640, 5
178700000, 53, 63, 10055, 100, 108560640, 6
178700000, 72, 82, 10057, 100, 108560640, 2
178700000, 72, 82, 10053, 100, 108560640, 2
178700000, 72, 82, 10052, 100, 108560640, 1
178700000, 72, 82, 10049, 100, 108560640, 10
178700000, 75, 85, 10061, 100, 108560640, 3
178700000, 75, 85, 10060, 100, 108560640, 2
178700000, 77, 87, 10059, 100, 108560640, 10
178700000, 77, 87, 10058, 100, 108560640, 12
178700000, 77, 87, 10055, 100, 108560640, 7
178700000, 77, 87, 10054, 100, 108560640, 12
178700000, 77, 87, 10053, 100, 108560640, 8
178700000, 102, 104, 10061, 100, 108560640, 11
178700000, 102, 104, 10059, 100, 108560640, 30
178700000, 102, 104, 10058, 100, 108560640, 54
178700000, 102, 104, 10053, 100, 108560640, 53
178700000, 102, 104, 10052, 100, 108560640, 49
178700000, 102, 104, 10051, 100, 108560640, 44
178800000, 5, 15, 10054, 100, 108560640, 2
178800000, 53, 63, 10057, 100, 108560640, 4
178800000, 53, 63, 10056, 100, 108560640, 6
178800000, 53, 63, 10054, 100, 108560640, 3
178800000, 72, 82, 10053, 100, 108560640, 3
178800000, 72, 82, 10049, 100, 108560640, 11
178800000, 72, 82, 10048, 100, 108560640, 9
178800000, 75, 85, 10059, 100, 108560640, 1
178800000, 75, 85, 10058, 100, 108560640, 2
178800000, 77, 87, 10059, 100, 108560640, 11
178800000, 77, 87, 10058, 100, 108560640, 13
178800000, 77, 87, 10055, 100, 108560640, 8
178800000, 77, 87, 10053, 100, 108560640, 12
178800000, 102, 104, 10061, 100, 108560640, 12
178800000, 102, 104, 10060, 100, 108560640, 12
178800000, 102, 104, 10059, 100, 108560640, 32
178800000, 102, 104, 10058, 100, 108560640, 55
178800000, 102, 104, 10057, 100, 108560640, 47
178800000, 102, 104, 10055, 100, 108560640, 52
178800000, 102, 104, 10054, 100, 108560640, 53
178900000, 53, 63, 10061, 100, 108560640, 3
178900000, 53, 63, 10060, 100, 108560640, 2
178900000, 53, 63, 10059, 100, 108560640, 5
178900000, 53, 63, 10058, 100, 108560640, 1
178900000, 53, 63, 10054, 100, 108560640, 5
178900000, 72, 82, 10056, 100, 108560640, 4
178900000, 72, 82, 10054, 100, 108560640, 2
178900000, 72, 82, 10052, 100, 108560640, 2
178900000, 72, 82, 10049, 100, 108560640, 13
178900000, 72, 82, 10048, 100, 108560640, 10
178900000, 77, 87, 10060, 100, 108560640, 11
178900000, 77, 87, 10059, 100, 108560640, 13
178900000, 77, 87, 10057, 100, 108560640, 13
178900000, 77, 87, 10055, 100, 108560640, 12
178900000, 77, 87, 10054, 100, 108560640, 14
178900000, 77, 87, 10053, 100, 108560640, 13
178900000, 102, 104, 10061, 100, 108560640, 13
178900000, 102, 104, 10060, 100, 108560640, 13
178900000, 102, 104, 10057, 100, 108560640, 48
178900000, 102, 104, 10053, 100, 108560640, 54
178900000, 102, 104, 10052, 100, 108560640, 52
178900000, 102, 104, 10051, 100, 108560640, 45
179000000, 53, 63, 10056, 100, 108560640, 9
179000000, 53, 63, 10055, 100, 108560640, 8
179000000, 53, 63, 10054, 100, 108560640, 6
179000000, 72, 82, 10057, 100, 108560640, 3
179000000, 72, 82, 10051, 100, 108560640, 4
179000000, 72, 82, 10048, 100, 108560640, 11
179000000, 77, 87, 10060, 100, 108560640, 12
179000000, 77, 87, 10059, 100, 108560640, 14
179000000, 77, 87, 10057, 100, 108560640, 14
179000000, 77, 87, 10056, 100, 108560640, 9
179000000, 77, 87, 10055, 100, 108560640, 13
179000000, 77, 87, 10053, 100, 108560640, 15
179000000, 102, 104, 10061, 100, 108560640, 14
179000000, 102, 104, 10057, 100, 108560640, 49
179000000, 102, 104, 10056, 100, 108560640, 52
179000000, 102, 104, 10053, 100, 108560640, 55
179000000, 102, 104, 10052, 100, 108560640, 54
179100000, 53, 63, 10059, 100, 108560640, 6
179100000, 53, 63, 10058, 100, 108560640, 2
179100000, 53, 63, 10057, 100, 108560640, 6
179100000, 53, 63, 10056, 100, 108560640, 10
179100000, 53, 63, 10055, 100, 108560640, 9
179100000, 72, 82, 10055, 100, 108560640, 2
179100000, 72, 82, 10053, 100, 108560640, 5
179100000, 72, 82, 10051, 100, 108560640, 6
179100000, 72, 82, 10050, 100, 108560640, 2
179100000, 72, 82, 10049, 100, 108560640, 14
179100000, 77, 87, 10059, 100, 108560640, 16
179100000, 77, 87, 10057, 100, 108560640, 16
179100000, 77, 87, 10056, 100, 108560640, 11
179100000, 77, 87, 10054, 100, 108560640, 16
179100000, 102, 104, 10060, 100, 108560640, 15
179100000, 102, 104, 10059, 100, 108560640, 33
179100000, 102, 104, 10058, 100, 108560640, 56
179100000, 102, 104, 10056, 100, 108560640, 54
179100000, 102, 104, 10054, 100, 108560640, 55
179100000, 102, 104, 10053, 100, 108560640, 56
179100000, 102, 104, 10051, 100, 108560640, 48
179200000, 5, 15, 10052, 100, 108560640, 1
179200000, 53, 63, 10060, 100, 108560640, 3
179200000, 53, 63, 10056, 100, 108560640, 11
179200000, 53, 63, 10055, 100, 108560640, 10
179200000, 53, 63, 10054, 100, 108560640, 7
179200000, 72, 82, 10057, 100, 108560640, 4
179200000, 72, 82, 10051, 100, 108560640, 7
179200000, 72, 82, 10049, 100, 108560640, 15
179200000, 77, 87, 10060, 100, 108560640, 13
179200000, 77, 87, 10058, 100, 108560640, 14
179200000, 77, 87, 10057, 100, 108560640, 17
179200000, 77, 87, 10056, 100, 108560640, 12
179200000, 77, 87, 10054, 100, 108560640, 19
179200000, 77, 87, 10053, 100, 108560640, 17
179200000, 102, 104, 10060, 100, 108560640, 16
179200000, 102, 104, 10057, 100, 108560640, 50
179200000, 102, 104, 10055, 100, 108560640, 53
179200000, 102, 104, 10052, 100, 108560640, 55
179200000, 102, 104, 10051, 100, 108560640, 50
179300000, 53, 63, 10061, 100, 108560640, 4
179300000, 53, 63, 10056, 100, 108560640, 12
179300000, 77, 87, 10057, 100, 108560640, 18
179300000, 77, 87, 10056, 100, 108560640, 14
179300000, 77, 87, 10053, 100, 108560640, 18
179300000, 102, 104, 10061, 100, 108560640, 15
179300000, 102, 104, 10059, 100, 108560640, 34
179300000, 102, 104, 10057, 100, 108560640, 51
179300000, 102, 104, 10053, 100, 108560640, 57
179300000, 102, 104, 10052, 100, 108560640, 56
179300000, 102, 104, 10051, 100, 108560640, 52
179400000, 53, 63, 10058, 100, 108560640, 3
179400000, 53, 63, 10057, 100, 108560640, 7
179400000, 53, 63, 10056, 100, 108560640, 14
179400000, 53, 63, 10055, 100, 108560640, 11
179400000, 53, 63, 10054, 100, 108560640, 8
179400000, 77, 87, 10060, 100, 108560640, 14
179400000, 77, 87, 10058, 100, 108560640, 15
179400000, 77, 87, 10057, 100, 108560640, 19
179400000, 77, 87, 10056, 100, 108560640, 15
179400000, 102, 104, 10061, 100, 108560640, 16
179400000, 102, 104, 10060, 100, 108560640, 17
179400000, 102, 104, 10056, 100, 108560640, 58
179400000, 102, 104, 10055, 100, 108560640, 54
179400000, 102, 104, 10054, 100, 108560640, 57
179400000, 102, 104, 10053, 100, 108560640, 58
179500000, 53, 63, 10056, 100, 108560640, 15
179500000, 53, 63, 10055, 100, 108560640, 12
179500000, 53, 63, 10054, 100, 108560640, 12
179500000, 102, 104, 10061, 100, 108560640, 18
179500000, 102, 104, 10057, 100, 108560640, 52
179500000, 102, 104, 10055, 100, 108560640, 55
179500000, 102, 104, 10053, 100, 108560640, 59
179600000, 5, 15, 10055, 100, 108560640, 2
179600000, 5, 15, 10053, 100, 108560640, 2
179600000, 53, 63, 10060, 100, 108560640, 4
179600000, 53, 63, 10058, 100, 108560640, 4
179600000, 53, 63, 10056, 100, 108560640, 16
179600000, 53, 63, 10054, 100, 108560640, 13
179600000, 102, 104, 10058, 100, 108560640, 58
179600000, 102, 104, 10057, 100, 108560640, 53
179600000, 102, 104, 10055, 100, 108560640, 56
179600000, 102, 104, 10054, 100, 108560640, 58
179700000, 5, 15, 10053, 100, 108560640, 3
179700000, 53, 63, 10060, 100, 108560640, 5
179700000, 53, 63, 10059, 100, 108560640, 8
179700000, 53, 63, 10054, 100, 108560640, 15
179700000, 102, 104, 10058, 100, 108560640, 59
179700000, 102, 104, 10057, 100, 108560640, 54
179700000, 102, 104, 10056, 100, 108560640, 59
179700000, 102, 104, 10055, 100, 108560640, 57
179800000, 53, 63, 10057, 100, 108560640, 8
179800000, 53, 63, 10055, 100, 108560640, 13
179800000, 53, 63, 10054, 100, 108560640, 17
179900000, 5, 15, 10057, 100, 108560640, 1
179900000, 5, 15, 10055, 100, 108560640, 4
179900000, 5, 15, 10054, 100, 108560640, 3
179900000, 5, 15, 10053, 100, 108560640, 5
179900000, 5, 15, 10052, 100, 108560640, 2
179900000, 53, 63, 10059, 100, 108560640, 9
179900000, 53, 63, 10054, 100, 108560640, 18
180000000, 5, 15, 10057, 100, 108560640, 2
180000000, 5, 15, 10056, 100, 108560640, 2
180000000, 5, 15, 10055, 100, 108560640, 6
180000000, 5, 15, 10054, 100, 108560640, 4
180000000, 5, 15, 10053, 100, 108560640, 7
180000000, 5, 15, 10052, 100, 108560640, 3
180000000, 53, 63, 10057, 100, 108560640, 9
180000000, 53, 63, 10054, 100, 108560640, 19
180100000, 53, 63, 10060, 100, 108560640, 6
180100000, 53, 63, 10054, 100, 108560640, 21
180200000, 53, 63, 10061, 100, 108560640, 5
180200000, 53, 63, 10057, 100, 108560640, 10
180200000, 53, 63, 10056, 100, 108560640, 18
180200000, 53, 63, 10055, 100, 108560640, 15
180300000, 5, 15, 10056, 100, 108560640, 3
180300000, 5, 15, 10054, 100, 108560640, 5
180300000, 53, 63, 10056, 100, 108560640, 19
180300000, 53, 63, 10054, 100, 108560640, 22
180600000, 53, 63, 10059, 100, 108560640, 10
180600000, 53, 63, 10058, 100, 108560640, 5
180800000, 102, 104, 10053, 100, 108560640, 60
180900000, 53, 63, 10058, 100, 108560640, 6
180900000, 102, 104, 10059, 100, 108560640, 35
181000000, 53, 63, 10058, 100, 108560640, 7
181000000, 53, 63, 10056, 100, 108560640, 20
181000000, 53, 63, 10055, 100, 108560640, 16
181000000, 53, 63, 10054, 100, 108560640, 24
181100000, 53, 63, 10060, 100, 108560640, 7
181100000, 53, 63, 10059, 100, 108560640, 11
181100000, 53, 63, 10058, 100, 108560640, 8
181100000, 53, 63, 10057, 100, 108560640, 12
181100000, 53, 63, 10055, 100, 108560640, 18
181100000, 91, 101, 10056, 100, 108560640, 1
181100000, 91, 101, 10054, 100, 108560640, 1
181100000, 102, 104, 10059, 100, 108560640, 36
181200000, 53, 63, 10054, 100, 108560640, 25
181200000, 91, 101, 10053, 100, 108560640, 1
181200000, 102, 104, 10061, 100, 108560640, 19
181200000, 102, 104, 10058, 100, 108560640, 60
181200000, 102, 104, 10057, 100, 108560640, 57
181300000, 53, 63, 10061, 100, 108560640, 7
181300000, 53, 63, 10059, 100, 108560640, 12
181300000, 53, 63, 10058, 100, 108560640, 9
181300000, 53, 63, 10057, 100, 108560640, 13
181300000, 53, 63, 10055, 100, 108560640, 20
181300000, 53, 63, 10054, 100, 108560640, 27
181300000, 91, 101, 10053, 100, 108560640, 2
181300000, 102, 104, 10059, 100, 108560640, 37
181300000, 102, 104, 10055, 100, 108560640, 58
181300000, 102, 104, 10054, 100, 108560640, 60
181300000, 102, 104, 10053, 100, 108560640, 61
181400000, 5, 15, 10058, 100, 108560640, 3
181400000, 5, 15, 10056, 100, 108560640, 4
181400000, 5, 15, 10055, 100, 108560640, 7
181400000, 53, 63, 10060, 100, 108560640, 9
181400000, 53, 63, 10059, 100, 108560640, 15
181400000, 53, 63, 10054, 100, 108560640, 28
181400000, 91, 101, 10053, 100, 108560640, 3
181400000, 102, 104, 10061, 100, 108560640, 21
181400000, 102, 104, 10060, 100, 108560640, 18
181400000, 102, 104, 10056, 100, 108560640, 60
181400000, 102, 104, 10055, 100, 108560640, 59
181500000, 5, 15, 10055, 100, 108560640, 8
181500000, 5, 15, 10053, 100, 108560640, 8
181500000, 53, 63, 10061, 100, 108560640, 9
181500000, 53, 63, 10060, 100, 108560640, 10
181500000, 53, 63, 10058, 100, 108560640, 11
181500000, 53, 63, 10057, 100, 108560640, 14
181500000, 53, 63, 10056, 100, 108560640, 21
181500000, 53, 63, 10055, 100, 108560640, 21
181500000, 53, 63, 10054, 100, 108560640, 29
181500000, 102, 104, 10057, 100, 108560640, 58
181500000, 102, 104, 10056, 100, 108560640, 62
181500000, 102, 104, 10055, 100, 108560640, 60
181600000, 5, 15, 10057, 100, 108560640, 3
181600000, 5, 15, 10055, 100, 108560640, 9
181600000, 53, 63, 10061, 100, 108560640, 10
181600000, 53, 63, 10060, 100, 108560640, 12
181600000, 53, 63, 10059, 100, 108560640, 17
181600000, 53, 63, 10056, 100, 108560640, 25
181600000, 53, 63, 10055, 100, 108560640, 22
181600000, 102, 104, 10061, 100, 108560640, 23
181600000, 102, 104, 10060, 100, 108560640, 19
181600000, 102, 104, 10058, 100, 108560640, 62
181600000, 102, 104, 10057, 100, 108560640, 59
181600000, 102, 104, 10056, 100, 108560640, 63
181700000, 5, 15, 10058, 100, 108560640, 4
181700000, 5, 15, 10053, 100, 108560640, 9
181700000, 53, 63, 10059, 100, 108560640, 19
181700000, 53, 63, 10058, 100, 108560640, 12
181700000, 53, 63, 10057, 100, 108560640, 17
181700000, 53, 63, 10056, 100, 108560640, 28
181700000, 53, 63, 10055, 100, 108560640, 24
181700000, 53, 63, 10054, 100, 108560640, 30
181700000, 102, 104, 10061, 100, 108560640, 25
181700000, 102, 104, 10060, 100, 108560640, 21
181700000, 102, 104, 10058, 100, 108560640, 64
181700000, 102, 104, 10057, 100, 108560640, 60
181700000, 102, 104, 10056, 100, 108560640, 64
181700000, 102, 104, 10055, 100, 108560640, 63
181800000, 5, 15, 10056, 100, 108560640, 5
181800000, 5, 15, 10055, 100, 108560640, 10
181800000, 53, 63, 10060, 100, 108560640, 13
181800000, 53, 63, 10059, 100, 108560640, 20
181800000, 53, 63, 10058, 100, 108560640, 13
181800000, 53, 63, 10056, 100, 108560640, 29
181800000, 53, 63, 10055, 100, 108560640, 25
181800000, 53, 63, 10054, 100, 108560640, 33
181800000, 102, 104, 10061, 100, 108560640, 26
181800000, 102, 104, 10060, 100, 108560640, 22
181800000, 102, 104, 10058, 100, 108560640, 66
181800000, 102, 104, 10057, 100, 108560640, 61
181800000, 102, 104, 10055, 100, 108560640, 64
181800000, 102, 104, 10054, 100, 108560640, 61
181900000, 5, 15, 10057, 100, 108560640, 4
181900000, 9, 19, 10062, 100, 108560640, 1
181900000, 9, 19, 10061, 100, 108560640, 1
181900000, 53, 63, 10059, 100, 108560640, 21
181900000, 53, 63, 10058, 100, 108560640, 15
181900000, 53, 63, 10057, 100, 108560640, 18
181900000, 53, 63, 10056, 100, 108560640, 30
181900000, 53, 63, 10055, 100, 108560640, 26
181900000, 53, 63, 10054, 100, 108560640, 34
181900000, 102, 104, 10061, 100, 108560640, 28
181900000, 102, 104, 10060, 100, 108560640, 23
181900000, 102, 104, 10059, 100, 108560640, 38
181900000, 102, 104, 10058, 100, 108560640, 67
181900000, 102, 104, 10057, 100, 108560640, 62
181900000, 102, 104, 10055, 100, 108560640, 65
181900000, 102, 104, 10054, 100, 108560640, 62
182000000, 9, 19, 10061, 100, 108560640, 2
182000000, 9, 19, 10060, 100, 108560640, 1
182000000, 9, 19, 10058, 100, 108560640, 1
182000000, 53, 63, 10060, 100, 108560640, 14
182000000, 53, 63, 10059, 100, 108560640, 22
182000000, 53, 63, 10058, 100, 108560640, 17
182000000, 53, 63, 10057, 100, 108560640, 19
182000000, 53, 63, 10056, 100, 108560640, 33
182000000, 53, 63, 10054, 100, 108560640, 36
182000000, 102, 104, 10061, 100, 108560640, 29
182000000, 102, 104, 10059, 100, 108560640, 40
182000000, 102, 104, 10056, 100, 108560640, 65
182000000, 102, 104, 10054, 100, 108560640, 64
182100000, 9, 19, 10057, 100, 108560640, 1
182100000, 9, 19, 10056, 100, 108560640, 1
182100000, 53, 63, 10061, 100, 108560640, 11
182100000, 53, 63, 10056, 100, 108560640, 34
182100000, 53, 63, 10055, 100, 108560640, 28
182100000, 91, 101, 10056, 100, 108560640, 2
182100000, 91, 101, 10055, 100, 108560640, 1
182100000, 102, 104, 10059, 100, 108560640, 41
182100000, 102, 104, 10058, 100, 108560640, 69
182100000, 102, 104, 10055, 100, 108560640, 67
182100000, 102, 104, 10054, 100, 108560640, 65
182200000, 53, 63, 10061, 100, 108560640, 12
182200000, 53, 63, 10060, 100, 108560640, 15
182200000, 53, 63, 10059, 100, 108560640, 23
182200000, 53, 63, 10058, 100, 108560640, 18
182200000, 53, 63, 10056, 100, 108560640, 36
182200000, 53, 63, 10054, 100, 108560640, 38
182200000, 102, 104, 10061, 100, 108560640, 31
182200000, 102, 104, 10059, 100, 108560640, 42
182200000, 102, 104, 10058, 100, 108560640, 70
182200000, 102, 104, 10057, 100, 108560640, 63
182200000, 102, 104, 10054, 100, 108560640, 67
182300000, 53, 63, 10061, 100, 108560640, 13
182300000, 53, 63, 10059, 100, 108560640, 26
182300000, 53, 63, 10058, 100, 108560640, 20
182300000, 53, 63, 10056, 100, 108560640, 37
182300000, 53, 63, 10055, 100, 108560640, 31
182300000, 53, 63, 10054, 100, 108560640, 39
182300000, 91, 101, 10056, 100, 108560640, 3
182300000, 102, 104, 10060, 100, 108560640, 24
182300000, 102, 104, 10059, 100, 108560640, 43
182300000, 102, 104, 10057, 100, 108560640, 64
182300000, 102, 104, 10055, 100, 108560640, 69
182400000, 53, 63, 10060, 100, 108560640, 16
182400000, 53, 63, 10059, 100, 108560640, 27
182400000, 53, 63, 10058, 100, 108560640, 21
182400000, 53, 63, 10054, 100, 108560640, 41
182400000, 91, 101, 10058, 100, 108560640, 1
182400000, 91, 101, 10056, 100, 108560640, 4
182400000, 102, 104, 10060, 100, 108560640, 25
182400000, 102, 104, 10057, 100, 108560640, 65
182500000, 53, 63, 10061, 100, 108560640, 14
182500000, 53, 63, 10060, 100, 108560640, 17
182500000, 53, 63, 10059, 100, 108560640, 30
182500000, 53, 63, 10058, 100, 108560640, 22
182500000, 53, 63, 10057, 100, 108560640, 20
182500000, 53, 63, 10056, 100, 108560640, 38
182500000, 53, 63, 10055, 100, 108560640, 33
182500000, 53, 63, 10054, 100, 108560640, 42
182500000, 102, 104, 10060, 100, 108560640, 26
182500000, 102, 104, 10059, 100, 108560640, 44
182500000, 102, 104, 10058, 100, 108560640, 71
182600000, 53, 63, 10060, 100, 108560640, 18
182600000, 53, 63, 10059, 100, 108560640, 31
182600000, 53, 63, 10057, 100, 108560640, 21
182600000, 53, 63, 10056, 100, 108560640, 40
182600000, 53, 63, 10054, 100, 108560640, 43
182600000, 102, 104, 10061, 100, 108560640, 32
182600000, 102, 104, 10060, 100, 108560640, 27
182600000, 102, 104, 10059, 100, 108560640, 45
182600000, 102, 104, 10058, 100, 108560640, 72
182600000, 102, 104, 10054, 100, 108560640, 68
182700000, 53, 63, 10060, 100, 108560640, 19
182700000, 53, 63, 10058, 100, 108560640, 23
182700000, 53, 63, 10056, 100, 108560640, 41
182700000, 53, 63, 10055, 100, 108560640, 34
182700000, 53, 63, 10054, 100, 108560640, 45
182700000, 60, 70, 10054, 100, 108560640, 1
182700000, 102, 104, 10061, 100, 108560640, 33
182700000, 102, 104, 10059, 100, 108560640, 46
182700000, 102, 104, 10058, 100, 108560640, 73
182700000, 102, 104, 10056, 100, 108560640, 66
182700000, 102, 104, 10055, 100, 108560640, 70
182800000, 53, 63, 10060, 100, 108560640, 20
182800000, 53, 63, 10059, 100, 108560640, 32
182800000, 53, 63, 10058, 100, 108560640, 24
182800000, 53, 63, 10056, 100, 108560640, 42
182800000, 53, 63, 10054, 100, 108560640, 46
182800000, 60, 70, 10056, 100, 108560640, 1
182800000, 60, 70, 10053, 100, 108560640, 1
182800000, 60, 70, 10052, 100, 108560640, 1
182800000, 60, 70, 10051, 100, 108560640, 1
182800000, 102, 104, 10057, 100, 108560640, 67
182800000, 102, 104, 10056, 100, 108560640, 67
182800000, 102, 104, 10054, 100, 108560640, 69
182900000, 53, 63, 10060, 100, 108560640, 21
182900000, 53, 63, 10059, 100, 108560640, 33
182900000, 53, 63, 10058, 100, 108560640, 26
182900000, 53, 63, 10057, 100, 108560640, 22
182900000, 53, 63, 10054, 100, 108560640, 48
182900000, 102, 104, 10058, 100, 108560640, 74
182900000, 102, 104, 10057, 100, 108560640, 68
182900000, 102, 104, 10056, 100, 108560640, 68
183000000, 53, 63, 10061, 100, 108560640, 16
183000000, 53, 63, 10060, 100, 108560640, 22
183000000, 53, 63, 10059, 100, 108560640, 34
183000000, 53, 63, 10055, 100, 108560640, 36
183000000, 53, 63, 10054, 100, 108560640, 50
183000000, 60, 70, 10052, 100, 108560640, 2
183000000, 102, 104, 10060, 100, 108560640, 28
183000000, 102, 104, 10057, 100, 108560640, 69
183000000, 102, 104, 10056, 100, 108560640, 70
183000000, 110, 112, 10054, 100, 108560640, 1
183100000, 53, 63, 10061, 100, 108560640, 17
183100000, 53, 63, 10060, 100, 108560640, 23
183100000, 53, 63, 10058, 100, 108560640, 27
183100000, 53, 63, 10056, 100, 108560640, 43
183100000, 53, 63, 10055, 100, 108560640, 39
183100000, 53, 63, 10054, 100, 108560640, 53
183100000, 60, 70, 10055, 100, 108560640, 1
183100000, 102, 104, 10060, 100, 108560640, 31
183100000, 102, 104, 10059, 100, 108560640, 47
183100000, 102, 104, 10058, 100, 108560640, 76
183100000, 102, 104, 10057, 100, 108560640, 70
183100000, 102, 104, 10055, 100, 108560640, 71
183100000, 102, 104, 10054, 100, 108560640, 70
183100000, 110, 112, 10056, 100, 108560640, 1
183100000, 110, 112, 10053, 100, 108560640, 1
183200000, 9, 19, 10062, 100, 108560640, 2
183200000, 53, 63, 10061, 100, 108560640, 19
183200000, 53, 63, 10060, 100, 108560640, 25
183200000, 53, 63, 10058, 100, 108560640, 29
183200000, 53, 63, 10054, 100, 108560640, 54
183200000, 102, 104, 10060, 100, 108560640, 32
183200000, 102, 104, 10056, 100, 108560640, 71
183300000, 53, 63, 10062, 100, 108560640, 2
183300000, 53, 63, 10061, 100, 108560640, 21
183300000, 53, 63, 10060, 100, 108560640, 26
183300000, 53, 63, 10056, 100, 108560640, 45
183300000, 53, 63, 10055, 100, 108560640, 40
183300000, 53, 63, 10054, 100, 108560640, 55
183300000, 72, 82, 10058, 100, 108560640, 1
183300000, 102, 104, 10057, 100, 108560640, 71
183300000, 102, 104, 10056, 100, 108560640, 72
183300000, 102, 104, 10054, 100, 108560640, 71
183400000, 53, 63, 10062, 100, 108560640, 3
183400000, 53, 63, 10060, 100, 108560640, 27
183400000, 53, 63, 10058, 100, 108560640, 31
183400000, 53, 63, 10056, 100, 108560640, 46
183400000, 53, 63, 10055, 100, 108560640, 41
183400000, 53, 63, 10054, 100, 108560640, 59
183400000, 102, 104, 10055, 100, 108560640, 72
183400000, 102, 104, 10054, 100, 108560640, 72
183500000, 53, 63, 10056, 100, 108560640, 47
183600000, 9, 19, 10056, 100, 108560640, 2
183600000, 72, 82, 10054, 100, 108560640, 3
183700000, 9, 19, 10056, 100, 108560640, 3
183800000, 72, 82, 10059, 100, 108560640, 1
183800000, 72, 82, 10057, 100, 108560640, 5
183900000, 9, 19, 10062, 100, 108560640, 3
184000000, 60, 70, 10054, 100, 108560640, 2
184200000, 60, 70, 10054, 100, 108560640, 3
184200000, 60, 70, 10053, 100, 108560640, 2
185000000, 60, 70, 10053, 100, 108560640, 3
185100000, 60, 70, 10056, 100, 108560640, 2
185100000, 60, 70, 10054, 100, 108560640, 4
185300000, 60, 70, 10058, 100, 108560640, 1
185300000, 60, 70, 10053, 100, 108560640, 4
185400000, 60, 70, 10053, 100, 108560640, 5
185500000, 60, 70, 10057, 100, 108560640, 1
185500000, 60, 70, 10054, 100, 108560640, 5
186000000, 81, 91, 10061, 100, 108560640, 2
186100000, 81, 91, 10060, 100, 108560640, 1
186100000, 81, 91, 10059, 100, 108560640, 1
186100000, 81, 91, 10056, 100, 108560640, 1
186500000, 22, 24, 10056, 100, 108560640, 1
186500000, 22, 24, 10052, 100, 108560640, 1
187400000, 123, 5, 10057, 100, 108560640, 1
187500000, 81, 91, 10060, 100, 108560640, 2
187600000, 22, 24, 10054, 100, 108560640, 1
187600000, 81, 91, 10057, 100, 108560640, 2
187600000, 123, 5, 10060, 100, 108560640, 1
187800000, 123, 5, 10062, 100, 108560640, 1
187800000, 123, 5, 10061, 100, 108560640, 1
187800000, 123, 5, 10059, 100, 108560640, 2
187800000, 123, 5, 10057, 100, 108560640, 2
187900000, 85, 95, 10060, 100, 108560640, 1
187900000, 123, 5, 10061, 100, 108560640, 2
187900000, 123, 5, 10059, 100, 108560640, 3
188000000, 76, 86, 10055, 100, 108560640, 1
188000000, 81, 91, 10059, 100, 108560640, 2
188000000, 123, 5, 10061, 100, 108560640, 4
188000000, 123, 5, 10055, 100, 108560640, 1
188100000, 85, 95, 10060, 100, 108560640, 2
188100000, 85, 95, 10058, 100, 108560640, 1
188100000, 123, 5, 10056, 100, 108560640, 1
188200000, 72, 82, 10057, 100, 108560640, 6
188200000, 72, 82, 10056, 100, 108560640, 5
188200000, 76, 86, 10054, 100, 108560640, 1
188200000, 76, 86, 10053, 100, 108560640, 1
188200000, 81, 91, 10061, 100, 108560640, 3
188200000, 85, 95, 10061, 100, 108560640, 1
188200000, 85, 95, 10058, 100, 108560640, 2
188200000, 85, 95, 10057, 100, 108560640, 2
188200000, 85, 95, 10053, 100, 108560640, 2
188300000, 72, 82, 10056, 100, 108560640, 6
188300000, 81, 91, 10060, 100, 108560640, 3
188300000, 81, 91, 10059, 100, 108560640, 3
188300000, 81, 91, 10056, 100, 108560640, 2
188400000, 72, 82, 10054, 100, 108560640, 4
188400000, 81, 91, 10058, 100, 108560640, 1
188400000, 81, 91, 10057, 100, 108560640, 3
188400000, 85, 95, 10057, 100, 108560640, 3
188400000, 85, 95, 10054, 100, 108560640, 1
188400000, 85, 95, 10055, 100, 108560640, 1
188500000, 48, 58, 10057, 100, 108560640, 1
188500000, 48, 58, 10056, 100, 108560640, 1
188500000, 48, 58, 10055, 100, 108560640, 2
188600000, 48, 58, 10061, 100, 108560640, 1
188600000, 48, 58, 10060, 100, 108560640, 2
188600000, 48, 58, 10059, 100, 108560640, 1
188600000, 48, 58, 10056, 100, 108560640, 2
188600000, 54, 56, 10052, 100, 108560640, 1
188600000, 85, 95, 10061, 100, 108560640, 2
188600000, 85, 95, 10060, 100, 108560640, 3
188600000, 85, 95, 10055, 100, 108560640, 2
188600000, 85, 95, 10056, 100, 108560640, 1
188700000, 72, 82, 10060, 100, 108560640, 1
188700000, 72, 82, 10058, 100, 108560640, 4
188700000, 72, 82, 10057, 100, 108560640, 7
188700000, 85, 95, 10057, 100, 108560640, 5
188700000, 85, 95, 10055, 100, 108560640, 3
188800000, 72, 82, 10054, 100, 108560640, 5
188800000, 85, 95, 10062, 100, 108560640, 1
188800000, 85, 95, 10061, 100, 108560640, 3
188800000, 85, 95, 10059, 100, 108560640, 1
189000000, 42, 52, 10059, 100, 108560640, 2
189000000, 42, 52, 10056, 100, 108560640, 2
189000000, 72, 82, 10053, 100, 108560640, 9
189100000, 42, 52, 10059, 100, 108560640, 3
189100000, 42, 52, 10057, 100, 108560640, 1
189100000, 72, 82, 10062, 100, 108560640, 1
189100000, 72, 82, 10060, 100, 108560640, 2
189100000, 72, 82, 10055, 100, 108560640, 4
189100000, 72, 82, 10054, 100, 108560640, 6
189100000, 123, 5, 10058, 100, 108560640, 1
189200000, 72, 82, 10060, 100, 108560640, 4
189200000, 72, 82, 10054, 100, 108560640, 7
189200000, 72, 82, 10053, 100, 108560640, 10
189200000, 123, 5, 10056, 100, 108560640, 2
189300000, 72, 82, 10057, 100, 108560640, 8
189300000, 72, 82, 10053, 100, 108560640, 11
189400000, 72, 82, 10062, 100, 108560640, 2
189400000, 72, 82, 10061, 100, 108560640, 2
189400000, 72, 82, 10059, 100, 108560640, 2
189400000, 72, 82, 10058, 100, 108560640, 5
189400000, 72, 82, 10057, 100, 108560640, 9
189400000, 72, 82, 10055, 100, 108560640, 8
189400000, 123, 5, 10057, 100, 108560640, 3
189500000, 72, 82, 10060, 100, 108560640, 5
189500000, 72, 82, 10059, 100, 108560640, 3
189500000, 72, 82, 10056, 100, 108560640, 7
189500000, 72, 82, 10055, 100, 108560640, 10
189500000, 72, 82, 10054, 100, 108560640, 8
189500000, 123, 5, 10060, 100, 108560640, 2
189500000, 123, 5, 10057, 100, 108560640, 4
189600000, 55, 57, 10060, 100, 108560640, 1
189600000, 72, 82, 10061, 100, 108560640, 3
189600000, 72, 82, 10058, 100, 108560640, 6
189600000, 72, 82, 10056, 100, 108560640, 8
189600000, 72, 82, 10054, 100, 108560640, 10
189600000, 81, 91, 10061, 100, 108560640, 4
189600000, 123, 5, 10060, 100, 108560640, 3
189600000, 123, 5, 10056, 100, 108560640, 4
189600000, 123, 5, 10055, 100, 108560640, 2
189700000, 55, 57, 10059, 100, 108560640, 1
189700000, 72, 82, 10061, 100, 108560640, 5
189700000, 72, 82, 10059, 100, 108560640, 4
189700000, 72, 82, 10055, 100, 108560640, 12
189700000, 72, 82, 10054, 100, 108560640, 12
189700000, 72, 82, 10053, 100, 108560640, 12
189700000, 123, 5, 10062, 100, 108560640, 2
189700000, 123, 5, 10059, 100, 108560640, 4
189700000, 123, 5, 10058, 100, 108560640, 2
189700000, 123, 5, 10057, 100, 108560640, 5
189800000, 55, 57, 10062, 100, 108560640, 1
189800000, 55, 57, 10061, 100, 108560640, 1
189800000, 55, 57, 10058, 100, 108560640, 1
189800000, 72, 82, 10062, 100, 108560640, 3
189800000, 72, 82, 10061, 100, 108560640, 6
189800000, 72, 82, 10060, 100, 108560640, 6
189800000, 72, 82, 10058, 100, 108560640, 7
189800000, 72, 82, 10057, 100, 108560640, 10
189800000, 72, 82, 10056, 100, 108560640, 9
189800000, 72, 82, 10055, 100, 108560640, 13
189800000, 72, 82, 10054, 100, 108560640, 15
189800000, 85, 95, 10061, 100, 108560640, 4
189800000, 123, 5, 10062, 100, 108560640, 3
189800000, 123, 5, 10061, 100, 108560640, 5
189800000, 123, 5, 10060, 100, 108560640, 4
189900000, 72, 82, 10061, 100, 108560640, 7
189900000, 72, 82, 10060, 100, 108560640, 7
189900000, 72, 82, 10059, 100, 108560640, 8
189900000, 72, 82, 10058, 100, 108560640, 9
189900000, 72, 82, 10054, 100, 108560640, 16
189900000, 81, 91, 10061, 100, 108560640, 5
189900000, 81, 91, 10058, 100, 108560640, 2
189900000, 123, 5, 10062, 100, 108560640, 5
189900000, 123, 5, 10057, 100, 108560640, 6
190000000, 72, 82, 10062, 100, 108560640, 4
190000000, 72, 82, 10059, 100, 108560640, 10
190000000, 72, 82, 10056, 100, 108560640, 10
190000000, 72, 82, 10055, 100, 108560640, 14
190000000, 81, 91, 10059, 100, 108560640, 4
190000000, 81, 91, 10056, 100, 108560640, 3
190000000, 123, 5, 10062, 100, 108560640, 6
190000000, 123, 5, 10061, 100, 108560640, 6
190000000, 123, 5, 10059, 100, 108560640, 6
190000000, 123, 5, 10057, 100, 108560640, 7
190100000, 72, 82, 10062, 100, 108560640, 5
190100000, 72, 82, 10060, 100, 108560640, 8
190100000, 72, 82, 10059, 100, 108560640, 14
190100000, 72, 82, 10058, 100, 108560640, 11
190100000, 81, 91, 10059, 100, 108560640, 5
190100000, 81, 91, 10057, 100, 108560640, 4
190100000, 85, 95, 10060, 100, 108560640, 4
190100000, 85, 95, 10059, 100, 108560640, 2
190100000, 85, 95, 10058, 100, 108560640, 3
190100000, 85, 95, 10053, 100, 108560640, 3
190100000, 85, 95, 10055, 100, 108560640, 4
190100000, 85, 95, 10056, 100, 108560640, 2
190100000, 123, 5, 10062, 100, 108560640, 10
190100000, 123, 5, 10061, 100, 108560640, 8
190100000, 123, 5, 10060, 100, 108560640, 5
190100000, 123, 5, 10059, 100, 108560640, 8
190100000, 123, 5, 10058, 100, 108560640, 3
190100000, 123, 5, 10057, 100, 108560640, 8
190200000, 72, 82, 10059, 100, 108560640, 15
190200000, 72, 82, 10058, 100, 108560640, 12
190200000, 72, 82, 10057, 100, 108560640, 11
190200000, 81, 91, 10060, 100, 108560640, 4
190200000, 85, 95, 10060, 100, 108560640, 5
190200000, 85, 95, 10057, 100, 108560640, 6
190200000, 123, 5, 10062, 100, 108560640, 12
190200000, 123, 5, 10060, 100, 108560640, 6
190200000, 123, 5, 10058, 100, 108560640, 4
190200000, 123, 5, 10057, 100, 108560640, 9
190200000, 123, 5, 10056, 100, 108560640, 7
190300000, 72, 82, 10060, 100, 108560640, 9
190300000, 72, 82, 10059, 100, 108560640, 16
190300000, 72, 82, 10058, 100, 108560640, 15
190300000, 72, 82, 10057, 100, 108560640, 12
190300000, 72, 82, 10056, 100, 108560640, 14
190300000, 81, 91, 10061, 100, 108560640, 6
190300000, 81, 91, 10060, 100, 108560640, 5
190300000, 81, 91, 10059, 100, 108560640, 6
190300000, 85, 95, 10062, 100, 108560640, 2
190300000, 85, 95, 10061, 100, 108560640, 5
190300000, 85, 95, 10060, 100, 108560640, 7
190300000, 85, 95, 10054, 100, 108560640, 3
190300000, 85, 95, 10055, 100, 108560640, 5
190300000, 123, 5, 10062, 100, 108560640, 13
190300000, 123, 5, 10060, 100, 108560640, 9
190300000, 123, 5, 10059, 100, 108560640, 9
190300000, 123, 5, 10057, 100, 108560640, 11
190300000, 123, 5, 10056, 100, 108560640, 8
190400000, 42, 52, 10060, 100, 108560640, 1
190400000, 42, 52, 10055, 100, 108560640, 1
190400000, 81, 91, 10058, 100, 108560640, 3
190400000, 81, 91, 10056, 100, 108560640, 4
190400000, 85, 95, 10062, 100, 108560640, 3
190400000, 85, 95, 10060, 100, 108560640, 8
190400000, 85, 95, 10053, 100, 108560640, 4
190400000, 85, 95, 10054, 100, 108560640, 6
190400000, 85, 95, 10056, 100, 108560640, 4
190400000, 123, 5, 10060, 100, 108560640, 10
190400000, 123, 5, 10059, 100, 108560640, 12
190400000, 123, 5, 10058, 100, 108560640, 5
190400000, 123, 5, 10057, 100, 108560640, 12
190400000, 123, 5, 10056, 100, 108560640, 10
190500000, 72, 82, 10058, 100, 108560640, 16
190500000, 81, 91, 10061, 100, 108560640, 7
190500000, 81, 91, 10059, 100, 108560640, 7
190500000, 81, 91, 10058, 100, 108560640, 4
190500000, 85, 95, 10062, 100, 108560640, 4
190500000, 85, 95, 10061, 100, 108560640, 7
190500000, 85, 95, 10058, 100, 108560640, 4
190500000, 85, 95, 10056, 100, 108560640, 5
190500000, 123, 5, 10061, 100, 108560640, 10
190500000, 123, 5, 10060, 100, 108560640, 12
190500000, 123, 5, 10059, 100, 108560640, 15
190500000, 123, 5, 10056, 100, 108560640, 12
190600000, 72, 82, 10060, 100, 108560640, 10
190600000, 72, 82, 10058, 100, 108560640, 17
190600000, 81, 91, 10060, 100, 108560640, 6
190600000, 81, 91, 10059, 100, 108560640, 9
190600000, 81, 91, 10057, 100, 108560640, 5
190600000, 85, 95, 10062, 100, 108560640, 6
190600000, 85, 95, 10059, 100, 108560640, 3
190600000, 85, 95, 10058, 100, 108560640, 5
190600000, 85, 95, 10057, 100, 108560640, 7
190600000, 85, 95, 10054, 100, 108560640, 8
190600000, 85, 95, 10055, 100, 108560640, 7
190600000, 85, 95, 10056, 100, 108560640, 7
190600000, 123, 5, 10061, 100, 108560640, 11
190600000, 123, 5, 10060, 100, 108560640, 13
190600000, 123, 5, 10059, 100, 108560640, 16
190600000, 123, 5, 10057, 100, 108560640, 14
190700000, 72, 82, 10062, 100, 108560640, 6
190700000, 72, 82, 10060, 100, 108560640, 11
190700000, 72, 82, 10056, 100, 108560640, 15
190700000, 81, 91, 10061, 100, 108560640, 8
190700000, 81, 91, 10056, 100, 108560640, 6
190700000, 85, 95, 10062, 100, 108560640, 8
190700000, 85, 95, 10058, 100, 108560640, 7
190700000, 85, 95, 10054, 100, 108560640, 9
190700000, 85, 95, 10055, 100, 108560640, 8
190700000, 85, 95, 10056, 100, 108560640, 8
190700000, 110, 112, 10060, 100, 108560640, 1
190700000, 110, 112, 10057, 100, 108560640, 1
190700000, 110, 112, 10055, 100, 108560640, 1
190700000, 123, 5, 10059, 100, 108560640, 18
190700000, 123, 5, 10057, 100, 108560640, 15
190800000, 72, 82, 10062, 100, 108560640, 7
190800000, 72, 82, 10060, 100, 108560640, 12
190800000, 72, 82, 10059, 100, 108560640, 17
190800000, 72, 82, 10058, 100, 108560640, 18
190800000, 72, 82, 10057, 100, 108560640, 13
190800000, 85, 95, 10062, 100, 108560640, 10
190800000, 85, 95, 10061, 100, 108560640, 8
190800000, 85, 95, 10053, 100, 108560640, 6
190800000, 85, 95, 10055, 100, 108560640, 10
190800000, 85, 95, 10056, 100, 108560640, 9
190800000, 110, 112, 10059, 100, 108560640, 1
190800000, 110, 112, 10058, 100, 108560640, 1
190800000, 110, 112, 10057, 100, 108560640, 3
190800000, 123, 5, 10062, 100, 108560640, 15
190800000, 123, 5, 10058, 100, 108560640, 6
190800000, 123, 5, 10057, 100, 108560640, 16
190800000, 123, 5, 10056, 100, 108560640, 14
190900000, 13, 23, 10056, 100, 108560640, 1
190900000, 72, 82, 10060, 100, 108560640, 13
190900000, 72, 82, 10059, 100, 108560640, 18
190900000, 72, 82, 10058, 100, 108560640, 19
190900000, 85, 95, 10061, 100, 108560640, 12
190900000, 85, 95, 10059, 100, 108560640, 4
190900000, 85, 95, 10054, 100, 108560640, 10
190900000, 85, 95, 10056, 100, 108560640, 11
190900000, 110, 112, 10062, 100, 108560640, 1
190900000, 110, 112, 10059, 100, 108560640, 2
190900000, 123, 5, 10062, 100, 108560640, 16
190900000, 123, 5, 10059, 100, 108560640, 20
190900000, 123, 5, 10058, 100, 108560640, 8
190900000, 123, 5, 10057, 100, 108560640, 17
190900000, 123, 5, 10056, 100, 108560640, 16
191000000, 13, 23, 10058, 100, 108560640, 1
191000000, 72, 82, 10062, 100, 108560640, 9
191000000, 72, 82, 10058, 100, 108560640, 20
191000000, 72, 82, 10057, 100, 108560640, 15
191000000, 85, 95, 10062, 100, 108560640, 11
191000000, 85, 95, 10061, 100, 108560640, 14
191000000, 85, 95, 10060, 100, 108560640, 10
191000000, 85, 95, 10059, 100, 108560640, 6
191000000, 85, 95, 10057, 100, 108560640, 8
191000000, 85, 95, 10054, 100, 108560640, 13
191000000, 123, 5, 10059, 100, 108560640, 21
191000000, 123, 5, 10056, 100, 108560640, 17
191100000, 72, 82, 10062, 100, 108560640, 10
191100000, 72, 82, 10061, 100, 108560640, 8
191100000, 72, 82, 10059, 100, 108560640, 19
191100000, 72, 82, 10058, 100, 108560640, 21
191100000, 72, 82, 10056, 100, 108560640, 17
191100000, 85, 95, 10062, 100, 108560640, 12
191100000, 85, 95, 10061, 100, 108560640, 15
191100000, 85, 95, 10060, 100, 108560640, 12
191100000, 85, 95, 10059, 100, 108560640, 8
191100000, 85, 95, 10058, 100, 108560640, 8
191100000, 85, 95, 10057, 100, 108560640, 9
191100000, 85, 95, 10053, 100, 108560640, 7
191100000, 85, 95, 10054, 100, 108560640, 14
191100000, 85, 95, 10056, 100, 108560640, 12
191100000, 123, 5, 10062, 100, 108560640, 17
191100000, 123, 5, 10061, 100, 108560640, 12
191100000, 123, 5, 10059, 100, 108560640, 22
191100000, 123, 5, 10058, 100, 108560640, 9
191100000, 123, 5, 10057, 100, 108560640, 19
191100000, 123, 5, 10056, 100, 108560640, 18
191200000, 55, 57, 10058, 100, 108560640, 2
191200000, 72, 82, 10061, 100, 108560640, 10
191200000, 72, 82, 10060, 100, 108560640, 14
191200000, 72, 82, 10059, 100, 108560640, 21
191200000, 72, 82, 10058, 100, 108560640, 22
191200000, 72, 82, 10057, 100, 108560640, 16
191200000, 72, 82, 10056, 100, 108560640, 18
191200000, 85, 95, 10062, 100, 108560640, 13
191200000, 85, 95, 10061, 100, 108560640, 18
191200000, 85, 95, 10059, 100, 108560640, 9
191200000, 85, 95, 10058, 100, 108560640, 10
191200000, 85, 95, 10054, 100, 108560640, 16
191200000, 85, 95, 10056, 100, 108560640, 14
191200000, 123, 5, 10061, 100, 108560640, 13
191200000, 123, 5, 10060, 100, 108560640, 14
191200000, 123, 5, 10058, 100, 108560640, 11
191200000, 123, 5, 10056, 100, 108560640, 19
191300000, 55, 57, 10061, 100, 108560640, 2
191300000, 72, 82, 10060, 100, 108560640, 16
191300000, 72, 82, 10059, 100, 108560640, 22
191300000, 72, 82, 10058, 100, 108560640, 23
191300000, 72, 82, 10057, 100, 108560640, 19
191300000, 72, 82, 10056, 100, 108560640, 19
191300000, 85, 95, 10062, 100, 108560640, 16
191300000, 85, 95, 10061, 100, 108560640, 19
191300000, 85, 95, 10060, 100, 108560640, 13
191300000, 85, 95, 10059, 100, 108560640, 10
191300000, 85, 95, 10058, 100, 108560640, 12
191300000, 85, 95, 10054, 100, 108560640, 17
191300000, 85, 95, 10055, 100, 108560640, 12
191300000, 85, 95, 10056, 100, 108560640, 15
191300000, 123, 5, 10060, 100, 108560640, 15
191300000, 123, 5, 10058, 100, 108560640, 12
191300000, 123, 5, 10056, 100, 108560640, 20
191400000, 55, 57, 10058, 100, 108560640, 3
191400000, 72, 82, 10062, 100, 108560640, 11
191400000, 72, 82, 10060, 100, 108560640, 17
191400000, 72, 82, 10059, 100, 108560640, 24
191400000, 72, 82, 10057, 100, 108560640, 20
191400000, 85, 95, 10058, 100, 108560640, 13
191400000, 85, 95, 10054, 100, 108560640, 20
191400000, 85, 95, 10055, 100, 108560640, 13
191400000, 123, 5, 10062, 100, 108560640, 20
191400000, 123, 5, 10061, 100, 108560640, 15
191400000, 123, 5, 10060, 100, 108560640, 16
191400000, 123, 5, 10059, 100, 108560640, 24
191500000, 55, 57, 10062, 100, 108560640, 3
191500000, 55, 57, 10059, 100, 108560640, 2
191500000, 72, 82, 10061, 100, 108560640, 11
191500000, 72, 82, 10060, 100, 108560640, 18
191500000, 72, 82, 10059, 100, 108560640, 25
191500000, 72, 82, 10058, 100, 108560640, 25
191500000, 85, 95, 10061, 100, 108560640, 20
191500000, 85, 95, 10060, 100, 108560640, 14
191500000, 85, 95, 10059, 100, 108560640, 12
191500000, 85, 95, 10058, 100, 108560640, 14
191500000, 85, 95, 10057, 100, 108560640, 10
191500000, 85, 95, 10054, 100, 108560640, 22
191500000, 123, 5, 10062, 100, 108560640, 22
191500000, 123, 5, 10061, 100, 108560640, 16
191500000, 123, 5, 10060, 100, 108560640, 18
191500000, 123, 5, 10058, 100, 108560640, 13
191500000, 123, 5, 10057, 100, 108560640, 20
191500000, 123, 5, 10056, 100, 108560640, 22
191600000, 55, 57, 10062, 100, 108560640, 4
191600000, 55, 57, 10060, 100, 108560640, 2
191600000, 55, 57, 10057, 100, 108560640, 1
191600000, 72, 82, 10062, 100, 108560640, 12
191600000, 72, 82, 10061, 100, 108560640, 12
191600000, 72, 82, 10060, 100, 108560640, 19
191600000, 72, 82, 10059, 100, 108560640, 26
191600000, 72, 82, 10056, 100, 108560640, 20
191600000, 85, 95, 10061, 100, 108560640, 21
191600000, 85, 95, 10059, 100, 108560640, 14
191600000, 85, 95, 10058, 100, 108560640, 15
191600000, 85, 95, 10057, 100, 108560640, 11
191600000, 85, 95, 10054, 100, 108560640, 23
191600000, 85, 95, 10055, 100, 108560640, 15
191600000, 85, 95, 10056, 100, 108560640, 16
191600000, 123, 5, 10059, 100, 108560640, 25
191600000, 123, 5, 10056, 100, 108560640, 23
191700000, 55, 57, 10062, 100, 108560640, 6
191700000, 55, 57, 10061, 100, 108560640, 3
191700000, 55, 57, 10060, 100, 108560640, 3
191700000, 72, 82, 10061, 100, 108560640, 13
191700000, 72, 82, 10058, 100, 108560640, 26
191700000, 72, 82, 10057, 100, 108560640, 22
191700000, 72, 82, 10056, 100, 108560640, 21
191700000, 85, 95, 10062, 100, 108560640, 17
191700000, 85, 95, 10061, 100, 108560640, 23
191700000, 85, 95, 10058, 100, 108560640, 16
191700000, 85, 95, 10057, 100, 108560640, 13
191700000, 85, 95, 10055, 100, 108560640, 16
191700000, 85, 95, 10056, 100, 108560640, 18
191700000, 123, 5, 10060, 100, 108560640, 19
191700000, 123, 5, 10059, 100, 108560640, 26
191700000, 123, 5, 10057, 100, 108560640, 22
191700000, 123, 5, 10056, 100, 108560640, 24
191800000, 72, 82, 10061, 100, 108560640, 14
191800000, 72, 82, 10059, 100, 108560640, 27
191800000, 72, 82, 10058, 100, 108560640, 27
191800000, 85, 95, 10062, 100, 108560640, 20
191800000, 85, 95, 10061, 100, 108560640, 24
191800000, 85, 95, 10060, 100, 108560640, 16
191800000, 85, 95, 10059, 100, 108560640, 16
191800000, 85, 95, 10057, 100, 108560640, 14
191800000, 85, 95, 10054, 100, 108560640, 25
191800000, 85, 95, 10055, 100, 108560640, 18
191800000, 85, 95, 10056, 100, 108560640, 22
191800000, 123, 5, 10062, 100, 108560640, 23
191800000, 123, 5, 10060, 100, 108560640, 20
191800000, 123, 5, 10058, 100, 108560640, 14
191900000, 55, 57, 10061, 100, 108560640, 4
191900000, 55, 57, 10059, 100, 108560640, 3
191900000, 72, 82, 10060, 100, 108560640, 20
191900000, 72, 82, 10059, 100, 108560640, 32
191900000, 72, 82, 10058, 100, 108560640, 29
191900000, 72, 82, 10056, 100, 108560640, 22
191900000, 85, 95, 10062, 100, 108560640, 22
191900000, 85, 95, 10061, 100, 108560640, 25
191900000, 85, 95, 10060, 100, 108560640, 17
191900000, 85, 95, 10059, 100, 108560640, 17
191900000, 85, 95, 10054, 100, 108560640, 26
191900000, 85, 95, 10055, 100, 108560640, 20
191900000, 85, 95, 10056, 100, 108560640, 24
191900000, 123, 5, 10062, 100, 108560640, 25
191900000, 123, 5, 10060, 100, 108560640, 21
192000000, 55, 57, 10062, 100, 108560640, 7
192000000, 72, 82, 10061, 100, 108560640, 15
192000000, 72, 82, 10059, 100, 108560640, 34
192000000, 72, 82, 10057, 100, 108560640, 24
192000000, 72, 82, 10056, 100, 108560640, 23
192000000, 85, 95, 10062, 100, 108560640, 23
192000000, 85, 95, 10061, 100, 108560640, 28
192000000, 85, 95, 10060, 100, 108560640, 21
192000000, 85, 95, 10059, 100, 108560640, 20
192000000, 85, 95, 10057, 100, 108560640, 15
192000000, 85, 95, 10055, 100, 108560640, 24
192000000, 85, 95, 10056, 100, 108560640, 26
192000000, 123, 5, 10056, 100, 108560640, 25
192100000, 55, 57, 10061, 100, 108560640, 6
192100000, 55, 57, 10059, 100, 108560640, 4
192100000, 72, 82, 10062, 100, 108560640, 14
192100000, 72, 82, 10061, 100, 108560640, 17
192100000, 72, 82, 10060, 100, 108560640, 21
192100000, 72, 82, 10059, 100, 108560640, 35
192100000, 85, 95, 10061, 100, 108560640, 30
192100000, 85, 95, 10060, 100, 108560640, 22
192100000, 85, 95, 10059, 100, 108560640, 24
192100000, 85, 95, 10058, 100, 108560640, 17
192100000, 85, 95, 10057, 100, 108560640, 16
192100000, 85, 95, 10055, 100, 108560640, 26
192100000, 85, 95, 10056, 100, 108560640, 27
192100000, 110, 112, 10059, 100, 108560640, 3
192100000, 110, 112, 10057, 100, 108560640, 4
192100000, 123, 5, 10060, 100, 108560640, 22
192200000, 55, 57, 10062, 100, 108560640, 8
192200000, 55, 57, 10059, 100, 108560640, 5
192200000, 72, 82, 10061, 100, 108560640, 18
192200000, 72, 82, 10060, 100, 108560640, 22
192200000, 72, 82, 10057, 100, 108560640, 25
192200000, 72, 82, 10056, 100, 108560640, 24
192200000, 85, 95, 10062, 100, 108560640, 24
192200000, 85, 95, 10060, 100, 108560640, 24
192200000, 85, 95, 10059, 100, 108560640, 26
192200000, 85, 95, 10058, 100, 108560640, 18
192200000, 85, 95, 10057, 100, 108560640, 17
192200000, 85, 95, 10054, 100, 108560640, 27
192200000, 85, 95, 10055, 100, 108560640, 30
192200000, 110, 112, 10060, 100, 108560640, 3
192200000, 110, 112, 10058, 100, 108560640, 2
192200000, 123, 5, 10061, 100, 108560640, 17
192200000, 123, 5, 10058, 100, 108560640, 15
192300000, 55, 57, 10062, 100, 108560640, 9
192300000, 55, 57, 10060, 100, 108560640, 4
192300000, 55, 57, 10059, 100, 108560640, 6
192300000, 72, 82, 10058, 100, 108560640, 30
192300000, 85, 95, 10062, 100, 108560640, 28
192300000, 85, 95, 10061, 100, 108560640, 31
192300000, 85, 95, 10060, 100, 108560640, 27
192300000, 85, 95, 10057, 100, 108560640, 21
192300000, 85, 95, 10054, 100, 108560640, 29
192300000, 85, 95, 10055, 100, 108560640, 34
192300000, 85, 95, 10056, 100, 108560640, 30
192300000, 110, 112, 10062, 100, 108560640, 2
192300000, 110, 112, 10061, 100, 108560640, 1
192300000, 110, 112, 10060, 100, 108560640, 5
192300000, 110, 112, 10057, 100, 108560640, 5
192300000, 123, 5, 10060, 100, 108560640, 23
192400000, 55, 57, 10062, 100, 108560640, 10
192400000, 72, 82, 10058, 100, 108560640, 31
192400000, 72, 82, 10056, 100, 108560640, 25
192400000, 85, 95, 10062, 100, 108560640, 29
192400000, 85, 95, 10061, 100, 108560640, 32
192400000, 85, 95, 10060, 100, 108560640, 29
192400000, 85, 95, 10058, 100, 108560640, 19
192400000, 85, 95, 10057, 100, 108560640, 22
192400000, 85, 95, 10054, 100, 108560640, 31
192400000, 85, 95, 10056, 100, 108560640, 31
192500000, 55, 57, 10061, 100, 108560640, 7
192500000, 55, 57, 10060, 100, 108560640, 5
192500000, 55, 57, 10059, 100, 108560640, 7
192500000, 72, 82, 10060, 100, 108560640, 23
192500000, 72, 82, 10058, 100, 108560640, 32
192500000, 72, 82, 10057, 100, 108560640, 26
192500000, 85, 95, 10062, 100, 108560640, 30
192500000, 85, 95, 10058, 100, 108560640, 22
192500000, 85, 95, 10055, 100, 108560640, 35
192500000, 85, 95, 10056, 100, 108560640, 32
192600000, 55, 57, 10061, 100, 108560640, 9
192600000, 55, 57, 10057, 100, 108560640, 3
192600000, 72, 82, 10060, 100, 108560640, 25
192600000, 72, 82, 10056, 100, 108560640, 26
192600000, 85, 95, 10062, 100, 108560640, 34
192600000, 85, 95, 10061, 100, 108560640, 33
192600000, 85, 95, 10060, 100, 108560640, 30
192600000, 85, 95, 10059, 100, 108560640, 28
192600000, 85, 95, 10058, 100, 108560640, 25
192600000, 85, 95, 10054, 100, 108560640, 33
192600000, 85, 95, 10055, 100, 108560640, 36
192600000, 85, 95, 10056, 100, 108560640, 38
192700000, 55, 57, 10062, 100, 108560640, 12
192700000, 55, 57, 10061, 100, 108560640, 10
192700000, 55, 57, 10060, 100, 108560640, 6
192700000, 55, 57, 10058, 100, 108560640, 5
192700000, 72, 82, 10059, 100, 108560640, 36
192700000, 85, 95, 10062, 100, 108560640, 36
192700000, 85, 95, 10061, 100, 108560640, 35
192700000, 85, 95, 10060, 100, 108560640, 31
192700000, 85, 95, 10058, 100, 108560640, 28
192700000, 85, 95, 10057, 100, 108560640, 23
192700000, 85, 95, 10054, 100, 108560640, 35
192700000, 85, 95, 10056, 100, 108560640, 41
192800000, 55, 57, 10060, 100, 108560640, 8
192800000, 55, 57, 10059, 100, 108560640, 8
192800000, 72, 82, 10061, 100, 108560640, 19
192800000, 72, 82, 10058, 100, 108560640, 33
192800000, 85, 95, 10062, 100, 108560640, 38
192800000, 85, 95, 10061, 100, 108560640, 36
192800000, 85, 95, 10060, 100, 108560640, 32
192800000, 85, 95, 10059, 100, 108560640, 29
192800000, 85, 95, 10058, 100, 108560640, 30
192800000, 85, 95, 10057, 100, 108560640, 24
192800000, 85, 95, 10055, 100, 108560640, 37
192900000, 55, 57, 10062, 100, 108560640, 13
192900000, 85, 95, 10060, 100, 108560640, 33
192900000, 85, 95, 10058, 100, 108560640, 31
192900000, 85, 95, 10057, 100, 108560640, 25
193000000, 55, 57, 10062, 100, 108560640, 14
193000000, 55, 57, 10061, 100, 108560640, 11
193000000, 55, 57, 10059, 100, 108560640, 9
193000000, 55, 57, 10058, 100, 108560640, 6
193000000, 55, 57, 10057, 100, 108560640, 4
193000000, 85, 95, 10061, 100, 108560640, 37
193000000, 85, 95, 10056, 100, 108560640, 42
193100000, 55, 57, 10061, 100, 108560640, 13
193100000, 55, 57, 10059, 100, 108560640, 11
193100000, 85, 95, 10061, 100, 108560640, 39
193100000, 85, 95, 10059, 100, 108560640, 30
193200000, 55, 57, 10060, 100, 108560640, 11
193200000, 55, 57, 10058, 100, 108560640, 7
193200000, 85, 95, 10062, 100, 108560640, 39
193300000, 55, 57, 10062, 100, 108560640, 16
193300000, 55, 57, 10060, 100, 108560640, 13
193300000, 85, 95, 10062, 100, 108560640, 40
193300000, 85, 95, 10060, 100, 108560640, 34
193300000, 85, 95, 10058, 100, 108560640, 32
193300000, 85, 95, 10057, 100, 108560640, 27
193300000, 85, 95, 10056, 100, 108560640, 43
193400000, 55, 57, 10062, 100, 108560640, 17
193400000, 55, 57, 10059, 100, 108560640, 12
193400000, 85, 95, 10062, 100, 108560640, 41
193500000, 13, 23, 10057, 100, 108560640, 1
193500000, 55, 57, 10062, 100, 108560640, 18
193500000, 55, 57, 10058, 100, 108560640, 8
193500000, 55, 57, 10057, 100, 108560640, 5
193600000, 13, 23, 10060, 100, 108560640, 1
193600000, 55, 57, 10061, 100, 108560640, 14
193700000, 13, 23, 10062, 100, 108560640, 1
193700000, 13, 23, 10060, 100, 108560640, 3
193700000, 13, 23, 10058, 100, 108560640, 3
193700000, 13, 23, 10057, 100, 108560640, 2
193800000, 13, 23, 10059, 100, 108560640, 1
193800000, 13, 23, 10058, 100, 108560640, 4
193800000, 13, 23, 10056, 100, 108560640, 2
193900000, 13, 23, 10062, 100, 108560640, 2
193900000, 13, 23, 10056, 100, 108560640, 4
194300000, 13, 23, 10061, 100, 108560640, 1
194300000, 13, 23, 10056, 100, 108560640, 5
195100000, 13, 23, 10057, 100, 108560640, 3
195100000, 85, 95, 10061, 100, 108560640, 40
195200000, 13, 23, 10059, 100, 108560640, 2
195200000, 13, 23, 10058, 100, 108560640, 6
195200000, 107, 117, 10055, 100, 108560640, 1
195200000, 110, 112, 10058, 100, 108560640, 3
195300000, 13, 23, 10058, 100, 108560640, 7
195300000, 13, 23, 10057, 100, 108560640, 4
195300000, 13, 23, 10056, 100, 108560640, 6
195300000, 85, 95, 10059, 100, 108560640, 31
195300000, 85, 95, 10056, 100, 108560640, 44
195300000, 107, 117, 10059, 100, 108560640, 1
195300000, 107, 117, 10057, 100, 108560640, 1
195400000, 13, 23, 10062, 100, 108560640, 3
195400000, 13, 23, 10061, 100, 108560640, 2
195400000, 13, 23, 10056, 100, 108560640, 7
195400000, 85, 95, 10057, 100, 108560640, 28
195400000, 85, 95, 10056, 100, 108560640, 45
195400000, 107, 117, 10060, 100, 108560640, 1
195500000, 13, 23, 10062, 100, 108560640, 5
195500000, 13, 23, 10061, 100, 108560640, 3
195500000, 13, 23, 10058, 100, 108560640, 8
195500000, 13, 23, 10056, 100, 108560640, 8
195600000, 13, 23, 10062, 100, 108560640, 6
195600000, 13, 23, 10061, 100, 108560640, 4
195600000, 13, 23, 10057, 100, 108560640, 7
195700000, 13, 23, 10061, 100, 108560640, 6
195700000, 13, 23, 10060, 100, 108560640, 4
195700000, 13, 23, 10057, 100, 108560640, 8
195700000, 85, 95, 10060, 100, 108560640, 35
195700000, 85, 95, 10058, 100, 108560640, 33
195800000, 13, 23, 10062, 100, 108560640, 7
195800000, 13, 23, 10060, 100, 108560640, 5
195800000, 13, 23, 10059, 100, 108560640, 3
195800000, 13, 23, 10057, 100, 108560640, 9
195800000, 13, 23, 10056, 100, 108560640, 10
195800000, 85, 95, 10062, 100, 108560640, 42
195800000, 85, 95, 10061, 100, 108560640, 41
195800000, 85, 95, 10058, 100, 108560640, 34
195900000, 13, 23, 10062, 100, 108560640, 8
195900000, 13, 23, 10060, 100, 108560640, 6
196000000, 13, 23, 10059, 100, 108560640, 4
196000000, 13, 23, 10058, 100, 108560640, 9
196100000, 13, 23, 10061, 100, 108560640, 7
196100000, 13, 23, 10060, 100, 108560640, 7
196100000, 85, 95, 10057, 100, 108560640, 31
196200000, 13, 23, 10061, 100, 108560640, 8
196200000, 13, 23, 10058, 100, 108560640, 10
196200000, 72, 82, 10058, 100, 108560640, 34
196200000, 84, 94, 10056, 100, 108560640, 1
196200000, 84, 94, 10047, 100, 108560640, 1
196200000, 85, 95, 10060, 100, 108560640, 36
196300000, 13, 23, 10060, 100, 108560640, 8
196300000, 84, 94, 10053, 100, 108560640, 1
196300000, 84, 94, 10051, 100, 108560640, 1
196300000, 85, 95, 10058, 100, 108560640, 35
196400000, 42, 52, 10060, 100, 108560640, 2
196400000, 84, 94, 10056, 100, 108560640, 2
196400000, 84, 94, 10052, 100, 108560640, 1
196400000, 84, 94, 10051, 100, 108560640, 2
196400000, 85, 95, 10062, 100, 108560640, 43
196400000, 85, 95, 10061, 100, 108560640, 42
196400000, 85, 95, 10059, 100, 108560640, 32
196500000, 13, 23, 10057, 100, 108560640, 10
196500000, 42, 52, 10061, 100, 108560640, 1
196500000, 42, 52, 10059, 100, 108560640, 4
196500000, 42, 52, 10058, 100, 108560640, 1
196500000, 85, 95, 10058, 100, 108560640, 36
196500000, 85, 95, 10057, 100, 108560640, 32
196500000, 85, 95, 10056, 100, 108560640, 47
196600000, 13, 23, 10062, 100, 108560640, 10
196600000, 85, 95, 10057, 100, 108560640, 33
196600000, 85, 95, 10056, 100, 108560640, 48
196600000, 107, 117, 10056, 100, 108560640, 1
196600000, 107, 117, 10055, 100, 108560640, 2
196700000, 13, 23, 10060, 100, 108560640, 9
196700000, 80, 90, 10060, 100, 108560640, 1
196700000, 80, 90, 10058, 100, 108560640, 1
196700000, 85, 95, 10060, 100, 108560640, 37
196700000, 107, 117, 10058, 100, 108560640, 1
196700000, 107, 117, 10057, 100, 108560640, 2
196700000, 107, 117, 10056, 100, 108560640, 2
196800000, 13, 23, 10060, 100, 108560640, 10
196800000, 13, 23, 10058, 100, 108560640, 11
196800000, 80, 90, 10061, 100, 108560640, 1
196800000, 80, 90, 10056, 100, 108560640, 3
196800000, 80, 90, 10054, 100, 108560640, 1
196800000, 85, 95, 10060, 100, 108560640, 38
196900000, 13, 23, 10062, 100, 108560640, 11
196900000, 13, 23, 10061, 100, 108560640, 10
196900000, 13, 23, 10060, 100, 108560640, 11
196900000, 13, 23, 10059, 100, 108560640, 5
196900000, 80, 90, 10061, 100, 108560640, 2
196900000, 80, 90, 10059, 100, 108560640, 1
196900000, 80, 90, 10055, 100, 108560640, 1
196900000, 85, 95, 10062, 100, 108560640, 44
196900000, 85, 95, 10060, 100, 108560640, 39
196900000, 85, 95, 10056, 100, 108560640, 49
197000000, 13, 23, 10061, 100, 108560640, 11
197000000, 13, 23, 10058, 100, 108560640, 13
197100000, 13, 23, 10062, 100, 108560640, 12
197100000, 13, 23, 10058, 100, 108560640, 14
197100000, 85, 95, 10059, 100, 108560640, 33
197200000, 13, 23, 10059, 100, 108560640, 6
197200000, 13, 23, 10057, 100, 108560640, 11
197300000, 13, 23, 10062, 100, 108560640, 13
197400000, 13, 23, 10058, 100, 108560640, 15
197400000, 13, 23, 10057, 100, 108560640, 12
197500000, 13, 23, 10060, 100, 108560640, 12
197500000, 13, 23, 10057, 100, 108560640, 14
197600000, 13, 23, 10059, 100, 108560640, 7
197700000, 13, 23, 10061, 100, 108560640, 12
197700000, 13, 23, 10060, 100, 108560640, 13
197700000, 13, 23, 10057, 100, 108560640, 15
197800000, 13, 23, 10058, 100, 108560640, 16
197900000, 80, 90, 10060, 100, 108560640, 2
197900000, 80, 90, 10055, 100, 108560640, 2
198000000, 80, 90, 10061, 100, 108560640, 3
198000000, 80, 90, 10060, 100, 108560640, 4
198000000, 88, 98, 10057, 100, 108560640, 1
198100000, 80, 90, 10060, 100, 108560640, 5
198100000, 80, 90, 10058, 100, 108560640, 3
198100000, 88, 98, 10055, 100, 108560640, 1
198100000, 88, 98, 10054, 100, 108560640, 1
198100000, 88, 98, 10053, 100, 108560640, 1
198200000, 80, 90, 10062, 100, 108560640, 1
198200000, 80, 90, 10061, 100, 108560640, 4
198200000, 80, 90, 10058, 100, 108560640, 4
198200000, 80, 90, 10055, 100, 108560640, 3
198300000, 80, 90, 10062, 100, 108560640, 2
198300000, 80, 90, 10061, 100, 108560640, 5
198300000, 80, 90, 10060, 100, 108560640, 6
198300000, 80, 90, 10059, 100, 108560640, 2
198300000, 80, 90, 10058, 100, 108560640, 6
198300000, 80, 90, 10056, 100, 108560640, 5
198300000, 80, 90, 10055, 100, 108560640, 4
198300000, 80, 90, 10054, 100, 108560640, 2
198400000, 80, 90, 10062, 100, 108560640, 3
198400000, 80, 90, 10058, 100, 108560640, 7
198400000, 80, 90, 10056, 100, 108560640, 6
198400000, 80, 90, 10054, 100, 108560640, 5
198500000, 80, 90, 10061, 100, 108560640, 6
198500000, 80, 90, 10060, 100, 108560640, 7
198500000, 80, 90, 10057, 100, 108560640, 2
198500000, 80, 90, 10055, 100, 108560640, 5
198600000, 80, 90, 10059, 100, 108560640, 3
198600000, 80, 90, 10058, 100, 108560640, 8
198600000, 80, 90, 10056, 100, 108560640, 7
198600000, 80, 90, 10055, 100, 108560640, 7
198700000, 80, 90, 10059, 100, 108560640, 4
198700000, 80, 90, 10056, 100, 108560640, 10
198700000, 80, 90, 10054, 100, 108560640, 7
198800000, 80, 90, 10062, 100, 108560640, 4
198800000, 80, 90, 10059, 100, 108560640, 7
198800000, 80, 90, 10058, 100, 108560640, 10
198800000, 80, 90, 10056, 100, 108560640, 11
198800000, 80, 90, 10054, 100, 108560640, 9
198900000, 80, 90, 10062, 100, 108560640, 5
198900000, 80, 90, 10061, 100, 108560640, 8
198900000, 80, 90, 10060, 100, 108560640, 8
198900000, 80, 90, 10059, 100, 108560640, 8
198900000, 80, 90, 10057, 100, 108560640, 6
198900000, 80, 90, 10056, 100, 108560640, 12
198900000, 80, 90, 10055, 100, 108560640, 9
198900000, 80, 90, 10054, 100, 108560640, 12
199000000, 80, 90, 10062, 100, 108560640, 6
199000000, 80, 90, 10061, 100, 108560640, 10
199000000, 80, 90, 10060, 100, 108560640, 10
199000000, 80, 90, 10059, 100, 108560640, 9
199000000, 80, 90, 10056, 100, 108560640, 14
199000000, 80, 90, 10055, 100, 108560640, 10
199100000, 80, 90, 10061, 100, 108560640, 12
199100000, 80, 90, 10060, 100, 108560640, 11
199100000, 80, 90, 10057, 100, 108560640, 7
199100000, 80, 90, 10056, 100, 108560640, 15
199200000, 80, 90, 10058, 100, 108560640, 13
199200000, 80, 90, 10057, 100, 108560640, 8
199200000, 80, 90, 10056, 100, 108560640, 17
199200000, 80, 90, 10054, 100, 108560640, 14
199300000, 80, 90, 10061, 100, 108560640, 14
199300000, 80, 90, 10060, 100, 108560640, 13
199300000, 80, 90, 10058, 100, 108560640, 14
199300000, 80, 90, 10057, 100, 108560640, 9
199300000, 80, 90, 10056, 100, 108560640, 18
199300000, 80, 90, 10054, 100, 108560640, 15
199400000, 54, 56, 10061, 100, 108560640, 2
199400000, 54, 56, 10059, 100, 108560640, 1
199400000, 80, 90, 10061, 100, 108560640, 15
199400000, 80, 90, 10059, 100, 108560640, 11
199400000, 80, 90, 10058, 100, 108560640, 15
199400000, 80, 90, 10057, 100, 108560640, 10
199400000, 80, 90, 10056, 100, 108560640, 19
199400000, 80, 90, 10055, 100, 108560640, 11
199400000, 80, 90, 10054, 100, 108560640, 16
199500000, 54, 56, 10058, 100, 108560640, 1
199500000, 54, 56, 10057, 100, 108560640, 1
199500000, 80, 90, 10061, 100, 108560640, 18
199500000, 80, 90, 10059, 100, 108560640, 12
199500000, 80, 90, 10057, 100, 108560640, 11
199500000, 80, 90, 10056, 100, 108560640, 20
199500000, 80, 90, 10055, 100, 108560640, 12
199600000, 80, 90, 10062, 100, 108560640, 7
199600000, 80, 90, 10061, 100, 108560640, 19
199600000, 80, 90, 10059, 100, 108560640, 13
199600000, 80, 90, 10058, 100, 108560640, 16
199600000, 80, 90, 10056, 100, 108560640, 23
199600000, 80, 90, 10055, 100, 108560640, 14
199700000, 80, 90, 10060, 100, 108560640, 14
199700000, 80, 90, 10059, 100, 108560640, 16
199700000, 80, 90, 10058, 100, 108560640, 17
199700000, 80, 90, 10056, 100, 108560640, 24
199700000, 80, 90, 10055, 100, 108560640, 15
199700000, 80, 90, 10054, 100, 108560640, 17
199800000, 80, 90, 10062, 100, 108560640, 8
199800000, 80, 90, 10061, 100, 108560640, 21
199800000, 80, 90, 10060, 100, 108560640, 15
199800000, 80, 90, 10059, 100, 108560640, 20
199800000, 80, 90, 10056, 100, 108560640, 25
199800000, 80, 90, 10055, 100, 108560640, 16
199800000, 80, 90, 10054, 100, 108560640, 18
199900000, 80, 90, 10060, 100, 108560640, 16
199900000, 80, 90, 10059, 100, 108560640, 21
199900000, 80, 90, 10057, 100, 108560640, 12
199900000, 80, 90, 10056, 100, 108560640, 26
200000000, 80, 90, 10061, 100, 108560640, 22
200000000, 80, 90, 10060, 100, 108560640, 18
200000000, 80, 90, 10056, 100, 108560640, 27
200000000, 80, 90, 10054, 100, 108560640, 19
200100000, 80, 90, 10061, 100, 108560640, 23
200100000, 80, 90, 10060, 100, 108560640, 20
200100000, 80, 90, 10059, 100, 108560640, 22
200100000, 80, 90, 10056, 100, 108560640, 28
200100000, 80, 90, 10055, 100, 108560640, 18
200100000, 80, 90, 10054, 100, 108560640, 20
200200000, 80, 90, 10060, 100, 108560640, 21
200200000, 80, 90, 10056, 100, 108560640, 29
200200000, 80, 90, 10055, 100, 108560640, 19
200300000, 80, 90, 10058, 100, 108560640, 18
200300000, 80, 90, 10055, 100, 108560640, 20
200300000, 80, 90, 10054, 100, 108560640, 21
200300000, 88, 98, 10057, 100, 108560640, 2
200300000, 88, 98, 10054, 100, 108560640, 2
200400000, 80, 90, 10062, 100, 108560640, 10
200400000, 80, 90, 10056, 100, 108560640, 30
200400000, 80, 90, 10055, 100, 108560640, 21
200400000, 80, 90, 10054, 100, 108560640, 23
200500000, 80, 90, 10061, 100, 108560640, 24
200500000, 80, 90, 10059, 100, 108560640, 23
200500000, 80, 90, 10058, 100, 108560640, 20
200500000, 80, 90, 10057, 100, 108560640, 14
200500000, 80, 90, 10056, 100, 108560640, 32
200600000, 80, 90, 10059, 100, 108560640, 24
200600000, 80, 90, 10055, 100, 108560640, 22
200600000, 80, 90, 10054, 100, 108560640, 24
200700000, 80, 90, 10061, 100, 108560640, 25
200700000, 80, 90, 10060, 100, 108560640, 23
200700000, 80, 90, 10059, 100, 108560640, 26
200700000, 80, 90, 10055, 100, 108560640, 23
200800000, 80, 90, 10059, 100, 108560640, 27
200800000, 80, 90, 10058, 100, 108560640, 22
200800000, 80, 90, 10056, 100, 108560640, 33
200800000, 80, 90, 10055, 100, 108560640, 24
200900000, 80, 90, 10059, 100, 108560640, 29
200900000, 80, 90, 10058, 100, 108560640, 23
200900000, 80, 90, 10055, 100, 108560640, 26
201000000, 80, 90, 10062, 100, 108560640, 11
201000000, 80, 90, 10061, 100, 108560640, 27
201000000, 80, 90, 10058, 100, 108560640, 24
201000000, 80, 90, 10056, 100, 108560640, 35
201100000, 80, 90, 10056, 100, 108560640, 36
201100000, 80, 90, 10054, 100, 108560640, 25
201200000, 80, 90, 10060, 100, 108560640, 24
201200000, 80, 90, 10058, 100, 108560640, 25
201200000, 80, 90, 10055, 100, 108560640, 27
201200000, 80, 90, 10054, 100, 108560640, 27
201300000, 80, 90, 10060, 100, 108560640, 27
201300000, 80, 90, 10056, 100, 108560640, 37
201300000, 80, 90, 10054, 100, 108560640, 30
201400000, 80, 90, 10062, 100, 108560640, 12
201400000, 80, 90, 10060, 100, 108560640, 29
201400000, 80, 90, 10059, 100, 108560640, 30
201500000, 80, 90, 10062, 100, 108560640, 13
201500000, 80, 90, 10060, 100, 108560640, 30
201500000, 80, 90, 10059, 100, 108560640, 31
201500000, 80, 90, 10057, 100, 108560640, 15
201500000, 80, 90, 10056, 100, 108560640, 38
201600000, 80, 90, 10059, 100, 108560640, 33
201600000, 80, 90, 10055, 100, 108560640, 28
201700000, 80, 90, 10062, 100, 108560640, 14
201700000, 80, 90, 10060, 100, 108560640, 32
201700000, 80, 90, 10058, 100, 108560640, 26
201800000, 80, 90, 10058, 100, 108560640, 27
201800000, 80, 90, 10056, 100, 108560640, 40
201800000, 80, 90, 10055, 100, 108560640, 29
201900000, 80, 90, 10058, 100, 108560640, 28
201900000, 80, 90, 10057, 100, 108560640, 16
201900000, 80, 90, 10055, 100, 108560640, 30
201900000, 80, 90, 10054, 100, 108560640, 31
202000000, 80, 90, 10059, 100, 108560640, 35
202000000, 80, 90, 10058, 100, 108560640, 29
202000000, 80, 90, 10057, 100, 108560640, 17
202000000, 80, 90, 10054, 100, 108560640, 33
202100000, 80, 90, 10061, 100, 108560640, 30
202100000, 80, 90, 10060, 100, 108560640, 33
202100000, 80, 90, 10058, 100, 108560640, 30
202100000, 80, 90, 10057, 100, 108560640, 18
202200000, 80, 90, 10059, 100, 108560640, 36
202200000, 80, 90, 10058, 100, 108560640, 31
202200000, 80, 90, 10057, 100, 108560640, 19
202200000, 80, 90, 10056, 100, 108560640, 41
202200000, 80, 90, 10055, 100, 108560640, 31
202200000, 80, 90, 10054, 100, 108560640, 34
202300000, 21, 31, 10058, 100, 108560640, 1
202300000, 21, 31, 10057, 100, 108560640, 1
202300000, 80, 90, 10061, 100, 108560640, 32
202300000, 80, 90, 10059, 100, 108560640, 38
202300000, 80, 90, 10057, 100, 108560640, 20
202300000, 80, 90, 10054, 100, 108560640, 35
202400000, 21, 31, 10060, 100, 108560640, 1
202400000, 80, 90, 10061, 100, 108560640, 33
202400000, 80, 90, 10059, 100, 108560640, 39
202400000, 80, 90, 10058, 100, 108560640, 32
202400000, 80, 90, 10056, 100, 108560640, 42
202400000, 80, 90, 10054, 100, 108560640, 36
202500000, 21, 31, 10060, 100, 108560640, 2
202500000, 80, 90, 10062, 100, 108560640, 16
202500000, 80, 90, 10061, 100, 108560640, 35
202500000, 80, 90, 10060, 100, 108560640, 35
202500000, 80, 90, 10055, 100, 108560640, 32
202500000, 80, 90, 10054, 100, 108560640, 37
202600000, 21, 31, 10062, 100, 108560640, 1
202600000, 21, 31, 10061, 100, 108560640, 1
202600000, 80, 90, 10062, 100, 108560640, 17
202600000, 80, 90, 10059, 100, 108560640, 40
202600000, 80, 90, 10058, 100, 108560640, 33
202600000, 80, 90, 10057, 100, 108560640, 21
202600000, 80, 90, 10055, 100, 108560640, 33
202600000, 80, 90, 10054, 100, 108560640, 38
202700000, 21, 31, 10062, 100, 108560640, 2
202700000, 21, 31, 10059, 100, 108560640, 1
202700000, 80, 90, 10061, 100, 108560640, 37
202700000, 80, 90, 10056, 100, 108560640, 43
202700000, 80, 90, 10055, 100, 108560640, 35
202700000, 80, 90, 10054, 100, 108560640, 39
202800000, 21, 31, 10057, 100, 108560640, 2
202800000, 80, 90, 10062, 100, 108560640, 18
202800000, 80, 90, 10061, 100, 108560640, 39
202800000, 80, 90, 10060, 100, 108560640, 38
202800000, 80, 90, 10059, 100, 108560640, 41
202800000, 80, 90, 10057, 100, 108560640, 22
202800000, 80, 90, 10056, 100, 108560640, 44
202900000, 80, 90, 10060, 100, 108560640, 40
202900000, 80, 90, 10058, 100, 108560640, 34
202900000, 80, 90, 10056, 100, 108560640, 46
202900000, 80, 90, 10054, 100, 108560640, 41
203000000, 80, 90, 10062, 100, 108560640, 19
203000000, 80, 90, 10061, 100, 108560640, 41
203000000, 80, 90, 10059, 100, 108560640, 43
203000000, 80, 90, 10058, 100, 108560640, 35
203000000, 80, 90, 10056, 100, 108560640, 47
203000000, 80, 90, 10055, 100, 108560640, 36
203000000, 80, 90, 10054, 100, 108560640, 42
203100000, 80, 90, 10062, 100, 108560640, 20
203100000, 80, 90, 10059, 100, 108560640, 44
203100000, 80, 90, 10058, 100, 108560640, 37
203100000, 80, 90, 10056, 100, 108560640, 48
203100000, 80, 90, 10055, 100, 108560640, 37
203200000, 80, 90, 10055, 100, 108560640, 38
203200000, 80, 90, 10054, 100, 108560640, 45
203300000, 80, 90, 10062, 100, 108560640, 21
203300000, 80, 90, 10061, 100, 108560640, 43
203400000, 80, 90, 10061, 100, 108560640, 44
203400000, 80, 90, 10060, 100, 108560640, 41
203400000, 80, 90, 10055, 100, 108560640, 40
203400000, 80, 90, 10054, 100, 108560640, 46
203500000, 80, 90, 10060, 100, 108560640, 43
203500000, 80, 90, 10059, 100, 108560640, 46
203500000, 80, 90, 10056, 100, 108560640, 49
203500000, 80, 90, 10055, 100, 108560640, 42
203600000, 80, 90, 10062, 100, 108560640, 22
203600000, 80, 90, 10059, 100, 108560640, 47
203600000, 80, 90, 10056, 100, 108560640, 50
203700000, 80, 90, 10060, 100, 108560640, 44
203700000, 80, 90, 10058, 100, 108560640, 38
203700000, 80, 90, 10055, 100, 108560640, 43
203700000, 80, 90, 10054, 100, 108560640, 47
203800000, 80, 90, 10060, 100, 108560640, 45
203800000, 80, 90, 10057, 100, 108560640, 24
203800000, 80, 90, 10055, 100, 108560640, 44
203800000, 80, 90, 10054, 100, 108560640, 48
203900000, 80, 90, 10061, 100, 108560640, 45
203900000, 80, 90, 10059, 100, 108560640, 49
203900000, 80, 90, 10056, 100, 108560640, 52
203900000, 80, 90, 10054, 100, 108560640, 49
206300000, 96, 106, 10061, 100, 108560640, 1
206300000, 96, 106, 10058, 100, 108560640, 1
207600000, 96, 106, 10057, 100, 108560640, 1
208700000, 96, 106, 10061, 100, 108560640, 3
208700000, 96, 106, 10057, 100, 108560640, 2
208800000, 96, 106, 10059, 100, 108560640, 1
210100000, 112, 122, 10057, 100, 108560640, 1
210200000, 112, 122, 10059, 100, 108560640, 1
211900000, 112, 122, 10062, 100, 108560640, 1
211900000, 112, 122, 10061, 100, 108560640, 1
212000000, 112, 122, 10061, 100, 108560640, 2
212000000, 112, 122, 10058, 100, 108560640, 1
212000000, 112, 122, 10057, 100, 108560640, 2
214000000, 112, 122, 10062, 100, 108560640, 2
214000000, 112, 122, 10060, 100, 108560640, 1
214100000, 112, 122, 10061, 100, 108560640, 3
214100000, 112, 122, 10059, 100, 108560640, 2
214200000, 112, 122, 10062, 100, 108560640, 4
214200000, 112, 122, 10061, 100, 108560640, 4
214200000, 112, 122, 10058, 100, 108560640, 2
214200000, 112, 122, 10057, 100, 108560640, 3
214200000, 112, 122, 10059, 100, 108560640, 3
214300000, 112, 122, 10059, 100, 108560640, 4
214400000, 112, 122, 10061, 100, 108560640, 5
214400000, 112, 122, 10059, 100, 108560640, 5
214500000, 112, 122, 10062, 100, 108560640, 5
214500000, 112, 122, 10061, 100, 108560640, 6
214600000, 112, 122, 10058, 100, 108560640, 3
214600000, 112, 122, 10057, 100, 108560640, 5
214600000, 112, 122, 10059, 100, 108560640, 6
214700000, 112, 122, 10062, 100, 108560640, 6
214800000, 112, 122, 10062, 100, 108560640, 7
214800000, 112, 122, 10057, 100, 108560640, 7
214900000, 112, 122, 10059, 100, 108560640, 7
215000000, 112, 122, 10062, 100, 108560640, 8
215000000, 112, 122, 10061, 100, 108560640, 7
215000000, 112, 122, 10060, 100, 108560640, 2
215100000, 112, 122, 10062, 100, 108560640, 10
215100000, 112, 122, 10061, 100, 108560640, 8
215100000, 112, 122, 10060, 100, 108560640, 5
215100000, 112, 122, 10057, 100, 108560640, 8
215100000, 112, 122, 10059, 100, 108560640, 8
215200000, 112, 122, 10062, 100, 108560640, 11
215200000, 112, 122, 10060, 100, 108560640, 7
215200000, 112, 122, 10058, 100, 108560640, 5
215200000, 112, 122, 10057, 100, 108560640, 9
