0b000401 0b000501 10000 100 131072 559010 2623 516
0b000301 0b000401 10006 100 131072 559010 2623 516
0b000101 0b000201 10006 100 131072 559010 2623 516
0b000201 0b000301 10006 100 131072 559010 2623 516
0b000001 0b000101 10000 100 131072 559010 2623 516
0b000701 0b000001 10006 100 131072 559010 2623 516
0b000501 0b000601 10006 100 131072 559010 2623 516
0b000601 0b000701 10006 100 131072 559010 2623 516
0b000401 0b000501 10006 100 131072 559010 2623 516
0b000301 0b000401 10005 100 131072 559010 2623 516
0b000c01 0b000d01 10000 100 131072 559010 2623 516
0b000101 0b000201 10005 100 131072 559010 2623 516
0b000201 0b000301 10005 100 131072 559010 2623 516
0b000001 0b000101 10006 100 131072 559010 2623 516
0b000701 0b000001 10005 100 131072 559010 2623 516
0b000b01 0b000c01 10006 100 131072 559010 2623 516
0b000501 0b000601 10005 100 131072 559010 2623 516
0b000601 0b000701 10005 100 131072 559010 2623 516
0b000401 0b000501 10005 100 131072 559010 2623 516
0b000901 0b000a01 10006 100 131072 559010 2623 516
0b000301 0b000401 10004 100 131072 559010 2623 516
0b000101 0b000201 10004 100 131072 559010 2623 516
0b000a01 0b000b01 10006 100 131072 559010 2623 516
0b000201 0b000301 10004 100 131072 559010 2623 516
0b000001 0b000101 10005 100 131072 559010 2623 516
0b000801 0b000901 10000 100 131072 559010 2623 516
0b000701 0b000001 10004 100 131072 559010 2623 516
0b000501 0b000601 10004 100 131072 559010 2623 516
0b000601 0b000701 10004 100 131072 559010 2623 516
0b000f01 0b000801 10006 100 131072 559010 2623 516
0b000d01 0b000e01 10006 100 131072 559010 2623 516
0b000301 0b000401 10003 100 131072 559010 2631 516
0b000201 0b000301 10003 100 131072 559010 2631 516
0b000e01 0b000f01 10006 100 131072 559010 2623 516
0b000001 0b000101 10004 100 131072 559010 2631 516
0b000101 0b000201 10003 100 131072 559010 2631 516
0b000c01 0b000d01 10006 100 131072 559010 2623 516
0b000701 0b000001 10003 100 131072 559010 2631 516
0b000b01 0b000c01 10005 100 131072 559010 2623 516
0b000601 0b000701 10003 100 131072 559010 2631 516
0b000401 0b000501 10004 100 131072 559010 2631 516
0b000501 0b000601 10003 100 131072 559010 2631 516
0b000901 0b000a01 10005 100 131072 559010 2623 516
0b000a01 0b000b01 10005 100 131072 559010 2623 516
0b000801 0b000901 10006 100 131072 559010 2623 516
0b000f01 0b000801 10005 100 131072 559010 2623 516
0b000d01 0b000e01 10005 100 131072 559010 2623 516
0b000e01 0b000f01 10005 100 131072 559010 2623 516
0b000c01 0b000d01 10005 100 131072 559010 2623 516
0b000b01 0b000c01 10004 100 131072 559010 2623 516
0b000901 0b000a01 10004 100 131072 559010 2623 516
0b000a01 0b000b01 10004 100 131072 559010 2623 516
0b000801 0b000901 10005 100 131072 559010 2623 516
0b000f01 0b000801 10004 100 131072 559010 2623 516
0b000d01 0b000e01 10004 100 131072 559010 2623 516
0b000e01 0b000f01 10004 100 131072 559010 2623 516
0b000b01 0b000c01 10003 100 131072 559010 2631 516
0b000a01 0b000b01 10003 100 131072 559010 2631 516
0b000801 0b000901 10004 100 131072 559010 2631 516
0b000901 0b000a01 10003 100 131072 559010 2631 516
0b000f01 0b000801 10003 100 131072 559010 2631 516
0b000e01 0b000f01 10003 100 131072 559010 2631 516
0b000c01 0b000d01 10004 100 131072 559010 2631 516
0b000d01 0b000e01 10003 100 131072 559010 2631 516
0b000301 0b000401 10002 100 131072 559010 2645 516
0b000201 0b000301 10002 100 131072 559010 2645 516
0b000001 0b000101 10003 100 131072 559010 2645 516
0b000101 0b000201 10002 100 131072 559010 2645 516
0b000701 0b000001 10002 100 131072 559010 2645 516
0b000601 0b000701 10002 100 131072 559010 2645 516
0b000401 0b000501 10003 100 131072 559010 2645 516
0b000501 0b000601 10002 100 131072 559010 2645 516
0b000b01 0b000c01 10002 100 131072 559010 2645 516
0b000a01 0b000b01 10002 100 131072 559010 2645 516
0b000801 0b000901 10003 100 131072 559010 2645 516
0b000901 0b000a01 10002 100 131072 559010 2645 516
0b000f01 0b000801 10002 100 131072 559010 2645 516
0b000e01 0b000f01 10002 100 131072 559010 2645 516
0b000c01 0b000d01 10003 100 131072 559010 2645 516
0b000d01 0b000e01 10002 100 131072 559010 2645 516
0b000301 0b000401 10001 100 131072 559010 2659 516
0b000201 0b000301 10001 100 131072 559010 2659 516
0b000001 0b000101 10002 100 131072 559010 2659 516
0b000101 0b000201 10001 100 131072 559010 2659 516
0b000701 0b000001 10001 100 131072 559010 2659 516
0b000601 0b000701 10001 100 131072 559010 2659 516
0b000401 0b000501 10002 100 131072 559010 2659 516
0b000501 0b000601 10001 100 131072 559010 2659 516
0b000b01 0b000c01 10001 100 131072 559010 2659 516
0b000a01 0b000b01 10001 100 131072 559010 2659 516
0b000801 0b000901 10002 100 131072 559010 2659 516
0b000901 0b000a01 10001 100 131072 559010 2659 516
0b000f01 0b000801 10001 100 131072 559010 2659 516
0b000e01 0b000f01 10001 100 131072 559010 2659 516
0b000c01 0b000d01 10002 100 131072 559010 2659 516
0b000d01 0b000e01 10001 100 131072 559010 2659 516
0b000301 0b000401 10000 100 131072 559010 2673 516
0b000201 0b000301 10000 100 131072 559010 2673 516
0b000001 0b000101 10001 100 131072 559010 2673 516
0b000101 0b000201 10000 100 131072 559010 2673 516
0b000701 0b000001 10000 100 131072 559010 2673 516
0b000601 0b000701 10000 100 131072 559010 2673 516
0b000401 0b000501 10001 100 131072 559010 2673 516
0b000501 0b000601 10000 100 131072 559010 2673 516
0b000b01 0b000c01 10000 100 131072 559010 2673 516
0b000a01 0b000b01 10000 100 131072 559010 2673 516
0b000801 0b000901 10001 100 131072 559010 2673 516
0b000901 0b000a01 10000 100 131072 559010 2673 516
0b000f01 0b000801 10000 100 131072 559010 2673 516
0b000e01 0b000f01 10000 100 131072 559010 2673 516
0b000c01 0b000d01 10001 100 131072 559010 2673 516
0b000d01 0b000e01 10000 100 131072 559010 2673 516
0b000201 0b000b01 10000 100 131072 559010 7184 7357
0b000001 0b000901 10000 100 131072 559010 7185 7357
0b000101 0b000a01 10000 100 131072 559010 7185 7357
0b000501 0b000e01 10000 100 131072 559010 7185 7357
0b000601 0b000f01 10000 100 131072 559010 7185 7357
0b000701 0b000801 10000 100 131072 559010 7185 7357
0b000a01 0b000301 10000 100 131072 559010 7184 7357
0b000801 0b000101 10000 100 131072 559010 7185 7357
0b000901 0b000201 10000 100 131072 559010 7185 7357
0b000c01 0b000501 10000 100 131072 559010 7185 7357
0b000d01 0b000601 10000 100 131072 559010 7185 7357
0b000e01 0b000701 10000 100 131072 559010 7185 7357
0b000f01 0b000001 10000 100 131072 559010 7185 7357
0b000401 0b000d01 10000 100 131072 559010 7251 7357
0b000601 0b000701 10007 100 131072 564643 2259 516
0b000501 0b000601 10007 100 131072 564643 2259 516
0b000301 0b000401 10007 100 131072 564643 2259 516
0b000401 0b000501 10007 100 131072 564643 2259 516
0b000201 0b000301 10007 100 131072 564643 2259 516
0b000101 0b000201 10007 100 131072 564643 2259 516
0b000701 0b000001 10007 100 131072 564643 2259 516
0b000001 0b000101 10007 100 131072 564643 2259 516
0b000601 0b000701 10008 100 131072 564643 2259 516
0b000501 0b000601 10008 100 131072 564643 2259 516
0b000301 0b000401 10008 100 131072 564643 2259 516
0b000401 0b000501 10008 100 131072 564643 2259 516
0b000201 0b000301 10008 100 131072 564643 2259 516
0b000101 0b000201 10008 100 131072 564643 2259 516
0b000701 0b000001 10008 100 131072 564643 2259 516
0b000001 0b000101 10008 100 131072 564643 2259 516
0b000501 0b000601 10009 100 131072 564651 2259 516
0b000401 0b000501 10009 100 131072 564651 2259 516
0b000201 0b000301 10009 100 131072 564643 2267 516
0b000301 0b000401 10009 100 131072 564643 2267 516
0b000101 0b000201 10009 100 131072 564643 2267 516
0b000001 0b000101 10009 100 131072 564643 2267 516
0b000601 0b000701 10009 100 131072 564651 2259 516
0b000701 0b000001 10009 100 131072 564643 2267 516
0b000e01 0b000f01 10007 100 131072 564643 2259 516
0b000d01 0b000e01 10007 100 131072 564643 2259 516
0b000b01 0b000c01 10007 100 131072 564643 2259 516
0b000c01 0b000d01 10007 100 131072 564643 2259 516
0b000a01 0b000b01 10007 100 131072 564643 2259 516
0b000901 0b000a01 10007 100 131072 564643 2259 516
0b000f01 0b000801 10007 100 131072 564643 2259 516
0b000801 0b000901 10007 100 131072 564643 2259 516
0b000e01 0b000f01 10008 100 131072 564643 2259 516
0b000d01 0b000e01 10008 100 131072 564643 2259 516
0b000b01 0b000c01 10008 100 131072 564643 2259 516
0b000c01 0b000d01 10008 100 131072 564643 2259 516
0b000a01 0b000b01 10008 100 131072 564643 2259 516
0b000901 0b000a01 10008 100 131072 564643 2259 516
0b000501 0b000601 10010 100 131072 564665 2259 516
0b000f01 0b000801 10008 100 131072 564643 2259 516
0b000801 0b000901 10008 100 131072 564643 2259 516
0b000401 0b000501 10010 100 131072 564665 2259 516
0b000201 0b000301 10010 100 131072 564651 2273 516
0b000d01 0b000e01 10009 100 131072 564651 2259 516
0b000301 0b000401 10010 100 131072 564665 2259 516
0b000c01 0b000d01 10009 100 131072 564651 2259 516
0b000101 0b000201 10010 100 131072 564651 2273 516
0b000001 0b000101 10010 100 131072 564651 2273 516
0b000a01 0b000b01 10009 100 131072 564643 2267 516
0b000601 0b000701 10010 100 131072 564665 2259 516
0b000b01 0b000c01 10009 100 131072 564643 2267 516
0b000701 0b000001 10010 100 131072 564651 2273 516
0b000901 0b000a01 10009 100 131072 564643 2267 516
0b000801 0b000901 10009 100 131072 564643 2267 516
0b000e01 0b000f01 10009 100 131072 564651 2259 516
0b000f01 0b000801 10009 100 131072 564643 2267 516
0b000501 0b000601 10011 100 131072 564679 2259 516
0b000401 0b000501 10011 100 131072 564679 2259 516
0b000201 0b000301 10011 100 131072 564679 2259 516
0b000301 0b000401 10011 100 131072 564679 2259 516
0b000101 0b000201 10011 100 131072 564665 2273 516
0b000001 0b000101 10011 100 131072 564665 2273 516
0b000601 0b000701 10011 100 131072 564679 2259 516
0b000701 0b000001 10011 100 131072 564665 2273 516
0b000501 0b000601 10012 100 131072 564693 2259 516
0b000401 0b000501 10012 100 131072 564693 2259 516
0b000201 0b000301 10012 100 131072 564693 2259 516
0b000301 0b000401 10012 100 131072 564693 2259 516
0b000101 0b000201 10012 100 131072 564679 2273 516
0b000001 0b000101 10012 100 131072 564679 2273 516
0b000601 0b000701 10012 100 131072 564693 2259 516
0b000701 0b000001 10012 100 131072 564679 2273 516
0b000d01 0b000e01 10010 100 131072 564665 2259 516
0b000c01 0b000d01 10010 100 131072 564665 2259 516
0b000a01 0b000b01 10010 100 131072 564651 2273 516
0b000b01 0b000c01 10010 100 131072 564665 2259 516
0b000901 0b000a01 10010 100 131072 564651 2273 516
0b000801 0b000901 10010 100 131072 564651 2273 516
0b000e01 0b000f01 10010 100 131072 564665 2259 516
0b000f01 0b000801 10010 100 131072 564651 2273 516
0b000d01 0b000e01 10011 100 131072 564679 2259 516
0b000c01 0b000d01 10011 100 131072 564679 2259 516
0b000a01 0b000b01 10011 100 131072 564679 2259 516
0b000b01 0b000c01 10011 100 131072 564679 2259 516
0b000901 0b000a01 10011 100 131072 564665 2273 516
0b000801 0b000901 10011 100 131072 564665 2273 516
0b000e01 0b000f01 10011 100 131072 564679 2259 516
0b000f01 0b000801 10011 100 131072 564665 2273 516
0b000d01 0b000e01 10012 100 131072 564693 2259 516
0b000c01 0b000d01 10012 100 131072 564693 2259 516
0b000a01 0b000b01 10012 100 131072 564693 2259 516
0b000b01 0b000c01 10012 100 131072 564693 2259 516
0b000901 0b000a01 10012 100 131072 564679 2273 516
0b000801 0b000901 10012 100 131072 564679 2273 516
0b000e01 0b000f01 10012 100 131072 564693 2259 516
0b000f01 0b000801 10012 100 131072 564679 2273 516
0b000b01 0b000401 10000 100 131072 559010 9832 7357
0b000301 0b000c01 10000 100 131072 559010 9832 7357
0b000301 0b000401 10013 100 131072 569204 489 516
0b000b01 0b000c01 10013 100 131072 569204 489 516
0b000201 0b000301 10013 100 131072 569205 489 516
0b000a01 0b000b01 10013 100 131072 569205 489 516
0b000001 0b000101 10013 100 131072 569205 489 516
0b000701 0b000001 10013 100 131072 569205 489 516
0b000801 0b000901 10013 100 131072 569205 489 516
0b000601 0b000701 10013 100 131072 569205 489 516
0b000f01 0b000801 10013 100 131072 569205 489 516
0b000501 0b000601 10013 100 131072 569205 489 516
0b000901 0b000a01 10013 100 131072 569205 489 516
0b000101 0b000201 10013 100 131072 569205 489 516
0b000e01 0b000f01 10013 100 131072 569205 505 516
0b000d01 0b000e01 10013 100 131072 569271 489 516
0b000801 0b000901 10014 100 131072 569912 1895 516
0b000f01 0b000801 10014 100 131072 569912 1895 516
0b000d01 0b000e01 10014 100 131072 569912 1895 516
0b000e01 0b000f01 10014 100 131072 569912 1895 516
0b000c01 0b000d01 10013 100 131072 569912 1895 516
0b000b01 0b000c01 10014 100 131072 569912 1895 516
0b000901 0b000a01 10014 100 131072 569912 1895 516
0b000001 0b000101 10014 100 131072 569912 1895 516
0b000a01 0b000b01 10014 100 131072 569912 1895 516
0b000f01 0b000801 10015 100 131072 569912 1903 516
0b000701 0b000001 10014 100 131072 569912 1895 516
0b000e01 0b000f01 10015 100 131072 569920 1895 516
0b000501 0b000601 10014 100 131072 569912 1895 516
0b000c01 0b000d01 10014 100 131072 569912 1903 516
0b000601 0b000701 10014 100 131072 569912 1895 516
0b000d01 0b000e01 10015 100 131072 569920 1895 516
0b000401 0b000501 10013 100 131072 569912 1895 516
0b000b01 0b000c01 10015 100 131072 569912 1903 516
0b000301 0b000401 10014 100 131072 569912 1895 516
0b000a01 0b000b01 10015 100 131072 569912 1903 516
0b000101 0b000201 10014 100 131072 569912 1895 516
0b000801 0b000901 10015 100 131072 569912 1903 516
0b000201 0b000301 10014 100 131072 569912 1895 516
0b000901 0b000a01 10015 100 131072 569912 1903 516
0b000701 0b000001 10015 100 131072 569912 1903 516
0b000601 0b000701 10015 100 131072 569920 1895 516
0b000401 0b000501 10014 100 131072 569912 1903 516
0b000501 0b000601 10015 100 131072 569920 1895 516
0b000301 0b000401 10015 100 131072 569912 1903 516
0b000201 0b000301 10015 100 131072 569912 1903 516
0b000001 0b000101 10015 100 131072 569912 1903 516
0b000101 0b000201 10015 100 131072 569912 1903 516
0b000d01 0b000601 10001 100 131072 564643 7185 7357
0b000e01 0b000701 10001 100 131072 564643 7185 7357
0b000f01 0b000801 10016 100 131072 569920 1909 516
0b000e01 0b000f01 10016 100 131072 569934 1895 516
0b000c01 0b000d01 10015 100 131072 569934 1895 516
0b000d01 0b000e01 10016 100 131072 569934 1895 516
0b000b01 0b000c01 10016 100 131072 569920 1909 516
0b000501 0b000e01 10001 100 131072 564643 7185 7357
0b000a01 0b000b01 10016 100 131072 569920 1909 516
0b000801 0b000901 10016 100 131072 569920 1909 516
0b000601 0b000f01 10001 100 131072 564643 7185 7357
0b000901 0b000a01 10016 100 131072 569920 1909 516
0b000701 0b000001 10016 100 131072 569920 1909 516
0b000601 0b000701 10016 100 131072 569934 1895 516
0b000401 0b000501 10015 100 131072 569934 1895 516
0b000c01 0b000501 10001 100 131072 564643 7191 7357
0b000501 0b000601 10016 100 131072 569934 1895 516
0b000b01 0b000401 10001 100 131072 564651 7185 7357
0b000301 0b000401 10016 100 131072 569920 1909 516
0b000201 0b000301 10016 100 131072 569920 1909 516
0b000001 0b000101 10016 100 131072 569920 1909 516
0b000101 0b000201 10016 100 131072 569920 1909 516
0b000401 0b000d01 10001 100 131072 564643 7192 7357
0b000301 0b000c01 10001 100 131072 564651 7185 7357
0b000f01 0b000801 10017 100 131072 569934 1909 516
0b000e01 0b000f01 10017 100 131072 569948 1895 516
0b000c01 0b000d01 10016 100 131072 569948 1895 516
0b000d01 0b000e01 10017 100 131072 569948 1895 516
0b000b01 0b000c01 10017 100 131072 569948 1895 516
0b000a01 0b000b01 10017 100 131072 569934 1909 516
0b000801 0b000901 10017 100 131072 569934 1909 516
0b000901 0b000a01 10017 100 131072 569934 1909 516
0b000701 0b000001 10017 100 131072 569934 1909 516
0b000601 0b000701 10017 100 131072 569948 1895 516
0b000401 0b000501 10016 100 131072 569948 1895 516
0b000501 0b000601 10017 100 131072 569948 1895 516
0b000301 0b000401 10017 100 131072 569948 1895 516
0b000201 0b000301 10017 100 131072 569934 1909 516
0b000001 0b000101 10017 100 131072 569934 1909 516
0b000101 0b000201 10017 100 131072 569934 1909 516
0b000a01 0b000301 10001 100 131072 564665 7190 7357
0b000f01 0b000801 10018 100 131072 569948 1909 516
0b000e01 0b000f01 10018 100 131072 569962 1895 516
0b000c01 0b000d01 10017 100 131072 569962 1895 516
0b000d01 0b000e01 10018 100 131072 569962 1895 516
0b000b01 0b000c01 10018 100 131072 569962 1895 516
0b000a01 0b000b01 10018 100 131072 569948 1909 516
0b000801 0b000901 10018 100 131072 569948 1909 516
0b000901 0b000a01 10018 100 131072 569948 1909 516
0b000201 0b000b01 10001 100 131072 564665 7190 7357
0b000701 0b000001 10018 100 131072 569948 1909 516
0b000601 0b000701 10018 100 131072 569962 1895 516
0b000401 0b000501 10017 100 131072 569962 1895 516
0b000501 0b000601 10018 100 131072 569962 1895 516
0b000301 0b000401 10018 100 131072 569962 1895 516
0b000201 0b000301 10018 100 131072 569948 1909 516
0b000001 0b000101 10018 100 131072 569948 1909 516
0b000101 0b000201 10018 100 131072 569948 1909 516
0b000001 0b000901 10001 100 131072 564693 7185 7357
0b000101 0b000a01 10001 100 131072 564693 7185 7357
0b000801 0b000101 10001 100 131072 564693 7185 7357
0b000701 0b000801 10001 100 131072 564693 7185 7357
0b000901 0b000201 10001 100 131072 564693 7185 7357
0b000f01 0b000001 10001 100 131072 564693 7185 7357
0b000401 0b000501 10018 100 131072 571852 489 516
0b000c01 0b000d01 10018 100 131072 571852 489 516
0b000401 0b000501 10019 100 131072 572703 489 516
0b000c01 0b000d01 10019 100 131072 572703 489 516
0b000301 0b000401 10019 100 131072 572704 489 516
0b000b01 0b000c01 10019 100 131072 572704 489 516
0b000101 0b000201 10019 100 131072 572704 489 516
0b000901 0b000a01 10019 100 131072 572704 489 516
0b000001 0b000101 10019 100 131072 572704 489 516
0b000801 0b000901 10019 100 131072 572704 489 516
0b000701 0b000001 10019 100 131072 572704 489 516
0b000a01 0b000b01 10019 100 131072 572704 489 516
0b000601 0b000701 10019 100 131072 572704 489 516
0b000201 0b000301 10019 100 131072 572704 489 516
0b000f01 0b000801 10019 100 131072 572720 489 516
0b000e01 0b000f01 10019 100 131072 572770 489 516
0b000e01 0b000f01 10020 100 131072 574825 1892 516
0b000e01 0b000f01 10021 100 131072 574838 1904 516
0b000601 0b000701 10020 100 131072 574825 1892 516
0b000e01 0b000f01 10022 100 131072 574839 1928 516
0b000e01 0b000f01 10023 100 131072 574853 1914 516
0b000601 0b000701 10021 100 131072 574838 1904 516
0b000e01 0b000f01 10024 100 131072 574867 1925 516
0b000801 0b000901 10020 100 131072 574817 1978 516
0b000f01 0b000801 10020 100 131072 574825 1987 516
0b000c01 0b000d01 10020 100 131072 574817 1995 516
0b000f01 0b000801 10022 100 131072 574838 1974 516
0b000601 0b000701 10022 100 131072 574839 1928 516
0b000a01 0b000b01 10020 100 131072 574817 1995 516
0b000901 0b000a01 10020 100 131072 574817 1995 516
0b000601 0b000701 10023 100 131072 574853 1914 516
0b000b01 0b000c01 10020 100 131072 574817 1995 516
0b000801 0b000901 10021 100 131072 574825 1995 516
0b000801 0b000901 10022 100 131072 574839 1981 516
0b000601 0b000701 10024 100 131072 574867 1925 516
0b000001 0b000101 10020 100 131072 574817 1978 516
0b000701 0b000001 10020 100 131072 574825 1987 516
0b000f01 0b000801 10021 100 131072 574839 1998 516
0b000401 0b000501 10020 100 131072 574817 1995 516
0b000c01 0b000d01 10021 100 131072 574825 2012 516
0b000701 0b000001 10021 100 131072 574838 1974 516
0b000201 0b000301 10020 100 131072 574817 1995 516
0b000a01 0b000b01 10021 100 131072 574825 2012 516
0b000901 0b000a01 10021 100 131072 574825 2012 516
0b000101 0b000201 10020 100 131072 574817 1995 516
0b000b01 0b000c01 10021 100 131072 574825 2012 516
0b000301 0b000401 10020 100 131072 574817 1995 516
0b000f01 0b000801 10023 100 131072 574853 1984 516
0b000c01 0b000d01 10023 100 131072 574846 1991 516
0b000a01 0b000b01 10022 100 131072 574839 1998 516
0b000901 0b000a01 10022 100 131072 574839 1998 516
0b000b01 0b000c01 10022 100 131072 574839 1998 516
0b000001 0b000101 10021 100 131072 574825 1995 516
0b000001 0b000101 10022 100 131072 574839 1981 516
0b000801 0b000901 10023 100 131072 574853 1992 516
0b000801 0b000901 10024 100 131072 574888 1957 516
0b000701 0b000001 10022 100 131072 574839 1998 516
0b000401 0b000501 10021 100 131072 574825 2012 516
0b000201 0b000301 10021 100 131072 574825 2012 516
0b000101 0b000201 10021 100 131072 574825 2012 516
0b000301 0b000401 10021 100 131072 574825 2012 516
0b000701 0b000001 10023 100 131072 574853 1984 516
0b000401 0b000501 10022 100 131072 574846 1991 516
0b000201 0b000301 10022 100 131072 574839 1998 516
0b000101 0b000201 10022 100 131072 574839 1998 516
0b000301 0b000401 10022 100 131072 574839 1998 516
0b000f01 0b000801 10024 100 131072 574867 1995 516
0b000c01 0b000d01 10022 100 131072 574853 2009 516
0b000a01 0b000b01 10023 100 131072 574853 2009 516
0b000901 0b000a01 10023 100 131072 574853 2009 516
0b000b01 0b000c01 10023 100 131072 574853 2009 516
0b000001 0b000101 10023 100 131072 574853 1992 516
0b000001 0b000101 10024 100 131072 574888 1957 516
0b000c01 0b000d01 10024 100 131072 574867 1995 516
0b000a01 0b000b01 10024 100 131072 574888 1974 516
0b000901 0b000a01 10024 100 131072 574888 1974 516
0b000b01 0b000c01 10024 100 131072 574865 1997 516
0b000701 0b000001 10024 100 131072 574867 1995 516
0b000401 0b000501 10023 100 131072 574853 2009 516
0b000201 0b000301 10023 100 131072 574853 2009 516
0b000101 0b000201 10023 100 131072 574853 2009 516
0b000301 0b000401 10023 100 131072 574853 2009 516
0b000401 0b000501 10024 100 131072 574867 1995 516
0b000201 0b000301 10024 100 131072 574888 1974 516
0b000101 0b000201 10024 100 131072 574888 1974 516
0b000301 0b000401 10024 100 131072 574865 1997 516
0b000d01 0b000e01 10019 100 131072 574817 2264 516
0b000d01 0b000e01 10020 100 131072 574839 2256 516
0b000d01 0b000e01 10022 100 131072 574845 2264 516
0b000d01 0b000e01 10021 100 131072 574853 2270 516
0b000b01 0b000c01 10025 100 131072 576203 923 516
0b000901 0b000a01 10025 100 131072 576203 923 516
0b000801 0b000901 10025 100 131072 576219 907 516
0b000a01 0b000b01 10025 100 131072 576203 923 516
0b000f01 0b000801 10025 100 131072 576269 865 516
0b000d01 0b000e01 10023 100 131072 574867 2270 516
0b000c01 0b000d01 10025 100 131072 576203 934 516
0b000d01 0b000601 10002 100 131072 569912 7272 7357
0b000e01 0b000701 10002 100 131072 569912 7272 7357
0b000c01 0b000501 10002 100 131072 569920 7272 7357
0b000b01 0b000401 10002 100 131072 569934 7272 7357
0b000801 0b000101 10002 100 131072 569962 7272 7357
0b000901 0b000201 10002 100 131072 569962 7272 7357
0b000a01 0b000301 10002 100 131072 569962 7272 7357
0b000f01 0b000001 10002 100 131072 569962 7272 7357
0b000501 0b000601 10019 100 131072 574817 2264 516
0b000d01 0b000e01 10024 100 131072 575351 2000 516
0b000501 0b000601 10020 100 131072 574839 2256 516
0b000501 0b000601 10021 100 131072 574844 2265 516
0b000501 0b000601 10022 100 131072 574853 2270 516
0b000301 0b000401 10025 100 131072 576203 923 516
0b000101 0b000201 10025 100 131072 576203 923 516
0b000001 0b000101 10025 100 131072 576203 923 516
0b000201 0b000301 10025 100 131072 576203 923 516
0b000701 0b000001 10025 100 131072 576203 931 516
0b000501 0b000601 10023 100 131072 574867 2270 516
0b000401 0b000501 10025 100 131072 576203 934 516
0b000501 0b000e01 10002 100 131072 569912 7272 7357
0b000601 0b000f01 10002 100 131072 569912 7272 7357
0b000401 0b000d01 10002 100 131072 569920 7272 7357
0b000301 0b000c01 10002 100 131072 569934 7272 7357
0b000101 0b000a01 10002 100 131072 569962 7272 7357
0b000201 0b000b01 10002 100 131072 569962 7272 7357
0b000701 0b000801 10002 100 131072 569962 7272 7357
0b000501 0b000601 10024 100 131072 575351 2000 516
0b000501 0b000601 10025 100 131072 576202 1288 516
0b000d01 0b000e01 10025 100 131072 576202 1288 516
0b000001 0b000901 10002 100 131072 569962 7580 7357
0b000f01 0b000801 10026 100 131072 579727 1803 516
0b000f01 0b000801 10027 100 131072 579752 1803 516
0b000f01 0b000801 10028 100 131072 579777 1778 516
0b000f01 0b000801 10029 100 131072 579777 1803 516
0b000701 0b000001 10026 100 131072 579727 1803 516
0b000701 0b000001 10027 100 131072 579752 1803 516
0b000701 0b000001 10028 100 131072 579777 1778 516
0b000701 0b000001 10029 100 131072 579777 1803 516
0b000701 0b000001 10030 100 131072 580194 1486 516
0b000f01 0b000801 10030 100 131072 580194 1486 516
0b000901 0b000a01 10026 100 131072 579805 2042 516
0b000901 0b000a01 10027 100 131072 579830 2031 516
0b000101 0b000201 10026 100 131072 579805 2098 516
0b000901 0b000a01 10028 100 131072 579830 2045 516
0b000001 0b000101 10026 100 131072 579822 2089 516
0b000901 0b000a01 10029 100 131072 579855 2034 516
0b000101 0b000201 10027 100 131072 579830 2098 516
0b000101 0b000201 10028 100 131072 579830 2098 516
0b000801 0b000901 10026 100 131072 579822 2089 516
0b000001 0b000101 10027 100 131072 579822 2114 516
0b000201 0b000301 10026 100 131072 579822 2114 516
0b000201 0b000301 10027 100 131072 579847 2089 516
0b000801 0b000901 10027 100 131072 579822 2114 516
0b000a01 0b000b01 10026 100 131072 579822 2114 516
0b000a01 0b000b01 10027 100 131072 579847 2089 516
0b000401 0b000501 10026 100 131072 579822 2131 516
0b000301 0b000401 10026 100 131072 579822 2131 516
0b000501 0b000601 10026 100 131072 579822 2131 516
0b000101 0b000201 10029 100 131072 579855 2098 516
0b000801 0b000901 10028 100 131072 579847 2103 516
0b000401 0b000501 10027 100 131072 579847 2106 516
0b000301 0b000401 10027 100 131072 579847 2106 516
0b000501 0b000601 10027 100 131072 579847 2106 516
0b000c01 0b000d01 10026 100 131072 579822 2131 516
0b000b01 0b000c01 10026 100 131072 579822 2131 516
0b000d01 0b000e01 10026 100 131072 579822 2131 516
0b000c01 0b000d01 10027 100 131072 579847 2106 516
0b000001 0b000101 10028 100 131072 579847 2114 516
0b000b01 0b000c01 10027 100 131072 579847 2106 516
0b000201 0b000301 10028 100 131072 579847 2114 516
0b000d01 0b000e01 10027 100 131072 579847 2106 516
0b000001 0b000101 10029 100 131072 579847 2114 516
0b000201 0b000301 10029 100 131072 579872 2089 516
0b000801 0b000901 10029 100 131072 579847 2128 516
0b000a01 0b000b01 10028 100 131072 579847 2128 516
0b000a01 0b000b01 10029 100 131072 579872 2103 516
0b000c01 0b000d01 10028 100 131072 579847 2131 516
0b000401 0b000501 10028 100 131072 579847 2131 516
0b000b01 0b000c01 10028 100 131072 579847 2131 516
0b000301 0b000401 10028 100 131072 579847 2131 516
0b000d01 0b000e01 10028 100 131072 579872 2106 516
0b000501 0b000601 10028 100 131072 579872 2106 516
0b000c01 0b000d01 10029 100 131072 579872 2106 516
0b000401 0b000501 10029 100 131072 579872 2106 516
0b000b01 0b000c01 10029 100 131072 579872 2106 516
0b000301 0b000401 10029 100 131072 579872 2106 516
0b000d01 0b000e01 10029 100 131072 579872 2106 516
0b000501 0b000601 10029 100 131072 579872 2106 516
0b000501 0b000e01 10003 100 131072 574825 7187 7357
0b000d01 0b000601 10003 100 131072 574825 7187 7357
0b000401 0b000d01 10003 100 131072 574839 7194 7357
0b000101 0b000a01 10003 100 131072 574867 7191 7357
0b000201 0b000b01 10003 100 131072 574867 7191 7357
0b000301 0b000c01 10003 100 131072 574867 7191 7357
0b000701 0b000801 10003 100 131072 574817 7241 7357
0b000c01 0b000501 10003 100 131072 574839 7194 7357
0b000901 0b000a01 10030 100 131072 580136 1917 516
0b000101 0b000201 10031 100 131072 580136 1945 516
0b000901 0b000201 10003 100 131072 574867 7191 7357
0b000a01 0b000301 10003 100 131072 574867 7191 7357
0b000f01 0b000001 10003 100 131072 574817 7241 7357
0b000901 0b000a01 10031 100 131072 580552 1562 516
0b000b01 0b000c01 10030 100 131072 580136 1981 516
0b000a01 0b000b01 10030 100 131072 580136 1981 516
0b000c01 0b000d01 10030 100 131072 580136 1981 516
0b000801 0b000901 10030 100 131072 580144 1973 516
0b000101 0b000201 10030 100 131072 580244 1870 516
0b000001 0b000101 10031 100 131072 580144 1973 516
0b000301 0b000401 10031 100 131072 580136 1981 516
0b000201 0b000301 10031 100 131072 580136 1981 516
0b000401 0b000501 10031 100 131072 580136 1981 516
0b000d01 0b000e01 10030 100 131072 580147 1983 516
0b000b01 0b000c01 10031 100 131072 580244 1887 516
0b000a01 0b000b01 10031 100 131072 580244 1887 516
0b000801 0b000901 10031 100 131072 580244 1887 516
0b000c01 0b000d01 10031 100 131072 580216 1915 516
0b000501 0b000601 10031 100 131072 580147 1983 516
0b000301 0b000401 10030 100 131072 580244 1887 516
0b000201 0b000301 10030 100 131072 580244 1887 516
0b000001 0b000101 10030 100 131072 580244 1887 516
0b000401 0b000501 10030 100 131072 580216 1915 516
0b000d01 0b000e01 10031 100 131072 580202 1953 516
0b000e01 0b000701 10003 100 131072 574817 7352 7357
0b000501 0b000601 10030 100 131072 580202 1953 516
0b000801 0b000101 10003 100 131072 574867 7355 7357
0b000601 0b000f01 10003 100 131072 574817 7352 7357
0b000b01 0b000401 10003 100 131072 574867 7371 7357
0b000001 0b000901 10003 100 131072 574867 7355 7357
0b000e01 0b000f01 10025 100 131072 580105 2489 516
0b000601 0b000701 10026 100 131072 580105 2489 516
0b000e01 0b000f01 10026 100 131072 580119 2489 516
0b000e01 0b000f01 10027 100 131072 580133 2489 516
0b000601 0b000701 10027 100 131072 580119 2489 516
0b000601 0b000701 10028 100 131072 580133 2489 516
0b000e01 0b000f01 10028 100 131072 580147 2489 516
0b000601 0b000701 10029 100 131072 580147 2489 516
0b000e01 0b000f01 10030 100 131072 580194 2456 516
0b000601 0b000701 10025 100 131072 580194 2456 516
0b000e01 0b000f01 10029 100 131072 580361 2403 516
0b000601 0b000701 10030 100 131072 580361 2403 516
0b000e01 0b000f01 10031 100 131072 580500 2278 516
0b000601 0b000701 10031 100 131072 580500 2278 516
0b000f01 0b000801 10031 100 131072 585179 534 516
0b000701 0b000001 10031 100 131072 585179 534 516
0b000801 0b000901 10032 100 131072 584540 1764 516
0b000801 0b000901 10033 100 131072 584565 1739 516
0b000001 0b000101 10032 100 131072 584540 1764 516
0b000001 0b000101 10033 100 131072 584565 1739 516
0b000801 0b000901 10034 100 131072 584565 1764 516
0b000001 0b000101 10034 100 131072 584565 1764 516
0b000801 0b000901 10035 100 131072 584690 1689 516
0b000001 0b000101 10035 100 131072 584690 1689 516
0b000801 0b000901 10036 100 131072 585068 1436 516
0b000001 0b000101 10036 100 131072 585068 1436 516
0b000a01 0b000b01 10032 100 131072 584857 2106 516
0b000a01 0b000b01 10033 100 131072 584871 2117 516
0b000a01 0b000b01 10034 100 131072 584899 2089 516
0b000901 0b000a01 10032 100 131072 584921 2078 516
0b000901 0b000a01 10033 100 131072 584946 2053 516
0b000901 0b000a01 10034 100 131072 584960 2064 516
0b000b01 0b000c01 10032 100 131072 584946 2142 516
0b000b01 0b000c01 10033 100 131072 584946 2156 516
0b000b01 0b000c01 10034 100 131072 584985 2131 516
0b000c01 0b000d01 10032 100 131072 584963 2189 516
0b000d01 0b000e01 10032 100 131072 584963 2192 516
0b000d01 0b000e01 10033 100 131072 584963 2192 516
0b000e01 0b000f01 10032 100 131072 584963 2192 516
0b000801 0b000101 10004 100 131072 579872 7284 7357
0b000a01 0b000301 10004 100 131072 579872 7284 7357
0b000a01 0b000b01 10036 100 131072 585063 2103 516
0b000a01 0b000b01 10035 100 131072 585068 2098 516
0b000b01 0b000401 10004 100 131072 579872 7301 7357
0b000c01 0b000501 10004 100 131072 579872 7301 7357
0b000901 0b000a01 10035 100 131072 585127 2050 516
0b000c01 0b000d01 10033 100 131072 584963 2214 516
0b000c01 0b000d01 10034 100 131072 584988 2189 516
0b000a01 0b000b01 10037 100 131072 585124 2056 516
0b000b01 0b000c01 10035 100 131072 585068 2115 516
0b000901 0b000a01 10036 100 131072 585141 2050 516
0b000d01 0b000e01 10034 100 131072 584988 2206 516
0b000e01 0b000f01 10033 100 131072 584988 2206 516
0b000101 0b000201 10032 100 131072 584921 2084 516
0b000101 0b000201 10033 100 131072 584946 2059 516
0b000101 0b000201 10034 100 131072 584971 2059 516
0b000201 0b000301 10032 100 131072 584913 2125 516
0b000201 0b000301 10033 100 131072 584938 2125 516
0b000401 0b000501 10032 100 131072 584963 2100 516
0b000201 0b000301 10034 100 131072 584963 2100 516
0b000401 0b000501 10033 100 131072 584963 2100 516
0b000101 0b000a01 10004 100 131072 579855 7216 7357
0b000401 0b000501 10034 100 131072 584988 2100 516
0b000301 0b000401 10032 100 131072 584946 2159 516
0b000301 0b000401 10033 100 131072 584946 2159 516
0b000301 0b000401 10034 100 131072 584971 2159 516
0b000701 0b000801 10004 100 131072 579802 7337 7357
0b000601 0b000701 10032 100 131072 584963 2192 516
0b000501 0b000601 10032 100 131072 584963 2206 516
0b000501 0b000601 10033 100 131072 584963 2206 516
0b000001 0b000901 10004 100 131072 579872 7298 7357
0b000201 0b000b01 10004 100 131072 579872 7298 7357
0b000301 0b000c01 10004 100 131072 579872 7301 7357
0b000401 0b000d01 10004 100 131072 579872 7301 7357
0b000101 0b000201 10035 100 131072 585127 2050 516
0b000501 0b000601 10034 100 131072 584988 2195 516
0b000301 0b000401 10035 100 131072 585068 2115 516
0b000101 0b000201 10036 100 131072 585141 2050 516
0b000201 0b000301 10035 100 131072 585068 2126 516
0b000601 0b000701 10033 100 131072 584988 2206 516
0b000201 0b000301 10036 100 131072 585091 2117 516
0b000e01 0b000f01 10034 100 131072 584988 2234 516
0b000e01 0b000f01 10035 100 131072 585022 2200 516
0b000901 0b000a01 10037 100 131072 585232 1998 516
0b000401 0b000501 10035 100 131072 585127 2092 516
0b000201 0b000301 10037 100 131072 585124 2098 516
0b000b01 0b000c01 10036 100 131072 585127 2114 516
0b000601 0b000701 10034 100 131072 584988 2234 516
0b000601 0b000701 10035 100 131072 585022 2200 516
0b000c01 0b000d01 10035 100 131072 585068 2176 516
0b000d01 0b000e01 10035 100 131072 585043 2201 516
0b000101 0b000201 10037 100 131072 585232 1998 516
0b000401 0b000501 10036 100 131072 585141 2092 516
0b000b01 0b000c01 10037 100 131072 585141 2114 516
0b000301 0b000401 10036 100 131072 585127 2114 516
0b000c01 0b000d01 10036 100 131072 585127 2131 516
0b000d01 0b000e01 10036 100 131072 585127 2131 516
0b000501 0b000601 10035 100 131072 585043 2201 516
0b000d01 0b000e01 10037 100 131072 585141 2131 516
0b000301 0b000401 10037 100 131072 585141 2114 516
0b000c01 0b000d01 10037 100 131072 585141 2131 516
0b000501 0b000601 10036 100 131072 585127 2131 516
0b000e01 0b000701 10004 100 131072 580091 7188 7357
0b000e01 0b000f01 10036 100 131072 585140 2139 516
0b000e01 0b000f01 10037 100 131072 585165 2114 516
0b000501 0b000601 10037 100 131072 585141 2131 516
0b000401 0b000501 10037 100 131072 585248 2024 516
0b000601 0b000f01 10004 100 131072 580091 7186 7357
0b000601 0b000701 10036 100 131072 585140 2139 516
0b000601 0b000701 10037 100 131072 585165 2114 516
0b000901 0b000201 10004 100 131072 579855 7460 7357
0b000f01 0b000001 10004 100 131072 579802 7517 7357
0b000701 0b000001 10032 100 131072 585604 2189 516
0b000f01 0b000801 10032 100 131072 585604 2189 516
0b000701 0b000001 10033 100 131072 585618 2189 516
0b000f01 0b000801 10033 100 131072 585618 2189 516
0b000701 0b000001 10034 100 131072 585632 2189 516
0b000f01 0b000801 10034 100 131072 585632 2189 516
0b000701 0b000001 10035 100 131072 585660 2175 516
0b000f01 0b000801 10035 100 131072 585660 2175 516
0b000701 0b000001 10036 100 131072 585774 2125 516
0b000701 0b000001 10037 100 131072 585788 2125 516
0b000f01 0b000801 10036 100 131072 585774 2125 516
0b000f01 0b000801 10037 100 131072 585788 2125 516
0b000801 0b000901 10037 100 131072 588723 489 516
0b000001 0b000101 10037 100 131072 588723 489 516
0b000501 0b000e01 10004 100 131072 579847 9682 7357
0b000d01 0b000601 10004 100 131072 579847 9863 7357
0b000801 0b000901 10038 100 131072 590149 491 516
0b000001 0b000101 10038 100 131072 590329 511 516
0b000101 0b000201 10038 100 131072 589314 1614 516
0b000101 0b000201 10039 100 131072 589314 1639 516
0b000901 0b000a01 10038 100 131072 589314 1614 516
0b000901 0b000a01 10039 100 131072 589314 1639 516
0b000101 0b000201 10040 100 131072 589389 1639 516
0b000901 0b000a01 10040 100 131072 589389 1639 516
0b000101 0b000201 10041 100 131072 589514 1589 516
0b000901 0b000a01 10041 100 131072 589514 1589 516
0b000101 0b000201 10042 100 131072 590166 1112 516
0b000901 0b000a01 10042 100 131072 590180 1098 516
0b000b01 0b000c01 10038 100 131072 589973 1861 516
0b000001 0b000901 10005 100 131072 584590 7298 7357
0b000b01 0b000c01 10039 100 131072 589998 1861 516
0b000801 0b000101 10005 100 131072 584590 7298 7357
0b000e01 0b000f01 10038 100 131072 590165 1747 516
0b000201 0b000301 10038 100 131072 590015 1933 516
0b000201 0b000301 10039 100 131072 590015 1933 516
0b000601 0b000701 10038 100 131072 590179 1844 516
0b000e01 0b000f01 10039 100 131072 590204 1833 516
0b000601 0b000701 10039 100 131072 590193 1830 516
0b000a01 0b000b01 10038 100 131072 590009 2067 516
0b000301 0b000401 10039 100 131072 590048 2045 516
0b000a01 0b000b01 10039 100 131072 590009 2092 516
0b000501 0b000601 10039 100 131072 590073 2042 516
0b000301 0b000401 10040 100 131072 590073 2045 516
0b000e01 0b000f01 10040 100 131072 590254 1858 516
0b000601 0b000701 10040 100 131072 590254 1872 516
0b000601 0b000701 10041 100 131072 590268 1858 516
0b000c01 0b000d01 10038 100 131072 590098 2028 516
0b000e01 0b000f01 10041 100 131072 590268 1869 516
0b000501 0b000601 10040 100 131072 590098 2042 516
0b000e01 0b000f01 10042 100 131072 590282 1855 516
0b000601 0b000701 10042 100 131072 590282 1869 516
0b000401 0b000d01 10005 100 131072 584988 7192 7357
0b000a01 0b000b01 10042 100 131072 590081 2126 516
0b000701 0b000001 10038 100 131072 590165 2063 516
0b000f01 0b000801 10038 100 131072 590165 2063 516
0b000c01 0b000d01 10039 100 131072 590126 2125 516
0b000c01 0b000501 10005 100 131072 584988 7271 7357
0b000201 0b000301 10040 100 131072 590187 2081 516
0b000b01 0b000c01 10040 100 131072 590176 2092 516
0b000b01 0b000c01 10041 100 131072 590176 2100 516
0b000b01 0b000c01 10043 100 131072 590180 2096 516
0b000401 0b000501 10039 100 131072 590115 2164 516
0b000201 0b000301 10041 100 131072 590201 2081 516
0b000201 0b000301 10042 100 131072 590240 2045 516
0b000a01 0b000b01 10040 100 131072 590187 2103 516
0b000401 0b000501 10040 100 131072 590140 2153 516
0b000b01 0b000c01 10042 100 131072 590190 2100 516
0b000301 0b000c01 10005 100 131072 584971 7326 7357
0b000a01 0b000b01 10041 100 131072 590201 2121 516
0b000a01 0b000b01 10043 100 131072 590240 2082 516
0b000301 0b000401 10038 100 131072 590166 2155 516
0b000301 0b000401 10041 100 131072 590204 2131 516
0b000d01 0b000e01 10038 100 131072 590162 2181 516
0b000f01 0b000801 10039 100 131072 590204 2149 516
0b000201 0b000301 10043 100 131072 590325 2022 516
0b000301 0b000401 10042 100 131072 590218 2131 516
0b000501 0b000e01 10005 100 131072 584988 7362 7357
0b000d01 0b000e01 10040 100 131072 590183 2174 516
0b000701 0b000001 10039 100 131072 590204 2149 516
0b000d01 0b000e01 10039 100 131072 590187 2170 516
0b000301 0b000401 10043 100 131072 590232 2125 516
0b000d01 0b000601 10005 100 131072 584988 7376 7357
0b000501 0b000601 10038 100 131072 590183 2177 516
0b000c01 0b000d01 10041 100 131072 590183 2185 516
0b000f01 0b000801 10040 100 131072 590232 2146 516
0b000501 0b000601 10041 100 131072 590229 2145 516
0b000c01 0b000d01 10040 100 131072 590193 2189 516
0b000501 0b000601 10042 100 131072 590243 2131 516
0b000701 0b000001 10040 100 131072 590232 2146 516
0b000501 0b000601 10043 100 131072 590282 2100 516
0b000401 0b000501 10038 100 131072 590183 2199 516
0b000c01 0b000d01 10042 100 131072 590251 2145 516
0b000401 0b000501 10041 100 131072 590193 2203 516
0b000a01 0b000301 10005 100 131072 584885 7518 7357
0b000401 0b000501 10042 100 131072 590251 2159 516
0b000c01 0b000d01 10043 100 131072 590265 2142 516
0b000401 0b000501 10043 100 131072 590265 2159 516
0b000201 0b000b01 10005 100 131072 584938 7489 7357
0b000d01 0b000e01 10041 100 131072 590254 2189 516
0b000f01 0b000801 10043 100 131072 590287 2166 516
0b000701 0b000001 10042 100 131072 590289 2164 516
0b000d01 0b000e01 10042 100 131072 590268 2189 516
0b000d01 0b000e01 10043 100 131072 590282 2189 516
0b000701 0b000001 10043 100 131072 590289 2189 516
0b000b01 0b000401 10005 100 131072 584985 7492 7357
0b000f01 0b000801 10041 100 131072 590289 2189 516
0b000701 0b000001 10041 100 131072 590289 2189 516
0b000f01 0b000801 10042 100 131072 590289 2189 516
0b000801 0b000901 10039 100 131072 590803 1839 516
0b000001 0b000101 10039 100 131072 590803 1839 516
0b000801 0b000901 10040 100 131072 590817 1839 516
0b000001 0b000101 10040 100 131072 590817 1839 516
0b000801 0b000901 10041 100 131072 590845 1825 516
0b000001 0b000101 10041 100 131072 590845 1825 516
0b000901 0b000a01 10043 100 131072 592222 489 516
0b000101 0b000201 10043 100 131072 592222 489 516
0b000001 0b000101 10042 100 131072 590909 1825 516
0b000801 0b000901 10042 100 131072 590909 1825 516
0b000001 0b000101 10043 100 131072 590923 1825 516
0b000801 0b000901 10043 100 131072 590923 1825 516
0b000e01 0b000f01 10043 100 131072 592539 489 516
0b000701 0b000801 10005 100 131072 585646 7426 7357
0b000f01 0b000001 10005 100 131072 585646 7440 7357
0b000601 0b000701 10043 100 131072 592720 489 516
0b000901 0b000a01 10044 100 131072 593650 513 516
0b000101 0b000201 10044 100 131072 593850 513 516
0b000e01 0b000701 10005 100 131072 584963 9833 7357
0b000601 0b000f01 10005 100 131072 584963 9945 7357
0b000101 0b000a01 10005 100 131072 584971 10222 7357
0b000901 0b000201 10005 100 131072 584985 10209 7357
0b000201 0b000301 10044 100 131072 593963 1310 516
0b000a01 0b000b01 10044 100 131072 593963 1310 516
0b000c01 0b000d01 10044 100 131072 594869 517 516
0b000101 0b000201 10045 100 131072 594898 515 516
0b000901 0b000a01 10045 100 131072 594898 515 516
0b000201 0b000301 10045 100 131072 594038 1395 516
0b000a01 0b000b01 10045 100 131072 594038 1398 516
0b000201 0b000301 10046 100 131072 594113 1370 516
0b000a01 0b000b01 10046 100 131072 594113 1373 516
0b000a01 0b000b01 10047 100 131072 594288 1273 516
0b000201 0b000301 10047 100 131072 594288 1270 516
0b000301 0b000401 10044 100 131072 594958 720 516
0b000a01 0b000b01 10048 100 131072 595721 495 516
0b000201 0b000301 10048 100 131072 595721 520 516
0b000701 0b000001 10044 100 131072 595033 1267 516
0b000401 0b000501 10044 100 131072 595128 1219 516
0b000601 0b000701 10044 100 131072 595150 1269 516
0b000f01 0b000801 10044 100 131072 595047 1488 516
0b000801 0b000901 10044 100 131072 595238 1423 516
0b000001 0b000101 10044 100 131072 595238 1426 516
0b000701 0b000001 10045 100 131072 595136 1578 516
0b000701 0b000001 10046 100 131072 595136 1578 516
0b000b01 0b000c01 10044 100 131072 595111 1617 516
0b000f01 0b000801 10045 100 131072 595122 1613 516
0b000701 0b000001 10047 100 131072 595161 1578 516
0b000f01 0b000801 10046 100 131072 595147 1613 516
0b000f01 0b000801 10047 100 131072 595147 1638 516
0b000701 0b000001 10048 100 131072 596219 795 516
0b000d01 0b000e01 10044 100 131072 595190 1813 516
0b000101 0b000a01 10006 100 131072 589339 7695 7357
0b000f01 0b000801 10048 100 131072 596038 972 516
0b000901 0b000201 10006 100 131072 589339 7695 7357
0b000101 0b000201 10046 100 131072 595666 1511 516
0b000101 0b000201 10047 100 131072 595680 1497 516
0b000301 0b000401 10045 100 131072 595278 1914 516
0b000901 0b000a01 10046 100 131072 595666 1511 516
0b000901 0b000a01 10047 100 131072 595680 1497 516
0b000c01 0b000d01 10045 100 131072 595278 1911 516
0b000c01 0b000d01 10046 100 131072 595286 1928 516
0b000301 0b000401 10046 100 131072 595292 1925 516
0b000301 0b000401 10047 100 131072 595295 1922 516
0b000b01 0b000c01 10045 100 131072 595217 2022 516
0b000c01 0b000d01 10047 100 131072 595286 1953 516
0b000c01 0b000d01 10048 100 131072 595300 1939 516
0b000101 0b000201 10048 100 131072 595744 1497 516
0b000d01 0b000e01 10045 100 131072 595261 1999 516
0b000c01 0b000d01 10049 100 131072 595307 1957 516
0b000301 0b000401 10048 100 131072 595357 1885 516
0b000801 0b000901 10045 100 131072 595388 1878 516
0b000901 0b000a01 10048 100 131072 595744 1522 516
0b000901 0b000a01 10049 100 131072 595758 1508 516
0b000501 0b000e01 10006 100 131072 590073 7192 7357
0b000001 0b000101 10045 100 131072 595388 1878 516
0b000101 0b000201 10049 100 131072 595758 1508 516
0b000301 0b000401 10049 100 131072 595413 1854 516
0b000201 0b000b01 10006 100 131072 590040 7232 7357
0b000a01 0b000301 10006 100 131072 590034 7291 7357
0b000b01 0b000c01 10046 100 131072 595300 2073 516
0b000b01 0b000c01 10047 100 131072 595332 2041 516
0b000801 0b000901 10046 100 131072 595463 1917 516
0b000b01 0b000401 10006 100 131072 589998 7393 7357
0b000501 0b000601 10044 100 131072 595269 2037 516
0b000801 0b000901 10047 100 131072 595488 1906 516
0b000b01 0b000c01 10048 100 131072 595332 2066 516
0b000e01 0b000701 10006 100 131072 590165 7236 7357
0b000801 0b000901 10048 100 131072 595488 1920 516
0b000401 0b000d01 10006 100 131072 590115 7207 7357
0b000b01 0b000c01 10049 100 131072 595437 1986 516
0b000d01 0b000e01 10046 100 131072 595378 2085 516
0b000c01 0b000501 10006 100 131072 590112 7362 7357
0b000d01 0b000e01 10047 100 131072 595392 2085 516
0b000401 0b000501 10045 100 131072 595331 2041 516
0b000d01 0b000601 10006 100 131072 590187 7305 7357
0b000401 0b000501 10046 100 131072 595345 2027 516
0b000d01 0b000e01 10048 100 131072 595406 2096 516
0b000d01 0b000e01 10049 100 131072 595417 2085 516
0b000001 0b000101 10046 100 131072 595463 1917 516
0b000e01 0b000f01 10046 100 131072 595360 2164 516
0b000001 0b000101 10047 100 131072 595488 1906 516
0b000e01 0b000f01 10044 100 131072 595367 2171 516
0b000401 0b000501 10047 100 131072 595359 2038 516
0b000001 0b000101 10048 100 131072 595488 1920 516
0b000501 0b000601 10045 100 131072 595303 2119 516
0b000401 0b000501 10048 100 131072 595367 2055 516
0b000601 0b000701 10046 100 131072 595370 2052 516
0b000601 0b000701 10045 100 131072 595374 2048 516
0b000601 0b000701 10047 100 131072 595384 2063 516
0b000401 0b000501 10049 100 131072 595487 1960 516
0b000601 0b000701 10048 100 131072 595384 2063 516
0b000601 0b000f01 10006 100 131072 590179 7292 7357
0b000601 0b000701 10049 100 131072 595392 2080 516
0b000501 0b000601 10046 100 131072 595392 2144 516
0b000801 0b000901 10049 100 131072 596082 1465 516
0b000f01 0b000001 10006 100 131072 590232 7316 7357
0b000001 0b000101 10049 100 131072 596096 1451 516
0b000701 0b000801 10006 100 131072 590232 7316 7357
0b000e01 0b000f01 10045 100 131072 595367 2185 516
0b000501 0b000601 10047 100 131072 595406 2144 516
0b000501 0b000601 10048 100 131072 595420 2144 516
0b000301 0b000c01 10006 100 131072 590073 7500 7357
0b000e01 0b000f01 10047 100 131072 595453 2188 516
0b000501 0b000601 10049 100 131072 595434 2144 516
0b000e01 0b000f01 10048 100 131072 595467 2188 516
0b000a01 0b000b01 10049 100 131072 597173 489 516
0b000e01 0b000f01 10049 100 131072 595481 2188 516
0b000201 0b000301 10049 100 131072 597373 489 516
0b000801 0b000101 10006 100 131072 590831 7474 7357
0b000701 0b000001 10049 100 131072 597806 489 516
0b000001 0b000901 10006 100 131072 590831 7544 7357
0b000f01 0b000801 10049 100 131072 597918 489 516
0b000a01 0b000b01 10050 100 131072 598203 655 516
0b000201 0b000301 10050 100 131072 598204 654 516
0b000d01 0b000e01 10050 100 131072 598396 489 516
0b000a01 0b000b01 10051 100 131072 598423 635 516
0b000201 0b000301 10051 100 131072 598423 635 516
0b000b01 0b000c01 10050 100 131072 598283 1014 516
0b000401 0b000501 10050 100 131072 598688 495 516
0b000301 0b000401 10050 100 131072 598283 1014 516
0b000001 0b000101 10050 100 131072 599310 494 516
0b000501 0b000601 10050 100 131072 599357 489 516
0b000301 0b000401 10051 100 131072 598443 1443 516
0b000b01 0b000c01 10051 100 131072 598446 1467 516
0b000701 0b000001 10050 100 131072 599429 495 516
0b000301 0b000401 10052 100 131072 598493 1482 516
0b000b01 0b000c01 10052 100 131072 598496 1517 516
0b000301 0b000401 10053 100 131072 598568 1471 516
0b000101 0b000201 10050 100 131072 599674 500 516
0b000b01 0b000c01 10053 100 131072 598571 1517 516
0b000301 0b000401 10054 100 131072 599251 993 516
0b000901 0b000a01 10050 100 131072 599671 499 516
0b000c01 0b000d01 10050 100 131072 599738 489 516
0b000b01 0b000c01 10054 100 131072 599226 1018 516
0b000801 0b000901 10050 100 131072 599545 906 516
0b000301 0b000401 10055 100 131072 600335 509 516
0b000001 0b000101 10051 100 131072 599724 1137 516
0b000001 0b000101 10052 100 131072 599749 1137 516
0b000b01 0b000c01 10055 100 131072 600282 512 516
0b000e01 0b000f01 10050 100 131072 600013 861 516
0b000801 0b000901 10051 100 131072 599745 1336 516
0b000201 0b000b01 10007 100 131072 593938 7190 7357
0b000a01 0b000301 10007 100 131072 593938 7190 7357
0b000001 0b000101 10053 100 131072 600024 1112 516
0b000801 0b000901 10052 100 131072 599795 1386 516
0b000b01 0b000c01 10056 100 131072 600672 511 516
0b000201 0b000301 10052 100 131072 600044 1157 516
0b000a01 0b000b01 10052 100 131072 600044 1157 516
0b000001 0b000101 10054 100 131072 600558 778 516
0b000801 0b000901 10053 100 131072 600020 1311 516
0b000301 0b000401 10056 100 131072 600872 511 516
0b000101 0b000201 10051 100 131072 600276 1154 516
0b000901 0b000a01 10051 100 131072 600276 1207 516
0b000801 0b000901 10054 100 131072 600558 948 516
0b000a01 0b000b01 10053 100 131072 600187 1403 516
0b000a01 0b000b01 10054 100 131072 600187 1403 516
0b000c01 0b000d01 10051 100 131072 600249 1350 516
0b000201 0b000301 10053 100 131072 600187 1403 516
0b000201 0b000301 10054 100 131072 600187 1403 516
0b000201 0b000301 10055 100 131072 600251 1389 516
0b000a01 0b000b01 10055 100 131072 600276 1364 516
0b000001 0b000101 10055 100 131072 601305 531 516
0b000901 0b000a01 10052 100 131072 600390 1489 516
0b000101 0b000201 10052 100 131072 600404 1500 516
0b000901 0b000a01 10053 100 131072 600418 1475 516
0b000601 0b000701 10050 100 131072 600316 1591 516
0b000101 0b000201 10053 100 131072 600418 1500 516
0b000801 0b000901 10055 100 131072 601417 514 516
0b000901 0b000a01 10054 100 131072 600557 1450 516
0b000101 0b000201 10054 100 131072 600557 1475 516
0b000c01 0b000501 10007 100 131072 594844 7186 7357
0b000401 0b000501 10051 100 131072 600227 1891 516
0b000401 0b000501 10052 100 131072 600227 1891 516
0b000c01 0b000d01 10052 100 131072 600383 1735 516
0b000c01 0b000d01 10053 100 131072 600408 1710 516
0b000d01 0b000e01 10051 100 131072 600224 1906 516
0b000d01 0b000e01 10052 100 131072 600249 1881 516
0b000401 0b000501 10053 100 131072 600252 1891 516
0b000301 0b000c01 10007 100 131072 594958 7190 7357
0b000c01 0b000d01 10054 100 131072 600433 1710 516
0b000d01 0b000e01 10053 100 131072 600249 1895 516
0b000d01 0b000e01 10054 100 131072 600274 1870 516
0b000401 0b000501 10054 100 131072 600277 1891 516
0b000e01 0b000f01 10051 100 131072 600270 1886 516
0b000e01 0b000f01 10052 100 131072 600275 1881 516
0b000d01 0b000e01 10055 100 131072 600332 1848 516
0b000401 0b000501 10055 100 131072 600401 1792 516
0b000c01 0b000d01 10055 100 131072 600583 1635 516
0b000901 0b000a01 10055 100 131072 601385 836 516
0b000101 0b000201 10055 100 131072 601315 906 516
0b000501 0b000601 10052 100 131072 600382 1873 516
0b000f01 0b000001 10007 100 131072 594922 7351 7357
0b000501 0b000601 10053 100 131072 600382 1898 516
0b000501 0b000601 10054 100 131072 600432 1848 516
0b000d01 0b000601 10007 100 131072 595136 7187 7357
0b000501 0b000601 10055 100 131072 600457 1848 516
0b000701 0b000001 10051 100 131072 600411 1894 516
0b000601 0b000f01 10007 100 131072 595125 7188 7357
0b000e01 0b000f01 10053 100 131072 600473 1897 516
0b000701 0b000801 10007 100 131072 595033 7286 7357
0b000b01 0b000401 10007 100 131072 595086 7301 7357
0b000e01 0b000f01 10054 100 131072 600487 1908 516
0b000701 0b000001 10052 100 131072 600432 1898 516
0b000501 0b000601 10051 100 131072 600484 1860 516
0b000e01 0b000f01 10055 100 131072 600512 1908 516
0b000701 0b000001 10053 100 131072 600432 1912 516
0b000701 0b000001 10054 100 131072 600457 1887 516
0b000f01 0b000801 10051 100 131072 600481 1941 516
0b000701 0b000001 10055 100 131072 600482 1887 516
0b000401 0b000d01 10007 100 131072 595103 7281 7357
0b000b01 0b000c01 10057 100 131072 601868 664 516
0b000601 0b000701 10052 100 131072 600432 1970 516
0b000501 0b000e01 10007 100 131072 595289 7186 7357
0b000601 0b000701 10051 100 131072 600502 2025 516
0b000301 0b000401 10057 100 131072 601868 664 516
0b000801 0b000101 10007 100 131072 595363 7213 7357
0b000001 0b000901 10007 100 131072 595363 7227 7357
0b000601 0b000701 10053 100 131072 600546 2056 516
0b000e01 0b000701 10007 100 131072 595353 7289 7357
0b000601 0b000701 10054 100 131072 600560 2067 516
0b000601 0b000701 10055 100 131072 600588 2053 516
0b000f01 0b000801 10050 100 131072 600534 2150 516
0b000e01 0b000f01 10056 100 131072 601895 792 516
0b000501 0b000601 10056 100 131072 602193 514 516
0b000301 0b000401 10058 100 131072 602068 653 516
0b000f01 0b000801 10052 100 131072 600548 2150 516
0b000f01 0b000801 10053 100 131072 600562 2150 516
0b000b01 0b000c01 10058 100 131072 602068 653 516
0b000401 0b000501 10056 100 131072 602307 489 516
0b000f01 0b000801 10054 100 131072 600651 2125 516
0b000f01 0b000801 10055 100 131072 600679 2111 516
0b000c01 0b000d01 10056 100 131072 602307 489 516
0b000101 0b000a01 10007 100 131072 595652 7389 7357
0b000101 0b000201 10056 100 131072 602814 520 516
0b000901 0b000201 10007 100 131072 595652 7707 7357
0b000601 0b000701 10056 100 131072 602856 489 516
0b000001 0b000101 10056 100 131072 602934 489 516
0b000201 0b000301 10056 100 131072 603184 489 516
0b000a01 0b000b01 10056 100 131072 603180 506 516
0b000d01 0b000e01 10056 100 131072 603237 511 516
0b000901 0b000a01 10056 100 131072 603461 489 516
0b000401 0b000501 10057 100 131072 602896 1214 516
0b000c01 0b000d01 10057 100 131072 602923 1264 516
0b000f01 0b000801 10056 100 131072 603884 489 516
0b000401 0b000501 10058 100 131072 602985 1453 516
0b000401 0b000501 10059 100 131072 603049 1489 516
0b000c01 0b000d01 10058 100 131072 603023 1540 516
0b000401 0b000501 10060 100 131072 603254 1509 516
0b000c01 0b000d01 10059 100 131072 603098 1590 516
0b000c01 0b000d01 10060 100 131072 603254 1584 516
0b000201 0b000301 10057 100 131072 604440 506 516
0b000401 0b000501 10061 100 131072 603854 1223 516
0b000a01 0b000b01 10057 100 131072 604493 498 516
0b000301 0b000401 10059 100 131072 604138 1001 516
0b000101 0b000201 10057 100 131072 603871 1293 516
0b000101 0b000201 10058 100 131072 603896 1293 516
0b000401 0b000501 10062 100 131072 604393 834 516
0b000d01 0b000e01 10057 100 131072 604609 509 516
0b000301 0b000401 10060 100 131072 604211 1103 516
0b000c01 0b000d01 10061 100 131072 603804 1348 516
0b000b01 0b000c01 10059 100 131072 604138 1026 516
0b000901 0b000a01 10057 100 131072 604091 1173 516
0b000c01 0b000d01 10062 100 131072 604193 1073 516
0b000b01 0b000c01 10060 100 131072 604211 1103 516
0b000701 0b000001 10056 100 131072 604917 498 516
0b000101 0b000201 10059 100 131072 604146 1437 516
0b000901 0b000a01 10058 100 131072 604191 1413 516
0b000c01 0b000d01 10063 100 131072 605158 511 516
0b000b01 0b000c01 10061 100 131072 604600 1139 516
0b000101 0b000201 10060 100 131072 604346 1362 516
0b000b01 0b000c01 10062 100 131072 604600 1164 516
0b000301 0b000401 10061 100 131072 604600 1139 516
0b000301 0b000401 10062 100 131072 604600 1139 516
0b000901 0b000a01 10059 100 131072 604341 1513 516
0b000101 0b000201 10061 100 131072 604846 1112 516
0b000901 0b000a01 10060 100 131072 604516 1513 516
0b000c01 0b000d01 10064 100 131072 605542 686 516
0b000901 0b000a01 10061 100 131072 604941 1288 516
0b000101 0b000201 10062 100 131072 605586 622 516
0b000401 0b000501 10063 100 131072 605397 843 516
0b000a01 0b000b01 10058 100 131072 604889 1397 516
0b000201 0b000301 10058 100 131072 604914 1389 516
0b000a01 0b000b01 10059 100 131072 604903 1408 516
0b000201 0b000301 10059 100 131072 604928 1389 516
0b000c01 0b000d01 10065 100 131072 605731 672 516
0b000901 0b000a01 10062 100 131072 605600 829 516
0b000201 0b000301 10060 100 131072 605042 1389 516
0b000a01 0b000b01 10060 100 131072 605017 1439 516
0b000201 0b000301 10061 100 131072 605231 1264 516
0b000401 0b000501 10064 100 131072 605542 973 516
0b000a01 0b000b01 10061 100 131072 605231 1389 516
0b000801 0b000901 10056 100 131072 605329 1387 516
0b000401 0b000501 10065 100 131072 605731 884 516
0b000a01 0b000b01 10062 100 131072 606051 783 516
0b000201 0b000301 10062 100 131072 606369 490 516
0b000001 0b000901 10008 100 131072 599724 7189 7357
0b000501 0b000601 10057 100 131072 605040 1875 516
0b000801 0b000101 10008 100 131072 599770 7187 7357
0b000d01 0b000e01 10058 100 131072 605128 1837 516
0b000d01 0b000e01 10059 100 131072 605128 1837 516
0b000d01 0b000e01 10060 100 131072 605153 1837 516
0b000701 0b000001 10057 100 131072 605412 1653 516
0b000d01 0b000e01 10061 100 131072 605228 1812 516
0b000d01 0b000e01 10062 100 131072 605394 1696 516
0b000f01 0b000801 10057 100 131072 605166 1974 516
0b000f01 0b000801 10058 100 131072 605166 1999 516
0b000501 0b000601 10058 100 131072 605128 2212 516
0b000501 0b000601 10059 100 131072 605128 2212 516
0b000801 0b000901 10057 100 131072 605432 1887 516
0b000501 0b000601 10060 100 131072 605153 2212 516
0b000501 0b000601 10061 100 131072 605178 2187 516
0b000e01 0b000f01 10057 100 131072 605140 2207 516
0b000e01 0b000f01 10058 100 131072 605140 2207 516
0b000e01 0b000f01 10059 100 131072 605154 2218 516
0b000501 0b000601 10062 100 131072 605203 2187 516
0b000d01 0b000601 10008 100 131072 600199 7184 7357
0b000e01 0b000f01 10060 100 131072 605154 2243 516
0b000e01 0b000f01 10061 100 131072 605190 2207 516
0b000001 0b000101 10057 100 131072 605283 2118 516
0b000f01 0b000801 10060 100 131072 605323 2134 516
0b000f01 0b000801 10059 100 131072 605380 2077 516
0b000e01 0b000f01 10062 100 131072 605485 1987 516
0b000f01 0b000801 10061 100 131072 605405 2077 516
0b000f01 0b000801 10062 100 131072 605430 2052 516
0b000601 0b000701 10057 100 131072 605265 2259 516
0b000001 0b000101 10058 100 131072 605315 2225 516
0b000a01 0b000301 10008 100 131072 600276 7287 7357
0b000601 0b000701 10058 100 131072 605290 2259 516
0b000601 0b000701 10059 100 131072 605290 2259 516
0b000401 0b000d01 10008 100 131072 600202 7355 7357
0b000901 0b000201 10008 100 131072 600404 7188 7357
0b000201 0b000b01 10008 100 131072 600276 7287 7357
0b000701 0b000001 10058 100 131072 605537 2028 516
0b000001 0b000101 10059 100 131072 605340 2225 516
0b000001 0b000101 10060 100 131072 605354 2211 516
0b000d01 0b000e01 10063 100 131072 607197 489 516
0b000e01 0b000701 10008 100 131072 600512 7185 7357
0b000601 0b000701 10061 100 131072 605315 2259 516
0b000601 0b000701 10060 100 131072 605333 2241 516
0b000c01 0b000501 10008 100 131072 600383 7356 7357
0b000101 0b000a01 10008 100 131072 600390 7188 7357
0b000001 0b000101 10061 100 131072 605354 2236 516
0b000501 0b000e01 10008 100 131072 600407 7184 7357
0b000601 0b000701 10062 100 131072 605354 2245 516
0b000f01 0b000001 10008 100 131072 600665 7190 7357
0b000001 0b000101 10062 100 131072 605379 2236 516
0b000701 0b000801 10008 100 131072 600457 7190 7357
0b000701 0b000001 10059 100 131072 605612 2067 516
0b000701 0b000001 10061 100 131072 605637 2056 516
0b000701 0b000001 10062 100 131072 605651 2056 516
0b000701 0b000001 10060 100 131072 605652 2069 516
0b000601 0b000f01 10008 100 131072 600574 7308 7357
0b000501 0b000601 10063 100 131072 607120 868 516
0b000801 0b000901 10058 100 131072 605694 2352 516
0b000801 0b000901 10059 100 131072 605708 2352 516
0b000801 0b000901 10060 100 131072 605722 2352 516
0b000801 0b000901 10061 100 131072 605786 2302 516
0b000801 0b000901 10062 100 131072 605800 2302 516
0b000301 0b000401 10063 100 131072 607956 518 516
0b000801 0b000901 10063 100 131072 607383 983 516
0b000b01 0b000c01 10063 100 131072 608001 523 516
0b000d01 0b000e01 10064 100 131072 607573 1051 516
0b000e01 0b000f01 10063 100 131072 608128 509 516
0b000a01 0b000b01 10063 100 131072 608274 514 516
0b000401 0b000501 10066 100 131072 608149 703 516
0b000501 0b000601 10064 100 131072 607448 1415 516
0b000c01 0b000d01 10066 100 131072 608174 738 516
0b000001 0b000101 10063 100 131072 608425 489 516
0b000501 0b000601 10065 100 131072 607548 1529 516
0b000d01 0b000e01 10065 100 131072 607698 1404 516
0b000c01 0b000d01 10067 100 131072 608324 852 516
0b000401 0b000501 10067 100 131072 608324 817 516
0b000a01 0b000b01 10064 100 131072 608614 688 516
0b000c01 0b000d01 10068 100 131072 608774 647 516
0b000d01 0b000e01 10066 100 131072 607848 1592 516
0b000501 0b000601 10066 100 131072 607773 1543 516
0b000201 0b000301 10063 100 131072 608174 1164 516
0b000201 0b000301 10064 100 131072 608199 1153 516
0b000401 0b000501 10068 100 131072 608749 631 516
0b000501 0b000601 10067 100 131072 608087 1432 516
0b000501 0b000601 10068 100 131072 608237 1396 516
0b000d01 0b000e01 10067 100 131072 608162 1792 516
0b000d01 0b000e01 10068 100 131072 608276 1799 516
0b000a01 0b000b01 10065 100 131072 608864 1262 516
0b000201 0b000301 10065 100 131072 608593 1599 516
0b000d01 0b000e01 10069 100 131072 608679 1646 516
0b000201 0b000301 10066 100 131072 608718 1549 516
0b000a01 0b000b01 10066 100 131072 609039 1351 516
0b000501 0b000601 10069 100 131072 609250 1097 516
0b000901 0b000a01 10063 100 131072 609726 699 516
0b000601 0b000701 10063 100 131072 609925 497 516
0b000201 0b000301 10067 100 131072 608968 1470 516
0b000a01 0b000b01 10067 100 131072 609239 1301 516
0b000101 0b000201 10063 100 131072 609967 489 516
0b000201 0b000301 10068 100 131072 609218 1293 516
0b000d01 0b000e01 10070 100 131072 609238 1337 516
0b000501 0b000601 10070 100 131072 609525 1050 516
0b000a01 0b000b01 10068 100 131072 609439 1176 516
0b000501 0b000601 10071 100 131072 609625 1000 516
0b000d01 0b000e01 10071 100 131072 609413 1212 516
0b000901 0b000a01 10064 100 131072 609923 802 516
0b000b01 0b000c01 10064 100 131072 609296 1542 516
0b000b01 0b000c01 10065 100 131072 609321 1542 516
0b000301 0b000401 10064 100 131072 609313 1689 516
0b000301 0b000401 10065 100 131072 609327 1675 516
0b000901 0b000a01 10065 100 131072 610329 635 516
0b000801 0b000901 10064 100 131072 610175 857 516
0b000d01 0b000e01 10072 100 131072 610567 508 516
0b000a01 0b000b01 10069 100 131072 610588 500 516
0b000201 0b000301 10069 100 131072 610602 509 516
0b000b01 0b000c01 10066 100 131072 609466 1697 516
0b000301 0b000401 10066 100 131072 609441 1764 516
0b000501 0b000601 10072 100 131072 610749 501 516
0b000b01 0b000c01 10067 100 131072 609630 1697 516
0b000301 0b000401 10067 100 131072 609505 1789 516
0b000b01 0b000c01 10068 100 131072 609844 1597 516
0b000301 0b000401 10068 100 131072 609869 1589 516
0b000b01 0b000c01 10069 100 131072 610573 1036 516
0b000301 0b000401 10069 100 131072 610573 1061 516
0b000401 0b000501 10069 100 131072 611484 503 516
0b000101 0b000201 10064 100 131072 610411 1639 516
0b000c01 0b000d01 10069 100 131072 611534 514 516
0b000e01 0b000f01 10064 100 131072 609975 2172 516
0b000e01 0b000f01 10065 100 131072 609975 2172 516
0b000301 0b000c01 10008 100 131072 604650 7559 7357
0b000e01 0b000f01 10066 100 131072 610000 2172 516
0b000e01 0b000f01 10067 100 131072 610050 2122 516
0b000b01 0b000401 10008 100 131072 604650 7559 7357
0b000001 0b000101 10064 100 131072 610575 1734 516
0b000e01 0b000f01 10068 100 131072 610100 2172 516
0b000b01 0b000c01 10070 100 131072 611798 489 516
0b000501 0b000601 10073 100 131072 611862 588 516
0b000801 0b000901 10065 100 131072 610467 1940 516
0b000801 0b000901 10066 100 131072 610467 1965 516
0b000801 0b000901 10067 100 131072 610492 1940 516
0b000801 0b000901 10068 100 131072 610492 1965 516
0b000801 0b000901 10069 100 131072 610657 1850 516
0b000d01 0b000e01 10073 100 131072 611922 612 516
0b000e01 0b000f01 10069 100 131072 610601 1985 516
0b000501 0b000601 10074 100 131072 612151 574 516
0b000d01 0b000e01 10074 100 131072 612186 598 516
0b000101 0b000201 10065 100 131072 610550 2245 516
0b000901 0b000a01 10066 100 131072 611056 1814 516
0b000901 0b000a01 10067 100 131072 611070 1814 516
0b000101 0b000201 10066 100 131072 610575 2245 516
0b000901 0b000a01 10068 100 131072 611098 1800 516
0b000601 0b000701 10064 100 131072 610350 2484 516
0b000001 0b000101 10066 100 131072 610689 2145 516
0b000101 0b000201 10067 100 131072 610575 2259 516
0b000601 0b000701 10065 100 131072 610350 2484 516
0b000001 0b000101 10067 100 131072 610703 2131 516
0b000901 0b000a01 10069 100 131072 611112 1800 516
0b000101 0b000201 10068 100 131072 610600 2234 516
0b000301 0b000401 10070 100 131072 612348 489 516
0b000e01 0b000f01 10070 100 131072 611634 1298 516
0b000101 0b000201 10069 100 131072 610625 2220 516
0b000f01 0b000001 10009 100 131072 605697 7291 7357
0b000601 0b000701 10066 100 131072 610375 2484 516
0b000001 0b000101 10068 100 131072 610717 2142 516
0b000901 0b000a01 10070 100 131072 611376 1625 516
0b000601 0b000701 10067 100 131072 610375 2484 516
0b000001 0b000101 10069 100 131072 610731 2128 516
0b000e01 0b000f01 10071 100 131072 612112 901 516
0b000f01 0b000801 10063 100 131072 610357 2707 516
0b000f01 0b000801 10064 100 131072 610357 2707 516
0b000601 0b000701 10068 100 131072 610393 2491 516
0b000601 0b000701 10069 100 131072 610400 2484 516
0b000f01 0b000801 10065 100 131072 610382 2707 516
0b000f01 0b000801 10066 100 131072 610407 2682 516
0b000601 0b000f01 10009 100 131072 605717 7185 7357
0b000001 0b000101 10065 100 131072 610865 2044 516
0b000d01 0b000601 10009 100 131072 605806 7307 7357
0b000f01 0b000801 10067 100 131072 610407 2707 516
0b000f01 0b000801 10068 100 131072 610482 2657 516
0b000101 0b000201 10070 100 131072 611924 1160 516
0b000701 0b000001 10063 100 131072 610534 2575 516
0b000501 0b000e01 10009 100 131072 605806 7308 7357
0b000701 0b000001 10064 100 131072 610559 2575 516
0b000701 0b000001 10065 100 131072 610559 2575 516
0b000701 0b000001 10067 100 131072 610584 2575 516
0b000701 0b000001 10068 100 131072 610584 2575 516
0b000701 0b000001 10069 100 131072 610609 2575 516
0b000701 0b000001 10066 100 131072 610707 2502 516
0b000f01 0b000801 10069 100 131072 610892 2397 516
0b000f01 0b000801 10070 100 131072 611647 1767 516
0b000201 0b000b01 10009 100 131072 606344 7194 7357
0b000b01 0b000c01 10071 100 131072 613136 624 516
0b000101 0b000a01 10009 100 131072 606433 7352 7357
0b000701 0b000801 10009 100 131072 606355 7432 7357
0b000701 0b000001 10070 100 131072 613432 502 516
0b000e01 0b000f01 10072 100 131072 612964 964 516
0b000e01 0b000701 10009 100 131072 606758 7187 7357
0b000201 0b000301 10070 100 131072 613466 511 516
0b000a01 0b000b01 10070 100 131072 613435 565 516
0b000601 0b000701 10070 100 131072 611873 2300 516
0b000601 0b000701 10071 100 131072 612087 2250 516
0b000a01 0b000301 10009 100 131072 606960 7196 7357
0b000e01 0b000f01 10073 100 131072 613085 1307 516
0b000c01 0b000d01 10070 100 131072 613848 552 516
0b000301 0b000c01 10009 100 131072 606683 7791 7357
0b000b01 0b000401 10009 100 131072 606696 7782 7357
0b000301 0b000401 10071 100 131072 613202 1285 516
0b000a01 0b000b01 10071 100 131072 613735 765 516
0b000901 0b000a01 10071 100 131072 614042 496 516
0b000601 0b000701 10072 100 131072 612529 2122 516
0b000601 0b000701 10073 100 131072 612643 2022 516
0b000b01 0b000c01 10072 100 131072 613400 1237 516
0b000a01 0b000b01 10072 100 131072 613974 690 516
0b000301 0b000401 10072 100 131072 613277 1410 516
0b000b01 0b000c01 10073 100 131072 613550 1312 516
0b000e01 0b000f01 10074 100 131072 613335 1571 516
0b000b01 0b000c01 10074 100 131072 613625 1312 516
0b000401 0b000501 10070 100 131072 614012 882 516
0b000301 0b000401 10073 100 131072 613448 1478 516
0b000301 0b000401 10074 100 131072 613521 1480 516
0b000b01 0b000c01 10075 100 131072 614098 989 516
0b000e01 0b000f01 10075 100 131072 613585 1560 516
0b000e01 0b000f01 10076 100 131072 613635 1524 516
0b000301 0b000401 10075 100 131072 614121 1039 516
0b000e01 0b000f01 10077 100 131072 614085 1197 516
0b000c01 0b000d01 10071 100 131072 614173 1128 516
0b000601 0b000701 10074 100 131072 613357 1922 516
0b000601 0b000701 10075 100 131072 613585 1858 516
0b000601 0b000701 10076 100 131072 613635 1822 516
0b000201 0b000301 10071 100 131072 615060 509 516
0b000601 0b000701 10077 100 131072 614260 1311 516
0b000c01 0b000d01 10072 100 131072 614337 1378 516
0b000c01 0b000d01 10073 100 131072 614451 1428 516
0b000401 0b000501 10071 100 131072 614215 1575 516
0b000101 0b000201 10071 100 131072 615319 489 516
0b000401 0b000501 10072 100 131072 614304 1600 516
0b000c01 0b000d01 10074 100 131072 614619 1374 516
0b000401 0b000501 10073 100 131072 614468 1600 516
0b000601 0b000701 10078 100 131072 615460 609 516
0b000401 0b000d01 10009 100 131072 608749 7380 7357
0b000c01 0b000d01 10075 100 131072 615219 938 516
0b000401 0b000501 10074 100 131072 614644 1538 516
0b000c01 0b000501 10009 100 131072 608749 7430 7357
0b000e01 0b000f01 10078 100 131072 615544 638 516
0b000401 0b000501 10075 100 131072 615219 1102 516
0b000601 0b000701 10079 100 131072 615735 659 516
0b000e01 0b000f01 10079 100 131072 615794 763 516
0b000601 0b000701 10080 100 131072 616123 571 516
0b000e01 0b000f01 10080 100 131072 616124 658 516
0b000901 0b000a01 10072 100 131072 615417 1557 516
0b000901 0b000a01 10073 100 131072 615442 1532 516
0b000901 0b000a01 10074 100 131072 615442 1557 516
0b000901 0b000a01 10075 100 131072 615517 1507 516
0b000b01 0b000c01 10076 100 131072 616548 507 516
0b000c01 0b000d01 10076 100 131072 616770 490 516
0b000001 0b000901 10009 100 131072 610075 7188 7357
0b000f01 0b000801 10071 100 131072 615157 2167 516
0b000801 0b000101 10009 100 131072 610150 7192 7357
0b000f01 0b000801 10072 100 131072 615182 2167 516
0b000f01 0b000801 10073 100 131072 615182 2167 516
0b000f01 0b000801 10074 100 131072 615282 2217 516
0b000101 0b000201 10072 100 131072 615844 1579 516
0b000101 0b000201 10073 100 131072 615844 1579 516
0b000a01 0b000b01 10073 100 131072 615880 1639 516
0b000b01 0b000c01 10077 100 131072 617010 512 516
0b000101 0b000201 10074 100 131072 615869 1579 516
0b000a01 0b000b01 10074 100 131072 615894 1639 516
0b000101 0b000201 10075 100 131072 615919 1529 516
0b000a01 0b000b01 10075 100 131072 615908 1639 516
0b000a01 0b000b01 10076 100 131072 616011 1624 516
0b000201 0b000301 10072 100 131072 615805 1846 516
0b000201 0b000301 10073 100 131072 615830 1846 516
0b000201 0b000301 10074 100 131072 615844 1832 516
0b000301 0b000401 10076 100 131072 616987 699 516
0b000201 0b000301 10075 100 131072 615855 1846 516
0b000201 0b000301 10076 100 131072 616094 1657 516
0b000f01 0b000801 10075 100 131072 615596 2228 516
0b000301 0b000401 10077 100 131072 617166 697 516
0b000d01 0b000e01 10075 100 131072 617410 499 516
0b000701 0b000001 10071 100 131072 615844 2154 516
0b000701 0b000001 10072 100 131072 615869 2129 516
0b000a01 0b000b01 10077 100 131072 616795 1190 516
0b000701 0b000001 10073 100 131072 615869 2154 516
0b000f01 0b000801 10077 100 131072 615912 2137 516
0b000f01 0b000801 10076 100 131072 616023 2051 516
0b000701 0b000001 10074 100 131072 615894 2154 516
0b000701 0b000001 10075 100 131072 615894 2154 516
0b000001 0b000101 10070 100 131072 615998 2141 516
0b000a01 0b000b01 10078 100 131072 617548 651 516
0b000b01 0b000c01 10078 100 131072 617510 699 516
0b000501 0b000601 10075 100 131072 617904 509 516
0b000b01 0b000c01 10079 100 131072 617674 699 516
0b000f01 0b000801 10078 100 131072 616938 1436 516
0b000901 0b000201 10009 100 131072 611084 7309 7357
0b000c01 0b000d01 10077 100 131072 617484 927 516
0b000d01 0b000e01 10076 100 131072 618311 512 516
0b000001 0b000101 10071 100 131072 616119 2734 516
0b000001 0b000101 10072 100 131072 616144 2734 516
0b000801 0b000901 10070 100 131072 616074 2770 516
0b000701 0b000001 10076 100 131072 616955 1941 516
0b000001 0b000101 10073 100 131072 616169 2734 516
0b000001 0b000101 10074 100 131072 616169 2734 516
0b000801 0b000901 10071 100 131072 616074 2795 516
0b000801 0b000901 10072 100 131072 616099 2770 516
0b000801 0b000901 10073 100 131072 616124 2770 516
0b000801 0b000901 10074 100 131072 616149 2770 516
0b000001 0b000101 10075 100 131072 616194 2734 516
0b000001 0b000101 10076 100 131072 616219 2709 516
0b000801 0b000901 10075 100 131072 616299 2695 516
0b000c01 0b000d01 10078 100 131072 617647 1378 516
0b000801 0b000901 10076 100 131072 616424 2645 516
0b000001 0b000101 10077 100 131072 616944 2109 516
0b000801 0b000901 10077 100 131072 616797 2322 516
0b000401 0b000501 10076 100 131072 617488 1587 516
0b000401 0b000501 10077 100 131072 617497 1578 516
0b000301 0b000401 10078 100 131072 618579 514 516
0b000f01 0b000801 10079 100 131072 617916 1367 516
0b000c01 0b000d01 10079 100 131072 617872 1478 516
0b000c01 0b000d01 10080 100 131072 617947 1453 516
0b000201 0b000301 10077 100 131072 618818 489 516
0b000701 0b000001 10077 100 131072 617347 2020 516
0b000c01 0b000d01 10081 100 131072 618097 1353 516
0b000e01 0b000701 10010 100 131072 610696 8770 7357
0b000401 0b000501 10078 100 131072 617697 1803 516
0b000b01 0b000401 10010 100 131072 612312 7349 7357
0b000f01 0b000801 10080 100 131072 618155 1542 516
0b000f01 0b000801 10081 100 131072 618169 1542 516
0b000d01 0b000e01 10077 100 131072 618725 1039 516
0b000f01 0b000801 10082 100 131072 618292 1508 516
0b000701 0b000001 10078 100 131072 617661 2045 516
0b000401 0b000501 10079 100 131072 617936 1789 516
0b000301 0b000c01 10010 100 131072 612362 7377 7357
0b000401 0b000501 10080 100 131072 618011 1739 516
0b000401 0b000501 10081 100 131072 618170 1630 516
0b000501 0b000601 10076 100 131072 618800 1339 516
0b000d01 0b000e01 10078 100 131072 618889 1501 516
0b000f01 0b000801 10083 100 131072 619192 1267 516
0b000d01 0b000e01 10079 100 131072 619003 1539 516
0b000701 0b000001 10079 100 131072 618289 2306 516
0b000c01 0b000d01 10082 100 131072 620065 502 516
0b000501 0b000601 10077 100 131072 618914 1739 516
0b000d01 0b000e01 10080 100 131072 619139 1518 516
0b000f01 0b000801 10084 100 131072 619567 1092 516
0b000d01 0b000e01 10081 100 131072 619167 1515 516
0b000601 0b000f01 10010 100 131072 610998 9709 7357
0b000f01 0b000801 10085 100 131072 619792 967 516
0b000901 0b000a01 10076 100 131072 620273 536 516
0b000101 0b000201 10076 100 131072 620352 506 516
0b000701 0b000001 10080 100 131072 618453 2456 516
0b000701 0b000001 10081 100 131072 618467 2456 516
0b000501 0b000601 10078 100 131072 619078 1893 516
0b000c01 0b000d01 10083 100 131072 620532 497 516
0b000701 0b000001 10082 100 131072 618581 2456 516
0b000501 0b000601 10080 100 131072 619189 1882 516
0b000501 0b000601 10079 100 131072 619192 1879 516
0b000a01 0b000b01 10079 100 131072 619984 1195 516
0b000a01 0b000b01 10080 100 131072 619984 1220 516
0b000a01 0b000b01 10081 100 131072 620034 1170 516
0b000501 0b000601 10081 100 131072 619331 1790 516
0b000701 0b000001 10083 100 131072 619079 2204 516
0b000401 0b000501 10082 100 131072 620696 665 516
0b000701 0b000001 10084 100 131072 619404 2004 516
0b000701 0b000001 10085 100 131072 619704 1729 516
0b000401 0b000501 10083 100 131072 620873 688 516
0b000101 0b000201 10077 100 131072 621149 509 516
0b000201 0b000301 10078 100 131072 620433 1253 516
0b000201 0b000301 10079 100 131072 620458 1228 516
0b000201 0b000301 10080 100 131072 620458 1253 516
0b000401 0b000d01 10010 100 131072 614012 7738 7357
0b000201 0b000301 10081 100 131072 621403 635 516
0b000301 0b000401 10079 100 131072 620661 1517 516
0b000e01 0b000701 10011 100 131072 612450 9396 7357
0b000301 0b000401 10080 100 131072 620686 1517 516
0b000301 0b000401 10081 100 131072 620686 1517 516
0b000801 0b000901 10078 100 131072 620359 1564 516
0b000c01 0b000d01 10084 100 131072 621219 710 516
0b000801 0b000901 10079 100 131072 620359 1595 516
0b000d01 0b000e01 10082 100 131072 621421 537 516
0b000b01 0b000c01 10080 100 131072 620529 1489 516
0b000b01 0b000c01 10081 100 131072 620543 1489 516
0b000c01 0b000d01 10085 100 131072 621383 699 516
0b000801 0b000901 10080 100 131072 620509 1645 516
0b000c01 0b000501 10010 100 131072 613873 8282 7357
0b000b01 0b000c01 10082 100 131072 620645 1551 516
0b000301 0b000401 10082 100 131072 620761 1492 516
0b000e01 0b000f01 10081 100 131072 621833 502 516
0b000b01 0b000c01 10083 100 131072 620995 1415 516
0b000b01 0b000c01 10084 100 131072 621209 1265 516
0b000801 0b000901 10081 100 131072 620834 1670 516
0b000601 0b000f01 10011 100 131072 612326 10105 7357
0b000d01 0b000e01 10083 100 131072 622035 589 516
0b000801 0b000901 10082 100 131072 621059 1595 516
0b000501 0b000601 10082 100 131072 622085 489 516
0b000401 0b000501 10084 100 131072 622103 514 516
0b000001 0b000101 10078 100 131072 621008 1718 516
0b000001 0b000101 10079 100 131072 621033 1693 516
0b000001 0b000101 10080 100 131072 621058 1693 516
0b000001 0b000101 10081 100 131072 621058 1718 516
0b000901 0b000201 10010 100 131072 615467 7333 7357
0b000801 0b000901 10083 100 131072 621384 1445 516
0b000301 0b000401 10083 100 131072 622317 504 516
0b000701 0b000001 10086 100 131072 622476 502 516
0b000001 0b000101 10082 100 131072 621906 1157 516
0b000201 0b000b01 10010 100 131072 615844 7263 7357
0b000401 0b000501 10085 100 131072 622671 489 516
0b000c01 0b000d01 10086 100 131072 622749 500 516
0b000a01 0b000301 10010 100 131072 615922 7338 7357
0b000101 0b000a01 10010 100 131072 615869 7373 7357
0b000e01 0b000f01 10082 100 131072 622774 500 516
0b000501 0b000e01 10010 100 131072 612390 10896 7357
0b000001 0b000101 10083 100 131072 622716 622 516
0b000801 0b000101 10010 100 131072 616099 7303 7357
0b000801 0b000901 10084 100 131072 622293 1111 516
0b000501 0b000601 10083 100 131072 622510 914 516
0b000001 0b000901 10010 100 131072 616144 7299 7357
0b000d01 0b000e01 10084 100 131072 622360 1190 516
0b000d01 0b000601 10010 100 131072 612431 11178 7357
0b000d01 0b000e01 10085 100 131072 622410 1215 516
0b000601 0b000701 10081 100 131072 623149 500 516
0b000d01 0b000e01 10086 100 131072 622460 1165 516
0b000501 0b000e01 10011 100 131072 614997 8653 7357
0b000801 0b000901 10085 100 131072 622707 1047 516
0b000d01 0b000601 10011 100 131072 615058 8733 7357
0b000c01 0b000501 10011 100 131072 615297 8503 7357
0b000801 0b000901 10086 100 131072 622810 1157 516
0b000101 0b000201 10078 100 131072 621863 2117 516
0b000901 0b000a01 10077 100 131072 621879 2181 516
0b000401 0b000d01 10011 100 131072 615847 8165 7357
0b000d01 0b000e01 10087 100 131072 623577 498 516
0b000901 0b000a01 10078 100 131072 621879 2206 516
0b000501 0b000601 10084 100 131072 622735 1303 516
0b000501 0b000601 10085 100 131072 622760 1303 516
0b000901 0b000a01 10079 100 131072 621904 2206 516
0b000901 0b000a01 10080 100 131072 621929 2181 516
0b000101 0b000201 10079 100 131072 621913 2181 516
0b000501 0b000601 10086 100 131072 622810 1303 516
0b000101 0b000201 10080 100 131072 621913 2206 516
0b000001 0b000101 10084 100 131072 623605 539 516
0b000101 0b000201 10081 100 131072 621938 2206 516
0b000101 0b000201 10082 100 131072 621938 2206 516
0b000901 0b000a01 10081 100 131072 622004 2181 516
0b000101 0b000201 10083 100 131072 622063 2131 516
0b000901 0b000a01 10082 100 131072 622129 2081 516
0b000601 0b000701 10082 100 131072 623663 539 516
0b000f01 0b000801 10086 100 131072 623717 508 516
0b000201 0b000301 10082 100 131072 623868 489 516
0b000a01 0b000b01 10082 100 131072 623819 495 516
0b000e01 0b000f01 10083 100 131072 623400 1014 516
0b000d01 0b000e01 10088 100 131072 624039 500 516
0b000801 0b000901 10087 100 131072 623469 1230 516
0b000801 0b000901 10088 100 131072 623669 1144 516
0b000801 0b000901 10089 100 131072 623769 1083 516
0b000e01 0b000f01 10084 100 131072 623552 1308 516
0b000e01 0b000f01 10085 100 131072 623667 1318 516
0b000e01 0b000f01 10086 100 131072 623692 1293 516
0b000b01 0b000c01 10085 100 131072 624189 839 516
0b000501 0b000601 10087 100 131072 624371 681 516
0b000b01 0b000c01 10086 100 131072 624214 828 516
0b000f01 0b000001 10010 100 131072 615157 10084 7357
0b000201 0b000301 10083 100 131072 624668 503 516
0b000001 0b000101 10085 100 131072 623919 1262 516
0b000501 0b000601 10088 100 131072 624571 656 516
0b000e01 0b000f01 10087 100 131072 624968 506 516
0b000c01 0b000d01 10087 100 131072 625028 496 516
0b000701 0b000801 10010 100 131072 615844 9439 7357
0b000701 0b000001 10087 100 131072 624856 510 516
0b000601 0b000701 10083 100 131072 623981 1459 516
0b000001 0b000101 10086 100 131072 624047 1425 516
0b000d01 0b000e01 10089 100 131072 624760 785 516
0b000601 0b000701 10084 100 131072 624081 1523 516
0b000601 0b000701 10085 100 131072 624081 1523 516
0b000601 0b000701 10086 100 131072 624131 1477 516
0b000501 0b000601 10089 100 131072 625165 498 516
0b000301 0b000401 10084 100 131072 624696 1017 516
0b000301 0b000401 10085 100 131072 624721 1017 516
0b000001 0b000101 10087 100 131072 624293 1518 516
0b000d01 0b000e01 10090 100 131072 624939 981 516
0b000f01 0b000801 10087 100 131072 625441 493 516
0b000001 0b000101 10088 100 131072 624418 1493 516
0b000301 0b000401 10086 100 131072 625048 887 516
0b000001 0b000101 10089 100 131072 624443 1493 516
0b000d01 0b000e01 10091 100 131072 625092 903 516
0b000e01 0b000f01 10088 100 131072 625634 489 516
0b000601 0b000701 10087 100 131072 625584 489 516
0b000401 0b000501 10086 100 131072 625188 889 516
0b000c01 0b000d01 10088 100 131072 625420 797 516
0b000901 0b000a01 10083 100 131072 624933 1289 516
0b000401 0b000501 10087 100 131072 625213 878 516
0b000501 0b000601 10090 100 131072 625627 514 516
0b000c01 0b000d01 10089 100 131072 625484 808 516
0b000201 0b000301 10084 100 131072 625810 501 516
0b000901 0b000a01 10084 100 131072 624964 1413 516
0b000401 0b000501 10088 100 131072 625831 614 516
0b000001 0b000101 10090 100 131072 625988 498 516
0b000501 0b000601 10091 100 131072 626170 489 516
0b000b01 0b000c01 10087 100 131072 626117 510 516
0b000f01 0b000001 10011 100 131072 615942 10710 7357
0b000301 0b000401 10087 100 131072 626270 489 516
0b000a01 0b000b01 10083 100 131072 626252 509 516
0b000d01 0b000e01 10092 100 131072 626259 512 516
0b000f01 0b000801 10088 100 131072 626284 512 516
0b000e01 0b000f01 10089 100 131072 626296 564 516
0b000901 0b000a01 10085 100 131072 625164 1761 516
0b000601 0b000701 10088 100 131072 626434 776 516
0b000a01 0b000301 10011 100 131072 620009 7237 7357
0b000501 0b000601 10092 100 131072 626810 513 516
0b000d01 0b000601 10012 100 131072 620270 7193 7357
0b000d01 0b000e01 10093 100 131072 627022 513 516
0b000901 0b000a01 10086 100 131072 625514 2021 516
0b000101 0b000201 10084 100 131072 625736 1843 516
0b000101 0b000201 10085 100 131072 625761 1843 516
0b000101 0b000201 10086 100 131072 625786 1818 516
0b000f01 0b000001 10012 100 131072 617402 10263 7357
0b000701 0b000001 10088 100 131072 627212 511 516
0b000801 0b000901 10090 100 131072 627235 514 516
0b000b01 0b000401 10011 100 131072 620557 7206 7357
0b000201 0b000b01 10011 100 131072 620433 7418 7357
0b000901 0b000a01 10087 100 131072 625664 2131 516
0b000b01 0b000c01 10088 100 131072 627324 496 516
0b000301 0b000401 10088 100 131072 627367 512 516
0b000601 0b000701 10089 100 131072 626619 1293 516
0b000301 0b000c01 10011 100 131072 620711 7245 7357
0b000901 0b000a01 10088 100 131072 625839 2081 516
0b000f01 0b000801 10089 100 131072 627424 511 516
0b000701 0b000801 10011 100 131072 617183 10844 7357
0b000101 0b000201 10087 100 131072 626073 1956 516
0b000601 0b000701 10090 100 131072 626801 1350 516
0b000e01 0b000701 10012 100 131072 620919 7197 7357
0b000e01 0b000f01 10090 100 131072 626635 1560 516
0b000e01 0b000f01 10092 100 131072 626635 1560 516
0b000e01 0b000f01 10091 100 131072 626660 1560 516
0b000101 0b000201 10088 100 131072 626348 1931 516
0b000101 0b000201 10089 100 131072 626412 1867 516
0b000701 0b000801 10012 100 131072 617675 10772 7357
0b000101 0b000201 10090 100 131072 627154 1297 516
0b000901 0b000a01 10089 100 131072 626414 2054 516
0b000901 0b000a01 10090 100 131072 626453 2015 516
0b000e01 0b000f01 10093 100 131072 627085 1385 516
0b000601 0b000701 10091 100 131072 627073 1452 516
0b000601 0b000701 10092 100 131072 627123 1427 516
0b000601 0b000f01 10012 100 131072 621423 7200 7357
0b000e01 0b000f01 10094 100 131072 627549 1071 516
0b000301 0b000401 10089 100 131072 628181 498 516
0b000901 0b000a01 10091 100 131072 626977 1793 516
0b000801 0b000901 10091 100 131072 628293 502 516
0b000c01 0b000d01 10090 100 131072 628038 839 516
0b000c01 0b000d01 10091 100 131072 628052 839 516
0b000a01 0b000b01 10084 100 131072 627095 1864 516
0b000a01 0b000b01 10085 100 131072 627120 1853 516
0b000a01 0b000b01 10086 100 131072 627120 1853 516
0b000201 0b000301 10085 100 131072 627104 1892 516
0b000f01 0b000801 10090 100 131072 627870 1110 516
0b000001 0b000101 10091 100 131072 628251 749 516
0b000101 0b000201 10091 100 131072 628482 533 516
0b000201 0b000301 10086 100 131072 627129 1892 516
0b000a01 0b000b01 10087 100 131072 627195 1831 516
0b000201 0b000301 10087 100 131072 627154 1892 516
0b000201 0b000301 10088 100 131072 627154 1892 516
0b000a01 0b000b01 10088 100 131072 627220 1820 516
0b000901 0b000a01 10092 100 131072 627709 1335 516
0b000201 0b000301 10089 100 131072 627204 1867 516
0b000e01 0b000f01 10095 100 131072 628555 504 516
0b000901 0b000a01 10093 100 131072 627862 1207 516
0b000001 0b000101 10092 100 131072 628376 749 516
0b000601 0b000701 10093 100 131072 628062 1125 516
0b000601 0b000701 10094 100 131072 628237 1075 516
0b000f01 0b000801 10091 100 131072 627995 1310 516
0b000f01 0b000801 10092 100 131072 627995 1310 516
0b000101 0b000a01 10011 100 131072 621888 7462 7357
0b000501 0b000e01 10012 100 131072 622085 7321 7357
0b000e01 0b000f01 10096 100 131072 628930 497 516
0b000801 0b000901 10092 100 131072 628944 489 516
0b000f01 0b000801 10093 100 131072 628484 967 516
0b000d01 0b000e01 10094 100 131072 629227 510 516
0b000501 0b000601 10093 100 131072 629087 511 516
0b000101 0b000201 10092 100 131072 628821 789 516
0b000701 0b000001 10089 100 131072 628450 1196 516
0b000601 0b000701 10095 100 131072 628673 991 516
0b000101 0b000201 10093 100 131072 628946 841 516
0b000401 0b000501 10089 100 131072 628723 1089 516
0b000401 0b000501 10090 100 131072 628748 1078 516
0b000301 0b000401 10090 100 131072 629321 505 516
0b000a01 0b000b01 10089 100 131072 629387 509 516
0b000601 0b000701 10096 100 131072 629151 738 516
0b000001 0b000901 10011 100 131072 621008 8884 7357
0b000401 0b000501 10091 100 131072 628945 1045 516
0b000c01 0b000d01 10092 100 131072 629637 509 516
0b000101 0b000201 10094 100 131072 629496 591 516
0b000e01 0b000f01 10097 100 131072 629781 489 516
0b000b01 0b000c01 10089 100 131072 629771 514 516
0b000801 0b000101 10011 100 131072 620334 9961 7357
0b000f01 0b000801 10094 100 131072 629870 489 516
0b000001 0b000101 10093 100 131072 629662 502 516
0b000601 0b000701 10097 100 131072 629669 537 516
0b000701 0b000001 10090 100 131072 628614 1639 516
0b000701 0b000001 10091 100 131072 628614 1653 516
0b000701 0b000001 10092 100 131072 628618 1663 516
0b000401 0b000501 10092 100 131072 629769 535 516
0b000701 0b000001 10093 100 131072 629083 1312 516
0b000a01 0b000b01 10090 100 131072 629935 489 516
0b000301 0b000401 10091 100 131072 630256 508 516
0b000e01 0b000f01 10098 100 131072 630545 489 516
0b000601 0b000701 10098 100 131072 630333 714 516
0b000001 0b000101 10094 100 131072 630675 497 516
0b000a01 0b000b01 10091 100 131072 630545 614 516
0b000601 0b000701 10099 100 131072 630473 724 516
0b000901 0b000a01 10094 100 131072 630759 511 516
0b000b01 0b000c01 10090 100 131072 630861 494 516
0b000a01 0b000b01 10092 100 131072 630805 593 516
0b000401 0b000501 10093 100 131072 630773 739 516
0b000901 0b000201 10011 100 131072 621854 9650 7357
0b000401 0b000501 10094 100 131072 630889 737 516
0b000c01 0b000d01 10093 100 131072 630830 714 516
0b000201 0b000301 10090 100 131072 630614 1089 516
0b000201 0b000301 10091 100 131072 630614 1103 516
0b000701 0b000001 10094 100 131072 630922 839 516
0b000c01 0b000d01 10094 100 131072 630966 717 516
0b000901 0b000201 10012 100 131072 622079 9612 7357
0b000b01 0b000401 10012 100 131072 624214 7503 7357
0b000801 0b000901 10093 100 131072 630945 860 516
0b000801 0b000101 10012 100 131072 621084 10770 7357
0b000301 0b000c01 10012 100 131072 624696 7284 7357
0b000801 0b000901 10094 100 131072 631037 943 516
0b000401 0b000501 10095 100 131072 631689 492 516
0b000801 0b000901 10095 100 131072 631457 773 516
0b000201 0b000301 10092 100 131072 631039 1371 516
0b000901 0b000a01 10095 100 131072 631805 507 516
0b000f01 0b000001 10013 100 131072 625345 7198 7357
0b000201 0b000301 10093 100 131072 631289 1371 516
0b000a01 0b000b01 10093 100 131072 631478 1215 516
0b000701 0b000001 10096 100 131072 631126 1574 516
0b000a01 0b000b01 10094 100 131072 631478 1215 516
0b000701 0b000001 10095 100 131072 631161 1570 516
0b000d01 0b000e01 10095 100 131072 631887 854 516
0b000d01 0b000e01 10096 100 131072 631901 840 516
0b000801 0b000901 10096 100 131072 631990 765 516
0b000001 0b000901 10012 100 131072 622377 10391 7357
0b000101 0b000201 10095 100 131072 632010 771 516
0b000201 0b000301 10094 100 131072 631461 1338 516
0b000e01 0b000f01 10099 100 131072 632416 514 516
0b000101 0b000201 10096 100 131072 632135 746 516
0b000801 0b000101 10013 100 131072 622721 10224 7357
0b000901 0b000a01 10096 100 131072 632443 533 516
0b000201 0b000301 10095 100 131072 632025 906 516
0b000101 0b000a01 10012 100 131072 625736 7342 7357
0b000001 0b000101 10095 100 131072 632656 508 516
0b000f01 0b000801 10095 100 131072 631205 1950 516
0b000a01 0b000b01 10095 100 131072 631780 1397 516
0b000f01 0b000801 10096 100 131072 631205 1975 516
0b000f01 0b000801 10097 100 131072 631230 1950 516
0b000401 0b000501 10096 100 131072 632836 520 516
0b000701 0b000001 10097 100 131072 631535 1828 516
0b000e01 0b000f01 10100 100 131072 632747 534 516
0b000701 0b000001 10098 100 131072 631560 1828 516
0b000201 0b000301 10096 100 131072 632797 602 516
0b000a01 0b000b01 10096 100 131072 632079 1304 516
0b000901 0b000a01 10097 100 131072 632902 499 516
0b000a01 0b000b01 10097 100 131072 632360 1076 516
0b000b01 0b000c01 10091 100 131072 631983 1512 516
0b000b01 0b000c01 10092 100 131072 631983 1512 516
0b000f01 0b000801 10098 100 131072 631480 2035 516
0b000b01 0b000c01 10093 100 131072 632036 1534 516
0b000b01 0b000c01 10094 100 131072 632050 1520 516
0b000301 0b000401 10092 100 131072 632031 1556 516
0b000801 0b000901 10097 100 131072 632315 1296 516
0b000801 0b000901 10098 100 131072 632315 1296 516
0b000301 0b000401 10093 100 131072 632056 1545 516
0b000301 0b000401 10094 100 131072 632056 1545 516
0b000301 0b000401 10095 100 131072 632081 1531 516
0b000d01 0b000e01 10097 100 131072 633156 514 516
0b000801 0b000901 10099 100 131072 632461 1214 516
0b000201 0b000301 10097 100 131072 633097 577 516
0b000001 0b000901 10013 100 131072 623933 9746 7357
0b000f01 0b000801 10099 100 131072 631633 2110 516
0b000c01 0b000d01 10095 100 131072 633295 494 516
0b000b01 0b000c01 10095 100 131072 633434 494 516
0b000f01 0b000801 10100 100 131072 632069 1895 516
0b000801 0b000901 10100 100 131072 633369 620 516
0b000e01 0b000701 10013 100 131072 626560 7450 7357
0b000f01 0b000801 10101 100 131072 632437 1641 516
0b000101 0b000201 10098 100 131072 633174 739 516
0b000701 0b000001 10099 100 131072 632197 1791 516
0b000101 0b000201 10097 100 131072 633305 733 516
0b000701 0b000001 10100 100 131072 632322 1766 516
0b000701 0b000801 10013 100 131072 626659 7453 7357
0b000501 0b000601 10094 100 131072 632822 1302 516
0b000501 0b000601 10095 100 131072 632836 1313 516
0b000701 0b000001 10101 100 131072 632674 1514 516
0b000f01 0b000801 10102 100 131072 633280 1037 516
0b000401 0b000501 10097 100 131072 633774 490 516
0b000501 0b000601 10096 100 131072 633000 1289 516
0b000601 0b000f01 10013 100 131072 627048 7306 7357
0b000501 0b000601 10097 100 131072 633314 1089 516
0b000f01 0b000801 10103 100 131072 634044 562 516
0b000201 0b000b01 10012 100 131072 626990 7533 7357
0b000701 0b000001 10102 100 131072 633216 1322 516
0b000101 0b000201 10099 100 131072 634182 531 516
0b000a01 0b000301 10012 100 131072 627070 7683 7357
0b000b01 0b000c01 10096 100 131072 634169 614 516
0b000a01 0b000b01 10098 100 131072 634280 503 516
0b000c01 0b000d01 10096 100 131072 634365 493 516
0b000001 0b000101 10096 100 131072 633263 1535 516
0b000001 0b000101 10097 100 131072 633277 1521 516
0b000001 0b000101 10098 100 131072 633291 1532 516
0b000001 0b000101 10099 100 131072 633405 1443 516
0b000b01 0b000c01 10097 100 131072 634408 614 516
0b000c01 0b000501 10012 100 131072 625042 10053 7357
0b000c01 0b000501 10013 100 131072 625206 9890 7357
0b000701 0b000001 10103 100 131072 634057 939 516
0b000401 0b000d01 10012 100 131072 625213 9846 7357
0b000701 0b000001 10104 100 131072 634207 864 516
0b000201 0b000301 10098 100 131072 634514 675 516
0b000301 0b000401 10096 100 131072 634713 490 516
0b000401 0b000501 10098 100 131072 634727 509 516
0b000501 0b000601 10098 100 131072 634522 739 516
0b000001 0b000101 10100 100 131072 634771 493 516
0b000d01 0b000e01 10098 100 131072 634554 736 516
0b000101 0b000201 10100 100 131072 634864 489 516
0b000201 0b000301 10099 100 131072 634701 666 516
0b000d01 0b000e01 10099 100 131072 634693 736 516
0b000401 0b000d01 10013 100 131072 625263 10160 7357
0b000501 0b000601 10099 100 131072 634636 789 516
0b000c01 0b000d01 10097 100 131072 634990 489 516
0b000901 0b000a01 10098 100 131072 634990 632 516
0b000501 0b000601 10100 100 131072 635191 548 516
0b000a01 0b000b01 10099 100 131072 635322 506 516
0b000901 0b000a01 10099 100 131072 635240 603 516
0b000301 0b000401 10097 100 131072 635420 621 516
0b000b01 0b000c01 10098 100 131072 635703 508 516
0b000901 0b000201 10013 100 131072 626764 9469 7357
0b000e01 0b000f01 10101 100 131072 635751 489 516
0b000f01 0b000001 10014 100 131072 629133 7293 7357
0b000001 0b000101 10101 100 131072 635553 889 516
0b000f01 0b000801 10104 100 131072 635940 500 516
0b000101 0b000201 10101 100 131072 635955 512 516
0b000301 0b000401 10098 100 131072 635670 821 516
0b000201 0b000301 10100 100 131072 635791 782 516
0b000201 0b000301 10101 100 131072 635891 757 516
0b000901 0b000a01 10100 100 131072 635765 850 516
0b000901 0b000a01 10101 100 131072 635778 862 516
0b000e01 0b000701 10014 100 131072 629005 7656 7357
0b000301 0b000401 10099 100 131072 635941 806 516
0b000501 0b000601 10101 100 131072 636366 506 516
0b000f01 0b000801 10105 100 131072 636291 539 516
0b000001 0b000101 10102 100 131072 635710 1171 516
0b000001 0b000101 10103 100 131072 635741 1154 516
0b000a01 0b000b01 10100 100 131072 635986 860 516
0b000b01 0b000c01 10099 100 131072 636187 788 516
0b000a01 0b000b01 10101 100 131072 636088 983 516
0b000801 0b000101 10014 100 131072 629806 7275 7357
0b000901 0b000201 10014 100 131072 627823 9320 7357
0b000001 0b000101 10104 100 131072 636398 747 516
0b000e01 0b000f01 10102 100 131072 636680 494 516
0b000a01 0b000b01 10102 100 131072 636411 835 516
0b000301 0b000401 10100 100 131072 636409 814 516
0b000d01 0b000e01 10100 100 131072 636799 506 516
0b000d01 0b000601 10013 100 131072 628534 8834 7357
0b000b01 0b000c01 10100 100 131072 636393 987 516
0b000b01 0b000c01 10101 100 131072 636446 959 516
0b000301 0b000401 10101 100 131072 636684 714 516
0b000701 0b000801 10014 100 131072 630220 7196 7357
0b000401 0b000501 10099 100 131072 636597 852 516
0b000401 0b000501 10100 100 131072 636611 863 516
0b000801 0b000901 10101 100 131072 636190 1324 516
0b000801 0b000901 10102 100 131072 636190 1324 516
0b000701 0b000001 10105 100 131072 637020 514 516
0b000c01 0b000d01 10098 100 131072 636505 1089 516
0b000101 0b000a01 10013 100 131072 628191 9454 7357
0b000201 0b000301 10102 100 131072 636923 739 516
0b000c01 0b000d01 10099 100 131072 636580 1153 516
0b000c01 0b000d01 10100 100 131072 636580 1153 516
0b000f01 0b000801 10106 100 131072 637364 504 516
0b000201 0b000301 10103 100 131072 637048 728 516
0b000501 0b000601 10102 100 131072 637274 510 516
0b000001 0b000101 10105 100 131072 637128 880 516
0b000601 0b000701 10100 100 131072 637159 889 516
0b000001 0b000901 10014 100 131072 630733 7359 7357
0b000b01 0b000c01 10102 100 131072 637533 610 516
0b000001 0b000101 10106 100 131072 637228 930 516
0b000201 0b000301 10104 100 131072 637723 510 516
0b000301 0b000401 10102 100 131072 637763 489 516
0b000601 0b000701 10101 100 131072 637299 1031 516
0b000801 0b000901 10103 100 131072 636525 1849 516
0b000d01 0b000601 10014 100 131072 629302 9077 7357
0b000901 0b000a01 10102 100 131072 636621 1761 516
0b000901 0b000a01 10103 100 131072 636621 1761 516
0b000101 0b000a01 10014 100 131072 628921 9452 7357
0b000601 0b000701 10102 100 131072 637413 967 516
0b000b01 0b000c01 10103 100 131072 637793 614 516
0b000c01 0b000d01 10101 100 131072 637793 625 516
0b000901 0b000a01 10104 100 131072 636685 1797 516
0b000901 0b000a01 10105 100 131072 636689 1793 516
0b000501 0b000e01 10013 100 131072 629101 9382 7357
0b000d01 0b000e01 10101 100 131072 637868 664 516
0b000901 0b000a01 10106 100 131072 636999 1583 516
0b000c01 0b000d01 10102 100 131072 638032 625 516
0b000001 0b000101 10107 100 131072 637578 1105 516
0b000801 0b000901 10104 100 131072 636753 1993 516
0b000401 0b000501 10101 100 131072 638213 511 516
0b000301 0b000401 10103 100 131072 638199 664 516
0b000201 0b000301 10105 100 131072 638363 520 516
0b000801 0b000901 10105 100 131072 636974 1986 516
0b000d01 0b000e01 10102 100 131072 638069 945 516
0b000e01 0b000f01 10103 100 131072 638300 721 516
0b000501 0b000e01 10014 100 131072 629455 9574 7357
0b000601 0b000701 10103 100 131072 638271 759 516
0b000801 0b000901 10106 100 131072 637152 1897 516
0b000301 0b000401 10104 100 131072 638377 675 516
0b000001 0b000101 10108 100 131072 638036 1022 516
0b000f01 0b000001 10015 100 131072 631630 7474 7357
0b000001 0b000101 10109 100 131072 638111 972 516
0b000801 0b000901 10107 100 131072 637357 1806 516
0b000e01 0b000f01 10104 100 131072 638439 732 516
0b000801 0b000901 10108 100 131072 637646 1581 516
0b000a01 0b000301 10013 100 131072 629232 10032 7357
0b000a01 0b000b01 10103 100 131072 638632 639 516
0b000501 0b000601 10103 100 131072 638105 1146 516
0b000501 0b000601 10104 100 131072 638115 1161 516
0b000b01 0b000c01 10104 100 131072 638838 533 516
0b000301 0b000c01 10013 100 131072 632006 7272 7357
0b000601 0b000701 10104 100 131072 638435 889 516
0b000501 0b000601 10105 100 131072 638246 1080 516
0b000d01 0b000e01 10103 100 131072 638433 988 516
0b000601 0b000701 10105 100 131072 638749 739 516
0b000d01 0b000e01 10104 100 131072 638489 982 516
0b000a01 0b000b01 10104 100 131072 638853 632 516
0b000401 0b000501 10102 100 131072 639051 489 516
0b000c01 0b000d01 10103 100 131072 639221 489 516
0b000101 0b000201 10102 100 131072 637808 1858 516
0b000101 0b000201 10103 100 131072 637808 1858 516
0b000801 0b000901 10109 100 131072 639480 489 516
0b000101 0b000201 10104 100 131072 637833 1858 516
0b000101 0b000201 10105 100 131072 637858 1833 516
0b000601 0b000f01 10014 100 131072 632608 7198 7357
0b000201 0b000301 10106 100 131072 639243 635 516
0b000101 0b000201 10106 100 131072 638274 1631 516
0b000001 0b000101 10110 100 131072 639466 530 516
0b000401 0b000501 10103 100 131072 639501 507 516
0b000a01 0b000b01 10105 100 131072 639680 501 516
0b000201 0b000301 10107 100 131072 639477 651 516
0b000701 0b000001 10106 100 131072 639671 491 516
0b000701 0b000801 10015 100 131072 632899 7399 7357
0b000801 0b000901 10110 100 131072 639840 499 516
0b000101 0b000201 10107 100 131072 639452 926 516
0b000601 0b000701 10106 100 131072 639912 489 516
0b000301 0b000401 10105 100 131072 639583 820 516
0b000b01 0b000c01 10105 100 131072 639856 634 516
0b000301 0b000401 10106 100 131072 639658 820 516
0b000201 0b000301 10108 100 131072 640153 514 516
0b000f01 0b000801 10107 100 131072 640214 526 516
0b000e01 0b000f01 10105 100 131072 640315 489 516
0b000201 0b000b01 10013 100 131072 630589 10318 7357
0b000601 0b000701 10107 100 131072 640408 501 516
0b000801 0b000901 10111 100 131072 640426 503 516
0b000401 0b000501 10104 100 131072 640233 694 516
0b000b01 0b000c01 10106 100 131072 640111 899 516
0b000501 0b000601 10106 100 131072 640484 513 516
0b000901 0b000a01 10107 100 131072 640554 524 516
0b000001 0b000101 10111 100 131072 640574 496 516
0b000b01 0b000401 10013 100 131072 631969 9116 7357
0b000401 0b000501 10105 100 131072 640408 694 516
0b000b01 0b000c01 10107 100 131072 640286 824 516
0b000101 0b000201 10108 100 131072 639891 1240 516
0b000101 0b000201 10109 100 131072 639905 1240 516
0b000a01 0b000b01 10106 100 131072 640685 489 516
0b000101 0b000201 10110 100 131072 640091 1168 516
0b000c01 0b000d01 10104 100 131072 640390 853 516
0b000c01 0b000d01 10105 100 131072 640415 828 516
0b000601 0b000701 10108 100 131072 640824 489 516
0b000801 0b000901 10112 100 131072 640878 504 516
0b000301 0b000401 10107 100 131072 640702 790 516
0b000a01 0b000301 10014 100 131072 630930 10636 7357
0b000d01 0b000e01 10105 100 131072 640743 860 516
0b000301 0b000401 10108 100 131072 640816 890 516
0b000d01 0b000e01 10106 100 131072 640743 885 516
0b000401 0b000501 10106 100 131072 641292 513 516
0b000901 0b000a01 10108 100 131072 641132 606 516
0b000c01 0b000d01 10106 100 131072 641153 589 516
0b000101 0b000201 10111 100 131072 641018 855 516
0b000301 0b000401 10109 100 131072 641243 676 516
0b000601 0b000701 10109 100 131072 641419 501 516
0b000c01 0b000d01 10107 100 131072 641417 600 516
0b000101 0b000201 10112 100 131072 641168 869 516
0b000201 0b000b01 10014 100 131072 631289 10786 7357
0b000901 0b000a01 10109 100 131072 641384 704 516
0b000d01 0b000e01 10107 100 131072 641667 501 516
0b000701 0b000001 10107 100 131072 641370 819 516
0b000901 0b000201 10015 100 131072 634815 7377 7357
0b000a01 0b000301 10015 100 131072 632054 10159 7357
0b000701 0b000001 10108 100 131072 641420 844 516
0b000301 0b000401 10110 100 131072 641893 510 516
0b000e01 0b000f01 10106 100 131072 641493 988 516
0b000101 0b000201 10113 100 131072 641693 821 516
0b000e01 0b000f01 10107 100 131072 641542 1014 516
0b000401 0b000501 10107 100 131072 641903 671 516
0b000001 0b000101 10112 100 131072 642114 534 516
0b000f01 0b000801 10108 100 131072 642031 715 516
0b000701 0b000001 10109 100 131072 642070 646 516
0b000401 0b000501 10108 100 131072 642092 683 516
0b000301 0b000401 10111 100 131072 642274 502 516
0b000f01 0b000801 10109 100 131072 642181 715 516
0b000e01 0b000701 10015 100 131072 635751 7196 7357
0b000b01 0b000401 10014 100 131072 632906 10077 7357
0b000b01 0b000c01 10108 100 131072 642311 702 516
0b000701 0b000001 10110 100 131072 642334 632 516
0b000101 0b000201 10114 100 131072 642068 958 516
0b000501 0b000601 10107 100 131072 642550 491 516
0b000101 0b000201 10115 100 131072 642093 958 516
0b000c01 0b000d01 10109 100 131072 642318 796 516
0b000c01 0b000d01 10108 100 131072 642411 760 516
0b000b01 0b000c01 10109 100 131072 642495 693 516
0b000201 0b000b01 10015 100 131072 632620 10629 7357
0b000901 0b000a01 10110 100 131072 641756 1457 516
0b000d01 0b000e01 10108 100 131072 642720 501 516
0b000f01 0b000801 10110 100 131072 642816 505 516
0b000601 0b000701 10110 100 131072 642291 1152 516
0b000501 0b000601 10108 100 131072 643018 489 516
0b000601 0b000701 10111 100 131072 642331 1180 516
0b000601 0b000701 10112 100 131072 642366 1145 516
0b000101 0b000201 10116 100 131072 643006 516 516
0b000301 0b000401 10112 100 131072 642888 638 516
0b000e01 0b000f01 10108 100 131072 642024 1536 516
0b000101 0b000a01 10015 100 131072 636174 7369 7357
0b000e01 0b000f01 10109 100 131072 642039 1535 516
0b000a01 0b000b01 10108 100 131072 641413 2186 516
0b000a01 0b000b01 10107 100 131072 641422 2177 516
0b000301 0b000c01 10014 100 131072 634727 8898 7357
0b000a01 0b000b01 10109 100 131072 641422 2202 516
0b000001 0b000101 10113 100 131072 643172 514 516
0b000b01 0b000c01 10110 100 131072 643191 489 516
0b000301 0b000401 10113 100 131072 643138 613 516
0b000a01 0b000b01 10110 100 131072 641492 2221 516
0b000a01 0b000b01 10111 100 131072 641492 2221 516
0b000901 0b000a01 10111 100 131072 641970 1763 516
0b000a01 0b000b01 10112 100 131072 641592 2146 516
0b000e01 0b000f01 10110 100 131072 642431 1357 516
0b000e01 0b000f01 10111 100 131072 642481 1321 516
0b000801 0b000901 10113 100 131072 643308 494 516
0b000901 0b000a01 10112 100 131072 642059 1791 516
0b000701 0b000001 10111 100 131072 643411 489 516
0b000901 0b000a01 10113 100 131072 642173 1827 516
0b000901 0b000a01 10114 100 131072 642237 1788 516
0b000c01 0b000d01 10110 100 131072 643530 512 516
0b000201 0b000301 10109 100 131072 642676 1464 516
0b000301 0b000401 10114 100 131072 643677 513 516
0b000801 0b000901 10114 100 131072 643750 503 516
0b000401 0b000501 10109 100 131072 643443 794 516
0b000901 0b000a01 10115 100 131072 642979 1309 516
0b000f01 0b000801 10111 100 131072 643814 489 516
0b000401 0b000501 10110 100 131072 643518 844 516
0b000201 0b000301 10110 100 131072 642731 1674 516
0b000b01 0b000c01 10111 100 131072 643917 610 516
0b000601 0b000f01 10015 100 131072 637134 7288 7357
0b000201 0b000301 10111 100 131072 642741 1689 516
0b000701 0b000001 10112 100 131072 643949 489 516
0b000901 0b000a01 10116 100 131072 643939 619 516
0b000101 0b000201 10117 100 131072 644080 513 516
0b000a01 0b000b01 10113 100 131072 644088 495 516
0b000501 0b000601 10109 100 131072 644112 509 516
0b000b01 0b000401 10015 100 131072 635703 8918 7357
0b000201 0b000301 10112 100 131072 642915 1786 516
0b000401 0b000501 10111 100 131072 644125 576 516
0b000301 0b000c01 10015 100 131072 635809 8908 7357
0b000d01 0b000e01 10109 100 131072 644253 511 516
0b000701 0b000001 10113 100 131072 644323 489 516
0b000b01 0b000c01 10112 100 131072 644184 605 516
0b000c01 0b000d01 10111 100 131072 644050 777 516
0b000801 0b000101 10015 100 131072 636165 8712 7357
0b000901 0b000a01 10117 100 131072 644392 506 516
0b000c01 0b000d01 10112 100 131072 644150 777 516
0b000301 0b000401 10115 100 131072 644576 531 516
0b000e01 0b000f01 10112 100 131072 644638 514 516
0b000201 0b000301 10113 100 131072 643388 1833 516
0b000a01 0b000b01 10114 100 131072 644748 512 516
0b000d01 0b000e01 10110 100 131072 644752 589 516
0b000401 0b000501 10112 100 131072 644502 772 516
0b000b01 0b000c01 10113 100 131072 645085 489 516
0b000d01 0b000e01 10111 100 131072 645027 578 516
0b000501 0b000601 10110 100 131072 644815 509 516
0b000701 0b000001 10114 100 131072 644930 494 516
0b000001 0b000901 10015 100 131072 636373 9191 7357
0b000401 0b000501 10113 100 131072 644716 993 516
0b000301 0b000401 10116 100 131072 645223 498 516
0b000401 0b000501 10114 100 131072 644929 980 516
0b000201 0b000301 10114 100 131072 644141 1897 516
0b000201 0b000301 10115 100 131072 644155 1908 516
0b000001 0b000101 10114 100 131072 645199 883 516
0b000801 0b000101 10016 100 131072 637088 9063 7357
0b000f01 0b000801 10112 100 131072 645521 835 516
0b000f01 0b000801 10113 100 131072 645566 815 516
0b000801 0b000901 10115 100 131072 645906 489 516
0b000201 0b000301 10116 100 131072 644269 1894 516
0b000001 0b000101 10115 100 131072 645274 908 516
0b000f01 0b000001 10016 100 131072 639250 7196 7357
0b000101 0b000201 10118 100 131072 645688 514 516
0b000501 0b000601 10111 100 131072 645584 643 516
0b000001 0b000901 10016 100 131072 636998 9295 7357
0b000401 0b000501 10115 100 131072 645413 953 516
0b000001 0b000101 10116 100 131072 645726 690 516
0b000501 0b000601 10112 100 131072 645785 656 516
0b000701 0b000001 10115 100 131072 645957 489 516
0b000e01 0b000f01 10113 100 131072 646231 493 516
0b000a01 0b000b01 10115 100 131072 646223 525 516
0b000c01 0b000d01 10113 100 131072 646023 725 516
0b000c01 0b000501 10014 100 131072 636505 10246 7357
0b000a01 0b000301 10016 100 131072 639625 7198 7357
0b000401 0b000501 10116 100 131072 645816 964 516
0b000b01 0b000c01 10114 100 131072 646259 578 516
0b000801 0b000901 10116 100 131072 646331 514 516
0b000d01 0b000e01 10112 100 131072 646124 813 516
0b000d01 0b000e01 10113 100 131072 646181 806 516
0b000c01 0b000d01 10114 100 131072 646198 925 516
0b000201 0b000301 10117 100 131072 645047 1979 516
0b000601 0b000701 10113 100 131072 646517 511 516
0b000401 0b000501 10117 100 131072 646023 1021 516
0b000101 0b000201 10119 100 131072 646726 509 516
0b000201 0b000301 10118 100 131072 645202 2073 516
0b000901 0b000a01 10118 100 131072 646842 495 516
0b000c01 0b000501 10015 100 131072 636938 10542 7357
0b000001 0b000101 10117 100 131072 646910 493 516
0b000401 0b000d01 10014 100 131072 636611 10831 7357
0b000d01 0b000e01 10114 100 131072 647082 489 516
0b000c01 0b000d01 10115 100 131072 646635 938 516
0b000101 0b000a01 10016 100 131072 640155 7310 7357
0b000c01 0b000d01 10116 100 131072 646690 933 516
0b000201 0b000301 10119 100 131072 645524 1976 516
0b000a01 0b000b01 10116 100 131072 646553 1165 516
0b000701 0b000001 10116 100 131072 646453 1095 516
0b000401 0b000501 10118 100 131072 646536 1014 516
0b000701 0b000001 10117 100 131072 646521 1152 516
0b000701 0b000001 10118 100 131072 646521 1152 516
0b000301 0b000401 10117 100 131072 647150 530 516
0b000401 0b000501 10119 100 131072 646761 986 516
0b000901 0b000a01 10119 100 131072 647293 508 516
0b000401 0b000d01 10015 100 131072 636622 11184 7357
0b000801 0b000901 10117 100 131072 647313 507 516
0b000901 0b000201 10016 100 131072 640524 7349 7357
0b000201 0b000301 10120 100 131072 646036 1800 516
0b000201 0b000301 10121 100 131072 646061 1775 516
0b000001 0b000101 10118 100 131072 647448 514 516
0b000f01 0b000801 10114 100 131072 646570 1454 516
0b000f01 0b000801 10115 100 131072 646584 1440 516
0b000201 0b000301 10122 100 131072 646532 1480 516
0b000b01 0b000c01 10115 100 131072 646609 1617 516
0b000501 0b000601 10113 100 131072 647247 839 516
0b000b01 0b000c01 10116 100 131072 646609 1642 516
0b000e01 0b000f01 10114 100 131072 647774 513 516
0b000401 0b000501 10120 100 131072 647200 936 516
0b000301 0b000401 10118 100 131072 647711 500 516
0b000201 0b000301 10123 100 131072 647603 659 516
0b000501 0b000601 10114 100 131072 647372 928 516
0b000b01 0b000c01 10117 100 131072 646723 1603 516
0b000001 0b000101 10119 100 131072 647852 489 516
0b000f01 0b000801 10116 100 131072 646798 1539 516
0b000f01 0b000801 10117 100 131072 646812 1539 516
0b000401 0b000501 10121 100 131072 647631 725 516
0b000b01 0b000c01 10118 100 131072 646748 1603 516
0b000101 0b000201 10120 100 131072 647887 489 516
0b000c01 0b000d01 10117 100 131072 647567 887 516
0b000501 0b000601 10115 100 131072 647711 839 516
0b000f01 0b000801 10118 100 131072 647432 1094 516
0b000401 0b000501 10122 100 131072 648117 553 516
0b000301 0b000401 10119 100 131072 648231 489 516
0b000d01 0b000e01 10115 100 131072 647837 769 516
0b000a01 0b000b01 10117 100 131072 646743 1956 516
0b000d01 0b000e01 10116 100 131072 647937 783 516
0b000b01 0b000c01 10119 100 131072 647593 1172 516
0b000c01 0b000d01 10118 100 131072 647727 1066 516
0b000501 0b000601 10116 100 131072 648284 547 516
0b000e01 0b000f01 10115 100 131072 648351 489 516
0b000c01 0b000d01 10119 100 131072 647799 1044 516
0b000601 0b000701 10114 100 131072 648334 510 516
0b000b01 0b000c01 10120 100 131072 648270 684 516
0b000001 0b000101 10120 100 131072 648464 489 516
0b000501 0b000e01 10015 100 131072 640459 8524 7357
0b000a01 0b000b01 10118 100 131072 646860 2153 516
0b000901 0b000a01 10120 100 131072 648574 505 516
0b000c01 0b000d01 10120 100 131072 648584 564 516
0b000c01 0b000501 10016 100 131072 639985 9236 7357
0b000a01 0b000b01 10119 100 131072 647010 2258 516
0b000a01 0b000b01 10120 100 131072 647035 2247 516
0b000401 0b000501 10123 100 131072 648731 517 516
0b000501 0b000601 10117 100 131072 648719 618 516
0b000a01 0b000b01 10121 100 131072 647298 2155 516
0b000a01 0b000b01 10122 100 131072 647568 2010 516
0b000401 0b000d01 10016 100 131072 639757 9784 7357
0b000a01 0b000b01 10123 100 131072 647908 1720 516
0b000501 0b000601 10118 100 131072 648949 688 516
0b000701 0b000801 10016 100 131072 641058 8648 7357
0b000d01 0b000601 10015 100 131072 640604 9331 7357
0b000201 0b000301 10124 100 131072 649212 524 516
0b000601 0b000701 10115 100 131072 649237 635 516
0b000501 0b000601 10119 100 131072 649406 595 516
0b000201 0b000b01 10016 100 131072 642676 7418 7357
0b000901 0b000a01 10122 100 131072 649303 788 516
0b000601 0b000701 10116 100 131072 649481 655 516
0b000101 0b000201 10121 100 131072 649161 1050 516
0b000801 0b000901 10118 100 131072 649366 807 516
0b000801 0b000901 10119 100 131072 649421 810 516
0b000301 0b000401 10120 100 131072 649048 1239 516
0b000101 0b000201 10122 100 131072 649192 1097 516
0b000f01 0b000801 10119 100 131072 649734 513 516
0b000b01 0b000c01 10121 100 131072 649758 489 516
0b000301 0b000401 10121 100 131072 649073 1228 516
0b000901 0b000a01 10121 100 131072 649405 876 516
0b000001 0b000101 10122 100 131072 649486 852 516
0b000d01 0b000e01 10117 100 131072 649788 509 516
0b000001 0b000101 10121 100 131072 649486 877 516
0b000c01 0b000d01 10121 100 131072 649847 491 516
0b000101 0b000201 10123 100 131072 649426 969 516
0b000901 0b000a01 10123 100 131072 649855 667 516
0b000301 0b000401 10122 100 131072 649173 1322 516
0b000701 0b000001 10119 100 131072 650038 489 516
0b000901 0b000201 10017 100 131072 643379 7325 7357
0b000d01 0b000e01 10118 100 131072 650163 548 516
0b000201 0b000301 10125 100 131072 650245 495 516
0b000e01 0b000f01 10116 100 131072 649947 830 516
0b000e01 0b000f01 10117 100 131072 649997 805 516
0b000701 0b000801 10017 100 131072 642498 8483 7357
0b000a01 0b000b01 10124 100 131072 650347 731 516
0b000501 0b000601 10121 100 131072 649790 1360 516
0b000501 0b000601 10120 100 131072 649791 1373 516
0b000a01 0b000b01 10125 100 131072 650475 725 516
0b000b01 0b000c01 10122 100 131072 650728 489 516
0b000d01 0b000601 10016 100 131072 641428 9964 7357
0b000301 0b000401 10123 100 131072 649833 1563 516
0b000201 0b000301 10126 100 131072 650883 514 516
0b000101 0b000201 10124 100 131072 650972 511 516
0b000001 0b000101 10123 100 131072 650558 993 516
0b000601 0b000f01 10016 100 131072 644007 7615 7357
0b000501 0b000e01 10016 100 131072 641734 9900 7357
0b000601 0b000701 10117 100 131072 651126 513 516
0b000501 0b000601 10122 100 131072 650054 1656 516
0b000301 0b000401 10124 100 131072 650036 1675 516
0b000401 0b000501 10124 100 131072 651221 522 516
0b000f01 0b000801 10120 100 131072 651297 519 516
0b000001 0b000101 10124 100 131072 650683 1082 516
0b000001 0b000101 10125 100 131072 650683 1092 516
0b000101 0b000201 10125 100 131072 651351 489 516
0b000201 0b000301 10127 100 131072 651386 496 516
0b000d01 0b000e01 10121 100 131072 650482 1429 516
0b000301 0b000401 10125 100 131072 650285 1695 516
0b000601 0b000701 10118 100 131072 651560 593 516
0b000401 0b000501 10125 100 131072 651730 502 516
0b000d01 0b000e01 10119 100 131072 650583 1653 516
0b000b01 0b000c01 10123 100 131072 651709 555 516
0b000f01 0b000801 10121 100 131072 651850 516 516
0b000701 0b000001 10120 100 131072 651854 509 516
0b000d01 0b000e01 10120 100 131072 650633 1778 516
0b000601 0b000701 10119 100 131072 651841 587 516
0b000801 0b000901 10120 100 131072 651034 1389 516
0b000101 0b000201 10126 100 131072 651963 489 516
0b000801 0b000901 10121 100 131072 651034 1403 516
0b000e01 0b000f01 10118 100 131072 651616 878 516
0b000c01 0b000d01 10122 100 131072 651236 1262 516
0b000201 0b000b01 10017 100 131072 644883 7759 7357
0b000301 0b000401 10126 100 131072 650846 1825 516
0b000301 0b000401 10127 100 131072 650846 1839 516
0b000501 0b000601 10123 100 131072 650490 2232 516
0b000a01 0b000b01 10126 100 131072 652089 509 516
0b000501 0b000601 10124 100 131072 650560 2187 516
0b000301 0b000401 10128 100 131072 651022 1727 516
0b000d01 0b000e01 10122 100 131072 650816 1834 516
0b000301 0b000401 10129 100 131072 651272 1541 516
0b000e01 0b000f01 10119 100 131072 651730 978 516
0b000a01 0b000301 10017 100 131072 645098 7630 7357
0b000c01 0b000d01 10123 100 131072 651336 1476 516
0b000c01 0b000d01 10124 100 131072 651361 1451 516
0b000b01 0b000c01 10124 100 131072 652023 830 516
0b000e01 0b000f01 10120 100 131072 651993 865 516
0b000801 0b000901 10122 100 131072 651347 1579 516
0b000601 0b000701 10120 100 131072 652347 584 516
0b000801 0b000901 10123 100 131072 651361 1579 516
0b000501 0b000e01 10017 100 131072 643937 9074 7357
0b000501 0b000601 10125 100 131072 650757 2304 516
0b000801 0b000901 10124 100 131072 651536 1518 516
0b000801 0b000101 10017 100 131072 645756 7341 7357
0b000d01 0b000601 10017 100 131072 644253 8880 7357
0b000c01 0b000d01 10125 100 131072 651775 1362 516
0b000c01 0b000d01 10126 100 131072 651964 1223 516
0b000301 0b000401 10130 100 131072 652746 489 516
0b000801 0b000901 10125 100 131072 652716 642 516
0b000001 0b000901 10017 100 131072 645976 7402 7357
0b000d01 0b000e01 10123 100 131072 651464 1968 516
0b000601 0b000701 10121 100 131072 652647 787 516
0b000501 0b000601 10126 100 131072 651146 2326 516
0b000701 0b000001 10121 100 131072 652882 593 516
0b000501 0b000601 10127 100 131072 651366 2206 516
0b000c01 0b000d01 10127 100 131072 653257 494 516
0b000d01 0b000e01 10124 100 131072 651803 1983 516
0b000b01 0b000c01 10125 100 131072 652292 1498 516
0b000d01 0b000e01 10125 100 131072 651853 1947 516
0b000501 0b000601 10128 100 131072 651680 2067 516
0b000701 0b000001 10122 100 131072 653146 604 516
0b000a01 0b000b01 10127 100 131072 653101 732 516
0b000e01 0b000f01 10121 100 131072 653337 513 516
0b000601 0b000701 10122 100 131072 652945 931 516
0b000601 0b000701 10123 100 131072 653041 887 516
0b000501 0b000601 10129 100 131072 652231 1716 516
0b000501 0b000601 10130 100 131072 652258 1689 516
0b000201 0b000301 10128 100 131072 653221 727 516
0b000d01 0b000e01 10126 100 131072 652158 1818 516
0b000901 0b000a01 10124 100 131072 653183 807 516
0b000e01 0b000701 10016 100 131072 644613 9381 7357
0b000101 0b000201 10127 100 131072 653348 851 516
0b000901 0b000a01 10125 100 131072 653241 799 516
0b000101 0b000201 10128 100 131072 653373 851 516
0b000301 0b000401 10131 100 131072 653750 499 516
0b000201 0b000301 10129 100 131072 653405 869 516
0b000b01 0b000c01 10126 100 131072 652463 1652 516
0b000401 0b000501 10126 100 131072 653297 1089 516
0b000d01 0b000e01 10127 100 131072 652551 1600 516
0b000a01 0b000b01 10128 100 131072 653291 899 516
0b000e01 0b000f01 10122 100 131072 653751 491 516
0b000f01 0b000801 10122 100 131072 653787 504 516
0b000d01 0b000e01 10128 100 131072 653348 944 516
0b000b01 0b000c01 10127 100 131072 652588 1714 516
0b000b01 0b000c01 10128 100 131072 652638 1664 516
0b000a01 0b000b01 10129 100 131072 653532 786 516
0b000401 0b000501 10127 100 131072 653311 1089 516
0b000801 0b000901 10126 100 131072 653991 489 516
0b000201 0b000301 10130 100 131072 653714 724 516
0b000401 0b000501 10128 100 131072 653505 1027 516
0b000b01 0b000c01 10129 100 131072 653104 1523 516
0b000c01 0b000d01 10128 100 131072 654227 505 516
0b000401 0b000501 10129 100 131072 654406 489 516
0b000301 0b000401 10132 100 131072 654407 511 516
0b000201 0b000301 10131 100 131072 654493 518 516
0b000b01 0b000c01 10130 100 131072 654088 983 516
0b000b01 0b000c01 10131 100 131072 654210 900 516
0b000f01 0b000801 10123 100 131072 654632 517 516
0b000e01 0b000f01 10123 100 131072 654674 614 516
0b000801 0b000901 10127 100 131072 654826 489 516
0b000601 0b000f01 10017 100 131072 646051 9261 7357
0b000e01 0b000701 10017 100 131072 645178 10193 7357
0b000f01 0b000001 10017 100 131072 648162 7252 7357
0b000101 0b000201 10129 100 131072 654561 789 516
0b000301 0b000401 10133 100 131072 654892 498 516
0b000601 0b000701 10124 100 131072 654174 1243 516
0b000601 0b000701 10125 100 131072 654190 1252 516
0b000401 0b000501 10130 100 131072 654990 502 516
0b000601 0b000701 10126 100 131072 654402 1240 516
0b000701 0b000001 10123 100 131072 655163 528 516
0b000501 0b000601 10131 100 131072 655242 489 516
0b000601 0b000701 10127 100 131072 654720 1035 516
0b000e01 0b000f01 10124 100 131072 654921 837 516
0b000101 0b000201 10130 100 131072 654775 1037 516
0b000101 0b000201 10131 100 131072 654785 1027 516
0b000001 0b000101 10126 100 131072 655373 489 516
0b000801 0b000901 10128 100 131072 655376 528 516
0b000201 0b000301 10132 100 131072 655462 501 516
0b000d01 0b000e01 10129 100 131072 655508 555 516
0b000301 0b000401 10134 100 131072 655738 507 516
0b000b01 0b000401 10016 100 131072 646634 9573 7357
0b000f01 0b000801 10124 100 131072 655504 723 516
0b000c01 0b000d01 10129 100 131072 655863 509 516
0b000701 0b000001 10124 100 131072 655941 491 516
0b000d01 0b000e01 10130 100 131072 655822 594 516
0b000b01 0b000c01 10133 100 131072 655608 814 516
0b000b01 0b000c01 10132 100 131072 655652 809 516
0b000e01 0b000f01 10125 100 131072 655246 1215 516
0b000101 0b000201 10132 100 131072 656107 503 516
0b000b01 0b000401 10017 100 131072 646723 9848 7357
0b000901 0b000a01 10126 100 131072 655433 1164 516
0b000901 0b000a01 10127 100 131072 655447 1164 516
0b000f01 0b000801 10125 100 131072 655718 923 516
0b000e01 0b000f01 10126 100 131072 655421 1309 516
0b000d01 0b000e01 10131 100 131072 656197 533 516
0b000f01 0b000801 10126 100 131072 655868 862 516
0b000601 0b000f01 10018 100 131072 647661 9247 7357
0b000401 0b000501 10131 100 131072 655695 1214 516
0b000e01 0b000f01 10127 100 131072 655660 1376 516
0b000401 0b000501 10132 100 131072 655759 1324 516
0b000001 0b000101 10127 100 131072 656485 601 516
0b000401 0b000501 10133 100 131072 655823 1335 516
0b000d01 0b000e01 10132 100 131072 656761 514 516
0b000601 0b000701 10128 100 131072 655732 1504 516
0b000601 0b000701 10129 100 131072 655757 1479 516
0b000401 0b000501 10134 100 131072 656245 1038 516
0b000b01 0b000c01 10134 100 131072 656843 532 516
0b000001 0b000101 10128 100 131072 656760 601 516
0b000101 0b000a01 10017 100 131072 649092 8348 7357
0b000301 0b000401 10135 100 131072 656958 526 516
0b000a01 0b000b01 10130 100 131072 657000 511 516
0b000401 0b000501 10135 100 131072 657259 514 516
0b000e01 0b000f01 10128 100 131072 656021 1762 516
0b000801 0b000901 10129 100 131072 657301 510 516
0b000b01 0b000c01 10135 100 131072 657328 497 516
0b000901 0b000a01 10128 100 131072 655936 1989 516
0b000901 0b000a01 10129 100 131072 655950 1989 516
0b000301 0b000401 10136 100 131072 657448 511 516
0b000701 0b000001 10125 100 131072 656886 1074 516
0b000a01 0b000301 10018 100 131072 650811 7197 7357
0b000401 0b000d01 10017 100 131072 650690 7317 7357
0b000c01 0b000d01 10130 100 131072 657125 917 516
0b000901 0b000a01 10130 100 131072 656064 1989 516
0b000201 0b000301 10133 100 131072 657209 839 516
0b000901 0b000201 10018 100 131072 650830 7253 7357
0b000201 0b000301 10134 100 131072 657234 828 516
0b000701 0b000001 10126 100 131072 656938 1147 516
0b000701 0b000001 10127 100 131072 657004 1106 516
0b000901 0b000a01 10131 100 131072 656368 1849 516
0b000501 0b000601 10132 100 131072 657396 782 516
0b000901 0b000a01 10132 100 131072 656388 1843 516
0b000301 0b000c01 10016 100 131072 647415 10772 7357
0b000d01 0b000e01 10133 100 131072 657742 497 516
0b000601 0b000701 10130 100 131072 656071 2239 516
0b000e01 0b000f01 10129 100 131072 656442 1956 516
0b000301 0b000c01 10017 100 131072 647470 10900 7357
0b000501 0b000601 10133 100 131072 657542 896 516
0b000401 0b000501 10136 100 131072 657928 518 516
0b000601 0b000701 10131 100 131072 656143 2356 516
0b000901 0b000a01 10133 100 131072 657490 994 516
0b000301 0b000401 10137 100 131072 658021 514 516
0b000c01 0b000501 10017 100 131072 651261 7315 7357
0b000801 0b000901 10130 100 131072 658159 514 516
0b000501 0b000601 10134 100 131072 657905 720 516
0b000c01 0b000d01 10131 100 131072 657312 1516 516
0b000c01 0b000d01 10132 100 131072 657312 1530 516
0b000e01 0b000f01 10130 100 131072 656796 2127 516
0b000e01 0b000701 10018 100 131072 648645 10289 7357
0b000e01 0b000f01 10131 100 131072 656810 2138 516
0b000201 0b000301 10135 100 131072 658360 489 516
0b000601 0b000701 10132 100 131072 656482 2395 516
0b000401 0b000501 10137 100 131072 658400 502 516
0b000101 0b000a01 10018 100 131072 650413 8516 7357
0b000501 0b000601 10135 100 131072 658502 489 516
0b000601 0b000701 10133 100 131072 656582 2424 516
0b000001 0b000101 10129 100 131072 658424 582 516
0b000e01 0b000f01 10132 100 131072 656986 2037 516
0b000601 0b000701 10134 100 131072 656757 2349 516
0b000e01 0b000f01 10133 100 131072 657161 1987 516
0b000601 0b000701 10135 100 131072 656957 2249 516
0b000c01 0b000d01 10133 100 131072 657637 1519 516
0b000601 0b000701 10136 100 131072 656957 2274 516
0b000e01 0b000f01 10134 100 131072 657302 1871 516
0b000601 0b000f01 10019 100 131072 651340 7935 7357
0b000001 0b000101 10130 100 131072 658701 605 516
0b000101 0b000201 10133 100 131072 658872 500 516
0b000f01 0b000801 10127 100 131072 658298 975 516
0b000301 0b000401 10138 100 131072 658973 499 516
0b000601 0b000701 10137 100 131072 658741 765 516
0b000f01 0b000801 10128 100 131072 658322 976 516
0b000901 0b000a01 10134 100 131072 658914 498 516
0b000c01 0b000d01 10134 100 131072 658081 1339 516
0b000c01 0b000d01 10135 100 131072 658120 1337 516
0b000f01 0b000801 10129 100 131072 658768 794 516
0b000e01 0b000f01 10135 100 131072 659073 509 516
0b000201 0b000301 10136 100 131072 658822 839 516
0b000201 0b000301 10137 100 131072 658822 853 516
0b000801 0b000901 10131 100 131072 659237 509 516
0b000b01 0b000401 10018 100 131072 652278 7488 7357
0b000e01 0b000701 10019 100 131072 650581 9264 7357
0b000701 0b000001 10128 100 131072 658381 1614 516
0b000d01 0b000e01 10134 100 131072 659382 525 516
0b000e01 0b000f01 10136 100 131072 659426 570 516
0b000201 0b000301 10138 100 131072 659620 489 516
0b000701 0b000001 10129 100 131072 658427 1682 516
0b000701 0b000001 10130 100 131072 658452 1671 516
0b000301 0b000c01 10018 100 131072 650510 9629 7357
0b000f01 0b000801 10130 100 131072 659471 630 516
0b000401 0b000501 10139 100 131072 659217 1001 516
0b000801 0b000901 10132 100 131072 659740 495 516
0b000c01 0b000d01 10136 100 131072 659432 814 516
0b000701 0b000001 10131 100 131072 658652 1635 516
0b000c01 0b000d01 10137 100 131072 659471 814 516
0b000401 0b000501 10138 100 131072 659255 1038 516
0b000e01 0b000f01 10137 100 131072 659740 570 516
0b000701 0b000001 10132 100 131072 658765 1561 516
0b000a01 0b000b01 10131 100 131072 659607 839 516
0b000401 0b000501 10140 100 131072 659581 862 516
0b000a01 0b000b01 10132 100 131072 659621 839 516
0b000801 0b000101 10018 100 131072 653257 7213 7357
0b000f01 0b000801 10131 100 131072 659740 1084 516
0b000c01 0b000d01 10138 100 131072 660385 511 516
0b000a01 0b000b01 10133 100 131072 660450 496 516
0b000401 0b000501 10141 100 131072 660494 499 516
0b000f01 0b000001 10018 100 131072 653812 7198 7357
0b000001 0b000901 10018 100 131072 653537 7504 7357
0b000b01 0b000c01 10136 100 131072 660521 514 516
0b000f01 0b000801 10132 100 131072 659918 1120 516
0b000701 0b000001 10133 100 131072 660246 849 516
0b000701 0b000001 10134 100 131072 660246 874 516
0b000f01 0b000801 10133 100 131072 660046 1106 516
0b000501 0b000601 10136 100 131072 660093 1126 516
0b000901 0b000a01 10135 100 131072 660821 489 516
0b000c01 0b000d01 10139 100 131072 660835 507 516
0b000f01 0b000801 10134 100 131072 660793 631 516
0b000501 0b000601 10137 100 131072 660168 1226 516
0b000401 0b000501 10142 100 131072 660969 499 516
0b000501 0b000601 10138 100 131072 660293 1192 516
0b000d01 0b000e01 10135 100 131072 661017 532 516
0b000201 0b000301 10139 100 131072 661093 500 516
0b000201 0b000b01 10018 100 131072 653299 8297 7357
0b000e01 0b000f01 10138 100 131072 661249 509 516
0b000001 0b000101 10131 100 131072 660970 725 516
0b000c01 0b000d01 10140 100 131072 661197 666 516
0b000f01 0b000801 10135 100 131072 661408 489 516
0b000501 0b000601 10139 100 131072 660783 1062 516
0b000001 0b000101 10132 100 131072 661120 725 516
0b000701 0b000001 10135 100 131072 661320 678 516
0b000c01 0b000d01 10141 100 131072 661380 683 516
0b000401 0b000501 10143 100 131072 661545 523 516
0b000501 0b000e01 10018 100 131072 654753 7354 7357
0b000901 0b000a01 10136 100 131072 661683 502 516
0b000601 0b000701 10138 100 131072 661448 701 516
0b000301 0b000401 10139 100 131072 661018 1214 516
0b000301 0b000401 10140 100 131072 661058 1263 516
0b000301 0b000401 10141 100 131072 661072 1263 516
0b000501 0b000601 10140 100 131072 661456 1020 516
0b000601 0b000701 10139 100 131072 661635 853 516
0b000101 0b000201 10134 100 131072 662016 564 516
0b000301 0b000401 10142 100 131072 661859 748 516
0b000501 0b000601 10141 100 131072 661586 1046 516
0b000601 0b000701 10140 100 131072 662001 701 516
0b000a01 0b000b01 10134 100 131072 660935 1964 516
0b000a01 0b000b01 10135 100 131072 660949 1964 516
0b000701 0b000001 10136 100 131072 661509 1264 516
0b000501 0b000601 10142 100 131072 661912 870 516
0b000101 0b000201 10135 100 131072 662316 553 516
0b000d01 0b000e01 10136 100 131072 661838 1279 516
0b000d01 0b000e01 10137 100 131072 661852 1265 516
0b000401 0b000501 10144 100 131072 662482 589 516
0b000301 0b000401 10143 100 131072 662671 500 516
0b000a01 0b000b01 10136 100 131072 661063 2114 516
0b000201 0b000b01 10019 100 131072 654850 8385 7357
0b000401 0b000501 10145 100 131072 662776 593 516
0b000401 0b000d01 10018 100 131072 654721 8762 7357
0b000a01 0b000b01 10137 100 131072 661227 2168 516
0b000301 0b000401 10144 100 131072 663119 489 516
0b000e01 0b000f01 10139 100 131072 662917 499 516
0b000a01 0b000b01 10138 100 131072 661241 2179 516
0b000801 0b000901 10133 100 131072 662283 1150 516
0b000801 0b000901 10134 100 131072 662308 1125 516
0b000c01 0b000501 10018 100 131072 655274 8243 7357
0b000a01 0b000b01 10139 100 131072 661494 2051 516
0b000a01 0b000b01 10140 100 131072 661939 1706 516
0b000c01 0b000d01 10142 100 131072 663149 507 516
0b000801 0b000901 10135 100 131072 662572 1111 516
0b000d01 0b000e01 10138 100 131072 662166 1564 516
0b000901 0b000a01 10137 100 131072 663245 505 516
0b000801 0b000901 10136 100 131072 663111 772 516
0b000101 0b000201 10136 100 131072 663480 500 516
0b000701 0b000001 10138 100 131072 661887 2293 516
0b000d01 0b000e01 10139 100 131072 662430 1614 516
0b000d01 0b000e01 10140 100 131072 662467 1703 516
0b000a01 0b000301 10019 100 131072 657050 7228 7357
0b000501 0b000601 10143 100 131072 663228 1076 516
0b000701 0b000001 10137 100 131072 661944 2410 516
0b000f01 0b000801 10136 100 131072 661933 2415 516
0b000f01 0b000801 10137 100 131072 661958 2415 516
0b000b01 0b000401 10019 100 131072 657200 7197 7357
0b000501 0b000601 10144 100 131072 663303 1176 516
0b000701 0b000001 10139 100 131072 662016 2463 516
0b000b01 0b000c01 10137 100 131072 663456 989 516
0b000301 0b000c01 10019 100 131072 657284 7196 7357
0b000b01 0b000c01 10138 100 131072 663470 1000 516
0b000001 0b000101 10133 100 131072 663005 1552 516
0b000401 0b000d01 10019 100 131072 655681 8895 7357
0b000901 0b000a01 10138 100 131072 664051 497 516
0b000701 0b000001 10140 100 131072 662116 2488 516
0b000701 0b000001 10141 100 131072 662216 2388 516
0b000c01 0b000d01 10143 100 131072 664045 514 516
0b000701 0b000001 10142 100 131072 662241 2388 516
0b000f01 0b000801 10138 100 131072 662033 2540 516
0b000501 0b000601 10145 100 131072 663453 1201 516
0b000501 0b000e01 10019 100 131072 657410 7245 7357
0b000b01 0b000c01 10139 100 131072 663956 739 516
0b000701 0b000001 10143 100 131072 662855 1913 516
0b000d01 0b000e01 10141 100 131072 663256 1528 516
0b000d01 0b000e01 10142 100 131072 663295 1514 516
0b000601 0b000701 10141 100 131072 664229 591 516
0b000a01 0b000b01 10141 100 131072 664320 511 516
0b000f01 0b000801 10139 100 131072 662158 2751 516
0b000f01 0b000801 10140 100 131072 662183 2726 516
0b000801 0b000901 10137 100 131072 664048 880 516
0b000501 0b000601 10146 100 131072 664003 1006 516
0b000701 0b000801 10018 100 131072 654649 10364 7357
0b000f01 0b000801 10141 100 131072 662285 2752 516
0b000601 0b000701 10142 100 131072 664495 589 516
0b000301 0b000401 10145 100 131072 664603 489 516
0b000e01 0b000f01 10140 100 131072 664559 527 516
0b000b01 0b000c01 10140 100 131072 664606 489 516
0b000501 0b000601 10147 100 131072 664478 695 516
0b000c01 0b000501 10019 100 131072 656800 8322 7357
0b000d01 0b000e01 10143 100 131072 663906 1244 516
0b000001 0b000101 10134 100 131072 663119 2165 516
0b000001 0b000101 10135 100 131072 663133 2151 516
0b000801 0b000901 10138 100 131072 664162 1019 516
0b000f01 0b000801 10142 100 131072 662592 2675 516
0b000d01 0b000601 10018 100 131072 655822 9553 7357
0b000101 0b000201 10137 100 131072 664705 717 516
0b000f01 0b000801 10143 100 131072 663006 2411 516
0b000801 0b000901 10139 100 131072 664434 1025 516
0b000f01 0b000801 10144 100 131072 663320 2197 516
0b000d01 0b000e01 10144 100 131072 664352 1187 516
0b000001 0b000101 10136 100 131072 663297 2262 516
0b000001 0b000101 10137 100 131072 663336 2223 516
0b000101 0b000201 10138 100 131072 664855 720 516
0b000e01 0b000f01 10141 100 131072 665117 497 516
0b000801 0b000901 10140 100 131072 664907 741 516
0b000701 0b000001 10144 100 131072 665159 527 516
0b000a01 0b000b01 10142 100 131072 665195 489 516
0b000f01 0b000801 10145 100 131072 664768 930 516
0b000901 0b000201 10019 100 131072 658325 7403 7357
0b000d01 0b000601 10019 100 131072 656147 9593 7357
0b000d01 0b000e01 10145 100 131072 664873 1030 516
0b000d01 0b000e01 10146 100 131072 665073 894 516
0b000f01 0b000001 10019 100 131072 656860 9239 7357
0b000001 0b000101 10138 100 131072 664020 2053 516
0b000001 0b000101 10139 100 131072 664105 1993 516
0b000001 0b000101 10140 100 131072 664130 1968 516
0b000201 0b000301 10140 100 131072 665590 564 516
0b000701 0b000001 10145 100 131072 665498 713 516
0b000401 0b000501 10146 100 131072 665242 1039 516
0b000601 0b000701 10143 100 131072 665486 815 516
0b000b01 0b000c01 10141 100 131072 665909 614 516
0b000701 0b000001 10146 100 131072 665712 688 516
0b000001 0b000101 10141 100 131072 665783 623 516
0b000201 0b000301 10141 100 131072 665879 564 516
0b000401 0b000501 10147 100 131072 665331 1123 516
0b000401 0b000501 10148 100 131072 665345 1134 516
0b000701 0b000801 10019 100 131072 655438 11127 7357
0b000e01 0b000f01 10142 100 131072 666127 491 516
0b000601 0b000701 10144 100 131072 665642 987 516
0b000601 0b000701 10145 100 131072 665792 912 516
0b000f01 0b000001 10020 100 131072 657252 9495 7357
0b000501 0b000601 10148 100 131072 666379 714 516
0b000401 0b000501 10149 100 131072 666618 500 516
0b000801 0b000101 10019 100 131072 659651 7475 7357
0b000501 0b000601 10149 100 131072 666527 705 516
0b000501 0b000e01 10020 100 131072 659919 7335 7357
0b000d01 0b000e01 10147 100 131072 666493 697 516
0b000a01 0b000b01 10143 100 131072 666760 533 516
0b000701 0b000801 10020 100 131072 656444 10849 7357
0b000e01 0b000f01 10143 100 131072 666740 556 516
0b000001 0b000901 10019 100 131072 659442 7968 7357
0b000d01 0b000e01 10148 100 131072 666666 688 516
0b000201 0b000301 10142 100 131072 666990 498 516
0b000e01 0b000701 10020 100 131072 660285 7198 7357
0b000901 0b000a01 10139 100 131072 666443 1290 516
0b000901 0b000a01 10140 100 131072 666443 1315 516
0b000301 0b000401 10146 100 131072 667288 494 516
0b000401 0b000501 10150 100 131072 667407 489 516
0b000101 0b000201 10139 100 131072 667567 498 516
0b000e01 0b000f01 10144 100 131072 667054 882 516
0b000601 0b000701 10146 100 131072 667314 814 516
0b000901 0b000a01 10141 100 131072 666693 1290 516
0b000901 0b000a01 10142 100 131072 666893 1140 516
0b000a01 0b000b01 10144 100 131072 667558 505 516
0b000d01 0b000e01 10149 100 131072 667586 519 516
0b000b01 0b000c01 10142 100 131072 666187 1943 516
0b000e01 0b000f01 10145 100 131072 667180 1066 516
0b000b01 0b000c01 10143 100 131072 666245 2010 516
0b000601 0b000f01 10020 100 131072 661188 7198 7357
0b000001 0b000101 10142 100 131072 667190 1229 516
0b000b01 0b000c01 10144 100 131072 666405 2075 516
0b000401 0b000501 10151 100 131072 668102 489 516
0b000b01 0b000c01 10145 100 131072 666430 2050 516
0b000501 0b000601 10150 100 131072 668132 496 516
0b000d01 0b000601 10020 100 131072 661052 7472 7357
0b000901 0b000a01 10143 100 131072 667938 595 516
0b000601 0b000701 10147 100 131072 667489 1253 516
0b000b01 0b000c01 10146 100 131072 666555 2000 516
0b000b01 0b000c01 10147 100 131072 666655 1950 516
0b000f01 0b000801 10146 100 131072 668096 536 516
0b000c01 0b000d01 10145 100 131072 667480 1214 516
0b000c01 0b000d01 10144 100 131072 667490 1218 516
0b000c01 0b000d01 10146 100 131072 667705 1239 516
0b000601 0b000701 10148 100 131072 667664 1442 516
0b000c01 0b000d01 10147 100 131072 668105 964 516
0b000901 0b000a01 10144 100 131072 668191 920 516
0b000201 0b000301 10143 100 131072 668432 837 516
0b000f01 0b000801 10147 100 131072 668624 522 516
0b000801 0b000901 10141 100 131072 667358 1808 516
0b000801 0b000901 10142 100 131072 667383 1783 516
0b000b01 0b000c01 10148 100 131072 668694 489 516
0b000001 0b000901 10020 100 131072 661095 8239 7357
0b000e01 0b000f01 10146 100 131072 667665 1531 516
0b000001 0b000101 10143 100 131072 667364 1980 516
0b000901 0b000a01 10145 100 131072 668469 942 516
0b000e01 0b000f01 10147 100 131072 667794 1666 516
0b000e01 0b000f01 10148 100 131072 667819 1655 516
0b000101 0b000a01 10019 100 131072 660096 9369 7357
0b000901 0b000a01 10146 100 131072 668658 878 516
0b000a01 0b000301 10020 100 131072 662422 7195 7357
0b000e01 0b000f01 10149 100 131072 668160 1553 516
0b000201 0b000301 10144 100 131072 668585 984 516
0b000601 0b000701 10149 100 131072 668019 1622 516
0b000301 0b000401 10147 100 131072 669164 489 516
0b000201 0b000301 10145 100 131072 668738 931 516
0b000201 0b000b01 10020 100 131072 662382 7364 7357
0b000001 0b000101 10144 100 131072 667489 2272 516
0b000601 0b000701 10150 100 131072 668183 1633 516
0b000701 0b000001 10147 100 131072 669311 537 516
0b000801 0b000901 10143 100 131072 667583 2317 516
0b000101 0b000201 10140 100 131072 668294 1563 516
0b000101 0b000201 10141 100 131072 668294 1563 516
0b000601 0b000701 10151 100 131072 668385 1531 516
0b000101 0b000a01 10020 100 131072 660371 9561 7357
0b000701 0b000801 10021 100 131072 662516 7428 7357
0b000301 0b000c01 10020 100 131072 662685 7319 7357
0b000601 0b000701 10152 100 131072 668750 1266 516
0b000901 0b000201 10020 100 131072 662756 7343 7357
0b000e01 0b000f01 10150 100 131072 668913 1214 516
0b000e01 0b000f01 10151 100 131072 668977 1164 516
0b000001 0b000101 10145 100 131072 667614 2536 516
0b000001 0b000101 10146 100 131072 667614 2561 516
0b000001 0b000101 10147 100 131072 667639 2561 516
0b000501 0b000601 10151 100 131072 669291 912 516
0b000001 0b000101 10148 100 131072 667778 2547 516
0b000701 0b000001 10148 100 131072 669639 889 516
0b000101 0b000201 10142 100 131072 668569 1969 516
0b000701 0b000001 10149 100 131072 669714 839 516
0b000101 0b000201 10143 100 131072 668569 1994 516
0b000501 0b000601 10152 100 131072 669464 1164 516
0b000801 0b000901 10144 100 131072 667919 2737 516
0b000501 0b000601 10153 100 131072 669489 1164 516
0b000801 0b000901 10145 100 131072 667919 2762 516
0b000b01 0b000c01 10149 100 131072 670303 489 516
0b000601 0b000701 10153 100 131072 670103 719 516
0b000801 0b000901 10146 100 131072 668023 2797 516
0b000f01 0b000801 10148 100 131072 670306 519 516
0b000801 0b000901 10147 100 131072 668047 2787 516
0b000501 0b000601 10154 100 131072 670128 764 516
0b000601 0b000701 10154 100 131072 670242 714 516
0b000901 0b000a01 10147 100 131072 670420 500 516
0b000701 0b000001 10150 100 131072 670493 495 516
0b000801 0b000901 10148 100 131072 668277 2668 516
0b000301 0b000401 10148 100 131072 670498 494 516
0b000801 0b000101 10020 100 131072 663834 7268 7357
0b000801 0b000901 10149 100 131072 668708 2401 516
0b000101 0b000201 10144 100 131072 669083 1994 516
0b000101 0b000201 10145 100 131072 669108 1994 516
0b000e01 0b000f01 10152 100 131072 670200 1039 516
0b000001 0b000101 10149 100 131072 669109 2033 516
0b000101 0b000201 10146 100 131072 669416 1800 516
0b000801 0b000901 10150 100 131072 669575 1806 516
0b000001 0b000101 10150 100 131072 669221 2017 516
0b000e01 0b000f01 10153 100 131072 670264 1142 516
0b000401 0b000501 10152 100 131072 670792 489 516
0b000001 0b000101 10151 100 131072 669410 1878 516
0b000801 0b000901 10151 100 131072 670303 1203 516
0b000001 0b000101 10152 100 131072 669757 1581 516
0b000101 0b000201 10147 100 131072 670136 1214 516
0b000501 0b000601 10155 100 131072 670906 489 516
0b000e01 0b000f01 10154 100 131072 670364 1167 516
0b000201 0b000301 10146 100 131072 671075 489 516
0b000b01 0b000c01 10150 100 131072 671073 495 516
0b000701 0b000001 10151 100 131072 671138 496 516
0b000e01 0b000f01 10155 100 131072 671115 666 516
0b000501 0b000601 10156 100 131072 671601 508 516
0b000f01 0b000801 10149 100 131072 671256 736 516
0b000f01 0b000801 10150 100 131072 671396 713 516
0b000801 0b000901 10152 100 131072 671642 489 516
0b000a01 0b000b01 10145 100 131072 670743 1414 516
0b000701 0b000001 10152 100 131072 671752 496 516
0b000a01 0b000b01 10146 100 131072 670768 1403 516
0b000601 0b000701 10156 100 131072 671534 757 516
0b000001 0b000901 10021 100 131072 665008 7345 7357
0b000601 0b000701 10155 100 131072 671638 753 516
0b000701 0b000001 10153 100 131072 672116 489 516
0b000d01 0b000e01 10150 100 131072 671718 711 516
0b000c01 0b000d01 10148 100 131072 671140 1317 516
0b000a01 0b000b01 10147 100 131072 670993 1633 516
0b000801 0b000901 10153 100 131072 672156 500 516
0b000101 0b000201 10148 100 131072 672354 489 516
0b000a01 0b000b01 10148 100 131072 671043 1708 516
0b000901 0b000a01 10148 100 131072 672176 698 516
0b000d01 0b000e01 10151 100 131072 671954 925 516
0b000301 0b000401 10149 100 131072 672279 688 516
0b000f01 0b000801 10151 100 131072 672206 714 516
0b000d01 0b000e01 10152 100 131072 672079 875 516
0b000901 0b000a01 10149 100 131072 672344 710 516
0b000c01 0b000d01 10149 100 131072 671265 1816 516
0b000401 0b000501 10153 100 131072 672663 505 516
0b000101 0b000201 10149 100 131072 672771 512 516
0b000b01 0b000c01 10151 100 131072 672756 532 516
0b000a01 0b000b01 10149 100 131072 671543 1792 516
0b000001 0b000101 10153 100 131072 672858 518 516
0b000901 0b000a01 10150 100 131072 672910 503 516
0b000801 0b000901 10154 100 131072 672954 491 516
0b000e01 0b000701 10021 100 131072 666127 7341 7357
0b000201 0b000301 10147 100 131072 672867 643 516
0b000b01 0b000401 10020 100 131072 665923 7742 7357
0b000c01 0b000d01 10150 100 131072 671490 2192 516
0b000f01 0b000001 10021 100 131072 666426 7268 7357
0b000c01 0b000d01 10151 100 131072 671490 2206 516
0b000a01 0b000b01 10150 100 131072 672121 1606 516
0b000601 0b000f01 10021 100 131072 664404 9230 7357
0b000c01 0b000d01 10152 100 131072 671565 2245 516
0b000701 0b000001 10154 100 131072 672651 1001 516
0b000c01 0b000d01 10153 100 131072 671615 2209 516
0b000601 0b000701 10157 100 131072 673213 502 516
0b000501 0b000e01 10021 100 131072 665078 8664 7357
0b000301 0b000401 10151 100 131072 672579 1216 516
0b000201 0b000301 10148 100 131072 673109 726 516
0b000301 0b000401 10150 100 131072 672627 1243 516
0b000301 0b000401 10152 100 131072 672679 1191 516
0b000f01 0b000801 10152 100 131072 672470 1515 516
0b000a01 0b000b01 10151 100 131072 672421 1570 516
0b000001 0b000101 10154 100 131072 673538 502 516
0b000f01 0b000801 10153 100 131072 672484 1526 516
0b000a01 0b000b01 10152 100 131072 672475 1566 516
0b000701 0b000001 10155 100 131072 672826 1362 516
0b000c01 0b000d01 10154 100 131072 672193 1895 516
0b000601 0b000701 10158 100 131072 673663 616 516
0b000701 0b000001 10156 100 131072 672926 1451 516
0b000601 0b000f01 10022 100 131072 664855 9574 7357
0b000701 0b000001 10157 100 131072 673026 1440 516
0b000f01 0b000801 10154 100 131072 672723 1526 516
0b000a01 0b000b01 10153 100 131072 672942 1324 516
0b000c01 0b000d01 10155 100 131072 673014 1338 516
0b000801 0b000901 10155 100 131072 673835 527 516
0b000401 0b000501 10154 100 131072 674002 489 516
0b000a01 0b000b01 10154 100 131072 673930 586 516
0b000c01 0b000d01 10156 100 131072 673802 739 516
0b000001 0b000101 10155 100 131072 673998 534 516
0b000601 0b000701 10159 100 131072 673902 639 516
0b000f01 0b000801 10155 100 131072 673137 1464 516
0b000f01 0b000801 10156 100 131072 673151 1464 516
0b000401 0b000d01 10020 100 131072 665617 9001 7357
0b000d01 0b000601 10021 100 131072 667569 7196 7357
0b000501 0b000601 10157 100 131072 674291 489 516
0b000201 0b000301 10149 100 131072 673548 1337 516
0b000201 0b000301 10150 100 131072 673573 1312 516
0b000601 0b000701 10160 100 131072 674405 489 516
0b000701 0b000001 10158 100 131072 673832 1112 516
0b000c01 0b000501 10020 100 131072 667455 7561 7357
0b000701 0b000001 10159 100 131072 673966 1003 516
0b000c01 0b000d01 10157 100 131072 674578 489 516
0b000501 0b000e01 10022 100 131072 666081 8935 7357
0b000101 0b000201 10150 100 131072 673160 1909 516
0b000101 0b000201 10151 100 131072 673185 1884 516
0b000301 0b000401 10153 100 131072 674574 499 516
0b000101 0b000201 10152 100 131072 673210 1873 516
0b000001 0b000101 10156 100 131072 674644 508 516
0b000101 0b000201 10153 100 131072 673335 1988 516
0b000901 0b000a01 10151 100 131072 673666 1711 516
0b000901 0b000a01 10152 100 131072 673691 1686 516
0b000401 0b000d01 10021 100 131072 666181 9347 7357
0b000601 0b000701 10161 100 131072 675119 507 516
0b000f01 0b000801 10157 100 131072 674249 1390 516
0b000001 0b000101 10157 100 131072 675258 518 516
0b000201 0b000301 10151 100 131072 674087 1704 516
0b000201 0b000301 10152 100 131072 674112 1704 516
0b000801 0b000901 10156 100 131072 675002 766 516
0b000b01 0b000401 10021 100 131072 667841 7934 7357
0b000f01 0b000801 10158 100 131072 674416 1373 516
0b000201 0b000301 10153 100 131072 674226 1640 516
0b000201 0b000301 10154 100 131072 674360 1556 516
0b000901 0b000a01 10153 100 131072 673830 2028 516
0b000901 0b000a01 10154 100 131072 673844 2028 516
0b000f01 0b000801 10159 100 131072 674541 1341 516
0b000801 0b000901 10157 100 131072 675119 763 516
0b000e01 0b000f01 10156 100 131072 675439 489 516
0b000d01 0b000e01 10153 100 131072 675467 497 516
0b000e01 0b000701 10022 100 131072 668549 7417 7357
0b000f01 0b000801 10160 100 131072 674791 1198 516
0b000701 0b000001 10160 100 131072 675301 764 516
0b000001 0b000901 10022 100 131072 668696 7401 7357
0b000b01 0b000c01 10152 100 131072 675167 967 516
0b000001 0b000101 10158 100 131072 675615 507 516
0b000b01 0b000c01 10153 100 131072 675181 978 516
0b000101 0b000201 10154 100 131072 674112 2041 516
0b000101 0b000201 10155 100 131072 674152 2001 516
0b000701 0b000001 10161 100 131072 675401 753 516
0b000101 0b000201 10156 100 131072 674248 1930 516
0b000101 0b000201 10157 100 131072 674348 1855 516
0b000201 0b000301 10155 100 131072 675853 489 516
0b000401 0b000501 10155 100 131072 675977 501 516
0b000b01 0b000c01 10154 100 131072 675636 773 516
0b000801 0b000901 10158 100 131072 675930 492 516
0b000901 0b000a01 10155 100 131072 674391 2132 516
0b000101 0b000a01 10021 100 131072 669108 7444 7357
0b000a01 0b000b01 10155 100 131072 675884 702 516
0b000d01 0b000e01 10154 100 131072 676091 507 516
0b000501 0b000601 10158 100 131072 676178 489 516
0b000901 0b000a01 10156 100 131072 674516 2146 516
0b000e01 0b000f01 10157 100 131072 675889 789 516
0b000301 0b000c01 10021 100 131072 669453 7275 7357
0b000201 0b000301 10156 100 131072 676293 502 516
0b000e01 0b000f01 10158 100 131072 675964 780 516
0b000a01 0b000b01 10156 100 131072 676064 686 516
0b000c01 0b000d01 10158 100 131072 676298 494 516
0b000b01 0b000c01 10155 100 131072 676345 489 516
0b000901 0b000a01 10157 100 131072 675141 1923 516
0b000301 0b000401 10154 100 131072 676520 555 516
0b000701 0b000001 10162 100 131072 676478 626 516
0b000f01 0b000801 10161 100 131072 676644 508 516
0b000901 0b000a01 10158 100 131072 675363 1807 516
0b000701 0b000801 10022 100 131072 667830 9378 7357
0b000001 0b000101 10159 100 131072 676704 513 516
0b000e01 0b000f01 10159 100 131072 676752 490 516
0b000901 0b000a01 10159 100 131072 675666 1604 516
0b000701 0b000001 10163 100 131072 676725 623 516
0b000c01 0b000501 10021 100 131072 669533 7770 7357
0b000301 0b000401 10155 100 131072 676845 530 516
0b000b01 0b000c01 10156 100 131072 676737 664 516
0b000101 0b000201 10158 100 131072 677050 498 516
0b000901 0b000a01 10160 100 131072 676455 990 516
0b000801 0b000901 10159 100 131072 677020 519 516
0b000701 0b000801 10023 100 131072 668094 9580 7357
0b000401 0b000501 10156 100 131072 676675 1126 516
0b000901 0b000a01 10161 100 131072 677372 514 516
0b000f01 0b000801 10162 100 131072 677439 497 516
0b000001 0b000101 10160 100 131072 677198 792 516
0b000f01 0b000001 10022 100 131072 669628 8374 7357
0b000501 0b000601 10159 100 131072 677501 513 516
0b000801 0b000101 10021 100 131072 668427 9613 7357
0b000101 0b000201 10159 100 131072 677542 495 516
0b000701 0b000001 10164 100 131072 677551 524 516
0b000401 0b000501 10157 100 131072 676805 1415 516
0b000401 0b000501 10158 100 131072 676880 1415 516
0b000401 0b000501 10159 100 131072 676880 1440 516
0b000b01 0b000c01 10157 100 131072 677001 1339 516
0b000801 0b000101 10022 100 131072 668527 9877 7357
0b000701 0b000001 10165 100 131072 677904 521 516
0b000301 0b000401 10156 100 131072 677895 534 516
0b000b01 0b000c01 10158 100 131072 677051 1378 516
0b000801 0b000901 10160 100 131072 677611 839 516
0b000801 0b000901 10161 100 131072 677625 839 516
0b000e01 0b000f01 10160 100 131072 678026 491 516
0b000501 0b000601 10160 100 131072 678026 505 516
0b000b01 0b000c01 10159 100 131072 677276 1336 516
0b000601 0b000701 10162 100 131072 677775 839 516
0b000401 0b000501 10160 100 131072 678083 537 516
0b000601 0b000701 10163 100 131072 677790 838 516
0b000b01 0b000c01 10160 100 131072 677526 1161 516
0b000001 0b000101 10161 100 131072 677387 1264 516
0b000201 0b000301 10157 100 131072 678079 589 516
0b000101 0b000201 10160 100 131072 678162 514 516
0b000d01 0b000e01 10155 100 131072 676692 2089 516
0b000d01 0b000e01 10156 100 131072 676706 2089 516
0b000a01 0b000b01 10157 100 131072 678387 489 516
0b000001 0b000101 10162 100 131072 677476 1360 516
0b000d01 0b000601 10022 100 131072 671704 7194 7357
0b000201 0b000301 10158 100 131072 678333 628 516
0b000101 0b000a01 10022 100 131072 671429 7544 7357
0b000d01 0b000e01 10157 100 131072 676820 2339 516
0b000d01 0b000e01 10158 100 131072 676834 2339 516
0b000701 0b000001 10166 100 131072 678636 514 516
0b000001 0b000101 10163 100 131072 677954 1196 516
0b000001 0b000101 10164 100 131072 677979 1196 516
0b000401 0b000501 10161 100 131072 678785 491 516
0b000101 0b000201 10161 100 131072 678786 539 516
0b000f01 0b000801 10163 100 131072 678938 511 516
0b000701 0b000001 10167 100 131072 678976 524 516
0b000901 0b000a01 10162 100 131072 678892 657 516
0b000d01 0b000e01 10159 100 131072 677098 2471 516
0b000f01 0b000001 10023 100 131072 670946 8629 7357
0b000101 0b000201 10162 100 131072 679132 543 516
0b000801 0b000901 10162 100 131072 678649 1057 516
0b000001 0b000101 10165 100 131072 679075 764 516
0b000001 0b000101 10166 100 131072 679164 764 516
0b000a01 0b000b01 10158 100 131072 678868 913 516
0b000a01 0b000b01 10159 100 131072 678882 899 516
0b000d01 0b000e01 10160 100 131072 677362 2432 516
0b000a01 0b000301 10021 100 131072 672546 7308 7357
0b000d01 0b000e01 10161 100 131072 677628 2266 516
0b000901 0b000a01 10163 100 131072 679107 831 516
0b000801 0b000901 10163 100 131072 678799 1289 516
0b000d01 0b000e01 10162 100 131072 678077 2020 516
0b000601 0b000701 10164 100 131072 679677 489 516
0b000e01 0b000f01 10161 100 131072 679608 521 516
0b000c01 0b000d01 10159 100 131072 679144 991 516
0b000201 0b000b01 10021 100 131072 672867 7409 7357
0b000901 0b000a01 10164 100 131072 679432 709 516
0b000c01 0b000d01 10160 100 131072 679169 991 516
0b000201 0b000301 10159 100 131072 679163 1214 516
0b000201 0b000301 10160 100 131072 679163 1214 516
0b000d01 0b000e01 10163 100 131072 678538 1659 516
0b000801 0b000901 10164 100 131072 678892 1321 516
0b000201 0b000301 10161 100 131072 679213 1189 516
0b000801 0b000901 10165 100 131072 678999 1239 516
0b000b01 0b000c01 10161 100 131072 679760 536 516
0b000301 0b000401 10157 100 131072 678801 1709 516
0b000301 0b000401 10158 100 131072 678826 1684 516
0b000d01 0b000e01 10164 100 131072 679802 670 516
0b000f01 0b000801 10164 100 131072 679688 849 516
0b000301 0b000401 10159 100 131072 678876 1734 516
0b000301 0b000401 10160 100 131072 678926 1684 516
0b000f01 0b000801 10165 100 131072 679754 908 516
0b000c01 0b000d01 10161 100 131072 679738 948 516
0b000c01 0b000d01 10162 100 131072 679844 881 516
0b000001 0b000101 10167 100 131072 680114 614 516
0b000101 0b000201 10163 100 131072 680227 526 516
0b000301 0b000401 10161 100 131072 679352 1431 516
0b000501 0b000601 10161 100 131072 680313 511 516
0b000401 0b000501 10162 100 131072 680385 501 516
0b000f01 0b000801 10166 100 131072 680252 660 516
0b000001 0b000901 10023 100 131072 673563 7364 7357
0b000001 0b000101 10168 100 131072 680358 609 516
0b000801 0b000901 10166 100 131072 680162 864 516
0b000901 0b000a01 10165 100 131072 680549 502 516
0b000601 0b000f01 10023 100 131072 673638 7366 7357
0b000201 0b000301 10162 100 131072 680558 489 516
0b000801 0b000901 10167 100 131072 680218 972 516
0b000901 0b000201 10021 100 131072 672176 9031 7357
0b000501 0b000601 10162 100 131072 680811 513 516
0b000a01 0b000b01 10160 100 131072 679533 1877 516
0b000a01 0b000b01 10161 100 131072 679562 1862 516
0b000001 0b000101 10169 100 131072 681012 502 516
0b000601 0b000701 10165 100 131072 681024 506 516
0b000a01 0b000b01 10162 100 131072 679672 1913 516
0b000201 0b000301 10163 100 131072 681047 492 516
0b000101 0b000201 10164 100 131072 681050 510 516
0b000801 0b000901 10168 100 131072 680684 993 516
0b000801 0b000901 10169 100 131072 680946 831 516
0b000001 0b000101 10170 100 131072 681435 514 516
0b000401 0b000501 10163 100 131072 681439 514 516
0b000f01 0b000801 10167 100 131072 681527 514 516
0b000601 0b000701 10166 100 131072 681541 514 516
0b000a01 0b000b01 10163 100 131072 680074 2036 516
0b000101 0b000201 10165 100 131072 681414 647 516
0b000a01 0b000b01 10164 100 131072 680180 2055 516
0b000201 0b000301 10164 100 131072 681686 517 516
0b000a01 0b000b01 10165 100 131072 680280 2006 516
0b000301 0b000401 10162 100 131072 681678 564 516
0b000901 0b000a01 10166 100 131072 681460 859 516
0b000901 0b000a01 10167 100 131072 681474 845 516
0b000101 0b000a01 10023 100 131072 674298 7970 7357
0b000a01 0b000b01 10166 100 131072 680455 1889 516
0b000b01 0b000c01 10162 100 131072 681886 508 516
0b000601 0b000701 10167 100 131072 681908 497 516
0b000c01 0b000d01 10163 100 131072 681350 1139 516
0b000701 0b000001 10168 100 131072 681624 861 516
0b000701 0b000001 10169 100 131072 681638 847 516
0b000301 0b000401 10163 100 131072 681971 560 516
0b000501 0b000601 10163 100 131072 681230 1314 516
0b000a01 0b000b01 10167 100 131072 681983 650 516
0b000001 0b000101 10171 100 131072 682160 518 516
0b000c01 0b000d01 10164 100 131072 681439 1289 516
0b000501 0b000601 10164 100 131072 681305 1453 516
0b000501 0b000601 10165 100 131072 681330 1442 516
0b000101 0b000201 10166 100 131072 681661 1138 516
0b000c01 0b000d01 10165 100 131072 681622 1294 516
0b000c01 0b000d01 10166 100 131072 681697 1244 516
0b000501 0b000601 10166 100 131072 681630 1356 516
0b000801 0b000901 10170 100 131072 682459 507 516
0b000e01 0b000f01 10162 100 131072 681791 1214 516
0b000e01 0b000f01 10163 100 131072 681805 1214 516
0b000a01 0b000b01 10168 100 131072 682559 532 516
0b000101 0b000201 10167 100 131072 681846 1328 516
0b000501 0b000601 10167 100 131072 682286 889 516
0b000b01 0b000401 10022 100 131072 675761 7410 7357
0b000201 0b000301 10165 100 131072 682685 521 516
0b000901 0b000a01 10168 100 131072 682716 507 516
0b000001 0b000101 10172 100 131072 682510 821 516
0b000301 0b000401 10164 100 131072 682864 489 516
0b000001 0b000101 10173 100 131072 682585 796 516
0b000101 0b000201 10168 100 131072 682160 1510 516
0b000a01 0b000b01 10169 100 131072 682948 650 516
0b000f01 0b000801 10168 100 131072 683139 530 516
0b000d01 0b000e01 10165 100 131072 683170 511 516
0b000101 0b000201 10169 100 131072 682185 1499 516
0b000b01 0b000c01 10163 100 131072 682791 964 516
0b000b01 0b000c01 10164 100 131072 682791 978 516
0b000c01 0b000d01 10167 100 131072 683306 513 516
0b000a01 0b000b01 10170 100 131072 683151 672 516
0b000001 0b000901 10024 100 131072 676662 7432 7357
0b000b01 0b000c01 10165 100 131072 683286 722 516
0b000e01 0b000f01 10164 100 131072 682169 1902 516
0b000101 0b000201 10170 100 131072 682849 1328 516
0b000e01 0b000f01 10165 100 131072 682183 1913 516
0b000901 0b000a01 10169 100 131072 683098 1024 516
0b000a01 0b000301 10022 100 131072 676423 7850 7357
0b000101 0b000201 10171 100 131072 682938 1324 516
0b000201 0b000301 10166 100 131072 683763 524 516
0b000601 0b000701 10168 100 131072 683834 501 516
0b000801 0b000901 10171 100 131072 683547 867 516
0b000501 0b000601 10168 100 131072 683896 524 516
0b000701 0b000801 10024 100 131072 677289 7195 7357
0b000d01 0b000e01 10166 100 131072 683696 826 516
0b000f01 0b000801 10169 100 131072 684014 508 516
0b000d01 0b000e01 10167 100 131072 683735 837 516
0b000101 0b000a01 10024 100 131072 676386 8168 7357
0b000901 0b000a01 10170 100 131072 683223 1377 516
0b000901 0b000a01 10171 100 131072 683248 1352 516
0b000801 0b000901 10172 100 131072 683672 968 516
0b000801 0b000901 10173 100 131072 683922 843 516
0b000201 0b000301 10167 100 131072 684217 534 516
0b000101 0b000201 10172 100 131072 683738 1043 516
0b000301 0b000401 10165 100 131072 683387 1394 516
0b000d01 0b000601 10023 100 131072 677551 7263 7357
0b000401 0b000501 10164 100 131072 683520 1284 516
0b000301 0b000401 10166 100 131072 683387 1419 516
0b000301 0b000401 10167 100 131072 683412 1394 516
0b000e01 0b000f01 10166 100 131072 682804 2032 516
0b000601 0b000701 10169 100 131072 684334 506 516
0b000e01 0b000f01 10167 100 131072 682904 2046 516
0b000101 0b000201 10173 100 131072 683977 979 516
0b000e01 0b000f01 10168 100 131072 683107 2007 516
0b000e01 0b000f01 10169 100 131072 683207 1921 516
0b000701 0b000001 10170 100 131072 684540 489 516
0b000e01 0b000f01 10170 100 131072 683482 1710 516
0b000401 0b000501 10165 100 131072 683620 1409 516
0b000401 0b000501 10166 100 131072 683620 1434 516
0b000901 0b000201 10022 100 131072 673955 11312 7357
0b000201 0b000301 10168 100 131072 684570 520 516
0b000401 0b000501 10167 100 131072 683793 1311 516
0b000301 0b000401 10168 100 131072 684057 1139 516
0b000101 0b000201 10174 100 131072 684524 772 516
0b000301 0b000401 10169 100 131072 684549 797 516
0b000101 0b000201 10175 100 131072 684959 584 516
0b000201 0b000301 10169 100 131072 685071 489 516
0b000801 0b000901 10174 100 131072 685051 503 516
0b000701 0b000001 10171 100 131072 685065 530 516
0b000901 0b000a01 10172 100 131072 683937 1691 516
0b000901 0b000201 10023 100 131072 674119 11512 7357
0b000301 0b000c01 10022 100 131072 677895 7830 7357
0b000901 0b000a01 10173 100 131072 684036 1692 516
0b000b01 0b000c01 10166 100 131072 684420 1458 516
0b000b01 0b000c01 10167 100 131072 684434 1444 516
0b000901 0b000a01 10174 100 131072 684200 1703 516
0b000701 0b000001 10172 100 131072 685415 528 516
0b000401 0b000501 10168 100 131072 685541 489 516
0b000901 0b000a01 10175 100 131072 684687 1416 516
0b000901 0b000a01 10176 100 131072 684787 1391 516
0b000e01 0b000701 10023 100 131072 678974 7297 7357
0b000201 0b000301 10170 100 131072 685809 489 516
0b000001 0b000101 10174 100 131072 685495 839 516
0b000001 0b000101 10175 100 131072 685495 853 516
0b000b01 0b000c01 10168 100 131072 684595 1772 516
0b000a01 0b000b01 10173 100 131072 685278 1132 516
0b000801 0b000101 10023 100 131072 676995 9453 7357
0b000f01 0b000801 10170 100 131072 686029 489 516
0b000901 0b000a01 10177 100 131072 685976 544 516
0b000a01 0b000b01 10171 100 131072 685329 1208 516
0b000a01 0b000b01 10172 100 131072 685339 1223 516
0b000d01 0b000e01 10168 100 131072 685738 839 516
0b000201 0b000301 10171 100 131072 686184 507 516
0b000601 0b000701 10170 100 131072 685768 989 516
0b000601 0b000701 10171 100 131072 685782 989 516
0b000501 0b000e01 10023 100 131072 679488 7303 7357
0b000b01 0b000401 10023 100 131072 679596 7216 7357
0b000a01 0b000301 10023 100 131072 678387 8430 7357
0b000401 0b000501 10169 100 131072 686181 664 516
0b000a01 0b000b01 10174 100 131072 686233 629 516
0b000601 0b000701 10172 100 131072 686185 800 516
0b000401 0b000501 10170 100 131072 686363 671 516
0b000d01 0b000e01 10169 100 131072 685926 1039 516
0b000d01 0b000e01 10170 100 131072 685951 1014 516
0b000101 0b000201 10176 100 131072 686341 814 516
0b000801 0b000101 10024 100 131072 677259 9735 7357
0b000101 0b000201 10177 100 131072 686391 814 516
0b000801 0b000901 10175 100 131072 686679 500 516
0b000401 0b000d01 10022 100 131072 680085 7248 7357
0b000d01 0b000e01 10171 100 131072 686829 511 516
0b000901 0b000201 10024 100 131072 678778 8586 7357
0b000201 0b000301 10172 100 131072 686680 1028 516
0b000201 0b000301 10173 100 131072 686694 1014 516
0b000901 0b000a01 10178 100 131072 687104 490 516
0b000a01 0b000b01 10175 100 131072 687132 494 516
0b000f01 0b000801 10171 100 131072 687106 526 516
0b000b01 0b000c01 10169 100 131072 685120 2569 516
0b000701 0b000001 10173 100 131072 687345 510 516
0b000c01 0b000d01 10168 100 131072 686765 1089 516
0b000c01 0b000d01 10169 100 131072 686779 1075 516
0b000b01 0b000c01 10170 100 131072 685245 2619 516
0b000b01 0b000c01 10171 100 131072 685296 2593 516
0b000601 0b000701 10173 100 131072 687430 509 516
0b000c01 0b000d01 10170 100 131072 687018 975 516
0b000301 0b000c01 10023 100 131072 679805 8206 7357
0b000b01 0b000c01 10172 100 131072 685354 2660 516
0b000e01 0b000f01 10171 100 131072 687532 489 516
0b000b01 0b000c01 10173 100 131072 685643 2471 516
0b000c01 0b000501 10022 100 131072 679419 8883 7357
0b000801 0b000901 10176 100 131072 687494 827 516
0b000001 0b000901 10025 100 131072 681085 7197 7357
0b000301 0b000401 10170 100 131072 687283 1025 516
0b000301 0b000401 10171 100 131072 687297 1011 516
0b000601 0b000701 10174 100 131072 687824 490 516
0b000701 0b000001 10174 100 131072 687850 489 516
0b000b01 0b000c01 10174 100 131072 686101 2263 516
0b000801 0b000901 10177 100 131072 687532 839 516
0b000101 0b000a01 10025 100 131072 681000 7374 7357
0b000201 0b000301 10174 100 131072 687187 1199 516
0b000901 0b000a01 10179 100 131072 687650 739 516
0b000201 0b000301 10175 100 131072 687272 1214 516
0b000901 0b000a01 10180 100 131072 687775 739 516
0b000b01 0b000c01 10175 100 131072 686608 1906 516
0b000501 0b000601 10169 100 131072 687814 727 516
0b000b01 0b000c01 10176 100 131072 686833 1731 516
0b000a01 0b000b01 10176 100 131072 687564 1150 516
0b000a01 0b000b01 10177 100 131072 687610 1179 516
0b000a01 0b000b01 10178 100 131072 687610 1179 516
0b000301 0b000401 10172 100 131072 687761 1050 516
0b000301 0b000401 10173 100 131072 688100 911 516
0b000901 0b000a01 10181 100 131072 688564 492 516
0b000501 0b000601 10170 100 131072 688064 952 516
0b000f01 0b000801 10172 100 131072 687846 1239 516
0b000501 0b000601 10171 100 131072 688114 927 516
0b000001 0b000101 10176 100 131072 688605 514 516
0b000a01 0b000301 10024 100 131072 680896 8427 7357
0b000401 0b000501 10171 100 131072 687791 1387 516
0b000401 0b000501 10172 100 131072 687816 1374 516
0b000401 0b000501 10173 100 131072 687826 1364 516
0b000201 0b000301 10176 100 131072 687791 1459 516
0b000301 0b000401 10174 100 131072 688570 680 516
0b000c01 0b000501 10023 100 131072 680411 8984 7357
0b000401 0b000501 10174 100 131072 688356 1052 516
0b000f01 0b000801 10173 100 131072 687960 1539 516
0b000001 0b000101 10177 100 131072 688953 528 516
0b000501 0b000601 10172 100 131072 689040 489 516
0b000c01 0b000d01 10171 100 131072 688735 960 516
0b000701 0b000001 10175 100 131072 689281 489 516
0b000f01 0b000801 10174 100 131072 688124 1638 516
0b000f01 0b000801 10175 100 131072 688138 1624 516
0b000301 0b000401 10175 100 131072 689308 506 516
0b000f01 0b000801 10176 100 131072 688202 1610 516
0b000e01 0b000701 10024 100 131072 682579 7294 7357
0b000201 0b000301 10177 100 131072 688277 1617 516
0b000a01 0b000b01 10179 100 131072 688638 1282 516
0b000201 0b000301 10178 100 131072 688306 1613 516
0b000b01 0b000c01 10177 100 131072 689420 525 516
0b000c01 0b000d01 10172 100 131072 688888 1259 516
0b000c01 0b000d01 10173 100 131072 688888 1284 516
0b000a01 0b000b01 10180 100 131072 688738 1576 516
0b000c01 0b000d01 10174 100 131072 689377 939 516
0b000e01 0b000f01 10172 100 131072 689587 789 516
0b000201 0b000301 10179 100 131072 688553 1516 516
0b000201 0b000301 10180 100 131072 688641 1478 516
0b000401 0b000501 10175 100 131072 689822 529 516
0b000b01 0b000c01 10178 100 131072 689872 512 516
0b000301 0b000401 10176 100 131072 689701 739 516
0b000501 0b000601 10173 100 131072 689855 664 516
0b000a01 0b000b01 10181 100 131072 688913 1715 516
0b000301 0b000401 10177 100 131072 689827 738 516
0b000901 0b000a01 10182 100 131072 690189 509 516
0b000101 0b000201 10178 100 131072 689344 1271 516
0b000101 0b000201 10179 100 131072 689358 1282 516
0b000701 0b000801 10025 100 131072 683176 7466 7357
0b000501 0b000601 10174 100 131072 690044 664 516
0b000d01 0b000e01 10172 100 131072 690343 508 516
0b000101 0b000201 10180 100 131072 689458 1282 516
0b000701 0b000001 10176 100 131072 689767 1089 516
0b000701 0b000001 10177 100 131072 689781 1089 516
0b000201 0b000b01 10022 100 131072 678079 12798 7357
0b000a01 0b000b01 10182 100 131072 689113 1823 516
0b000a01 0b000b01 10183 100 131072 689188 1748 516
0b000101 0b000201 10181 100 131072 690004 961 516
0b000701 0b000001 10178 100 131072 689995 995 516
0b000d01 0b000601 10024 100 131072 683145 7842 7357
0b000201 0b000b01 10023 100 131072 678093 12967 7357
0b000a01 0b000b01 10184 100 131072 689530 1560 516
0b000801 0b000901 10178 100 131072 690642 514 516
0b000b01 0b000c01 10179 100 131072 690636 529 516
0b000201 0b000301 10181 100 131072 690165 1064 516
0b000301 0b000401 10178 100 131072 690718 511 516
0b000e01 0b000f01 10173 100 131072 689801 1388 516
0b000201 0b000301 10182 100 131072 690215 1078 516
0b000001 0b000101 10178 100 131072 690865 509 516
0b000201 0b000301 10183 100 131072 690374 1008 516
0b000a01 0b000b01 10185 100 131072 690604 725 516
0b000e01 0b000f01 10174 100 131072 689975 1439 516
0b000701 0b000001 10179 100 131072 690949 500 516
0b000e01 0b000f01 10175 100 131072 689975 1464 516
0b000f01 0b000801 10177 100 131072 691031 489 516
0b000e01 0b000f01 10176 100 131072 690350 1189 516
0b000501 0b000601 10175 100 131072 691312 506 516
0b000701 0b000001 10180 100 131072 691324 502 516
0b000001 0b000101 10179 100 131072 691349 489 516
0b000a01 0b000301 10025 100 131072 684061 7806 7357
0b000601 0b000701 10175 100 131072 691551 489 516
0b000d01 0b000e01 10173 100 131072 690864 1160 516
0b000d01 0b000e01 10174 100 131072 690864 1160 516
0b000201 0b000b01 10024 100 131072 679188 12964 7357
0b000301 0b000401 10179 100 131072 691396 772 516
0b000d01 0b000e01 10175 100 131072 691003 1096 516
0b000a01 0b000b01 10186 100 131072 691384 733 516
0b000301 0b000401 10180 100 131072 691496 775 516
0b000401 0b000501 10176 100 131072 691318 995 516
0b000501 0b000e01 10024 100 131072 684963 7366 7357
0b000401 0b000501 10177 100 131072 691318 1042 516
0b000a01 0b000b01 10187 100 131072 691524 793 516
0b000901 0b000a01 10184 100 131072 691292 1128 516
0b000601 0b000701 10176 100 131072 692026 512 516
0b000101 0b000201 10182 100 131072 692129 489 516
0b000401 0b000d01 10023 100 131072 683520 9117 7357
0b000901 0b000a01 10183 100 131072 691331 1164 516
0b000901 0b000a01 10185 100 131072 691381 1153 516
0b000b01 0b000c01 10180 100 131072 691724 813 516
0b000801 0b000901 10179 100 131072 692095 489 516
0b000b01 0b000c01 10181 100 131072 691799 800 516
0b000a01 0b000b01 10188 100 131072 692066 535 516
0b000101 0b000a01 10026 100 131072 685688 7293 7357
0b000101 0b000201 10183 100 131072 692491 514 516
0b000301 0b000401 10182 100 131072 692260 850 516
0b000401 0b000501 10178 100 131072 691821 1303 516
0b000801 0b000901 10180 100 131072 692509 664 516
0b000d01 0b000e01 10176 100 131072 692705 497 516
0b000301 0b000401 10181 100 131072 692333 941 516
0b000001 0b000101 10180 100 131072 692780 503 516
0b000c01 0b000d01 10175 100 131072 690874 2406 516
0b000c01 0b000d01 10176 100 131072 690899 2381 516
0b000401 0b000501 10179 100 131072 692021 1292 516
0b000701 0b000001 10181 100 131072 692883 489 516
0b000b01 0b000c01 10182 100 131072 692930 497 516
0b000401 0b000501 10180 100 131072 692260 1203 516
0b000c01 0b000501 10024 100 131072 685404 8040 7357
0b000d01 0b000601 10025 100 131072 685499 7957 7357
0b000c01 0b000d01 10177 100 131072 691021 2628 516
0b000c01 0b000d01 10178 100 131072 691024 2625 516
0b000401 0b000501 10181 100 131072 692824 889 516
0b000801 0b000901 10181 100 131072 692772 939 516
0b000801 0b000901 10182 100 131072 692822 914 516
0b000c01 0b000d01 10179 100 131072 691124 2675 516
0b000b01 0b000c01 10183 100 131072 693324 545 516
0b000f01 0b000801 10178 100 131072 693386 491 516
0b000201 0b000b01 10025 100 131072 682335 11582 7357
0b000c01 0b000d01 10180 100 131072 691374 2639 516
0b000c01 0b000d01 10181 100 131072 691524 2564 516
0b000c01 0b000d01 10182 100 131072 691574 2539 516
0b000801 0b000901 10183 100 131072 693652 489 516
0b000401 0b000d01 10024 100 131072 685252 8841 7357
0b000501 0b000601 10176 100 131072 692188 1914 516
0b000301 0b000c01 10024 100 131072 685213 8911 7357
0b000301 0b000401 10183 100 131072 692904 1221 516
0b000501 0b000601 10177 100 131072 692200 1927 516
0b000c01 0b000d01 10183 100 131072 692955 1333 516
0b000d01 0b000e01 10177 100 131072 693157 1143 516
0b000d01 0b000e01 10178 100 131072 693182 1118 516
0b000301 0b000401 10184 100 131072 692929 1221 516
0b000501 0b000601 10178 100 131072 692210 1942 516
0b000e01 0b000f01 10177 100 131072 693861 513 516
0b000d01 0b000e01 10179 100 131072 693326 1049 516
0b000301 0b000401 10185 100 131072 693129 1096 516
0b000601 0b000701 10177 100 131072 693529 729 516
0b000501 0b000601 10179 100 131072 692405 1900 516
0b000501 0b000601 10180 100 131072 692418 1887 516
0b000401 0b000501 10182 100 131072 693450 858 516
0b000401 0b000501 10183 100 131072 693575 789 516
0b000501 0b000601 10181 100 131072 693361 1157 516
0b000201 0b000301 10184 100 131072 693625 909 516
0b000601 0b000701 10178 100 131072 693718 889 516
0b000901 0b000201 10025 100 131072 687424 7197 7357
0b000c01 0b000d01 10184 100 131072 694175 513 516
0b000f01 0b000001 10024 100 131072 686015 8761 7357
0b000601 0b000701 10179 100 131072 693997 749 516
0b000601 0b000f01 10024 100 131072 685554 9198 7357
0b000201 0b000301 10185 100 131072 693750 1009 516
0b000b01 0b000c01 10184 100 131072 693638 1214 516
0b000201 0b000301 10186 100 131072 693975 889 516
0b000801 0b000901 10184 100 131072 694530 494 516
0b000101 0b000201 10184 100 131072 694384 507 516
0b000f01 0b000801 10179 100 131072 694199 935 516
0b000301 0b000c01 10025 100 131072 686216 9001 7357
0b000001 0b000101 10181 100 131072 693866 1357 516
0b000001 0b000101 10182 100 131072 693880 1343 516
0b000001 0b000901 10026 100 131072 688039 7194 7357
0b000501 0b000e01 10025 100 131072 688039 7206 7357
0b000601 0b000701 10180 100 131072 694828 489 516
0b000101 0b000201 10185 100 131072 694848 510 516
0b000301 0b000401 10186 100 131072 694239 1139 516
0b000001 0b000101 10183 100 131072 694000 1383 516
0b000301 0b000401 10187 100 131072 694303 1250 516
0b000301 0b000401 10188 100 131072 694392 1264 516
0b000e01 0b000701 10025 100 131072 686691 8966 7357
0b000601 0b000f01 10025 100 131072 685996 9662 7357
0b000401 0b000501 10184 100 131072 695178 503 516
0b000001 0b000101 10184 100 131072 694459 1239 516
0b000f01 0b000801 10180 100 131072 694424 1310 516
0b000f01 0b000801 10181 100 131072 694449 1310 516
0b000001 0b000101 10185 100 131072 694836 987 516
0b000301 0b000401 10189 100 131072 694877 951 516
0b000f01 0b000801 10182 100 131072 694549 1235 516
0b000201 0b000b01 10026 100 131072 687966 7954 7357
0b000f01 0b000001 10025 100 131072 687081 8788 7357
0b000701 0b000001 10182 100 131072 695548 489 516
0b000201 0b000301 10187 100 131072 695628 489 516
0b000501 0b000601 10182 100 131072 695323 814 516
0b000e01 0b000f01 10178 100 131072 695034 988 516
0b000c01 0b000d01 10185 100 131072 695547 519 516
0b000b01 0b000c01 10185 100 131072 693887 2193 516
0b000901 0b000a01 10186 100 131072 695594 511 516
0b000e01 0b000f01 10179 100 131072 695109 1003 516
0b000d01 0b000e01 10180 100 131072 695647 490 516
0b000501 0b000601 10183 100 131072 695370 806 516
0b000e01 0b000f01 10180 100 131072 695339 912 516
0b000b01 0b000c01 10186 100 131072 693946 2359 516
0b000b01 0b000c01 10187 100 131072 693946 2359 516
0b000401 0b000d01 10025 100 131072 688206 8253 7357
0b000b01 0b000c01 10188 100 131072 694070 2410 516
0b000201 0b000301 10188 100 131072 696015 503 516
0b000a01 0b000b01 10189 100 131072 695430 1203 516
0b000101 0b000201 10186 100 131072 696293 514 516
0b000401 0b000501 10185 100 131072 696120 689 516
0b000e01 0b000701 10026 100 131072 687582 9082 7357
0b000001 0b000101 10186 100 131072 696382 489 516
0b000901 0b000a01 10187 100 131072 696183 511 516
0b000e01 0b000f01 10181 100 131072 696212 503 516
0b000801 0b000101 10025 100 131072 689528 7188 7357
0b000b01 0b000c01 10189 100 131072 694339 2419 516
0b000d01 0b000e01 10181 100 131072 696290 497 516
0b000a01 0b000b01 10190 100 131072 695505 1316 516
0b000a01 0b000b01 10191 100 131072 695544 1327 516
0b000601 0b000701 10181 100 131072 696466 493 516
0b000c01 0b000d01 10186 100 131072 696437 510 516
0b000401 0b000501 10186 100 131072 696284 689 516
0b000501 0b000601 10184 100 131072 696134 914 516
0b000a01 0b000b01 10192 100 131072 695991 1055 516
0b000801 0b000901 10185 100 131072 696887 509 516
0b000b01 0b000c01 10191 100 131072 695127 2291 516
0b000b01 0b000c01 10190 100 131072 695162 2281 516
0b000c01 0b000d01 10187 100 131072 696879 610 516
0b000b01 0b000c01 10192 100 131072 695327 2191 516
0b000b01 0b000c01 10193 100 131072 695611 1982 516
0b000501 0b000601 10185 100 131072 696323 1312 516
0b000901 0b000a01 10188 100 131072 696721 989 516
0b000901 0b000a01 10189 100 131072 696746 978 516
0b000c01 0b000d01 10188 100 131072 697134 619 516
0b000701 0b000001 10183 100 131072 697268 519 516
0b000b01 0b000c01 10194 100 131072 696927 890 516
0b000501 0b000601 10187 100 131072 696454 1356 516
0b000f01 0b000801 10183 100 131072 697384 501 516
0b000501 0b000601 10186 100 131072 696473 1362 516
0b000901 0b000a01 10190 100 131072 697151 787 516
0b000c01 0b000501 10025 100 131072 690699 7387 7357
0b000301 0b000c01 10026 100 131072 690718 7331 7357
0b000501 0b000601 10188 100 131072 697374 736 516
0b000f01 0b000801 10184 100 131072 697762 523 516
0b000c01 0b000d01 10189 100 131072 697862 497 516
0b000201 0b000301 10189 100 131072 697631 602 516
0b000001 0b000101 10187 100 131072 697786 496 516
0b000301 0b000401 10190 100 131072 697544 751 516
0b000401 0b000501 10187 100 131072 697135 1173 516
0b000401 0b000501 10188 100 131072 697160 1173 516
0b000401 0b000501 10189 100 131072 697235 1123 516
0b000701 0b000001 10184 100 131072 697617 770 516
0b000701 0b000001 10185 100 131072 697756 756 516
0b000e01 0b000f01 10182 100 131072 697310 1238 516
0b000201 0b000301 10190 100 131072 697901 632 516
0b000e01 0b000f01 10183 100 131072 697310 1252 516
0b000301 0b000401 10191 100 131072 697769 949 516
0b000e01 0b000f01 10184 100 131072 697385 1227 516
0b000d01 0b000e01 10182 100 131072 696659 1968 516
0b000301 0b000401 10192 100 131072 697874 894 516
0b000801 0b000901 10186 100 131072 698144 504 516
0b000d01 0b000e01 10183 100 131072 696659 1993 516
0b000201 0b000301 10191 100 131072 698368 504 516
0b000601 0b000701 10182 100 131072 697112 1762 516
0b000601 0b000701 10183 100 131072 697137 1737 516
0b000901 0b000a01 10191 100 131072 698034 639 516
0b000601 0b000701 10184 100 131072 697162 1737 516
0b000701 0b000001 10186 100 131072 698327 577 516
0b000101 0b000201 10187 100 131072 698233 689 516
0b000601 0b000701 10185 100 131072 697315 1684 516
0b000c01 0b000d01 10190 100 131072 698227 510 516
0b000a01 0b000301 10026 100 131072 691399 7378 7357
0b000d01 0b000e01 10184 100 131072 696809 2067 516
0b000901 0b000a01 10192 100 131072 698243 651 516
0b000e01 0b000f01 10185 100 131072 698255 646 516
0b000601 0b000701 10186 100 131072 697528 1546 516
0b000f01 0b000801 10185 100 131072 698668 490 516
0b000d01 0b000e01 10185 100 131072 697023 2192 516
0b000101 0b000201 10188 100 131072 698393 836 516
0b000701 0b000001 10187 100 131072 698667 580 516
0b000801 0b000901 10187 100 131072 698744 503 516
0b000401 0b000501 10190 100 131072 698388 964 516
0b000001 0b000101 10188 100 131072 698879 496 516
0b000d01 0b000e01 10186 100 131072 697098 2242 516
0b000d01 0b000e01 10187 100 131072 697103 2237 516
0b000101 0b000201 10189 100 131072 698833 617 516
0b000d01 0b000e01 10188 100 131072 697298 2117 516
0b000301 0b000401 10193 100 131072 699127 500 516
0b000b01 0b000c01 10195 100 131072 698930 535 516
0b000a01 0b000b01 10193 100 131072 699115 489 516
0b000e01 0b000f01 10186 100 131072 699147 510 516
0b000401 0b000501 10191 100 131072 698563 1240 516
0b000d01 0b000e01 10189 100 131072 699076 739 516
0b000f01 0b000801 10186 100 131072 699122 714 516
0b000401 0b000501 10192 100 131072 698666 1262 516
0b000401 0b000501 10193 100 131072 698838 1131 516
0b000601 0b000701 10187 100 131072 699147 847 516
0b000c01 0b000d01 10191 100 131072 699090 928 516
0b000301 0b000401 10194 100 131072 699528 514 516
0b000601 0b000701 10188 100 131072 699186 858 516
0b000d01 0b000e01 10190 100 131072 699469 610 516
0b000f01 0b000801 10187 100 131072 699261 861 516
0b000701 0b000001 10188 100 131072 699674 584 516
0b000801 0b000101 10026 100 131072 692772 7369 7357
0b000201 0b000301 10192 100 131072 699817 509 516
0b000a01 0b000b01 10194 100 131072 699704 489 516
0b000101 0b000201 10190 100 131072 699726 689 516
0b000e01 0b000f01 10187 100 131072 699797 510 516
0b000f01 0b000801 10188 100 131072 699725 614 516
0b000d01 0b000e01 10191 100 131072 699957 497 516
0b000501 0b000601 10189 100 131072 699819 689 516
0b000b01 0b000c01 10196 100 131072 699643 936 516
0b000701 0b000001 10189 100 131072 699969 558 516
0b000601 0b000701 10189 100 131072 700058 500 516
0b000101 0b000201 10191 100 131072 699881 698 516
0b000301 0b000c01 10027 100 131072 693079 7518 7357
0b000501 0b000601 10190 100 131072 699983 689 516
0b000c01 0b000501 10026 100 131072 693394 7516 7357
0b000201 0b000b01 10027 100 131072 693650 7376 7357
0b000d01 0b000e01 10192 100 131072 700499 608 516
0b000b01 0b000c01 10197 100 131072 699831 1289 516
0b000c01 0b000d01 10192 100 131072 699315 1845 516
0b000c01 0b000d01 10193 100 131072 699315 1845 516
0b000001 0b000101 10189 100 131072 700797 489 516
0b000b01 0b000c01 10198 100 131072 699881 1314 516
0b000b01 0b000c01 10199 100 131072 700056 1189 516
0b000a01 0b000301 10027 100 131072 693708 7615 7357
0b000a01 0b000b01 10195 100 131072 700720 614 516
0b000901 0b000201 10026 100 131072 694166 7187 7357
0b000d01 0b000e01 10193 100 131072 700763 594 516
0b000801 0b000901 10188 100 131072 700895 489 516
0b000b01 0b000401 10024 100 131072 689547 11894 7357
0b000b01 0b000401 10025 100 131072 689572 11995 7357
0b000c01 0b000d01 10194 100 131072 699490 2079 516
0b000a01 0b000b01 10196 100 131072 700948 625 516
0b000601 0b000f01 10026 100 131072 692051 9511 7357
0b000601 0b000701 10190 100 131072 700645 1001 516
0b000801 0b000901 10189 100 131072 701295 527 516
0b000101 0b000201 10192 100 131072 701292 505 516
0b000401 0b000501 10194 100 131072 701305 502 516
0b000301 0b000401 10195 100 131072 701243 585 516
0b000d01 0b000e01 10194 100 131072 701369 502 516
0b000501 0b000601 10191 100 131072 701096 957 516
0b000f01 0b000801 10189 100 131072 701572 515 516
0b000c01 0b000d01 10195 100 131072 699768 2329 516
0b000601 0b000f01 10027 100 131072 692539 9570 7357
0b000601 0b000701 10191 100 131072 700820 1290 516
0b000901 0b000a01 10193 100 131072 701658 500 516
0b000601 0b000701 10192 100 131072 700845 1290 516
0b000d01 0b000e01 10195 100 131072 701747 513 516
0b000001 0b000101 10190 100 131072 701397 812 516
0b000a01 0b000b01 10197 100 131072 701683 639 516
0b000601 0b000701 10193 100 131072 701120 1115 516
0b000e01 0b000701 10027 100 131072 695034 7326 7357
0b000301 0b000401 10196 100 131072 701543 735 516
0b000701 0b000801 10026 100 131072 695050 7360 7357
0b000001 0b000101 10191 100 131072 701522 912 516
0b000f01 0b000801 10190 100 131072 701911 551 516
0b000301 0b000401 10197 100 131072 701787 702 516
0b000a01 0b000b01 10198 100 131072 701904 632 516
0b000401 0b000501 10195 100 131072 701728 832 516
0b000401 0b000501 10196 100 131072 701778 807 516
0b000801 0b000901 10190 100 131072 702168 489 516
0b000501 0b000601 10192 100 131072 701318 1381 516
0b000501 0b000601 10193 100 131072 701343 1370 516
0b000501 0b000601 10194 100 131072 701368 1359 516
0b000e01 0b000f01 10188 100 131072 701637 1405 516
0b000e01 0b000f01 10189 100 131072 701662 1380 516
0b000c01 0b000d01 10196 100 131072 700428 2646 516
0b000001 0b000101 10192 100 131072 701914 934 516
0b000c01 0b000d01 10197 100 131072 700453 2650 516
0b000c01 0b000d01 10198 100 131072 700528 2575 516
0b000701 0b000001 10190 100 131072 701884 980 516
0b000201 0b000301 10193 100 131072 702239 639 516
0b000101 0b000201 10193 100 131072 702385 504 516
0b000001 0b000101 10193 100 131072 702257 741 516
0b000401 0b000d01 10026 100 131072 694239 8783 7357
0b000701 0b000001 10191 100 131072 702009 1053 516
0b000201 0b000301 10194 100 131072 702460 632 516
0b000701 0b000001 10192 100 131072 702084 1017 516
0b000f01 0b000801 10191 100 131072 702667 523 516
0b000501 0b000601 10195 100 131072 702362 865 516
0b000c01 0b000d01 10199 100 131072 700603 2625 516
0b000c01 0b000501 10027 100 131072 695609 7668 7357
0b000701 0b000001 10193 100 131072 703004 489 516
0b000c01 0b000d01 10200 100 131072 700827 2526 516
0b000c01 0b000d01 10201 100 131072 701059 2344 516
0b000801 0b000901 10191 100 131072 702846 571 516
0b000d01 0b000e01 10196 100 131072 703028 512 516
0b000401 0b000501 10197 100 131072 703052 509 516
0b000c01 0b000d01 10202 100 131072 702475 1128 516
0b000101 0b000201 10194 100 131072 703151 517 516
0b000e01 0b000f01 10190 100 131072 701886 1781 516
0b000b01 0b000401 10026 100 131072 691799 11873 7357
0b000b01 0b000c01 10200 100 131072 703203 511 516
0b000f01 0b000801 10192 100 131072 703317 512 516
0b000301 0b000401 10198 100 131072 703336 514 516
0b000001 0b000101 10194 100 131072 703268 600 516
0b000801 0b000901 10192 100 131072 703132 792 516
0b000501 0b000601 10196 100 131072 702813 1169 516
0b000801 0b000901 10193 100 131072 703349 714 516
0b000701 0b000001 10194 100 131072 703568 514 516
0b000201 0b000301 10195 100 131072 703425 689 516
0b000401 0b000d01 10027 100 131072 695281 8834 7357
0b000501 0b000601 10197 100 131072 702938 1181 516
0b000001 0b000101 10195 100 131072 703537 584 516
0b000501 0b000601 10198 100 131072 702979 1204 516
0b000601 0b000701 10194 100 131072 703682 501 516
0b000201 0b000301 10196 100 131072 703589 689 516
0b000501 0b000601 10199 100 131072 703920 577 516
0b000b01 0b000c01 10201 100 131072 704036 553 516
0b000e01 0b000f01 10191 100 131072 702350 2245 516
0b000e01 0b000f01 10192 100 131072 702350 2270 516
0b000601 0b000f01 10028 100 131072 697315 7343 7357
0b000c01 0b000d01 10203 100 131072 703589 1111 516
0b000c01 0b000d01 10204 100 131072 703607 1093 516
0b000101 0b000201 10195 100 131072 704296 489 516
0b000e01 0b000f01 10193 100 131072 702425 2345 516
0b000301 0b000401 10199 100 131072 704333 493 516
0b000201 0b000301 10197 100 131072 704363 489 516
0b000b01 0b000401 10027 100 131072 694100 10739 7357
0b000901 0b000a01 10194 100 131072 704394 489 516
0b000e01 0b000f01 10194 100 131072 702825 2170 516
0b000b01 0b000c01 10202 100 131072 704344 723 516
0b000f01 0b000801 10193 100 131072 704572 513 516
0b000701 0b000001 10195 100 131072 704656 507 516
0b000d01 0b000e01 10197 100 131072 704170 1022 516
0b000d01 0b000e01 10198 100 131072 704170 1022 516
0b000e01 0b000f01 10195 100 131072 703089 2109 516
0b000b01 0b000c01 10203 100 131072 704583 685 516
0b000401 0b000501 10198 100 131072 704451 814 516
0b000901 0b000a01 10195 100 131072 704832 515 516
0b000e01 0b000f01 10196 100 131072 703464 1884 516
0b000201 0b000301 10198 100 131072 704807 512 516
0b000c01 0b000d01 10205 100 131072 704130 1332 516
0b000c01 0b000d01 10206 100 131072 704205 1332 516
0b000c01 0b000d01 10207 100 131072 704255 1282 516
0b000d01 0b000e01 10199 100 131072 704579 959 516
0b000f01 0b000801 10194 100 131072 705119 494 516
0b000801 0b000901 10194 100 131072 705097 564 516
0b000401 0b000501 10199 100 131072 704577 952 516
0b000601 0b000701 10195 100 131072 705063 507 516
0b000a01 0b000b01 10199 100 131072 705168 503 516
0b000401 0b000501 10200 100 131072 704838 882 516
0b000d01 0b000e01 10200 100 131072 705107 645 516
0b000e01 0b000f01 10197 100 131072 704367 1410 516
0b000101 0b000201 10196 100 131072 705219 639 516
0b000e01 0b000f01 10198 100 131072 704881 1110 516
0b000b01 0b000c01 10204 100 131072 705546 489 516
0b000401 0b000501 10201 100 131072 705499 546 516
0b000e01 0b000f01 10199 100 131072 705270 887 516
0b000901 0b000a01 10196 100 131072 705667 494 516
0b000101 0b000201 10197 100 131072 705444 778 516
0b000801 0b000901 10195 100 131072 705420 857 516
0b000801 0b000901 10196 100 131072 705472 855 516
0b000f01 0b000001 10026 100 131072 699032 7394 7357
0b000501 0b000601 10200 100 131072 705570 839 516
0b000001 0b000901 10027 100 131072 699047 7364 7357
0b000201 0b000301 10199 100 131072 705899 523 516
0b000f01 0b000801 10195 100 131072 706052 498 516
0b000501 0b000601 10201 100 131072 705595 839 516
0b000701 0b000001 10196 100 131072 705120 1439 516
0b000701 0b000001 10197 100 131072 705145 1439 516
0b000301 0b000401 10200 100 131072 706102 489 516
0b000701 0b000001 10198 100 131072 705245 1439 516
0b000801 0b000901 10197 100 131072 706200 502 516
0b000101 0b000201 10198 100 131072 705858 864 516
0b000701 0b000001 10199 100 131072 705370 1364 516
0b000101 0b000201 10199 100 131072 706008 814 516
0b000501 0b000601 10202 100 131072 706287 545 516
0b000d01 0b000601 10026 100 131072 696290 10529 7357
0b000601 0b000701 10196 100 131072 705709 1189 516
0b000601 0b000701 10197 100 131072 705723 1189 516
0b000901 0b000a01 10197 100 131072 706427 489 516
0b000601 0b000701 10198 100 131072 705737 1189 516
0b000001 0b000101 10196 100 131072 706072 956 516
0b000e01 0b000f01 10200 100 131072 706550 507 516
0b000001 0b000101 10197 100 131072 706111 967 516
0b000f01 0b000801 10196 100 131072 706677 489 516
0b000201 0b000301 10200 100 131072 706678 500 516
0b000501 0b000e01 10026 100 131072 696723 10599 7357
0b000401 0b000501 10202 100 131072 706682 667 516
0b000001 0b000101 10198 100 131072 706503 890 516
0b000101 0b000a01 10027 100 131072 698233 9180 7357
0b000101 0b000201 10200 100 131072 706878 611 516
0b000401 0b000501 10203 100 131072 706860 689 516
0b000901 0b000a01 10198 100 131072 706934 714 516
0b000001 0b000101 10199 100 131072 707092 564 516
0b000701 0b000001 10200 100 131072 707193 511 516
0b000101 0b000201 10201 100 131072 707131 600 516
0b000301 0b000401 10201 100 131072 707124 689 516
0b000901 0b000a01 10199 100 131072 707073 714 516
0b000d01 0b000e01 10203 100 131072 706032 1792 516
0b000301 0b000401 10202 100 131072 707288 707 516
0b000a01 0b000301 10028 100 131072 700734 7339 7357
0b000c01 0b000d01 10208 100 131072 707599 497 516
0b000101 0b000a01 10028 100 131072 698708 9354 7357
0b000901 0b000201 10027 100 131072 700406 7735 7357
0b000601 0b000701 10199 100 131072 707129 939 516
0b000d01 0b000e01 10201 100 131072 706084 2101 516
0b000d01 0b000e01 10202 100 131072 706113 2086 516
0b000601 0b000701 10200 100 131072 707193 989 516
0b000201 0b000301 10201 100 131072 707795 489 516
0b000601 0b000701 10201 100 131072 707507 839 516
0b000d01 0b000601 10027 100 131072 697123 11255 7357
0b000a01 0b000b01 10200 100 131072 707893 489 516
0b000301 0b000401 10203 100 131072 707862 499 516
0b000801 0b000101 10027 100 131072 698769 9663 7357
0b000d01 0b000e01 10204 100 131072 706363 2225 516
0b000801 0b000901 10198 100 131072 708095 510 516
0b000401 0b000501 10204 100 131072 707836 843 516
0b000501 0b000e01 10027 100 131072 697318 11381 7357
0b000401 0b000501 10205 100 131072 707849 855 516
0b000301 0b000401 10204 100 131072 708329 489 516
0b000d01 0b000e01 10205 100 131072 706413 2310 516
0b000501 0b000601 10203 100 131072 708275 589 516
0b000801 0b000101 10028 100 131072 698794 10002 7357
0b000d01 0b000e01 10206 100 131072 706613 2185 516
0b000a01 0b000b01 10201 100 131072 708357 499 516
0b000d01 0b000601 10028 100 131072 697698 11226 7357
0b000701 0b000001 10201 100 131072 708580 489 516
0b000d01 0b000e01 10207 100 131072 707125 1837 516
0b000301 0b000c01 10028 100 131072 701882 7210 7357
0b000201 0b000b01 10028 100 131072 701932 7224 7357
0b000e01 0b000f01 10201 100 131072 708548 507 516
0b000d01 0b000e01 10208 100 131072 707710 1359 516
0b000801 0b000901 10199 100 131072 708623 507 516
0b000b01 0b000c01 10205 100 131072 708681 489 516
0b000501 0b000e01 10028 100 131072 698691 10555 7357
0b000f01 0b000801 10197 100 131072 707605 1764 516
0b000f01 0b000801 10198 100 131072 707630 1753 516
0b000501 0b000601 10204 100 131072 708539 955 516
0b000f01 0b000801 10199 100 131072 707668 1854 516
0b000f01 0b000801 10200 100 131072 707780 1880 516
0b000a01 0b000b01 10202 100 131072 709171 491 516
0b000501 0b000601 10205 100 131072 708730 964 516
0b000201 0b000301 10202 100 131072 709232 500 516
0b000501 0b000601 10206 100 131072 709055 801 516
0b000b01 0b000401 10028 100 131072 702614 7226 7357
0b000601 0b000701 10202 100 131072 709419 489 516
0b000301 0b000401 10205 100 131072 709432 500 516
0b000401 0b000d01 10028 100 131072 702637 7423 7357
0b000f01 0b000801 10201 100 131072 708208 1752 516
0b000e01 0b000701 10028 100 131072 702225 7834 7357
0b000801 0b000901 10200 100 131072 709560 515 516
0b000f01 0b000801 10202 100 131072 708787 1464 516
0b000f01 0b000801 10203 100 131072 709167 1209 516
0b000901 0b000201 10028 100 131072 702257 8162 7357
0b000001 0b000101 10200 100 131072 709436 1072 516
0b000201 0b000301 10203 100 131072 709732 806 516
0b000901 0b000a01 10200 100 131072 709287 1328 516
0b000201 0b000301 10204 100 131072 709832 781 516
0b000f01 0b000801 10204 100 131072 710067 590 516
0b000801 0b000901 10201 100 131072 710176 489 516
0b000901 0b000a01 10201 100 131072 709337 1336 516
0b000301 0b000401 10206 100 131072 710188 489 516
0b000601 0b000701 10204 100 131072 709829 855 516
0b000601 0b000701 10203 100 131072 709842 867 516
0b000701 0b000001 10202 100 131072 709908 817 516
0b000901 0b000a01 10202 100 131072 709421 1377 516
0b000701 0b000001 10203 100 131072 709936 839 516
0b000e01 0b000f01 10202 100 131072 710332 489 516
0b000601 0b000f01 10029 100 131072 703518 7323 7357
0b000501 0b000601 10207 100 131072 710359 489 516
0b000901 0b000a01 10203 100 131072 709712 1161 516
0b000001 0b000101 10201 100 131072 709569 1319 516
0b000001 0b000101 10202 100 131072 709694 1308 516
0b000101 0b000201 10202 100 131072 710038 989 516
0b000001 0b000101 10203 100 131072 709744 1297 516
0b000a01 0b000b01 10203 100 131072 710423 689 516
0b000101 0b000201 10203 100 131072 710088 1003 516
0b000101 0b000201 10204 100 131072 710403 873 516
0b000e01 0b000f01 10203 100 131072 710834 489 516
0b000401 0b000501 10206 100 131072 710823 510 516
0b000f01 0b000001 10027 100 131072 701558 10062 7357
0b000301 0b000401 10207 100 131072 711083 513 516
0b000e01 0b000f01 10204 100 131072 711209 489 516
0b000201 0b000301 10205 100 131072 711151 491 516
0b000701 0b000001 10204 100 131072 711356 489 516
0b000401 0b000501 10207 100 131072 711371 493 516
0b000601 0b000701 10205 100 131072 711388 501 516
0b000101 0b000201 10205 100 131072 711442 489 516
0b000a01 0b000b01 10204 100 131072 710658 1157 516
0b000b01 0b000c01 10206 100 131072 711392 498 516
0b000a01 0b000b01 10205 100 131072 710797 1118 516
0b000f01 0b000001 10028 100 131072 701622 10362 7357
0b000a01 0b000b01 10206 100 131072 711072 968 516
0b000e01 0b000701 10029 100 131072 704117 7956 7357
0b000901 0b000a01 10204 100 131072 711615 489 516
0b000501 0b000e01 10029 100 131072 704817 7364 7357
0b000501 0b000601 10208 100 131072 711714 514 516
0b000101 0b000201 10206 100 131072 711806 498 516
0b000401 0b000501 10208 100 131072 711828 489 516
0b000401 0b000d01 10029 100 131072 705288 7196 7357
0b000b01 0b000c01 10207 100 131072 711866 586 516
0b000001 0b000101 10204 100 131072 712079 489 516
0b000f01 0b000801 10205 100 131072 712065 508 516
0b000601 0b000701 10206 100 131072 711874 814 516
0b000c01 0b000d01 10209 100 131072 712102 503 516
0b000b01 0b000401 10029 100 131072 705332 7353 7357
0b000601 0b000701 10207 100 131072 711934 868 516
0b000b01 0b000c01 10208 100 131072 712166 553 516
0b000e01 0b000f01 10205 100 131072 711598 1264 516
0b000801 0b000901 10202 100 131072 712393 489 516
0b000601 0b000701 10208 100 131072 712504 587 516
0b000301 0b000c01 10029 100 131072 705888 7310 7357
0b000001 0b000901 10028 100 131072 705874 7451 7357
0b000e01 0b000f01 10206 100 131072 711709 1586 516
0b000e01 0b000f01 10207 100 131072 711733 1562 516
0b000401 0b000501 10209 100 131072 712850 489 516
0b000d01 0b000601 10029 100 131072 706113 7196 7357
0b000701 0b000801 10027 100 131072 701884 11552 7357
0b000e01 0b000f01 10208 100 131072 711972 1498 516
0b000801 0b000901 10203 100 131072 712970 564 516
0b000e01 0b000f01 10209 100 131072 712256 1287 516
0b000d01 0b000e01 10209 100 131072 713070 489 516
0b000701 0b000001 10205 100 131072 713069 489 516
0b000901 0b000a01 10205 100 131072 713085 499 516
0b000701 0b000801 10028 100 131072 701909 11810 7357
0b000801 0b000901 10204 100 131072 713261 587 516
0b000201 0b000301 10206 100 131072 713429 514 516
0b000801 0b000101 10029 100 131072 706839 7286 7357
0b000101 0b000201 10207 100 131072 713518 492 516
0b000f01 0b000001 10029 100 131072 706052 8111 7357
0b000801 0b000901 10205 100 131072 713667 539 516
0b000301 0b000401 10208 100 131072 713548 489 516
0b000701 0b000001 10206 100 131072 713694 514 516
0b000001 0b000101 10205 100 131072 713735 513 516
0b000f01 0b000801 10206 100 131072 713831 489 516
0b000601 0b000701 10209 100 131072 713858 489 516
0b000701 0b000801 10029 100 131072 703054 11314 7357
0b000101 0b000201 10208 100 131072 713898 489 516
0b000201 0b000301 10207 100 131072 714037 489 516
0b000a01 0b000b01 10207 100 131072 713625 822 516
0b000b01 0b000c01 10209 100 131072 714122 492 516
0b000a01 0b000b01 10208 100 131072 713808 995 516
0b000f01 0b000801 10207 100 131072 714333 489 516
0b000a01 0b000b01 10209 100 131072 713883 959 516
0b000c01 0b000501 10028 100 131072 706724 8287 7357
0b000f01 0b000801 10208 100 131072 714708 489 516
0b000001 0b000101 10206 100 131072 714630 494 516
0b000301 0b000401 10209 100 131072 714652 514 516
0b000701 0b000001 10207 100 131072 714899 495 516
0b000201 0b000301 10208 100 131072 714941 489 516
0b000001 0b000101 10207 100 131072 714994 489 516
0b000001 0b000901 10029 100 131072 708173 7548 7357
0b000901 0b000201 10029 100 131072 708671 7197 7357
0b000201 0b000b01 10029 100 131072 708868 7190 7357
0b000801 0b000901 10206 100 131072 715583 509 516
0b000701 0b000001 10208 100 131072 715698 489 516
0b000901 0b000a01 10206 100 131072 715892 489 516
0b000701 0b000001 10209 100 131072 716101 489 516
0b000c01 0b000501 10029 100 131072 708077 8484 7357
0b000f01 0b000801 10209 100 131072 716305 491 516
0b000901 0b000a01 10207 100 131072 716335 511 516
0b000801 0b000901 10207 100 131072 716446 564 516
0b000a01 0b000301 10029 100 131072 709926 7188 7357
0b000801 0b000901 10208 100 131072 716729 587 516
0b000201 0b000301 10209 100 131072 717020 489 516
0b000001 0b000101 10208 100 131072 717218 489 516
0b000101 0b000a01 10029 100 131072 710666 7196 7357
0b000901 0b000a01 10208 100 131072 717216 514 516
0b000801 0b000901 10209 100 131072 717330 489 516
0b000501 0b000601 10209 100 131072 718021 489 516
0b000101 0b000201 10209 100 131072 718134 489 516
0b000001 0b000101 10209 100 131072 719197 489 516
0b000901 0b000a01 10209 100 131072 720020 489 516
0b000d01 0b000e01 10210 100 524288 1272446 10305 1614
0b000d01 0b000e01 10211 100 524288 1272446 10305 1614
0b000d01 0b000e01 10212 100 524288 1272446 10305 1614
0b000d01 0b000e01 10213 100 524288 1272446 10305 1614
0b000d01 0b000e01 10214 100 524288 1272446 10330 1614
0b000d01 0b000e01 10215 100 524288 1272446 10330 1614
0b000d01 0b000e01 10216 100 524288 1272446 10330 1614
0b000e01 0b000f01 10210 100 524288 1272571 10285 1614
0b000e01 0b000f01 10211 100 524288 1272571 10310 1614
0b000e01 0b000f01 10212 100 524288 1272571 10310 1614
0b000e01 0b000f01 10213 100 524288 1272571 10310 1614
0b000e01 0b000f01 10214 100 524288 1272571 10310 1614
0b000e01 0b000f01 10215 100 524288 1272571 10335 1614
0b000e01 0b000f01 10216 100 524288 1272571 10335 1614
0b000c01 0b000d01 10210 100 524288 1273626 10294 1614
0b000c01 0b000d01 10211 100 524288 1273626 10294 1614
0b000c01 0b000d01 10212 100 524288 1273626 10294 1614
0b000c01 0b000d01 10213 100 524288 1273626 10319 1614
0b000c01 0b000d01 10214 100 524288 1273626 10319 1614
0b000c01 0b000d01 10215 100 524288 1273626 10319 1614
0b000c01 0b000d01 10216 100 524288 1273626 10319 1614
0b000401 0b000501 10210 100 524288 1274178 10318 1614
0b000401 0b000501 10211 100 524288 1274178 10318 1614
0b000401 0b000501 10212 100 524288 1274178 10318 1614
0b000401 0b000501 10213 100 524288 1274178 10343 1614
0b000401 0b000501 10214 100 524288 1274178 10343 1614
0b000401 0b000501 10215 100 524288 1274178 10343 1614
0b000401 0b000501 10216 100 524288 1274178 10343 1614
0b000b01 0b000c01 10216 100 524288 1275070 10301 1614
0b000b01 0b000c01 10215 100 524288 1275070 10301 1614
0b000b01 0b000c01 10214 100 524288 1275070 10301 1614
0b000b01 0b000c01 10213 100 524288 1275070 10301 1614
0b000b01 0b000c01 10212 100 524288 1275070 10326 1614
0b000b01 0b000c01 10211 100 524288 1275070 10326 1614
0b000b01 0b000c01 10210 100 524288 1275070 10326 1614
0b000701 0b000001 10210 100 524288 1275477 10320 1614
0b000701 0b000001 10211 100 524288 1275477 10320 1614
0b000701 0b000001 10212 100 524288 1275477 10320 1614
0b000701 0b000001 10213 100 524288 1275477 10345 1614
0b000701 0b000001 10214 100 524288 1275477 10345 1614
0b000f01 0b000801 10210 100 524288 1275681 10305 1614
0b000701 0b000001 10215 100 524288 1275477 10345 1614
0b000701 0b000001 10216 100 524288 1275477 10345 1614
0b000f01 0b000801 10211 100 524288 1275681 10305 1614
0b000f01 0b000801 10212 100 524288 1275681 10305 1614
0b000f01 0b000801 10213 100 524288 1275681 10305 1614
0b000f01 0b000801 10214 100 524288 1275681 10330 1614
0b000f01 0b000801 10215 100 524288 1275681 10330 1614
0b000f01 0b000801 10216 100 524288 1275681 10330 1614
0b000801 0b000901 10210 100 524288 1276706 10310 1614
0b000801 0b000901 10211 100 524288 1276706 10310 1614
0b000801 0b000901 10212 100 524288 1276706 10335 1614
0b000801 0b000901 10213 100 524288 1276706 10335 1614
0b000801 0b000901 10214 100 524288 1276706 10335 1614
0b000801 0b000901 10215 100 524288 1276706 10335 1614
0b000801 0b000901 10216 100 524288 1276706 10360 1614
0b000301 0b000401 10210 100 524288 1276521 10289 1614
0b000301 0b000401 10211 100 524288 1276521 10289 1614
0b000301 0b000401 10212 100 524288 1276521 10314 1614
0b000301 0b000401 10213 100 524288 1276521 10314 1614
0b000301 0b000401 10214 100 524288 1276521 10314 1614
0b000301 0b000401 10215 100 524288 1276521 10314 1614
0b000301 0b000401 10216 100 524288 1276521 10339 1614
0b000d01 0b000601 10030 100 524288 1272446 15234 15267
0b000601 0b000701 10210 100 524288 1277522 10292 1614
0b000601 0b000701 10211 100 524288 1277522 10292 1614
0b000e01 0b000701 10030 100 524288 1272571 15401 15267
0b000501 0b000601 10210 100 524288 1277397 10431 1614
0b000501 0b000601 10211 100 524288 1277397 10437 1614
0b000601 0b000701 10212 100 524288 1277522 10317 1614
0b000601 0b000701 10213 100 524288 1277522 10317 1614
0b000601 0b000701 10214 100 524288 1277522 10317 1614
0b000601 0b000701 10215 100 524288 1277522 10317 1614
0b000501 0b000601 10212 100 524288 1277397 10443 1614
0b000501 0b000601 10213 100 524288 1277397 10449 1614
0b000501 0b000601 10214 100 524288 1277397 10455 1614
0b000501 0b000601 10215 100 524288 1277397 10461 1614
0b000501 0b000601 10216 100 524288 1277397 10467 1614
0b000601 0b000701 10216 100 524288 1277522 10342 1614
0b000201 0b000301 10210 100 524288 1277635 10288 1614
0b000201 0b000301 10211 100 524288 1277635 10288 1614
0b000201 0b000301 10212 100 524288 1277635 10313 1614
0b000201 0b000301 10213 100 524288 1277635 10313 1614
0b000201 0b000301 10214 100 524288 1277635 10313 1614
0b000201 0b000301 10215 100 524288 1277635 10313 1614
0b000201 0b000301 10216 100 524288 1277635 10338 1614
0b000001 0b000101 10210 100 524288 1278573 10300 1614
0b000001 0b000101 10211 100 524288 1278573 10300 1614
0b000001 0b000101 10212 100 524288 1278573 10300 1614
0b000001 0b000101 10213 100 524288 1278573 10300 1614
0b000001 0b000101 10214 100 524288 1278573 10325 1614
0b000001 0b000101 10215 100 524288 1278573 10325 1614
0b000001 0b000101 10216 100 524288 1278573 10325 1614
0b000101 0b000201 10210 100 524288 1278698 10284 1614
0b000101 0b000201 10211 100 524288 1278698 10309 1614
0b000101 0b000201 10212 100 524288 1278698 10309 1614
0b000101 0b000201 10213 100 524288 1278698 10309 1614
0b000101 0b000201 10214 100 524288 1278698 10309 1614
0b000c01 0b000501 10030 100 524288 1273626 15349 15267
0b000101 0b000201 10215 100 524288 1278698 10334 1614
0b000101 0b000201 10216 100 524288 1278698 10334 1614
0b000401 0b000d01 10030 100 524288 1274178 15327 15267
0b000901 0b000a01 10210 100 524288 1279396 10325 1614
0b000901 0b000a01 10211 100 524288 1279396 10325 1614
0b000901 0b000a01 10212 100 524288 1279396 10325 1614
0b000901 0b000a01 10213 100 524288 1279396 10325 1614
0b000901 0b000a01 10214 100 524288 1279396 10350 1614
0b000901 0b000a01 10215 100 524288 1279396 10350 1614
0b000901 0b000a01 10216 100 524288 1279396 10350 1614
0b000a01 0b000b01 10210 100 524288 1279521 10281 1614
0b000a01 0b000b01 10211 100 524288 1279521 10287 1614
0b000a01 0b000b01 10212 100 524288 1279521 10293 1614
0b000a01 0b000b01 10213 100 524288 1279521 10299 1614
0b000a01 0b000b01 10214 100 524288 1279521 10305 1614
0b000a01 0b000b01 10215 100 524288 1279521 10311 1614
0b000a01 0b000b01 10216 100 524288 1279521 10317 1614
0b000b01 0b000401 10030 100 524288 1275070 15234 15267
0b000701 0b000801 10030 100 524288 1275477 15401 15267
0b000f01 0b000001 10030 100 524288 1275681 15665 15267
0b000801 0b000101 10030 100 524288 1276706 15188 15267
0b000301 0b000c01 10030 100 524288 1276521 15498 15267
0b000201 0b000b01 10030 100 524288 1277635 15299 15267
0b000601 0b000f01 10030 100 524288 1277522 15436 15267
0b000501 0b000e01 10030 100 524288 1277397 15712 15267
0b000101 0b000a01 10030 100 524288 1278698 15209 15267
0b000001 0b000901 10030 100 524288 1278573 15549 15267
0b000e01 0b000f01 10217 100 524288 1285761 8869 1614
0b000e01 0b000f01 10218 100 524288 1285761 8869 1614
0b000e01 0b000f01 10219 100 524288 1285761 8869 1614
0b000e01 0b000f01 10220 100 524288 1285761 8869 1614
0b000e01 0b000f01 10221 100 524288 1285786 8844 1614
0b000e01 0b000f01 10222 100 524288 1285786 8869 1614
0b000901 0b000201 10030 100 524288 1279396 15268 15267
0b000f01 0b000801 10217 100 524288 1285891 8855 1614
0b000f01 0b000801 10218 100 524288 1285891 8855 1614
0b000f01 0b000801 10219 100 524288 1285891 8855 1614
0b000f01 0b000801 10220 100 524288 1285891 8855 1614
0b000f01 0b000801 10221 100 524288 1285916 8830 1614
0b000f01 0b000801 10222 100 524288 1285916 8855 1614
0b000a01 0b000301 10030 100 524288 1279521 15451 15267
0b000d01 0b000e01 10217 100 524288 1286930 9376 1614
0b000d01 0b000e01 10218 100 524288 1286930 9376 1614
0b000d01 0b000e01 10219 100 524288 1286930 9401 1614
0b000d01 0b000e01 10220 100 524288 1286955 9376 1614
0b000d01 0b000e01 10221 100 524288 1286955 9376 1614
0b000d01 0b000e01 10222 100 524288 1286955 9376 1614
0b000501 0b000601 10217 100 524288 1287506 9664 1614
0b000501 0b000601 10218 100 524288 1287506 9664 1614
0b000501 0b000601 10219 100 524288 1287506 9664 1614
0b000501 0b000601 10220 100 524288 1287531 9639 1614
0b000501 0b000601 10221 100 524288 1287531 9664 1614
0b000501 0b000601 10222 100 524288 1287531 9664 1614
0b000d01 0b000e01 10223 100 524288 1292515 4766 1614
0b000c01 0b000d01 10217 100 524288 1288381 9206 1614
0b000c01 0b000d01 10218 100 524288 1288381 9206 1614
0b000c01 0b000d01 10219 100 524288 1288381 9206 1614
0b000c01 0b000d01 10220 100 524288 1288406 9181 1614
0b000c01 0b000d01 10221 100 524288 1288406 9181 1614
0b000f01 0b000801 10223 100 524288 1295968 1626 1614
0b000c01 0b000d01 10222 100 524288 1288406 9206 1614
0b000e01 0b000f01 10223 100 524288 1296119 1596 1614
0b000501 0b000601 10223 100 524288 1291985 5935 1614
0b000001 0b000101 10217 100 524288 1288807 9417 1614
0b000001 0b000101 10218 100 524288 1288807 9417 1614
0b000001 0b000101 10219 100 524288 1288832 9392 1614
0b000001 0b000101 10220 100 524288 1288832 9392 1614
0b000001 0b000101 10221 100 524288 1288832 9417 1614
0b000001 0b000101 10222 100 524288 1288832 9417 1614
0b000c01 0b000d01 10223 100 524288 1295029 3683 1614
0b000801 0b000901 10217 100 524288 1288996 10019 1614
0b000801 0b000901 10218 100 524288 1288996 10019 1614
0b000801 0b000901 10219 100 524288 1288996 10019 1614
0b000801 0b000901 10220 100 524288 1289021 9994 1614
0b000801 0b000901 10221 100 524288 1289021 9994 1614
0b000801 0b000901 10222 100 524288 1289021 10019 1614
0b000001 0b000101 10223 100 524288 1294356 4793 1614
0b000901 0b000a01 10217 100 524288 1290026 9131 1614
0b000901 0b000a01 10218 100 524288 1290051 9106 1614
0b000901 0b000a01 10219 100 524288 1290051 9106 1614
0b000901 0b000a01 10220 100 524288 1290051 9106 1614
0b000901 0b000a01 10221 100 524288 1290051 9106 1614
0b000901 0b000a01 10222 100 524288 1290076 9106 1614
0b000401 0b000501 10217 100 524288 1289820 9713 1614
0b000401 0b000501 10218 100 524288 1289820 9713 1614
0b000401 0b000501 10219 100 524288 1289845 9713 1614
0b000401 0b000501 10220 100 524288 1289845 9713 1614
0b000401 0b000501 10221 100 524288 1289845 9713 1614
0b000401 0b000501 10222 100 524288 1289870 9688 1614
0b000301 0b000401 10217 100 524288 1290933 9134 1614
0b000301 0b000401 10218 100 524288 1290933 9159 1614
0b000301 0b000401 10219 100 524288 1290958 9134 1614
0b000301 0b000401 10220 100 524288 1290958 9134 1614
0b000301 0b000401 10221 100 524288 1290958 9134 1614
0b000301 0b000401 10222 100 524288 1290983 9134 1614
0b000401 0b000501 10223 100 524288 1293314 6830 1614
0b000601 0b000701 10217 100 524288 1290690 9534 1614
0b000901 0b000a01 10223 100 524288 1297132 3225 1614
0b000701 0b000001 10218 100 524288 1290824 10272 1614
0b000701 0b000001 10219 100 524288 1290849 10247 1614
0b000701 0b000001 10220 100 524288 1290849 10247 1614
0b000701 0b000001 10221 100 524288 1290849 10272 1614
0b000701 0b000001 10222 100 524288 1290849 10272 1614
0b000701 0b000001 10223 100 524288 1290874 10247 1614
0b000701 0b000001 10217 100 524288 1290982 10164 1614
0b000e01 0b000701 10031 100 524288 1285786 15507 15267
0b000301 0b000401 10223 100 524288 1297982 3285 1614
0b000201 0b000301 10217 100 524288 1291992 9366 1614
0b000201 0b000301 10218 100 524288 1292017 9341 1614
0b000201 0b000301 10219 100 524288 1292017 9366 1614
0b000201 0b000301 10220 100 524288 1292017 9366 1614
0b000201 0b000301 10221 100 524288 1292042 9341 1614
0b000201 0b000301 10222 100 524288 1292042 9341 1614
0b000601 0b000701 10218 100 524288 1290838 10814 1614
0b000601 0b000701 10219 100 524288 1290844 10814 1614
0b000601 0b000701 10220 100 524288 1290850 10814 1614
0b000601 0b000701 10221 100 524288 1290856 10814 1614
0b000601 0b000701 10222 100 524288 1290862 10814 1614
0b000f01 0b000001 10031 100 524288 1285866 15808 15267
0b000601 0b000701 10223 100 524288 1290868 10814 1614
0b000101 0b000201 10217 100 524288 1291883 10045 1614
0b000101 0b000201 10218 100 524288 1291883 10045 1614
0b000101 0b000201 10219 100 524288 1291883 10045 1614
0b000101 0b000201 10220 100 524288 1291908 10045 1614
0b000101 0b000201 10221 100 524288 1291908 10045 1614
0b000101 0b000201 10222 100 524288 1291908 10045 1614
0b000201 0b000301 10223 100 524288 1297674 4645 1614
0b000d01 0b000601 10031 100 524288 1286955 15443 15267
0b000a01 0b000b01 10217 100 524288 1292731 9744 1614
0b000a01 0b000b01 10218 100 524288 1292731 9769 1614
0b000a01 0b000b01 10219 100 524288 1292731 9769 1614
0b000a01 0b000b01 10220 100 524288 1292756 9744 1614
0b000a01 0b000b01 10221 100 524288 1292756 9744 1614
0b000a01 0b000b01 10222 100 524288 1292756 9769 1614
0b000b01 0b000c01 10217 100 524288 1292812 9805 1614
0b000b01 0b000c01 10218 100 524288 1292818 9799 1614
0b000b01 0b000c01 10219 100 524288 1292824 9793 1614
0b000b01 0b000c01 10220 100 524288 1292836 9781 1614
0b000b01 0b000c01 10221 100 524288 1292842 9800 1614
0b000b01 0b000c01 10222 100 524288 1292848 9794 1614
0b000b01 0b000c01 10223 100 524288 1295944 7198 1614
0b000501 0b000e01 10031 100 524288 1287531 15816 15267
0b000c01 0b000501 10031 100 524288 1288381 15259 15267
0b000801 0b000901 10223 100 524288 1293888 10477 1614
0b000001 0b000901 10031 100 524288 1288807 15744 15267
0b000401 0b000d01 10031 100 524288 1289845 15356 15267
0b000901 0b000201 10031 100 524288 1290026 15235 15267
0b000101 0b000201 10223 100 524288 1294904 10527 1614
0b000f01 0b000801 10224 100 524288 1297640 8251 1614
0b000f01 0b000801 10225 100 524288 1297640 8251 1614
0b000f01 0b000801 10226 100 524288 1297640 8251 1614
0b000f01 0b000801 10227 100 524288 1297640 8276 1614
0b000f01 0b000801 10228 100 524288 1297665 8251 1614
0b000801 0b000101 10031 100 524288 1288996 16924 15267
0b000701 0b000801 10031 100 524288 1290824 15430 15267
0b000701 0b000001 10224 100 524288 1303234 3123 1614
0b000f01 0b000801 10229 100 524288 1300725 5791 1614
0b000301 0b000c01 10031 100 524288 1290958 15590 15267
0b000a01 0b000b01 10223 100 524288 1296917 10183 1614
0b000201 0b000b01 10031 100 524288 1292017 15464 15267
0b000601 0b000f01 10031 100 524288 1290874 16635 15267
0b000801 0b000901 10224 100 524288 1297756 9894 1614
0b000801 0b000901 10225 100 524288 1297756 9894 1614
0b000801 0b000901 10226 100 524288 1297756 9919 1614
0b000801 0b000901 10227 100 524288 1297756 9919 1614
0b000801 0b000901 10228 100 524288 1297781 9894 1614
0b000b01 0b000401 10031 100 524288 1292830 15198 15267
0b000801 0b000901 10229 100 524288 1300604 7446 1614
0b000e01 0b000f01 10224 100 524288 1299316 8931 1614
0b000e01 0b000f01 10225 100 524288 1299316 8931 1614
0b000e01 0b000f01 10226 100 524288 1299341 8906 1614
0b000e01 0b000f01 10227 100 524288 1299341 8906 1614
0b000e01 0b000f01 10228 100 524288 1299341 8906 1614
0b000101 0b000a01 10031 100 524288 1291883 16450 15267
0b000e01 0b000f01 10229 100 524288 1300291 8331 1614
0b000a01 0b000301 10031 100 524288 1292731 16689 15267
0b000d01 0b000e01 10224 100 524288 1300597 8830 1614
0b000d01 0b000e01 10225 100 524288 1300597 8830 1614
0b000d01 0b000e01 10226 100 524288 1300597 8830 1614
0b000d01 0b000e01 10227 100 524288 1300597 8830 1614
0b000d01 0b000e01 10228 100 524288 1300622 8805 1614
0b000e01 0b000f01 10230 100 524288 1306357 3295 1614
0b000d01 0b000e01 10229 100 524288 1301722 8105 1614
0b000901 0b000a01 10224 100 524288 1302025 8176 1614
0b000901 0b000a01 10225 100 524288 1302025 8176 1614
0b000901 0b000a01 10226 100 524288 1302025 8176 1614
0b000901 0b000a01 10227 100 524288 1302025 8201 1614
0b000901 0b000a01 10228 100 524288 1302050 8176 1614
0b000601 0b000701 10224 100 524288 1300180 10163 1614
0b000601 0b000701 10225 100 524288 1300180 10188 1614
0b000601 0b000701 10226 100 524288 1300180 10188 1614
0b000601 0b000701 10227 100 524288 1300180 10188 1614
0b000601 0b000701 10228 100 524288 1300205 10163 1614
0b000601 0b000701 10229 100 524288 1300930 9613 1614
0b000d01 0b000e01 10230 100 524288 1308211 2716 1614
0b000101 0b000201 10224 100 524288 1301234 9897 1614
0b000101 0b000201 10225 100 524288 1301234 9897 1614
0b000101 0b000201 10226 100 524288 1301234 9922 1614
0b000101 0b000201 10227 100 524288 1301259 9897 1614
0b000101 0b000201 10228 100 524288 1301259 9897 1614
0b000601 0b000701 10230 100 524288 1305408 5810 1614
0b000101 0b000201 10229 100 524288 1302159 9197 1614
0b000a01 0b000b01 10224 100 524288 1302167 9463 1614
0b000a01 0b000b01 10225 100 524288 1302167 9463 1614
0b000a01 0b000b01 10226 100 524288 1302167 9488 1614
0b000a01 0b000b01 10227 100 524288 1302167 9488 1614
0b000a01 0b000b01 10228 100 524288 1302192 9463 1614
0b000401 0b000501 10224 100 524288 1303077 8741 1614
0b000401 0b000501 10225 100 524288 1303102 8716 1614
0b000401 0b000501 10226 100 524288 1303102 8741 1614
0b000401 0b000501 10227 100 524288 1303102 8741 1614
0b000401 0b000501 10228 100 524288 1303127 8716 1614
0b000a01 0b000b01 10229 100 524288 1303367 8638 1614
0b000501 0b000601 10224 100 524288 1302543 9489 1614
0b000501 0b000601 10225 100 524288 1302543 9489 1614
0b000501 0b000601 10226 100 524288 1302568 9489 1614
0b000501 0b000601 10227 100 524288 1302568 9489 1614
0b000501 0b000601 10228 100 524288 1302568 9489 1614
0b000501 0b000601 10229 100 524288 1303154 9109 1614
0b000401 0b000501 10229 100 524288 1304277 8016 1614
0b000101 0b000201 10230 100 524288 1308930 3501 1614
0b000701 0b000001 10225 100 524288 1304303 8353 1614
0b000501 0b000601 10230 100 524288 1306650 6213 1614
0b000f01 0b000001 10032 100 524288 1297640 15364 15267
0b000301 0b000401 10224 100 524288 1304368 8795 1614
0b000301 0b000401 10225 100 524288 1304368 8795 1614
0b000301 0b000401 10226 100 524288 1304393 8770 1614
0b000301 0b000401 10227 100 524288 1304393 8795 1614
0b000301 0b000401 10228 100 524288 1304393 8795 1614
0b000a01 0b000b01 10230 100 524288 1311343 1937 1614
0b000401 0b000501 10230 100 524288 1311038 2360 1614
0b000301 0b000401 10229 100 524288 1305329 8184 1614
0b000701 0b000001 10226 100 524288 1304668 8963 1614
0b000701 0b000001 10227 100 524288 1304674 8982 1614
0b000701 0b000001 10228 100 524288 1304680 8976 1614
0b000701 0b000001 10229 100 524288 1304686 8970 1614
0b000701 0b000001 10230 100 524288 1304692 8964 1614
0b000201 0b000301 10224 100 524288 1304938 8966 1614
0b000201 0b000301 10225 100 524288 1304938 8966 1614
0b000201 0b000301 10226 100 524288 1304963 8966 1614
0b000201 0b000301 10227 100 524288 1304963 8966 1614
0b000201 0b000301 10228 100 524288 1304963 8966 1614
0b000b01 0b000c01 10224 100 524288 1305485 8426 1614
0b000b01 0b000c01 10225 100 524288 1305510 8401 1614
0b000b01 0b000c01 10226 100 524288 1305510 8426 1614
0b000b01 0b000c01 10227 100 524288 1305510 8426 1614
0b000b01 0b000c01 10228 100 524288 1305535 8401 1614
0b000e01 0b000701 10032 100 524288 1299341 15235 15267
0b000301 0b000401 10230 100 524288 1312430 2263 1614
0b000001 0b000101 10224 100 524288 1304106 10920 1614
0b000001 0b000101 10225 100 524288 1304106 10920 1614
0b000001 0b000101 10226 100 524288 1304131 10895 1614
0b000001 0b000101 10227 100 524288 1304131 10920 1614
0b000001 0b000101 10228 100 524288 1304131 10920 1614
0b000001 0b000101 10229 100 524288 1304156 10895 1614
0b000001 0b000101 10230 100 524288 1304684 10517 1614
0b000c01 0b000d01 10224 100 524288 1305627 9538 1614
0b000c01 0b000d01 10225 100 524288 1305627 9538 1614
0b000c01 0b000d01 10226 100 524288 1305627 9563 1614
0b000c01 0b000d01 10227 100 524288 1305652 9538 1614
0b000c01 0b000d01 10228 100 524288 1305652 9538 1614
0b000c01 0b000d01 10229 100 524288 1306152 9238 1614
0b000d01 0b000601 10032 100 524288 1300597 15277 15267
0b000801 0b000101 10032 100 524288 1297756 18188 15267
0b000c01 0b000d01 10230 100 524288 1309558 6407 1614
0b000001 0b000101 10231 100 524288 1309367 6634 1614
0b000901 0b000a01 10229 100 524288 1307375 8776 1614
0b000f01 0b000801 10230 100 524288 1310519 5643 1614
0b000901 0b000a01 10230 100 524288 1307561 8765 1614
0b000601 0b000f01 10032 100 524288 1300205 16514 15267
0b000801 0b000901 10230 100 524288 1308901 8649 1614
0b000801 0b000901 10231 100 524288 1308901 8649 1614
0b000801 0b000901 10232 100 524288 1308926 8649 1614
0b000801 0b000901 10233 100 524288 1308926 8649 1614
0b000801 0b000901 10234 100 524288 1309264 8461 1614
0b000801 0b000901 10235 100 524288 1309526 8249 1614
0b000501 0b000e01 10032 100 524288 1302568 15249 15267
0b000101 0b000a01 10032 100 524288 1301234 16791 15267
0b000201 0b000301 10229 100 524288 1308271 9768 1614
0b000201 0b000301 10230 100 524288 1308441 9795 1614
0b000b01 0b000c01 10229 100 524288 1310110 8351 1614
0b000401 0b000d01 10032 100 524288 1303102 15325 15267
0b000901 0b000201 10032 100 524288 1302025 16975 15267
0b000b01 0b000c01 10230 100 524288 1310491 8520 1614
0b000a01 0b000b01 10231 100 524288 1313211 5956 1614
0b000a01 0b000b01 10232 100 524288 1313211 5956 1614
0b000a01 0b000b01 10233 100 524288 1313236 5956 1614
0b000a01 0b000b01 10234 100 524288 1313236 5956 1614
0b000001 0b000901 10032 100 524288 1304106 15338 15267
0b000901 0b000a01 10231 100 524288 1310660 8912 1614
0b000901 0b000a01 10232 100 524288 1310685 8887 1614
0b000901 0b000a01 10233 100 524288 1310685 8887 1614
0b000901 0b000a01 10234 100 524288 1310685 8912 1614
0b000901 0b000a01 10235 100 524288 1311060 8587 1614
0b000a01 0b000301 10032 100 524288 1302167 17660 15267
0b000301 0b000c01 10032 100 524288 1304393 15624 15267
0b000f01 0b000801 10231 100 524288 1311257 9405 1614
0b000f01 0b000801 10232 100 524288 1311257 9405 1614
0b000f01 0b000801 10233 100 524288 1311257 9405 1614
0b000f01 0b000801 10234 100 524288 1311257 9430 1614
0b000801 0b000901 10236 100 524288 1319172 1602 1614
0b000f01 0b000801 10235 100 524288 1311632 9254 1614
0b000c01 0b000501 10032 100 524288 1305627 15287 15267
0b000e01 0b000f01 10231 100 524288 1312437 8488 1614
0b000e01 0b000f01 10232 100 524288 1312437 8488 1614
0b000e01 0b000f01 10233 100 524288 1312437 8488 1614
0b000e01 0b000f01 10234 100 524288 1312437 8513 1614
0b000e01 0b000f01 10235 100 524288 1312837 8338 1614
0b000f01 0b000801 10236 100 524288 1312662 8530 1614
0b000201 0b000b01 10032 100 524288 1304938 16592 15267
0b000e01 0b000f01 10236 100 524288 1313937 7688 1614
0b000701 0b000801 10032 100 524288 1304662 17054 15267
0b000001 0b000101 10232 100 524288 1315666 6385 1614
0b000b01 0b000401 10032 100 524288 1305510 16579 15267
0b000f01 0b000801 10237 100 524288 1319729 2569 1614
0b000a01 0b000b01 10235 100 524288 1319161 3349 1614
0b000e01 0b000f01 10237 100 524288 1320827 1948 1614
0b000a01 0b000b01 10236 100 524288 1319336 3674 1614
0b000701 0b000001 10231 100 524288 1313378 9464 1614
0b000701 0b000001 10232 100 524288 1313378 9489 1614
0b000701 0b000001 10233 100 524288 1313378 9489 1614
0b000701 0b000001 10234 100 524288 1313378 9489 1614
0b000701 0b000001 10235 100 524288 1313553 9389 1614
0b000701 0b000001 10236 100 524288 1314228 8989 1614
0b000501 0b000601 10231 100 524288 1314828 8420 1614
0b000501 0b000601 10232 100 524288 1314828 8420 1614
0b000501 0b000601 10233 100 524288 1314853 8420 1614
0b000501 0b000601 10234 100 524288 1314853 8420 1614
0b000001 0b000101 10233 100 524288 1316014 7298 1614
0b000c01 0b000d01 10231 100 524288 1316921 6556 1614
0b000c01 0b000d01 10232 100 524288 1316921 6556 1614
0b000c01 0b000d01 10233 100 524288 1316946 6531 1614
0b000c01 0b000d01 10234 100 524288 1316946 6531 1614
0b000501 0b000601 10235 100 524288 1315303 8170 1614
0b000501 0b000601 10236 100 524288 1316408 7290 1614
0b000701 0b000001 10237 100 524288 1317586 6181 1614
0b000301 0b000401 10231 100 524288 1316914 6891 1614
0b000301 0b000401 10232 100 524288 1316939 6891 1614
0b000301 0b000401 10233 100 524288 1316939 6891 1614
0b000301 0b000401 10234 100 524288 1316939 6891 1614
0b000201 0b000301 10231 100 524288 1314141 9920 1614
0b000201 0b000301 10232 100 524288 1314166 9920 1614
0b000201 0b000301 10233 100 524288 1314166 9920 1614
0b000201 0b000301 10234 100 524288 1314166 9920 1614
0b000201 0b000301 10235 100 524288 1314366 9795 1614
0b000601 0b000701 10231 100 524288 1315042 9382 1614
0b000601 0b000701 10232 100 524288 1315042 9407 1614
0b000601 0b000701 10233 100 524288 1315067 9382 1614
0b000601 0b000701 10234 100 524288 1315067 9382 1614
0b000201 0b000301 10236 100 524288 1315441 9045 1614
0b000601 0b000701 10235 100 524288 1315273 9326 1614
0b000001 0b000101 10234 100 524288 1316666 7945 1614
0b000001 0b000101 10235 100 524288 1316666 7945 1614
0b000001 0b000101 10236 100 524288 1316666 7945 1614
0b000001 0b000101 10237 100 524288 1316666 7970 1614
0b000401 0b000501 10231 100 524288 1316173 8490 1614
0b000401 0b000501 10232 100 524288 1316173 8490 1614
0b000401 0b000501 10233 100 524288 1316198 8465 1614
0b000401 0b000501 10234 100 524288 1316198 8465 1614
0b000401 0b000501 10235 100 524288 1316523 8315 1614
0b000601 0b000701 10236 100 524288 1315873 9001 1614
0b000401 0b000501 10236 100 524288 1317703 7360 1614
0b000b01 0b000c01 10231 100 524288 1314640 10658 1614
0b000b01 0b000c01 10232 100 524288 1314665 10633 1614
0b000b01 0b000c01 10233 100 524288 1314665 10633 1614
0b000601 0b000701 10237 100 524288 1318884 6490 1614
0b000b01 0b000c01 10234 100 524288 1314665 10658 1614
0b000201 0b000301 10237 100 524288 1322010 3476 1614
0b000501 0b000601 10237 100 524288 1323924 1600 1614
0b000b01 0b000c01 10235 100 524288 1315015 10608 1614
0b000801 0b000101 10033 100 524288 1308901 16735 15267
0b000f01 0b000001 10033 100 524288 1311257 15272 15267
0b000401 0b000501 10237 100 524288 1325099 1589 1614
0b000b01 0b000c01 10236 100 524288 1316290 10483 1614
0b000301 0b000401 10235 100 524288 1321049 5866 1614
0b000301 0b000401 10236 100 524288 1321246 5719 1614
0b000c01 0b000d01 10235 100 524288 1321471 5417 1614
0b000c01 0b000d01 10236 100 524288 1322021 5067 1614
0b000301 0b000401 10237 100 524288 1322837 4503 1614
0b000c01 0b000d01 10237 100 524288 1323027 4236 1614
0b000a01 0b000b01 10237 100 524288 1321035 6250 1614
0b000e01 0b000701 10033 100 524288 1312437 15239 15267
0b000d01 0b000e01 10231 100 524288 1318175 10031 1614
0b000d01 0b000e01 10232 100 524288 1318175 10037 1614
0b000d01 0b000e01 10233 100 524288 1318200 10018 1614
0b000d01 0b000e01 10234 100 524288 1318200 10024 1614
0b000d01 0b000e01 10235 100 524288 1318400 10133 1614
0b000d01 0b000e01 10236 100 524288 1318975 10083 1614
0b000a01 0b000b01 10238 100 524288 1322582 6903 1614
0b000a01 0b000b01 10239 100 524288 1322582 6928 1614
0b000a01 0b000b01 10240 100 524288 1322607 6903 1614
0b000a01 0b000b01 10241 100 524288 1322657 6853 1614
0b000901 0b000a01 10236 100 524288 1320560 9212 1614
0b000901 0b000a01 10237 100 524288 1320585 9212 1614
0b000901 0b000a01 10238 100 524288 1320585 9212 1614
0b000901 0b000a01 10239 100 524288 1320735 9262 1614
0b000901 0b000a01 10240 100 524288 1320785 9212 1614
0b000501 0b000e01 10033 100 524288 1314853 15404 15267
0b000901 0b000201 10033 100 524288 1310660 19735 15267
0b000601 0b000f01 10033 100 524288 1315067 15294 15267
0b000701 0b000801 10033 100 524288 1313353 17055 15267
0b000901 0b000a01 10241 100 524288 1322454 8193 1614
0b000901 0b000a01 10242 100 524288 1323784 7113 1614
0b000201 0b000b01 10033 100 524288 1314141 16899 15267
0b000d01 0b000e01 10237 100 524288 1321437 9796 1614
0b000101 0b000201 10231 100 524288 1318036 13391 1614
0b000101 0b000201 10232 100 524288 1318036 13391 1614
0b000101 0b000201 10233 100 524288 1318061 13391 1614
0b000101 0b000201 10234 100 524288 1318061 13391 1614
0b000101 0b000201 10235 100 524288 1318061 13391 1614
0b000a01 0b000301 10033 100 524288 1313211 18279 15267
0b000401 0b000d01 10033 100 524288 1316173 15395 15267
0b000101 0b000201 10236 100 524288 1318211 13466 1614
0b000f01 0b000801 10238 100 524288 1323935 8206 1614
0b000f01 0b000801 10239 100 524288 1323935 8206 1614
0b000f01 0b000801 10240 100 524288 1323935 8231 1614
0b000f01 0b000801 10241 100 524288 1324185 8206 1614
0b000401 0b000501 10238 100 524288 1326815 5691 1614
0b000401 0b000501 10239 100 524288 1326840 5691 1614
0b000401 0b000501 10240 100 524288 1326840 5691 1614
0b000c01 0b000501 10033 100 524288 1316946 15500 15267
0b000b01 0b000c01 10237 100 524288 1322177 10306 1614
0b000b01 0b000c01 10238 100 524288 1322202 10281 1614
0b000b01 0b000c01 10239 100 524288 1322202 10281 1614
0b000f01 0b000801 10242 100 524288 1324635 7956 1614
0b000301 0b000c01 10033 100 524288 1316914 15719 15267
0b000101 0b000201 10237 100 524288 1318954 13748 1614
0b000101 0b000201 10238 100 524288 1319011 13691 1614
0b000f01 0b000801 10243 100 524288 1325785 7031 1614
0b000801 0b000901 10237 100 524288 1323672 9556 1614
0b000801 0b000901 10238 100 524288 1323672 9562 1614
0b000801 0b000901 10239 100 524288 1323697 9543 1614
0b000001 0b000901 10033 100 524288 1316641 16598 15267
0b000801 0b000901 10240 100 524288 1323896 9575 1614
0b000801 0b000901 10241 100 524288 1324202 9544 1614
0b000801 0b000901 10242 100 524288 1324726 9320 1614
0b000b01 0b000c01 10240 100 524288 1324540 9667 1614
0b000801 0b000901 10243 100 524288 1325308 8938 1614
0b000601 0b000701 10238 100 524288 1326258 8240 1614
0b000601 0b000701 10239 100 524288 1326258 8240 1614
0b000601 0b000701 10240 100 524288 1326283 8215 1614
0b000101 0b000a01 10033 100 524288 1318036 16486 15267
0b000601 0b000701 10241 100 524288 1326483 8165 1614
0b000601 0b000701 10242 100 524288 1326708 8065 1614
0b000f01 0b000801 10244 100 524288 1333371 1595 1614
0b000b01 0b000c01 10241 100 524288 1325520 9562 1614
0b000601 0b000701 10243 100 524288 1328534 6614 1614
0b000c01 0b000d01 10238 100 524288 1328308 6910 1614
0b000c01 0b000d01 10239 100 524288 1328308 6935 1614
0b000c01 0b000d01 10240 100 524288 1328333 6910 1614
0b000001 0b000101 10238 100 524288 1325877 9407 1614
0b000001 0b000101 10239 100 524288 1325877 9432 1614
0b000001 0b000101 10240 100 524288 1325877 9432 1614
0b000001 0b000101 10241 100 524288 1325952 9357 1614
0b000c01 0b000d01 10241 100 524288 1328633 6816 1614
0b000b01 0b000c01 10242 100 524288 1326020 9512 1614
0b000001 0b000101 10242 100 524288 1326227 9307 1614
0b000d01 0b000e01 10238 100 524288 1326487 9095 1614
0b000d01 0b000e01 10239 100 524288 1326487 9095 1614
0b000d01 0b000e01 10240 100 524288 1326487 9095 1614
0b000401 0b000501 10241 100 524288 1329925 5681 1614
0b000401 0b000501 10242 100 524288 1329975 5631 1614
0b000b01 0b000401 10033 100 524288 1314640 20979 15267
0b000401 0b000501 10243 100 524288 1330350 5368 1614
0b000001 0b000101 10243 100 524288 1326777 8982 1614
0b000301 0b000401 10238 100 524288 1327096 8684 1614
0b000301 0b000401 10239 100 524288 1327096 8684 1614
0b000301 0b000401 10240 100 524288 1327096 8684 1614
0b000301 0b000401 10241 100 524288 1327171 8634 1614
0b000d01 0b000601 10033 100 524288 1318200 17736 15267
0b000801 0b000901 10244 100 524288 1333418 2527 1614
0b000c01 0b000d01 10242 100 524288 1329783 6216 1614
0b000301 0b000401 10242 100 524288 1327496 8534 1614
0b000501 0b000601 10238 100 524288 1327673 8481 1614
0b000501 0b000601 10239 100 524288 1327673 8487 1614
0b000501 0b000601 10240 100 524288 1327673 8493 1614
0b000001 0b000101 10244 100 524288 1329539 6695 1614
0b000301 0b000401 10243 100 524288 1328496 7934 1614
0b000501 0b000601 10241 100 524288 1327848 8624 1614
0b000501 0b000601 10242 100 524288 1328073 8655 1614
0b000701 0b000001 10238 100 524288 1327459 9381 1614
0b000701 0b000001 10239 100 524288 1327459 9387 1614
0b000701 0b000001 10240 100 524288 1327459 9393 1614
0b000701 0b000001 10241 100 524288 1327609 9349 1614
0b000701 0b000001 10242 100 524288 1327884 9305 1614
0b000101 0b000201 10239 100 524288 1325061 12144 1614
0b000701 0b000001 10243 100 524288 1328384 9011 1614
0b000301 0b000401 10244 100 524288 1334500 2930 1614
0b000201 0b000301 10238 100 524288 1333405 4110 1614
0b000d01 0b000e01 10241 100 524288 1329898 7890 1614
0b000101 0b000201 10240 100 524288 1326322 11639 1614
0b000501 0b000601 10243 100 524288 1329698 8336 1614
0b000d01 0b000e01 10242 100 524288 1330098 7865 1614
0b000d01 0b000e01 10243 100 524288 1330273 7740 1614
0b000701 0b000001 10244 100 524288 1330686 7565 1614
0b000101 0b000201 10241 100 524288 1327621 10915 1614
0b000101 0b000201 10242 100 524288 1327621 10915 1614
0b000101 0b000201 10243 100 524288 1327646 10915 1614
0b000901 0b000201 10034 100 524288 1320560 18071 15267
0b000101 0b000201 10244 100 524288 1328646 10265 1614
0b000b01 0b000c01 10243 100 524288 1330295 8737 1614
0b000801 0b000101 10034 100 524288 1323672 15379 15267
0b000f01 0b000001 10034 100 524288 1323960 15242 15267
0b000d01 0b000e01 10244 100 524288 1334578 5260 1614
0b000b01 0b000c01 10244 100 524288 1332520 7812 1614
0b000b01 0b000c01 10245 100 524288 1332520 7837 1614
0b000b01 0b000c01 10246 100 524288 1332520 7837 1614
0b000e01 0b000f01 10238 100 524288 1331216 9268 1614
0b000e01 0b000f01 10239 100 524288 1331222 9262 1614
0b000e01 0b000f01 10240 100 524288 1331228 9281 1614
0b000b01 0b000c01 10247 100 524288 1334050 6532 1614
0b000e01 0b000f01 10241 100 524288 1331543 9666 1614
0b000601 0b000f01 10034 100 524288 1326283 15226 15267
0b000a01 0b000b01 10242 100 524288 1332807 8762 1614
0b000a01 0b000b01 10243 100 524288 1332807 8787 1614
0b000a01 0b000b01 10244 100 524288 1333007 8962 1614
0b000a01 0b000b01 10245 100 524288 1333007 8962 1614
0b000301 0b000401 10245 100 524288 1340525 1611 1614
0b000401 0b000d01 10034 100 524288 1326840 15331 15267
0b000e01 0b000f01 10242 100 524288 1332068 10141 1614
0b000c01 0b000d01 10243 100 524288 1335493 6741 1614
0b000c01 0b000d01 10244 100 524288 1335493 6741 1614
0b000a01 0b000b01 10246 100 524288 1333657 8762 1614
0b000c01 0b000d01 10245 100 524288 1335643 6841 1614
0b000a01 0b000b01 10247 100 524288 1333907 8612 1614
0b000001 0b000901 10034 100 524288 1325852 16758 15267
0b000a01 0b000301 10034 100 524288 1322582 20057 15267
0b000301 0b000c01 10034 100 524288 1327071 15801 15267
0b000501 0b000601 10245 100 524288 1335456 7598 1614
0b000501 0b000601 10244 100 524288 1335516 7538 1614
0b000501 0b000601 10246 100 524288 1335541 7538 1614
0b000a01 0b000b01 10248 100 524288 1337532 5612 1614
0b000801 0b000901 10245 100 524288 1335151 8043 1614
0b000801 0b000901 10246 100 524288 1335151 8043 1614
0b000701 0b000801 10034 100 524288 1327434 15990 15267
0b000801 0b000901 10247 100 524288 1335401 8093 1614
0b000801 0b000901 10248 100 524288 1335601 8068 1614
0b000801 0b000901 10249 100 524288 1335826 7968 1614
0b000e01 0b000f01 10243 100 524288 1333267 10867 1614
0b000801 0b000901 10250 100 524288 1337976 6243 1614
0b000d01 0b000e01 10245 100 524288 1338228 6003 1614
0b000d01 0b000e01 10246 100 524288 1338253 5978 1614
0b000d01 0b000e01 10247 100 524288 1338459 5922 1614
0b000d01 0b000e01 10248 100 524288 1339009 5522 1614
0b000701 0b000001 10245 100 524288 1337508 7288 1614
0b000701 0b000001 10246 100 524288 1337508 7288 1614
0b000701 0b000001 10247 100 524288 1337658 7288 1614
0b000701 0b000001 10248 100 524288 1337783 7213 1614
0b000101 0b000a01 10034 100 524288 1327621 17379 15267
0b000701 0b000001 10249 100 524288 1338158 6913 1614
0b000e01 0b000f01 10244 100 524288 1334243 10926 1614
0b000c01 0b000d01 10246 100 524288 1337217 8012 1614
0b000501 0b000601 10247 100 524288 1338616 6638 1614
0b000501 0b000601 10248 100 524288 1338616 6638 1614
0b000501 0b000601 10249 100 524288 1338728 6551 1614
0b000d01 0b000601 10034 100 524288 1326487 19032 15267
0b000601 0b000701 10244 100 524288 1338946 7156 1614
0b000501 0b000e01 10034 100 524288 1327673 18515 15267
0b000c01 0b000d01 10247 100 524288 1338092 8612 1614
0b000c01 0b000501 10034 100 524288 1328308 18426 15267
0b000b01 0b000401 10034 100 524288 1322177 24632 15267
0b000c01 0b000d01 10248 100 524288 1338542 8612 1614
0b000901 0b000a01 10243 100 524288 1336244 11015 1614
0b000301 0b000401 10246 100 524288 1345649 1612 1614
0b000901 0b000a01 10245 100 524288 1336249 11010 1614
0b000901 0b000a01 10244 100 524288 1336250 11034 1614
0b000601 0b000701 10245 100 524288 1339164 8344 1614
0b000601 0b000701 10246 100 524288 1339170 8344 1614
0b000101 0b000201 10245 100 524288 1338319 9437 1614
0b000101 0b000201 10246 100 524288 1338319 9437 1614
0b000201 0b000301 10239 100 524288 1334437 13326 1614
0b000201 0b000301 10240 100 524288 1334462 13301 1614
0b000201 0b000301 10241 100 524288 1334462 13301 1614
0b000201 0b000301 10242 100 524288 1334462 13301 1614
0b000101 0b000201 10247 100 524288 1338319 9462 1614
0b000401 0b000501 10244 100 524288 1338629 9231 1614
0b000801 0b000901 10251 100 524288 1346434 1585 1614
0b000901 0b000a01 10246 100 524288 1336481 11629 1614
0b000101 0b000201 10248 100 524288 1338544 9437 1614
0b000601 0b000701 10247 100 524288 1339482 8538 1614
0b000101 0b000201 10249 100 524288 1338769 9362 1614
0b000601 0b000701 10248 100 524288 1339738 8488 1614
0b000201 0b000301 10243 100 524288 1334687 13544 1614
0b000101 0b000201 10250 100 524288 1339244 9037 1614
0b000901 0b000a01 10247 100 524288 1336756 11854 1614
0b000101 0b000201 10251 100 524288 1342061 6695 1614
0b000401 0b000501 10245 100 524288 1338790 10126 1614
0b000401 0b000501 10246 100 524288 1338790 10132 1614
0b000401 0b000501 10247 100 524288 1338815 10113 1614
0b000401 0b000501 10248 100 524288 1339040 10094 1614
0b000901 0b000a01 10248 100 524288 1337056 12229 1614
0b000401 0b000501 10249 100 524288 1339440 9925 1614
0b000901 0b000a01 10249 100 524288 1337256 12254 1614
0b000201 0b000301 10244 100 524288 1335712 13710 1614
0b000201 0b000301 10245 100 524288 1335712 13716 1614
0b000a01 0b000b01 10249 100 524288 1348010 1601 1614
0b000e01 0b000701 10034 100 524288 1331234 18408 15267
0b000001 0b000101 10245 100 524288 1339856 9656 1614
0b000001 0b000101 10246 100 524288 1339862 9650 1614
0b000e01 0b000f01 10245 100 524288 1338592 11139 1614
0b000401 0b000501 10250 100 524288 1340440 9281 1614
0b000e01 0b000f01 10246 100 524288 1338592 11170 1614
0b000d01 0b000e01 10249 100 524288 1345181 4643 1614
0b000601 0b000701 10249 100 524288 1341044 8900 1614
0b000001 0b000101 10247 100 524288 1339968 9994 1614
0b000c01 0b000d01 10249 100 524288 1342042 7987 1614
0b000d01 0b000e01 10250 100 524288 1345244 4786 1614
0b000f01 0b000801 10245 100 524288 1343494 6701 1614
0b000f01 0b000801 10246 100 524288 1343519 6676 1614
0b000801 0b000101 10035 100 524288 1335176 15206 15267
0b000001 0b000101 10248 100 524288 1340199 10363 1614
0b000d01 0b000e01 10251 100 524288 1345494 4986 1614
0b000a01 0b000301 10035 100 524288 1332782 17912 15267
0b000701 0b000001 10250 100 524288 1349112 1645 1614
0b000001 0b000101 10249 100 524288 1340405 10513 1614
0b000401 0b000501 10251 100 524288 1345146 6002 1614
0b000b01 0b000c01 10248 100 524288 1344604 6490 1614
0b000901 0b000a01 10250 100 524288 1338955 12314 1614
0b000c01 0b000d01 10250 100 524288 1343367 7968 1614
0b000c01 0b000d01 10251 100 524288 1343367 7968 1614
0b000c01 0b000d01 10252 100 524288 1343592 7793 1614
0b000501 0b000601 10250 100 524288 1349744 1933 1614
0b000e01 0b000f01 10247 100 524288 1340798 10951 1614
0b000c01 0b000d01 10253 100 524288 1345882 5878 1614
0b000001 0b000101 10250 100 524288 1341261 10707 1614
0b000e01 0b000f01 10248 100 524288 1340973 10951 1614
0b000f01 0b000801 10247 100 524288 1344219 7719 1614
0b000e01 0b000f01 10249 100 524288 1341023 10926 1614
0b000901 0b000201 10035 100 524288 1336238 15802 15267
0b000f01 0b000801 10248 100 524288 1344519 7844 1614
0b000001 0b000101 10251 100 524288 1342212 10556 1614
0b000b01 0b000c01 10249 100 524288 1344979 7865 1614
0b000b01 0b000c01 10250 100 524288 1344979 7890 1614
0b000f01 0b000801 10249 100 524288 1345219 7669 1614
0b000201 0b000b01 10034 100 524288 1334437 18588 15267
0b000401 0b000501 10252 100 524288 1349819 3304 1614
0b000d01 0b000e01 10252 100 524288 1348239 4930 1614
0b000e01 0b000f01 10250 100 524288 1342848 10382 1614
0b000401 0b000501 10253 100 524288 1350271 3077 1614
0b000701 0b000801 10035 100 524288 1337508 15973 15267
0b000b01 0b000c01 10251 100 524288 1345429 8040 1614
0b000b01 0b000c01 10252 100 524288 1345529 8015 1614
0b000b01 0b000c01 10253 100 524288 1346154 7640 1614
0b000501 0b000e01 10035 100 524288 1335541 18473 15267
0b000f01 0b000801 10250 100 524288 1347144 6875 1614
0b000401 0b000d01 10035 100 524288 1338790 15478 15267
0b000d01 0b000e01 10253 100 524288 1349714 4580 1614
0b000f01 0b000801 10251 100 524288 1348179 6215 1614
0b000101 0b000a01 10035 100 524288 1338294 16345 15267
0b000d01 0b000e01 10254 100 524288 1350164 4455 1614
0b000701 0b000001 10251 100 524288 1350524 4345 1614
0b000801 0b000901 10252 100 524288 1353205 1606 1614
0b000601 0b000701 10250 100 524288 1346064 8861 1614
0b000601 0b000701 10251 100 524288 1346064 8861 1614
0b000b01 0b000c01 10254 100 524288 1352621 2323 1614
0b000201 0b000301 10246 100 524288 1340215 15207 1614
0b000b01 0b000401 10035 100 524288 1332495 23098 15267
0b000201 0b000301 10247 100 524288 1340971 15351 1614
0b000f01 0b000801 10252 100 524288 1352772 3572 1614
0b000501 0b000601 10251 100 524288 1350870 5549 1614
0b000001 0b000101 10252 100 524288 1347806 8668 1614
0b000001 0b000101 10253 100 524288 1347956 8518 1614
0b000001 0b000101 10254 100 524288 1348006 8543 1614
0b000001 0b000101 10255 100 524288 1348081 8468 1614
0b000701 0b000001 10252 100 524288 1351030 5639 1614
0b000a01 0b000b01 10250 100 524288 1350269 6673 1614
0b000601 0b000701 10252 100 524288 1348264 8692 1614
0b000a01 0b000b01 10251 100 524288 1350294 6648 1614
0b000601 0b000701 10253 100 524288 1348264 8692 1614
0b000701 0b000001 10253 100 524288 1351236 5732 1614
0b000601 0b000701 10254 100 524288 1348289 8692 1614
0b000601 0b000701 10255 100 524288 1348529 8502 1614
0b000901 0b000a01 10251 100 524288 1345620 11453 1614
0b000201 0b000301 10248 100 524288 1341546 15601 1614
0b000201 0b000301 10249 100 524288 1341571 15601 1614
0b000201 0b000301 10250 100 524288 1341641 15531 1614
0b000e01 0b000f01 10251 100 524288 1347241 10001 1614
0b000201 0b000301 10251 100 524288 1341921 15451 1614
0b000901 0b000a01 10252 100 524288 1346204 11169 1614
0b000001 0b000101 10256 100 524288 1353767 3719 1614
0b000e01 0b000f01 10252 100 524288 1347391 10026 1614
0b000e01 0b000f01 10253 100 524288 1347541 10051 1614
0b000b01 0b000c01 10255 100 524288 1356035 1596 1614
0b000901 0b000a01 10253 100 524288 1346504 11144 1614
0b000901 0b000a01 10254 100 524288 1346679 10969 1614
0b000001 0b000901 10035 100 524288 1339850 17887 15267
0b000901 0b000a01 10255 100 524288 1346804 10919 1614
0b000701 0b000001 10254 100 524288 1352652 5241 1614
0b000901 0b000a01 10256 100 524288 1347229 10544 1614
0b000701 0b000001 10255 100 524288 1352954 5019 1614
0b000601 0b000701 10256 100 524288 1354687 3344 1614
0b000101 0b000201 10252 100 524288 1352522 5717 1614
0b000901 0b000a01 10257 100 524288 1351029 7219 1614
0b000d01 0b000e01 10255 100 524288 1353039 5590 1614
0b000601 0b000f01 10035 100 524288 1339176 19289 15267
0b000e01 0b000f01 10254 100 524288 1349198 9600 1614
0b000a01 0b000b01 10252 100 524288 1351120 8217 1614
0b000701 0b000001 10256 100 524288 1357935 1594 1614
0b000301 0b000401 10247 100 524288 1350773 8766 1614
0b000301 0b000401 10248 100 524288 1350773 8766 1614
0b000301 0b000401 10249 100 524288 1350773 8766 1614
0b000801 0b000901 10253 100 524288 1354948 4919 1614
0b000a01 0b000b01 10253 100 524288 1351620 8482 1614
0b000f01 0b000001 10035 100 524288 1343494 16661 15267
0b000401 0b000501 10254 100 524288 1358603 1613 1614
0b000d01 0b000e01 10256 100 524288 1354345 6084 1614
0b000301 0b000401 10250 100 524288 1351241 9248 1614
0b000d01 0b000e01 10257 100 524288 1354395 6109 1614
0b000f01 0b000801 10253 100 524288 1354759 5784 1614
0b000d01 0b000e01 10258 100 524288 1354770 5934 1614
0b000c01 0b000501 10035 100 524288 1335493 25323 15267
0b000f01 0b000801 10254 100 524288 1354934 5934 1614
0b000601 0b000701 10257 100 524288 1359429 1602 1614
0b000f01 0b000801 10255 100 524288 1354959 5934 1614
0b000a01 0b000b01 10254 100 524288 1352295 8852 1614
0b000d01 0b000e01 10259 100 524288 1357278 4076 1614
0b000101 0b000201 10253 100 524288 1352972 8532 1614
0b000b01 0b000c01 10256 100 524288 1359952 1603 1614
0b000a01 0b000b01 10255 100 524288 1352520 9052 1614
0b000d01 0b000601 10035 100 524288 1338253 23488 15267
0b000801 0b000901 10254 100 524288 1355373 6512 1614
0b000e01 0b000f01 10255 100 524288 1352834 9157 1614
0b000f01 0b000801 10256 100 524288 1356240 5759 1614
0b000501 0b000601 10252 100 524288 1351932 10280 1614
0b000501 0b000601 10253 100 524288 1351938 10280 1614
0b000901 0b000201 10036 100 524288 1346204 16074 15267
0b000901 0b000a01 10258 100 524288 1360747 1588 1614
0b000501 0b000601 10254 100 524288 1352144 10380 1614
0b000e01 0b000f01 10256 100 524288 1353490 9251 1614
0b000501 0b000601 10255 100 524288 1352375 10424 1614
0b000801 0b000901 10255 100 524288 1355898 6993 1614
0b000301 0b000401 10251 100 524288 1352432 10482 1614
0b000301 0b000401 10252 100 524288 1352438 10476 1614
0b000b01 0b000401 10036 100 524288 1344579 18523 15267
0b000501 0b000601 10256 100 524288 1352731 10368 1614
0b000101 0b000201 10254 100 524288 1353392 9937 1614
0b000801 0b000901 10256 100 524288 1356491 7000 1614
0b000c01 0b000d01 10254 100 524288 1355854 7643 1614
0b000c01 0b000d01 10255 100 524288 1355879 7618 1614
0b000201 0b000301 10252 100 524288 1350766 12724 1614
0b000201 0b000301 10253 100 524288 1350791 12699 1614
0b000201 0b000301 10254 100 524288 1350991 12624 1614
0b000a01 0b000b01 10256 100 524288 1354279 9498 1614
0b000101 0b000201 10255 100 524288 1353572 10157 1614
0b000801 0b000901 10257 100 524288 1357029 6762 1614
0b000201 0b000301 10255 100 524288 1351141 12605 1614
0b000201 0b000301 10256 100 524288 1351291 12455 1614
0b000801 0b000901 10258 100 524288 1357404 6537 1614
0b000201 0b000301 10257 100 524288 1351766 12080 1614
0b000501 0b000601 10257 100 524288 1354158 9891 1614
0b000301 0b000401 10253 100 524288 1353704 10395 1614
0b000201 0b000301 10258 100 524288 1355050 9071 1614
0b000001 0b000101 10257 100 524288 1359679 4687 1614
0b000e01 0b000701 10035 100 524288 1338592 25814 15267
0b000101 0b000201 10256 100 524288 1353928 10482 1614
0b000901 0b000a01 10259 100 524288 1362877 1607 1614
0b000b01 0b000c01 10257 100 524288 1362347 2539 1614
0b000201 0b000b01 10035 100 524288 1341546 23551 15267
0b000501 0b000601 10258 100 524288 1356133 9041 1614
0b000c01 0b000d01 10256 100 524288 1356479 8599 1614
0b000501 0b000601 10259 100 524288 1356358 8916 1614
0b000c01 0b000d01 10257 100 524288 1356554 8674 1614
0b000c01 0b000d01 10258 100 524288 1356804 8624 1614
0b000101 0b000201 10257 100 524288 1354978 10657 1614
0b000e01 0b000f01 10257 100 524288 1356179 9487 1614
0b000001 0b000101 10258 100 524288 1359978 5763 1614
0b000a01 0b000301 10036 100 524288 1350269 15717 15267
0b000c01 0b000d01 10259 100 524288 1357954 8149 1614
0b000601 0b000f01 10036 100 524288 1346089 19881 15267
0b000101 0b000201 10258 100 524288 1355778 10463 1614
0b000e01 0b000f01 10258 100 524288 1357024 9367 1614
0b000f01 0b000801 10257 100 524288 1360427 6165 1614
0b000e01 0b000f01 10259 100 524288 1357304 9403 1614
0b000f01 0b000801 10258 100 524288 1360602 6246 1614
0b000e01 0b000f01 10260 100 524288 1357629 9328 1614
0b000c01 0b000d01 10260 100 524288 1360641 6387 1614
0b000201 0b000301 10259 100 524288 1364514 2550 1614
0b000901 0b000a01 10260 100 524288 1364895 2289 1614
0b000401 0b000501 10255 100 524288 1362549 4591 1614
0b000b01 0b000c01 10258 100 524288 1363112 4099 1614
0b000401 0b000501 10256 100 524288 1362549 4616 1614
0b000501 0b000601 10260 100 524288 1363226 3985 1614
0b000301 0b000c01 10035 100 524288 1350773 16528 15267
0b000501 0b000601 10261 100 524288 1363826 3535 1614
0b000001 0b000101 10259 100 524288 1360903 6638 1614
0b000001 0b000101 10260 100 524288 1360983 6633 1614
0b000c01 0b000d01 10261 100 524288 1364565 3069 1614
0b000a01 0b000b01 10257 100 524288 1357649 10127 1614
0b000701 0b000001 10257 100 524288 1359966 7810 1614
0b000701 0b000001 10258 100 524288 1359966 7810 1614
0b000701 0b000001 10259 100 524288 1359991 7810 1614
0b000701 0b000001 10260 100 524288 1360041 7760 1614
0b000f01 0b000801 10259 100 524288 1361475 6379 1614
0b000f01 0b000801 10260 100 524288 1361808 6296 1614
0b000d01 0b000e01 10260 100 524288 1366507 1597 1614
0b000301 0b000401 10254 100 524288 1358432 9913 1614
0b000001 0b000101 10261 100 524288 1362539 5876 1614
0b000701 0b000001 10261 100 524288 1361041 7485 1614
0b000101 0b000201 10259 100 524288 1359484 9061 1614
0b000101 0b000201 10260 100 524288 1359559 9011 1614
0b000101 0b000201 10261 100 524288 1359559 9011 1614
0b000001 0b000101 10262 100 524288 1363165 5406 1614
0b000101 0b000201 10262 100 524288 1360496 8174 1614
0b000801 0b000901 10259 100 524288 1363553 5187 1614
0b000001 0b000901 10036 100 524288 1347806 21080 15267
0b000b01 0b000c01 10259 100 524288 1364157 4810 1614
0b000701 0b000801 10036 100 524288 1350518 18473 15267
0b000501 0b000e01 10036 100 524288 1351926 17081 15267
0b000801 0b000901 10260 100 524288 1363878 5387 1614
0b000801 0b000901 10261 100 524288 1363903 5387 1614
0b000b01 0b000c01 10260 100 524288 1364582 4785 1614
0b000301 0b000401 10255 100 524288 1359332 10038 1614
0b000401 0b000501 10257 100 524288 1363499 5903 1614
0b000e01 0b000f01 10261 100 524288 1361639 7824 1614
0b000801 0b000901 10262 100 524288 1365009 4656 1614
0b000c01 0b000501 10036 100 524288 1343342 26503 15267
0b000701 0b000001 10262 100 524288 1364041 5710 1614
0b000701 0b000001 10263 100 524288 1367416 2885 1614
0b000101 0b000201 10263 100 524288 1368751 1600 1614
0b000201 0b000301 10260 100 524288 1365288 5064 1614
0b000e01 0b000f01 10262 100 524288 1363514 7024 1614
0b000601 0b000701 10258 100 524288 1364751 5949 1614
0b000e01 0b000f01 10263 100 524288 1363714 6874 1614
0b000e01 0b000f01 10264 100 524288 1364364 6324 1614
0b000b01 0b000c01 10261 100 524288 1366787 4055 1614
0b000f01 0b000801 10261 100 524288 1365001 5857 1614
0b000301 0b000401 10256 100 524288 1360182 10694 1614
0b000301 0b000401 10257 100 524288 1360182 10694 1614
0b000a01 0b000b01 10258 100 524288 1360083 10943 1614
0b000301 0b000401 10258 100 524288 1360382 10719 1614
0b000101 0b000a01 10036 100 524288 1352522 18744 15267
0b000901 0b000a01 10261 100 524288 1365901 5282 1614
0b000b01 0b000c01 10262 100 524288 1368107 3416 1614
0b000501 0b000601 10262 100 524288 1370175 1592 1614
0b000f01 0b000801 10262 100 524288 1365751 5863 1614
0b000d01 0b000601 10036 100 524288 1345244 26401 15267
0b000a01 0b000b01 10259 100 524288 1360658 11074 1614
0b000a01 0b000b01 10260 100 524288 1360658 11099 1614
0b000a01 0b000b01 10261 100 524288 1360733 11024 1614
0b000a01 0b000b01 10262 100 524288 1360783 11074 1614
0b000a01 0b000b01 10263 100 524288 1361258 10749 1614
0b000901 0b000a01 10262 100 524288 1366501 5607 1614
0b000801 0b000901 10263 100 524288 1369858 2444 1614
0b000901 0b000a01 10263 100 524288 1366801 5613 1614
0b000901 0b000a01 10264 100 524288 1366951 5563 1614
0b000b01 0b000c01 10263 100 524288 1370786 1892 1614
0b000801 0b000101 10036 100 524288 1353205 19605 15267
0b000401 0b000501 10258 100 524288 1365924 7096 1614
0b000401 0b000501 10259 100 524288 1365924 7096 1614
0b000a01 0b000b01 10264 100 524288 1365345 7705 1614
0b000401 0b000501 10260 100 524288 1366112 7108 1614
0b000901 0b000201 10037 100 524288 1357821 15429 15267
0b000e01 0b000f01 10265 100 524288 1371114 2149 1614
0b000401 0b000501 10261 100 524288 1367109 6586 1614
0b000a01 0b000b01 10265 100 524288 1370194 3506 1614
0b000201 0b000301 10261 100 524288 1366339 7462 1614
0b000f01 0b000001 10036 100 524288 1352741 21073 15267
0b000e01 0b000f01 10266 100 524288 1372017 2146 1614
0b000c01 0b000d01 10262 100 524288 1370221 4015 1614
0b000c01 0b000d01 10263 100 524288 1370311 4225 1614
0b000d01 0b000e01 10261 100 524288 1368088 6570 1614
0b000201 0b000301 10262 100 524288 1366739 7937 1614
0b000601 0b000701 10259 100 524288 1365228 9790 1614
0b000501 0b000601 10263 100 524288 1372412 2629 1614
0b000701 0b000001 10264 100 524288 1373710 1603 1614
0b000d01 0b000e01 10262 100 524288 1368238 7045 1614
0b000b01 0b000401 10037 100 524288 1359952 15382 15267
0b000501 0b000601 10264 100 524288 1372855 2611 1614
0b000d01 0b000e01 10263 100 524288 1368438 7245 1614
0b000101 0b000201 10264 100 524288 1370551 4960 1614
0b000101 0b000201 10265 100 524288 1370626 5035 1614
0b000201 0b000b01 10036 100 524288 1350766 24984 15267
0b000201 0b000301 10263 100 524288 1367420 8468 1614
0b000801 0b000901 10264 100 524288 1370864 5088 1614
0b000601 0b000701 10260 100 524288 1365534 10821 1614
0b000d01 0b000e01 10264 100 524288 1369113 7270 1614
0b000801 0b000901 10265 100 524288 1371114 5363 1614
0b000701 0b000801 10037 100 524288 1357935 18565 15267
0b000101 0b000201 10266 100 524288 1371425 5286 1614
0b000f01 0b000801 10263 100 524288 1368676 8150 1614
0b000d01 0b000e01 10265 100 524288 1370038 6795 1614
0b000101 0b000201 10267 100 524288 1371581 5255 1614
0b000d01 0b000e01 10266 100 524288 1370644 6314 1614
0b000601 0b000701 10261 100 524288 1365809 11146 1614
0b000401 0b000501 10262 100 524288 1371355 5765 1614
0b000001 0b000901 10037 100 524288 1357879 19244 15267
0b000801 0b000901 10266 100 524288 1372001 5307 1614
0b000601 0b000701 10262 100 524288 1366109 11396 1614
0b000f01 0b000801 10264 100 524288 1368980 8602 1614
0b000201 0b000301 10264 100 524288 1368645 8955 1614
0b000901 0b000a01 10265 100 524288 1371896 5761 1614
0b000401 0b000501 10263 100 524288 1372380 5340 1614
0b000c01 0b000501 10037 100 524288 1354104 23750 15267
0b000901 0b000a01 10266 100 524288 1372275 5757 1614
0b000901 0b000a01 10267 100 524288 1372300 5732 1614
0b000101 0b000201 10268 100 524288 1375820 2166 1614
0b000401 0b000d01 10036 100 524288 1362549 15466 15267
0b000901 0b000a01 10268 100 524288 1372675 5482 1614
0b000201 0b000301 10265 100 524288 1369251 8969 1614
0b000f01 0b000801 10265 100 524288 1369401 8892 1614
0b000c01 0b000d01 10264 100 524288 1371977 6334 1614
0b000001 0b000101 10263 100 524288 1370786 7656 1614
0b000001 0b000101 10264 100 524288 1370811 7637 1614
0b000001 0b000101 10265 100 524288 1370811 7643 1614
0b000e01 0b000701 10036 100 524288 1347241 31278 15267
0b000801 0b000901 10267 100 524288 1373868 4677 1614
0b000401 0b000501 10264 100 524288 1373886 4834 1614
0b000601 0b000701 10263 100 524288 1367059 11796 1614
0b000801 0b000901 10268 100 524288 1374624 4096 1614
0b000c01 0b000d01 10265 100 524288 1372377 6434 1614
0b000401 0b000501 10265 100 524288 1374111 4759 1614
0b000f01 0b000801 10266 100 524288 1369967 9076 1614
0b000301 0b000401 10259 100 524288 1366500 12706 1614
0b000d01 0b000e01 10267 100 524288 1377546 1599 1614
0b000301 0b000401 10260 100 524288 1366625 12831 1614
0b000301 0b000401 10261 100 524288 1366756 12700 1614
0b000301 0b000401 10262 100 524288 1366756 12725 1614
0b000b01 0b000c01 10264 100 524288 1374036 5332 1614
0b000001 0b000101 10266 100 524288 1371536 8054 1614
0b000301 0b000401 10263 100 524288 1366856 12800 1614
0b000e01 0b000f01 10267 100 524288 1377668 2133 1614
0b000a01 0b000b01 10266 100 524288 1374193 5694 1614
0b000c01 0b000d01 10266 100 524288 1373852 6090 1614
0b000301 0b000401 10264 100 524288 1367131 12675 1614
0b000501 0b000601 10265 100 524288 1376030 3910 1614
0b000601 0b000701 10264 100 524288 1368184 11927 1614
0b000401 0b000501 10266 100 524288 1378344 1837 1614
0b000a01 0b000b01 10267 100 524288 1374276 5911 1614
0b000601 0b000701 10265 100 524288 1368284 11977 1614
0b000a01 0b000301 10037 100 524288 1360383 19845 15267
0b000501 0b000601 10266 100 524288 1376230 4094 1614
0b000c01 0b000d01 10267 100 524288 1374533 5709 1614
0b000c01 0b000d01 10268 100 524288 1375688 4854 1614
0b000301 0b000401 10265 100 524288 1368996 11685 1614
0b000201 0b000301 10266 100 524288 1371580 9182 1614
0b000501 0b000601 10267 100 524288 1376705 4069 1614
0b000201 0b000301 10267 100 524288 1371580 9207 1614
0b000001 0b000101 10267 100 524288 1372761 8054 1614
0b000201 0b000301 10268 100 524288 1371680 9257 1614
0b000d01 0b000601 10037 100 524288 1354345 26634 15267
0b000001 0b000101 10268 100 524288 1373311 7879 1614
0b000601 0b000701 10266 100 524288 1370221 11152 1614
0b000601 0b000701 10267 100 524288 1370371 11102 1614
0b000f01 0b000801 10267 100 524288 1372473 9076 1614
0b000a01 0b000b01 10268 100 524288 1375118 6644 1614
0b000a01 0b000b01 10269 100 524288 1375424 6838 1614
0b000a01 0b000b01 10270 100 524288 1375524 6863 1614
0b000001 0b000101 10269 100 524288 1376824 5516 1614
0b000f01 0b000801 10268 100 524288 1373548 8926 1614
0b000f01 0b000801 10269 100 524288 1373598 8876 1614
0b000f01 0b000801 10270 100 524288 1373698 8826 1614
0b000001 0b000101 10270 100 524288 1378323 4267 1614
0b000601 0b000f01 10037 100 524288 1365222 17377 15267
0b000601 0b000701 10268 100 524288 1374655 8243 1614
0b000701 0b000001 10265 100 524288 1379365 3552 1614
0b000f01 0b000801 10271 100 524288 1377173 5776 1614
0b000901 0b000a01 10269 100 524288 1378962 4248 1614
0b000801 0b000901 10269 100 524288 1379510 4001 1614
0b000301 0b000401 10266 100 524288 1373362 10437 1614
0b000801 0b000101 10037 100 524288 1359354 24480 15267
0b000c01 0b000d01 10269 100 524288 1382378 1614 1614
0b000e01 0b000f01 10268 100 524288 1378693 5307 1614
0b000f01 0b000801 10272 100 524288 1382811 1594 1614
0b000801 0b000901 10270 100 524288 1379836 4657 1614
0b000601 0b000701 10269 100 524288 1378051 6497 1614
0b000b01 0b000c01 10265 100 524288 1374767 9856 1614
0b000b01 0b000c01 10266 100 524288 1374767 9856 1614
0b000b01 0b000c01 10267 100 524288 1374867 9906 1614
0b000101 0b000a01 10037 100 524288 1359484 25296 15267
0b000601 0b000701 10270 100 524288 1378476 6322 1614
0b000b01 0b000c01 10268 100 524288 1375017 9881 1614
0b000201 0b000301 10269 100 524288 1376260 8723 1614
0b000e01 0b000f01 10269 100 524288 1379393 6007 1614
0b000e01 0b000701 10037 100 524288 1353040 32395 15267
0b000801 0b000901 10271 100 524288 1380592 4926 1614
0b000901 0b000a01 10270 100 524288 1379487 6241 1614
0b000a01 0b000b01 10271 100 524288 1380667 5082 1614
0b000301 0b000c01 10036 100 524288 1360157 25709 15267
0b000a01 0b000b01 10272 100 524288 1381042 4907 1614
0b000e01 0b000f01 10270 100 524288 1379843 6107 1614
0b000a01 0b000b01 10273 100 524288 1381167 4807 1614
0b000e01 0b000f01 10271 100 524288 1379968 6032 1614
0b000c01 0b000501 10038 100 524288 1367896 18146 15267
0b000b01 0b000c01 10269 100 524288 1376060 10037 1614
0b000d01 0b000e01 10268 100 524288 1381025 5148 1614
0b000501 0b000601 10268 100 524288 1380130 6086 1614
0b000e01 0b000f01 10272 100 524288 1382155 4401 1614
0b000101 0b000201 10269 100 524288 1381458 5147 1614
0b000101 0b000201 10270 100 524288 1381464 5141 1614
0b000801 0b000901 10272 100 524288 1381303 5306 1614
0b000b01 0b000c01 10270 100 524288 1376710 10160 1614
0b000701 0b000001 10266 100 524288 1379965 6889 1614
0b000201 0b000301 10270 100 524288 1378521 8599 1614
0b000901 0b000a01 10271 100 524288 1380133 7001 1614
0b000301 0b000401 10267 100 524288 1376811 10331 1614
0b000f01 0b000801 10273 100 524288 1385609 1650 1614
0b000201 0b000301 10271 100 524288 1378671 8549 1614
0b000901 0b000a01 10272 100 524288 1380318 7016 1614
0b000001 0b000901 10038 100 524288 1370786 16726 15267
0b000d01 0b000e01 10269 100 524288 1381321 6316 1614
0b000201 0b000301 10272 100 524288 1379721 8024 1614
0b000201 0b000301 10273 100 524288 1379846 7949 1614
0b000301 0b000401 10268 100 524288 1377686 10168 1614
0b000a01 0b000b01 10274 100 524288 1386220 1591 1614
0b000501 0b000601 10269 100 524288 1380730 7136 1614
0b000201 0b000301 10274 100 524288 1380996 6974 1614
0b000501 0b000601 10270 100 524288 1380864 7202 1614
0b000b01 0b000c01 10271 100 524288 1378760 9505 1614
0b000a01 0b000301 10038 100 524288 1367494 20788 15267
0b000901 0b000a01 10273 100 524288 1381555 6904 1614
0b000901 0b000a01 10274 100 524288 1381730 6879 1614
0b000301 0b000401 10269 100 524288 1378898 9793 1614
0b000f01 0b000801 10274 100 524288 1387010 1774 1614
0b000d01 0b000e01 10270 100 524288 1381821 7087 1614
0b000501 0b000601 10271 100 524288 1381730 7236 1614
0b000601 0b000701 10271 100 524288 1382950 6053 1614
0b000501 0b000601 10272 100 524288 1381880 7136 1614
0b000701 0b000001 10267 100 524288 1380515 8770 1614
0b000601 0b000701 10272 100 524288 1383334 6050 1614
0b000501 0b000601 10273 100 524288 1383191 6200 1614
0b000601 0b000701 10273 100 524288 1383784 5800 1614
0b000601 0b000701 10274 100 524288 1383989 5645 1614
0b000f01 0b000001 10037 100 524288 1360252 29487 15267
0b000101 0b000201 10271 100 524288 1382600 7265 1614
0b000a01 0b000b01 10275 100 524288 1387790 2133 1614
0b000501 0b000e01 10037 100 524288 1370150 19818 15267
0b000301 0b000401 10270 100 524288 1380610 9805 1614
0b000d01 0b000e01 10271 100 524288 1382952 7481 1614
0b000d01 0b000e01 10272 100 524288 1383252 7406 1614
0b000201 0b000b01 10037 100 524288 1361249 29427 15267
0b000d01 0b000e01 10273 100 524288 1383552 7206 1614
0b000501 0b000601 10274 100 524288 1389052 1664 1614
0b000e01 0b000f01 10273 100 524288 1389183 1603 1614
0b000201 0b000301 10275 100 524288 1389615 1586 1614
0b000301 0b000401 10271 100 524288 1381230 10036 1614
0b000d01 0b000e01 10274 100 524288 1387002 4356 1614
0b000401 0b000d01 10037 100 524288 1373886 17481 15267
0b000d01 0b000601 10038 100 524288 1366507 25016 15267
0b000001 0b000101 10271 100 524288 1389864 1594 1614
0b000801 0b000901 10273 100 524288 1384559 7012 1614
0b000401 0b000501 10267 100 524288 1382466 9332 1614
0b000401 0b000501 10268 100 524288 1382466 9357 1614
0b000401 0b000501 10269 100 524288 1382491 9332 1614
0b000b01 0b000c01 10272 100 524288 1383197 8599 1614
0b000101 0b000201 10272 100 524288 1383825 8032 1614
0b000101 0b000a01 10038 100 524288 1367376 24549 15267
0b000a01 0b000b01 10276 100 524288 1388738 3335 1614
0b000401 0b000501 10270 100 524288 1382666 9457 1614
0b000401 0b000501 10271 100 524288 1382816 9432 1614
0b000701 0b000001 10268 100 524288 1381529 10722 1614
0b000101 0b000201 10273 100 524288 1384200 8063 1614
0b000e01 0b000f01 10274 100 524288 1390647 1599 1614
0b000601 0b000f01 10038 100 524288 1374777 17513 15267
0b000901 0b000a01 10275 100 524288 1386521 5844 1614
0b000b01 0b000401 10038 100 524288 1374742 17724 15267
0b000f01 0b000801 10275 100 524288 1388410 4555 1614
0b000101 0b000201 10274 100 524288 1385350 7620 1614
0b000401 0b000501 10272 100 524288 1383691 9282 1614
0b000701 0b000001 10269 100 524288 1381865 11161 1614
0b000101 0b000201 10275 100 524288 1385600 7470 1614
0b000801 0b000101 10038 100 524288 1369602 23536 15267
0b000b01 0b000c01 10273 100 524288 1384772 8405 1614
0b000101 0b000201 10276 100 524288 1386844 6426 1614
0b000901 0b000a01 10276 100 524288 1387503 5874 1614
0b000801 0b000901 10274 100 524288 1385484 7968 1614
0b000801 0b000901 10275 100 524288 1385484 7968 1614
0b000801 0b000901 10276 100 524288 1385534 7918 1614
0b000e01 0b000701 10038 100 524288 1363439 30233 15267
0b000801 0b000901 10277 100 524288 1385959 7743 1614
0b000b01 0b000c01 10274 100 524288 1385272 8505 1614
0b000b01 0b000c01 10275 100 524288 1385397 8380 1614
0b000901 0b000201 10038 100 524288 1371750 22336 15267
0b000901 0b000a01 10277 100 524288 1388528 5661 1614
0b000301 0b000401 10272 100 524288 1383238 10987 1614
0b000f01 0b000801 10276 100 524288 1388960 5418 1614
0b000201 0b000301 10276 100 524288 1392875 1604 1614
0b000f01 0b000801 10277 100 524288 1389010 5443 1614
0b000001 0b000101 10272 100 524288 1392295 2600 1614
0b000f01 0b000801 10278 100 524288 1389566 5262 1614
0b000901 0b000a01 10278 100 524288 1389619 5270 1614
0b000401 0b000501 10273 100 524288 1386809 8220 1614
0b000c01 0b000d01 10270 100 524288 1387633 7350 1614
0b000301 0b000401 10273 100 524288 1383797 11320 1614
0b000301 0b000401 10274 100 524288 1383947 11170 1614
0b000901 0b000a01 10279 100 524288 1390522 4617 1614
0b000001 0b000101 10273 100 524288 1392749 2596 1614
0b000801 0b000901 10278 100 524288 1390269 5126 1614
0b000801 0b000901 10279 100 524288 1391794 3876 1614
0b000a01 0b000b01 10277 100 524288 1390144 5589 1614
0b000c01 0b000d01 10271 100 524288 1387783 8075 1614
0b000701 0b000001 10270 100 524288 1383121 12955 1614
0b000d01 0b000e01 10275 100 524288 1394377 1618 1614
0b000c01 0b000d01 10272 100 524288 1387908 8250 1614
0b000a01 0b000b01 10278 100 524288 1390344 5914 1614
0b000501 0b000e01 10038 100 524288 1376030 20237 15267
0b000701 0b000001 10271 100 524288 1383271 13055 1614
0b000f01 0b000801 10279 100 524288 1393796 2657 1614
0b000601 0b000701 10275 100 524288 1390876 6032 1614
0b000701 0b000801 10038 100 524288 1378028 19087 15267
0b000401 0b000501 10274 100 524288 1390152 7139 1614
0b000f01 0b000801 10280 100 524288 1395300 2103 1614
0b000b01 0b000c01 10276 100 524288 1388759 8655 1614
0b000801 0b000901 10280 100 524288 1395975 1637 1614
0b000001 0b000101 10274 100 524288 1395261 2296 1614
0b000b01 0b000c01 10277 100 524288 1388984 8680 1614
0b000d01 0b000601 10039 100 524288 1377246 20465 15267
0b000901 0b000201 10039 100 524288 1375312 22415 15267
0b000a01 0b000301 10039 100 524288 1381042 16703 15267
0b000101 0b000201 10277 100 524288 1396148 1619 1614
0b000a01 0b000b01 10279 100 524288 1391469 6418 1614
0b000601 0b000701 10276 100 524288 1391076 6907 1614
0b000a01 0b000b01 10280 100 524288 1391619 6393 1614
0b000701 0b000001 10272 100 524288 1384383 13655 1614
0b000e01 0b000f01 10275 100 524288 1392978 5081 1614
0b000f01 0b000001 10038 100 524288 1369717 28383 15267
0b000701 0b000001 10273 100 524288 1384483 13780 1614
0b000c01 0b000d01 10273 100 524288 1388876 9419 1614
0b000401 0b000501 10275 100 524288 1391701 6615 1614
0b000001 0b000101 10275 100 524288 1396036 2283 1614
0b000c01 0b000d01 10274 100 524288 1389107 9488 1614
0b000b01 0b000c01 10278 100 524288 1390821 8055 1614
0b000301 0b000401 10275 100 524288 1387993 10999 1614
0b000c01 0b000d01 10275 100 524288 1389880 9496 1614
0b000701 0b000001 10274 100 524288 1385908 13755 1614
0b000201 0b000301 10277 100 524288 1394867 5138 1614
0b000601 0b000701 10277 100 524288 1391976 8257 1614
0b000601 0b000701 10278 100 524288 1392026 8207 1614
0b000e01 0b000f01 10276 100 524288 1393443 6775 1614
0b000101 0b000a01 10039 100 524288 1381452 18846 15267
0b000c01 0b000d01 10276 100 524288 1391275 9001 1614
0b000801 0b000901 10281 100 524288 1397388 2949 1614
0b000401 0b000501 10276 100 524288 1393425 7022 1614
0b000b01 0b000c01 10279 100 524288 1392933 7443 1614
0b000101 0b000201 10278 100 524288 1397905 2631 1614
0b000601 0b000701 10279 100 524288 1392401 8157 1614
0b000e01 0b000f01 10277 100 524288 1393668 7075 1614
0b000e01 0b000f01 10278 100 524288 1393768 7075 1614
0b000b01 0b000c01 10280 100 524288 1393686 7190 1614
0b000601 0b000701 10280 100 524288 1393726 7432 1614
0b000101 0b000201 10279 100 524288 1398355 2856 1614
0b000701 0b000001 10275 100 524288 1387808 13454 1614
0b000e01 0b000f01 10279 100 524288 1394368 6950 1614
0b000401 0b000501 10277 100 524288 1394276 7071 1614
0b000601 0b000701 10281 100 524288 1394533 6925 1614
0b000301 0b000401 10276 100 524288 1390130 11368 1614
0b000d01 0b000e01 10276 100 524288 1398868 2882 1614
0b000701 0b000001 10276 100 524288 1388445 13373 1614
0b000801 0b000901 10282 100 524288 1397838 4081 1614
0b000b01 0b000c01 10281 100 524288 1395083 6843 1614
0b000a01 0b000b01 10281 100 524288 1394935 7152 1614
0b000301 0b000c01 10037 100 524288 1366500 35526 15267
0b000401 0b000501 10278 100 524288 1395476 6652 1614
0b000301 0b000401 10277 100 524288 1390755 11443 1614
0b000301 0b000401 10278 100 524288 1390805 11418 1614
0b000e01 0b000701 10039 100 524288 1378293 23972 15267
0b000c01 0b000d01 10277 100 524288 1394806 7463 1614
0b000301 0b000401 10279 100 524288 1390980 11368 1614
0b000a01 0b000b01 10282 100 524288 1395375 7012 1614
0b000101 0b000201 10280 100 524288 1400567 1844 1614
0b000201 0b000301 10278 100 524288 1395273 7179 1614
0b000301 0b000401 10280 100 524288 1391292 11162 1614
0b000f01 0b000001 10039 100 524288 1376273 26279 15267
0b000501 0b000601 10275 100 524288 1394833 7780 1614
0b000501 0b000601 10276 100 524288 1394833 7780 1614
0b000d01 0b000e01 10277 100 524288 1399168 3438 1614
0b000601 0b000701 10282 100 524288 1400721 1949 1614
0b000001 0b000901 10039 100 524288 1385927 16805 15267
0b000f01 0b000801 10281 100 524288 1401069 1614 1614
0b000001 0b000101 10276 100 524288 1399086 3926 1614
0b000c01 0b000d01 10278 100 524288 1396187 6982 1614
0b000401 0b000501 10279 100 524288 1397235 5917 1614
0b000e01 0b000f01 10280 100 524288 1399005 4250 1614
0b000501 0b000601 10277 100 524288 1395133 8111 1614
0b000901 0b000a01 10280 100 524288 1396462 6831 1614
0b000901 0b000a01 10281 100 524288 1396462 6831 1614
0b000901 0b000a01 10282 100 524288 1396462 6831 1614
0b000e01 0b000f01 10281 100 524288 1399277 4028 1614
0b000901 0b000a01 10283 100 524288 1396712 6731 1614
0b000c01 0b000d01 10279 100 524288 1396787 6682 1614
0b000301 0b000401 10281 100 524288 1394211 9218 1614
0b000501 0b000601 10278 100 524288 1395258 8192 1614
0b000401 0b000501 10280 100 524288 1398127 5381 1614
0b000a01 0b000b01 10283 100 524288 1397199 6437 1614
0b000a01 0b000b01 10284 100 524288 1397899 6187 1614
0b000501 0b000601 10279 100 524288 1395983 8142 1614
0b000001 0b000101 10277 100 524288 1399336 4801 1614
0b000b01 0b000c01 10282 100 524288 1398743 5388 1614
0b000a01 0b000b01 10285 100 524288 1398149 6068 1614
0b000301 0b000401 10282 100 524288 1397489 6840 1614
0b000701 0b000001 10277 100 524288 1392013 12385 1614
0b000901 0b000a01 10284 100 524288 1398405 5894 1614
0b000401 0b000501 10281 100 524288 1402002 2437 1614
0b000801 0b000901 10283 100 524288 1399463 4865 1614
0b000601 0b000f01 10039 100 524288 1389226 15315 15267
0b000b01 0b000c01 10283 100 524288 1399268 5113 1614
0b000201 0b000301 10279 100 524288 1395980 8609 1614
0b000c01 0b000501 10039 100 524288 1387633 17056 15267
0b000201 0b000301 10280 100 524288 1396080 8661 1614
0b000b01 0b000c01 10284 100 524288 1400897 3859 1614
0b000301 0b000401 10283 100 524288 1400755 4036 1614
0b000801 0b000901 10284 100 524288 1400125 4653 1614
0b000801 0b000901 10285 100 524288 1400413 4440 1614
0b000701 0b000001 10278 100 524288 1392394 12529 1614
0b000201 0b000301 10281 100 524288 1396280 8717 1614
0b000401 0b000d01 10038 100 524288 1382216 22794 15267
0b000701 0b000001 10279 100 524288 1392594 12554 1614
0b000701 0b000001 10280 100 524288 1392644 12504 1614
0b000201 0b000b01 10038 100 524288 1371555 33759 15267
0b000a01 0b000b01 10286 100 524288 1403308 2109 1614
0b000201 0b000301 10282 100 524288 1397096 8541 1614
0b000901 0b000a01 10285 100 524288 1403347 2251 1614
0b000501 0b000601 10280 100 524288 1398039 7694 1614
0b000701 0b000801 10039 100 524288 1387558 18891 15267
0b000c01 0b000d01 10280 100 524288 1400424 6148 1614
0b000d01 0b000e01 10278 100 524288 1401305 5794 1614
0b000301 0b000401 10284 100 524288 1405462 1616 1614
0b000301 0b000c01 10038 100 524288 1370074 37049 15267
0b000e01 0b000f01 10282 100 524288 1405616 1595 1614
0b000801 0b000901 10286 100 524288 1405693 1610 1614
0b000201 0b000b01 10039 100 524288 1373361 33956 15267
0b000501 0b000601 10281 100 524288 1400301 7207 1614
0b000d01 0b000e01 10279 100 524288 1401605 5994 1614
0b000901 0b000a01 10286 100 524288 1404929 2924 1614
0b000101 0b000201 10281 100 524288 1406022 1951 1614
0b000201 0b000301 10283 100 524288 1400737 7516 1614
0b000201 0b000301 10284 100 524288 1400777 7476 1614
0b000701 0b000001 10281 100 524288 1396682 11766 1614
0b000d01 0b000e01 10280 100 524288 1402386 6338 1614
0b000401 0b000501 10282 100 524288 1404508 4291 1614
0b000c01 0b000d01 10281 100 524288 1401886 7036 1614
0b000b01 0b000401 10039 100 524288 1382897 26040 15267
0b000f01 0b000801 10282 100 524288 1403753 5356 1614
0b000101 0b000201 10282 100 524288 1407147 1926 1614
0b000201 0b000301 10285 100 524288 1404221 5078 1614
0b000601 0b000701 10283 100 524288 1405623 3752 1614
0b000f01 0b000801 10283 100 524288 1403853 5637 1614
0b000b01 0b000c01 10285 100 524288 1405097 4406 1614
0b000201 0b000301 10286 100 524288 1405421 4153 1614
0b000901 0b000a01 10287 100 524288 1405742 4142 1614
0b000d01 0b000e01 10281 100 524288 1403286 6719 1614
0b000001 0b000101 10278 100 524288 1401048 9169 1614
0b000001 0b000101 10279 100 524288 1401110 9332 1614
0b000f01 0b000801 10284 100 524288 1404328 6106 1614
0b000501 0b000601 10282 100 524288 1403457 7157 1614
0b000001 0b000101 10280 100 524288 1401273 9369 1614
0b000e01 0b000701 10040 100 524288 1391918 18722 15267
0b000801 0b000901 10287 100 524288 1409459 1612 1614
0b000b01 0b000c01 10286 100 524288 1405397 5906 1614
0b000801 0b000101 10039 100 524288 1382053 29350 15267
0b000c01 0b000d01 10282 100 524288 1403386 8098 1614
0b000501 0b000601 10283 100 524288 1404357 7507 1614
0b000d01 0b000e01 10282 100 524288 1405279 6657 1614
0b000a01 0b000b01 10287 100 524288 1406303 5757 1614
0b000a01 0b000b01 10288 100 524288 1406303 5782 1614
0b000601 0b000701 10284 100 524288 1406254 5958 1614
0b000a01 0b000b01 10289 100 524288 1406453 5782 1614
0b000f01 0b000801 10285 100 524288 1406265 6119 1614
0b000f01 0b000801 10286 100 524288 1406315 6069 1614
0b000c01 0b000d01 10283 100 524288 1403886 8523 1614
0b000201 0b000301 10287 100 524288 1410983 1591 1614
0b000601 0b000701 10285 100 524288 1406460 6152 1614
0b000701 0b000001 10282 100 524288 1400993 11673 1614
0b000a01 0b000301 10040 100 524288 1396387 16193 15267
0b000001 0b000101 10281 100 524288 1402673 10050 1614
0b000d01 0b000e01 10283 100 524288 1406179 6438 1614
0b000f01 0b000801 10287 100 524288 1407551 5089 1614
0b000401 0b000501 10283 100 524288 1405233 7616 1614
0b000e01 0b000f01 10283 100 524288 1410109 2557 1614
0b000501 0b000601 10284 100 524288 1405138 7732 1614
0b000a01 0b000b01 10290 100 524288 1407309 5532 1614
0b000901 0b000a01 10288 100 524288 1407338 5581 1614
0b000401 0b000501 10284 100 524288 1405358 7791 1614
0b000e01 0b000f01 10284 100 524288 1410609 2582 1614
0b000601 0b000701 10286 100 524288 1407135 6158 1614
0b000901 0b000a01 10289 100 524288 1407788 5581 1614
0b000401 0b000501 10285 100 524288 1405464 7935 1614
0b000901 0b000a01 10290 100 524288 1407863 5581 1614
0b000301 0b000401 10285 100 524288 1407599 5958 1614
0b000d01 0b000e01 10284 100 524288 1408020 5747 1614
0b000c01 0b000d01 10284 100 524288 1404936 9073 1614
0b000c01 0b000d01 10285 100 524288 1405036 8973 1614
0b000501 0b000601 10285 100 524288 1406162 7620 1614
0b000901 0b000a01 10291 100 524288 1410313 3781 1614
0b000601 0b000701 10287 100 524288 1408743 5356 1614
0b000401 0b000501 10286 100 524288 1406439 7866 1614
0b000601 0b000701 10288 100 524288 1410518 3987 1614
0b000501 0b000601 10286 100 524288 1407449 7064 1614
0b000a01 0b000b01 10291 100 524288 1410863 3568 1614
0b000d01 0b000e01 10285 100 524288 1409582 4872 1614
0b000e01 0b000f01 10285 100 524288 1413015 1588 1614
0b000301 0b000401 10286 100 524288 1407751 6862 1614
0b000501 0b000601 10287 100 524288 1407699 6914 1614
0b000101 0b000a01 10040 100 524288 1394468 20300 15267
0b000801 0b000901 10288 100 524288 1412119 2662 1614
0b000b01 0b000c01 10287 100 524288 1406646 8387 1614
0b000001 0b000101 10282 100 524288 1404272 10776 1614
0b000401 0b000501 10287 100 524288 1407801 7360 1614
0b000801 0b000901 10289 100 524288 1412500 2656 1614
0b000a01 0b000b01 10292 100 524288 1412894 2287 1614
0b000d01 0b000601 10040 100 524288 1397993 17249 15267
0b000701 0b000001 10283 100 524288 1403243 12081 1614
0b000701 0b000001 10284 100 524288 1403243 12081 1614
0b000301 0b000401 10287 100 524288 1408007 7362 1614
0b000501 0b000601 10288 100 524288 1411809 3560 1614
0b000d01 0b000e01 10286 100 524288 1411932 3497 1614
0b000701 0b000001 10285 100 524288 1403568 12106 1614
0b000901 0b000a01 10292 100 524288 1414081 1588 1614
0b000501 0b000e01 10039 100 524288 1394808 20965 15267
0b000c01 0b000d01 10286 100 524288 1407141 8649 1614
0b000001 0b000101 10283 100 524288 1404828 10963 1614
0b000c01 0b000d01 10287 100 524288 1407391 8605 1614
0b000401 0b000501 10288 100 524288 1410088 5904 1614
0b000701 0b000001 10286 100 524288 1404168 11856 1614
0b000b01 0b000401 10040 100 524288 1388959 27077 15267
0b000b01 0b000c01 10288 100 524288 1407096 8958 1614
0b000701 0b000001 10287 100 524288 1404468 11706 1614
0b000b01 0b000c01 10289 100 524288 1407227 9002 1614
0b000701 0b000801 10040 100 524288 1399918 16359 15267
0b000401 0b000501 10289 100 524288 1411947 4345 1614
0b000801 0b000101 10040 100 524288 1387415 28970 15267
0b000001 0b000101 10284 100 524288 1405562 10816 1614
0b000301 0b000401 10288 100 524288 1408647 7876 1614
0b000701 0b000001 10288 100 524288 1405275 11449 1614
0b000f01 0b000001 10040 100 524288 1395256 21520 15267
0b000601 0b000701 10289 100 524288 1414874 2060 1614
0b000701 0b000001 10289 100 524288 1405680 11300 1614
0b000c01 0b000d01 10288 100 524288 1410133 7144 1614
0b000e01 0b000f01 10286 100 524288 1414946 2594 1614
0b000d01 0b000e01 10287 100 524288 1414494 3053 1614
0b000b01 0b000c01 10290 100 524288 1408324 9255 1614
0b000b01 0b000c01 10291 100 524288 1408427 9152 1614
0b000c01 0b000d01 10289 100 524288 1412513 5526 1614
0b000001 0b000101 10285 100 524288 1407933 10207 1614
0b000001 0b000101 10286 100 524288 1408158 10082 1614
0b000001 0b000101 10287 100 524288 1408158 10107 1614
0b000f01 0b000801 10288 100 524288 1415676 2801 1614
0b000c01 0b000d01 10290 100 524288 1414313 4226 1614
0b000d01 0b000e01 10288 100 524288 1415419 3165 1614
0b000401 0b000501 10290 100 524288 1416567 2031 1614
0b000101 0b000201 10283 100 524288 1413227 5581 1614
0b000b01 0b000c01 10292 100 524288 1410327 8602 1614
0b000201 0b000b01 10040 100 524288 1389615 29532 15267
0b000901 0b000a01 10293 100 524288 1417791 1603 1614
0b000f01 0b000801 10289 100 524288 1416201 3276 1614
0b000001 0b000101 10288 100 524288 1411458 8107 1614
0b000e01 0b000f01 10287 100 524288 1415627 4094 1614
0b000301 0b000401 10289 100 524288 1411263 8535 1614
0b000301 0b000401 10290 100 524288 1411263 8535 1614
0b000801 0b000901 10290 100 524288 1415394 4494 1614
0b000801 0b000901 10291 100 524288 1415394 4494 1614
0b000801 0b000901 10292 100 524288 1415650 4487 1614
0b000101 0b000201 10284 100 524288 1413452 6687 1614
0b000d01 0b000e01 10289 100 524288 1417019 3165 1614
0b000f01 0b000801 10290 100 524288 1417613 2595 1614
0b000301 0b000401 10291 100 524288 1412309 8014 1614
0b000301 0b000401 10292 100 524288 1412584 7789 1614
0b000501 0b000601 10289 100 524288 1415859 4789 1614
0b000601 0b000701 10290 100 524288 1415880 4810 1614
0b000101 0b000201 10285 100 524288 1413652 7187 1614
0b000301 0b000401 10293 100 524288 1415590 5258 1614
0b000c01 0b000d01 10291 100 524288 1418043 3052 1614
0b000101 0b000a01 10041 100 524288 1401329 19991 15267
0b000801 0b000901 10293 100 524288 1419287 2063 1614
0b000a01 0b000b01 10293 100 524288 1415929 5466 1614
0b000e01 0b000f01 10288 100 524288 1416777 4950 1614
0b000901 0b000201 10040 100 524288 1394581 27206 15267
0b000b01 0b000c01 10293 100 524288 1415095 6940 1614
0b000401 0b000501 10291 100 524288 1417623 4448 1614
0b000501 0b000601 10290 100 524288 1416159 5945 1614
0b000b01 0b000c01 10294 100 524288 1415245 6865 1614
0b000f01 0b000801 10291 100 524288 1420550 1589 1614
0b000301 0b000c01 10039 100 524288 1383772 38449 15267
0b000b01 0b000c01 10295 100 524288 1415851 6409 1614
0b000601 0b000701 10291 100 524288 1416792 5704 1614
0b000e01 0b000f01 10289 100 524288 1417464 5163 1614
0b000701 0b000001 10290 100 524288 1413650 9017 1614
0b000501 0b000601 10291 100 524288 1416409 6320 1614
0b000101 0b000201 10286 100 524288 1414413 8501 1614
0b000801 0b000901 10294 100 524288 1421487 1586 1614
0b000b01 0b000c01 10296 100 524288 1418191 4969 1614
0b000001 0b000901 10040 100 524288 1407408 15882 15267
0b000401 0b000501 10292 100 524288 1418379 5023 1614
0b000a01 0b000b01 10294 100 524288 1416379 7144 1614
0b000a01 0b000b01 10295 100 524288 1416454 7194 1614
0b000201 0b000301 10288 100 524288 1421818 1708 1614
0b000601 0b000701 10292 100 524288 1417523 6029 1614
0b000601 0b000701 10293 100 524288 1417623 6004 1614
0b000701 0b000001 10291 100 524288 1415222 8463 1614
0b000601 0b000701 10294 100 524288 1418252 5525 1614
0b000601 0b000f01 10040 100 524288 1405623 18169 15267
0b000701 0b000001 10292 100 524288 1415622 8286 1614
0b000b01 0b000c01 10297 100 524288 1422157 2015 1614
0b000e01 0b000f01 10290 100 524288 1418783 5419 1614
0b000001 0b000101 10289 100 524288 1415676 8507 1614
0b000401 0b000d01 10039 100 524288 1390864 33396 15267
0b000d01 0b000e01 10290 100 524288 1418800 5515 1614
0b000a01 0b000b01 10296 100 524288 1417104 7219 1614
0b000701 0b000001 10293 100 524288 1416303 8105 1614
0b000801 0b000101 10041 100 524288 1397463 27182 15267
0b000a01 0b000b01 10297 100 524288 1417778 6945 1614
0b000d01 0b000e01 10291 100 524288 1419006 5809 1614
0b000801 0b000901 10295 100 524288 1423218 1619 1614
0b000701 0b000001 10294 100 524288 1417109 7749 1614
0b000a01 0b000b01 10298 100 524288 1418679 6394 1614
0b000501 0b000601 10292 100 524288 1418171 6839 1614
0b000701 0b000001 10295 100 524288 1417515 7518 1614
0b000c01 0b000d01 10292 100 524288 1419064 6066 1614
0b000b01 0b000401 10041 100 524288 1401022 24161 15267
0b000601 0b000701 10295 100 524288 1423658 1600 1614
0b000401 0b000501 10293 100 524288 1419046 6387 1614
0b000c01 0b000d01 10293 100 524288 1419239 6291 1614
0b000501 0b000601 10293 100 524288 1419002 6614 1614
0b000e01 0b000f01 10291 100 524288 1420557 5157 1614
0b000501 0b000601 10294 100 524288 1419302 6489 1614
0b000101 0b000201 10287 100 524288 1415733 10112 1614
0b000e01 0b000701 10041 100 524288 1404760 21214 15267
0b000b01 0b000c01 10298 100 524288 1424405 1610 1614
0b000501 0b000601 10295 100 524288 1421608 4583 1614
0b000d01 0b000601 10041 100 524288 1406479 19729 15267
0b000201 0b000301 10289 100 524288 1423149 3083 1614
0b000a01 0b000b01 10299 100 524288 1424330 1918 1614
0b000e01 0b000f01 10292 100 524288 1421594 4695 1614
0b000401 0b000501 10294 100 524288 1419533 6954 1614
0b000701 0b000001 10296 100 524288 1423700 2864 1614
0b000d01 0b000e01 10292 100 524288 1420287 6340 1614
0b000e01 0b000f01 10293 100 524288 1423194 3551 1614
0b000801 0b000901 10296 100 524288 1425149 1613 1614
0b000f01 0b000801 10292 100 524288 1424737 2156 1614
0b000c01 0b000501 10040 100 524288 1396787 30244 15267
0b000d01 0b000e01 10293 100 524288 1421049 6303 1614
0b000601 0b000701 10296 100 524288 1425114 2448 1614
0b000d01 0b000e01 10294 100 524288 1421549 6203 1614
0b000201 0b000301 10290 100 524288 1423849 4058 1614
0b000501 0b000601 10296 100 524288 1426412 1585 1614
0b000601 0b000701 10297 100 524288 1425739 2443 1614
0b000301 0b000c01 10040 100 524288 1390230 38179 15267
0b000c01 0b000d01 10294 100 524288 1420589 8144 1614
0b000c01 0b000d01 10295 100 524288 1420589 8169 1614
0b000d01 0b000e01 10295 100 524288 1424105 4709 1614
0b000201 0b000301 10291 100 524288 1424797 4060 1614
0b000001 0b000101 10290 100 524288 1418334 10698 1614
0b000f01 0b000801 10293 100 524288 1425637 3788 1614
0b000901 0b000a01 10294 100 524288 1422898 6556 1614
0b000901 0b000a01 10295 100 524288 1422898 6562 1614
0b000201 0b000301 10292 100 524288 1425924 3583 1614
0b000901 0b000a01 10296 100 524288 1423147 6819 1614
0b000e01 0b000f01 10294 100 524288 1427325 2663 1614
0b000101 0b000201 10288 100 524288 1418058 12118 1614
0b000701 0b000001 10297 100 524288 1425506 4745 1614
0b000001 0b000101 10291 100 524288 1418684 11679 1614
0b000201 0b000b01 10041 100 524288 1403546 26931 15267
0b000d01 0b000e01 10296 100 524288 1427270 3200 1614
0b000c01 0b000d01 10296 100 524288 1421939 8619 1614
0b000501 0b000601 10297 100 524288 1428443 2154 1614
0b000701 0b000801 10041 100 524288 1412385 18318 15267
0b000201 0b000301 10293 100 524288 1428855 1858 1614
0b000f01 0b000001 10041 100 524288 1403228 27609 15267
0b000301 0b000401 10294 100 524288 1429242 1605 1614
0b000d01 0b000e01 10297 100 524288 1428540 2505 1614
0b000001 0b000101 10292 100 524288 1419034 12079 1614
0b000e01 0b000f01 10295 100 524288 1427825 3424 1614
0b000101 0b000201 10289 100 524288 1418801 12518 1614
0b000001 0b000101 10293 100 524288 1419184 12154 1614
0b000601 0b000701 10298 100 524288 1428020 3354 1614
0b000401 0b000501 10295 100 524288 1422808 8609 1614
0b000401 0b000501 10296 100 524288 1422808 8609 1614
0b000801 0b000901 10297 100 524288 1429903 1596 1614
0b000901 0b000a01 10297 100 524288 1424360 7212 1614
0b000401 0b000501 10297 100 524288 1423333 8484 1614
0b000401 0b000501 10298 100 524288 1423383 8434 1614
0b000401 0b000501 10299 100 524288 1423858 8134 1614
0b000101 0b000201 10291 100 524288 1419388 12718 1614
0b000101 0b000201 10290 100 524288 1419395 12736 1614
0b000001 0b000101 10294 100 524288 1419734 12404 1614
0b000001 0b000101 10295 100 524288 1419786 12352 1614
0b000c01 0b000501 10041 100 524288 1400674 31636 15267
0b000f01 0b000801 10294 100 524288 1426802 5535 1614
0b000001 0b000101 10296 100 524288 1419990 12323 1614
0b000501 0b000601 10298 100 524288 1429497 3185 1614
0b000401 0b000501 10300 100 524288 1428193 4549 1614
0b000b01 0b000c01 10299 100 524288 1426533 6256 1614
0b000901 0b000a01 10298 100 524288 1426083 6781 1614
0b000501 0b000601 10299 100 524288 1430041 2916 1614
0b000501 0b000e01 10040 100 524288 1401326 31648 15267
0b000901 0b000a01 10299 100 524288 1426300 6664 1614
0b000301 0b000401 10295 100 524288 1430917 2306 1614
0b000f01 0b000801 10295 100 524288 1427212 5950 1614
0b000a01 0b000301 10041 100 524288 1406303 26915 15267
0b000901 0b000a01 10300 100 524288 1427847 5392 1614
0b000b01 0b000c01 10300 100 524288 1426658 6631 1614
0b000901 0b000201 10041 100 524288 1398680 34617 15267
0b000701 0b000001 10298 100 524288 1426562 6970 1614
0b000701 0b000001 10299 100 524288 1426637 7020 1614
0b000101 0b000201 10292 100 524288 1421150 12512 1614
0b000101 0b000201 10293 100 524288 1421250 12412 1614
0b000101 0b000201 10294 100 524288 1421275 12387 1614
0b000701 0b000001 10300 100 524288 1426787 7070 1614
0b000e01 0b000f01 10296 100 524288 1429637 4456 1614
0b000c01 0b000d01 10297 100 524288 1425120 9125 1614
0b000101 0b000201 10295 100 524288 1422575 11712 1614
0b000c01 0b000d01 10298 100 524288 1425231 9139 1614
0b000c01 0b000d01 10299 100 524288 1425270 9100 1614
0b000201 0b000b01 10042 100 524288 1412083 22493 15267
0b000601 0b000701 10299 100 524288 1428801 5776 1614
0b000c01 0b000d01 10300 100 524288 1426170 8681 1614
0b000b01 0b000c01 10301 100 524288 1427333 7531 1614
0b000201 0b000301 10294 100 524288 1433186 1919 1614
0b000c01 0b000d01 10301 100 524288 1427182 7969 1614
0b000401 0b000d01 10040 100 524288 1398127 37054 15267
0b000f01 0b000801 10296 100 524288 1428724 6469 1614
0b000801 0b000901 10298 100 524288 1433713 1604 1614
0b000d01 0b000e01 10298 100 524288 1431743 3582 1614
0b000d01 0b000e01 10299 100 524288 1431768 3582 1614
0b000601 0b000701 10300 100 524288 1429201 6176 1614
0b000601 0b000701 10301 100 524288 1429218 6159 1614
0b000b01 0b000c01 10302 100 524288 1427733 7631 1614
0b000e01 0b000f01 10297 100 524288 1430362 5018 1614
0b000401 0b000501 10301 100 524288 1433857 1616 1614
0b000f01 0b000801 10297 100 524288 1429299 6350 1614
0b000b01 0b000c01 10303 100 524288 1428083 7581 1614
0b000301 0b000401 10296 100 524288 1431867 3850 1614
0b000e01 0b000f01 10298 100 524288 1430762 4993 1614
0b000701 0b000001 10301 100 524288 1428984 6841 1614
0b000c01 0b000d01 10302 100 524288 1431419 4419 1614
0b000f01 0b000801 10298 100 524288 1429755 6100 1614
0b000901 0b000201 10042 100 524288 1400622 35269 15267
0b000b01 0b000c01 10304 100 524288 1429258 6856 1614
0b000901 0b000a01 10301 100 524288 1434509 1613 1614
0b000d01 0b000e01 10300 100 524288 1433568 2706 1614
0b000301 0b000401 10297 100 524288 1432517 3875 1614
0b000a01 0b000301 10042 100 524288 1408608 27798 15267
0b000d01 0b000601 10042 100 524288 1417019 19427 15267
0b000f01 0b000801 10299 100 524288 1432998 3532 1614
0b000601 0b000701 10302 100 524288 1431007 5645 1614
0b000701 0b000001 10302 100 524288 1430572 6259 1614
0b000b01 0b000c01 10305 100 524288 1433487 3402 1614
0b000801 0b000101 10042 100 524288 1413444 23484 15267
0b000701 0b000001 10303 100 524288 1431192 5889 1614
0b000001 0b000101 10297 100 524288 1425677 11547 1614
0b000301 0b000401 10298 100 524288 1433723 3669 1614
0b000801 0b000901 10299 100 524288 1435347 2256 1614
0b000f01 0b000001 10042 100 524288 1410221 27715 15267
0b000701 0b000001 10304 100 524288 1434384 3397 1614
0b000101 0b000201 10296 100 524288 1427193 10650 1614
0b000a01 0b000b01 10300 100 524288 1432464 5597 1614
0b000a01 0b000b01 10301 100 524288 1432470 5591 1614
0b000001 0b000901 10041 100 524288 1418334 19790 15267
0b000101 0b000201 10297 100 524288 1427655 10538 1614
0b000e01 0b000f01 10299 100 524288 1433480 4725 1614
0b000301 0b000401 10299 100 524288 1436228 2214 1614
0b000801 0b000901 10300 100 524288 1436172 2306 1614
0b000601 0b000701 10303 100 524288 1433607 4945 1614
0b000e01 0b000f01 10300 100 524288 1434055 4500 1614
0b000001 0b000101 10298 100 524288 1426918 11662 1614
0b000c01 0b000d01 10303 100 524288 1435799 2787 1614
0b000301 0b000c01 10041 100 524288 1403015 35679 15267
0b000f01 0b000801 10300 100 524288 1437103 1764 1614
0b000001 0b000101 10299 100 524288 1427418 11562 1614
0b000a01 0b000b01 10302 100 524288 1432976 6101 1614
0b000b01 0b000c01 10306 100 524288 1437586 1596 1614
0b000001 0b000101 10300 100 524288 1427868 11512 1614
0b000e01 0b000701 10042 100 524288 1411734 27802 15267
0b000601 0b000701 10304 100 524288 1435692 4135 1614
0b000701 0b000001 10305 100 524288 1437587 2337 1614
0b000601 0b000701 10305 100 524288 1435967 4010 1614
0b000901 0b000a01 10302 100 524288 1438327 1607 1614
0b000301 0b000401 10300 100 524288 1438115 1952 1614
0b000f01 0b000801 10301 100 524288 1438390 1777 1614
0b000001 0b000101 10301 100 524288 1429574 10912 1614
0b000201 0b000301 10295 100 524288 1434329 6188 1614
0b000e01 0b000f01 10301 100 524288 1435984 4696 1614
0b000501 0b000e01 10041 100 524288 1406518 34147 15267
0b000c01 0b000d01 10304 100 524288 1436299 4606 1614
0b000a01 0b000b01 10303 100 524288 1434582 6556 1614
0b000301 0b000401 10301 100 524288 1439416 1857 1614
0b000601 0b000701 10306 100 524288 1439456 1821 1614
0b000401 0b000501 10302 100 524288 1438727 2700 1614
0b000701 0b000001 10306 100 524288 1438387 3080 1614
0b000401 0b000d01 10041 100 524288 1405208 36336 15267
0b000801 0b000901 10301 100 524288 1438203 3712 1614
0b000c01 0b000501 10042 100 524288 1407766 34237 15267
0b000a01 0b000b01 10304 100 524288 1435874 6239 1614
0b000b01 0b000401 10042 100 524288 1415070 27059 15267
0b000a01 0b000b01 10305 100 524288 1435974 6214 1614
0b000701 0b000001 10307 100 524288 1439662 2880 1614
0b000a01 0b000b01 10306 100 524288 1439132 3681 1614
0b000601 0b000f01 10041 100 524288 1413624 29189 15267
0b000801 0b000901 10302 100 524288 1438659 4331 1614
0b000e01 0b000f01 10302 100 524288 1438335 4845 1614
0b000401 0b000d01 10042 100 524288 1407339 35844 15267
0b000e01 0b000f01 10303 100 524288 1438360 4820 1614
0b000801 0b000901 10303 100 524288 1438865 4325 1614
0b000401 0b000501 10303 100 524288 1439402 3900 1614
0b000101 0b000201 10298 100 524288 1433373 9944 1614
0b000e01 0b000f01 10304 100 524288 1439284 4221 1614
0b000b01 0b000401 10043 100 524288 1417441 26325 15267
0b000901 0b000a01 10303 100 524288 1440613 3314 1614
0b000f01 0b000801 10302 100 524288 1441215 2810 1614
0b000701 0b000801 10042 100 524288 1419944 23910 15267
0b000501 0b000601 10300 100 524288 1434427 9787 1614
0b000501 0b000601 10301 100 524288 1434427 9812 1614
0b000401 0b000501 10304 100 524288 1440402 3925 1614
0b000201 0b000301 10296 100 524288 1435116 9332 1614
0b000201 0b000301 10297 100 524288 1435141 9307 1614
0b000101 0b000201 10299 100 524288 1434123 10519 1614
0b000a01 0b000b01 10307 100 524288 1442944 1625 1614
0b000f01 0b000801 10303 100 524288 1441565 3110 1614
0b000901 0b000a01 10304 100 524288 1441134 3793 1614
0b000401 0b000501 10305 100 524288 1441452 3525 1614
0b000101 0b000201 10300 100 524288 1434348 10700 1614
0b000901 0b000a01 10305 100 524288 1441488 3620 1614
0b000001 0b000101 10302 100 524288 1433261 11862 1614
0b000301 0b000401 10302 100 524288 1443527 1608 1614
0b000801 0b000901 10304 100 524288 1441877 3275 1614
0b000e01 0b000f01 10305 100 524288 1443675 1605 1614
0b000b01 0b000c01 10307 100 524288 1441071 4265 1614
0b000b01 0b000c01 10308 100 524288 1441071 4265 1614
0b000501 0b000601 10302 100 524288 1434827 10624 1614
0b000501 0b000601 10303 100 524288 1434827 10649 1614
0b000801 0b000901 10305 100 524288 1443177 2487 1614
0b000f01 0b000801 10304 100 524288 1443690 2018 1614
0b000501 0b000601 10304 100 524288 1435002 10774 1614
0b000d01 0b000e01 10301 100 524288 1437380 8406 1614
0b000d01 0b000e01 10302 100 524288 1437380 8406 1614
0b000a01 0b000301 10043 100 524288 1422404 23467 15267
0b000c01 0b000d01 10305 100 524288 1437874 8034 1614
0b000e01 0b000701 10043 100 524288 1418439 27832 15267
0b000501 0b000601 10305 100 524288 1435320 10706 1614
0b000001 0b000101 10303 100 524288 1433847 12276 1614
0b000701 0b000001 10308 100 524288 1441562 4717 1614
0b000101 0b000201 10301 100 524288 1435148 11156 1614
0b000101 0b000201 10302 100 524288 1435148 11156 1614
0b000501 0b000601 10306 100 524288 1435752 10574 1614
0b000101 0b000201 10303 100 524288 1435323 11106 1614
0b000c01 0b000d01 10306 100 524288 1438374 8609 1614
0b000401 0b000501 10306 100 524288 1444283 2811 1614
0b000301 0b000c01 10042 100 524288 1415584 31711 15267
0b000b01 0b000c01 10309 100 524288 1442087 5075 1614
0b000201 0b000301 10298 100 524288 1436307 11046 1614
0b000c01 0b000d01 10307 100 524288 1438674 8690 1614
0b000d01 0b000e01 10303 100 524288 1437861 9643 1614
0b000601 0b000f01 10042 100 524288 1418379 29395 15267
0b000c01 0b000d01 10308 100 524288 1439124 8740 1614
0b000201 0b000301 10299 100 524288 1436672 11256 1614
0b000201 0b000301 10300 100 524288 1436672 11256 1614
0b000501 0b000601 10307 100 524288 1438483 9449 1614
0b000d01 0b000e01 10304 100 524288 1438161 10049 1614
0b000d01 0b000e01 10305 100 524288 1438191 10044 1614
0b000901 0b000201 10043 100 524288 1418166 30101 15267
0b000401 0b000501 10307 100 524288 1445139 3119 1614
0b000c01 0b000d01 10309 100 524288 1439899 8415 1614
0b000d01 0b000601 10043 100 524288 1428140 20230 15267
0b000701 0b000001 10309 100 524288 1442546 5978 1614
0b000201 0b000301 10301 100 524288 1437297 11331 1614
0b000101 0b000a01 10042 100 524288 1432042 16672 15267
0b000d01 0b000e01 10306 100 524288 1438848 10018 1614
0b000701 0b000001 10310 100 524288 1442837 6137 1614
0b000901 0b000a01 10306 100 524288 1446000 3164 1614
0b000701 0b000001 10311 100 524288 1442987 6087 1614
0b000c01 0b000d01 10310 100 524288 1441704 7535 1614
0b000101 0b000201 10304 100 524288 1439938 9291 1614
0b000c01 0b000d01 10311 100 524288 1442192 7197 1614
0b000701 0b000001 10312 100 524288 1444287 5112 1614
0b000a01 0b000b01 10308 100 524288 1446937 2469 1614
0b000101 0b000201 10305 100 524288 1440234 9251 1614
0b000901 0b000a01 10307 100 524288 1446200 3339 1614
0b000001 0b000101 10304 100 524288 1436542 12989 1614
0b000b01 0b000c01 10310 100 524288 1444148 5545 1614
0b000501 0b000e01 10042 100 524288 1417315 32452 15267
0b000001 0b000101 10305 100 524288 1436667 13114 1614
0b000401 0b000501 10308 100 524288 1446776 3057 1614
0b000001 0b000101 10306 100 524288 1436867 13114 1614
0b000801 0b000901 10307 100 524288 1446864 3359 1614
0b000201 0b000301 10302 100 524288 1438901 11345 1614
0b000101 0b000201 10306 100 524288 1441990 8307 1614
0b000401 0b000501 10309 100 524288 1448145 2363 1614
0b000e01 0b000f01 10306 100 524288 1448796 1620 1614
0b000801 0b000101 10043 100 524288 1422487 27955 15267
0b000901 0b000a01 10308 100 524288 1448162 2339 1614
0b000b01 0b000c01 10311 100 524288 1445198 5320 1614
0b000801 0b000901 10306 100 524288 1447035 3488 1614
0b000101 0b000201 10307 100 524288 1443496 7326 1614
0b000c01 0b000d01 10312 100 524288 1448346 2480 1614
0b000701 0b000001 10313 100 524288 1449281 1593 1614
0b000d01 0b000e01 10307 100 524288 1441596 9313 1614
0b000b01 0b000c01 10312 100 524288 1445823 5095 1614
0b000501 0b000601 10308 100 524288 1444437 6612 1614
0b000f01 0b000001 10043 100 524288 1422731 28481 15267
0b000f01 0b000801 10305 100 524288 1445823 5416 1614
0b000301 0b000c01 10043 100 524288 1426536 24764 15267
0b000501 0b000601 10309 100 524288 1445013 6336 1614
0b000a01 0b000b01 10309 100 524288 1447937 3387 1614
0b000801 0b000901 10308 100 524288 1448748 2631 1614
0b000b01 0b000c01 10313 100 524288 1447579 3830 1614
0b000a01 0b000b01 10310 100 524288 1448118 3312 1614
0b000001 0b000101 10307 100 524288 1438835 12717 1614
0b000301 0b000401 10303 100 524288 1447458 4157 1614
0b000301 0b000401 10304 100 524288 1447458 4182 1614
0b000201 0b000b01 10043 100 524288 1436672 15385 15267
0b000501 0b000601 10310 100 524288 1446312 6037 1614
0b000201 0b000301 10303 100 524288 1440853 11524 1614
0b000101 0b000201 10308 100 524288 1448133 4345 1614
0b000101 0b000201 10309 100 524288 1449133 3545 1614
0b000e01 0b000701 10044 100 524288 1431824 20910 15267
0b000001 0b000101 10308 100 524288 1440091 12668 1614
0b000201 0b000301 10304 100 524288 1441203 11642 1614
0b000f01 0b000801 10306 100 524288 1446190 6774 1614
0b000f01 0b000801 10307 100 524288 1446190 6799 1614
0b000501 0b000e01 10043 100 524288 1425081 28008 15267
0b000601 0b000f01 10043 100 524288 1428626 24471 15267
0b000f01 0b000801 10308 100 524288 1446515 6774 1614
0b000d01 0b000e01 10308 100 524288 1443915 9544 1614
0b000c01 0b000d01 10314 100 524288 1450172 3419 1614
0b000001 0b000101 10309 100 524288 1440791 12875 1614
0b000c01 0b000d01 10313 100 524288 1450305 3486 1614
0b000601 0b000701 10307 100 524288 1447224 6594 1614
0b000601 0b000701 10308 100 524288 1447249 6569 1614
0b000001 0b000101 10310 100 524288 1440946 12945 1614
0b000501 0b000601 10311 100 524288 1447987 5949 1614
0b000b01 0b000c01 10314 100 524288 1452416 1608 1614
0b000d01 0b000e01 10309 100 524288 1444554 9492 1614
0b000a01 0b000b01 10311 100 524288 1451724 2414 1614
0b000701 0b000801 10043 100 524288 1428268 25985 15267
0b000a01 0b000301 10044 100 524288 1436249 18040 15267
0b000f01 0b000801 10309 100 524288 1448290 6230 1614
0b000e01 0b000f01 10307 100 524288 1450514 4070 1614
0b000301 0b000401 10305 100 524288 1448881 5821 1614
0b000c01 0b000501 10043 100 524288 1425045 29712 15267
0b000d01 0b000e01 10310 100 524288 1446193 9253 1614
0b000f01 0b000801 10310 100 524288 1450784 4761 1614
0b000901 0b000201 10044 100 524288 1429772 25777 15267
0b000a01 0b000b01 10312 100 524288 1452549 3214 1614
0b000001 0b000101 10311 100 524288 1442934 12935 1614
0b000801 0b000901 10309 100 524288 1454279 1605 1614
0b000501 0b000601 10312 100 524288 1450104 5946 1614
0b000f01 0b000801 10311 100 524288 1453426 2744 1614
0b000a01 0b000b01 10313 100 524288 1453511 2727 1614
0b000901 0b000a01 10309 100 524288 1453263 3511 1614
0b000501 0b000601 10313 100 524288 1451268 5532 1614
0b000001 0b000101 10312 100 524288 1444477 12592 1614
0b000301 0b000401 10306 100 524288 1450363 6839 1614
0b000901 0b000a01 10310 100 524288 1453563 3786 1614
0b000401 0b000501 10310 100 524288 1454625 3057 1614
0b000401 0b000501 10311 100 524288 1454650 3032 1614
0b000501 0b000601 10314 100 524288 1452843 4868 1614
0b000f01 0b000801 10312 100 524288 1456107 1613 1614
0b000c01 0b000d01 10315 100 524288 1452703 5056 1614
0b000901 0b000a01 10311 100 524288 1454419 3355 1614
0b000401 0b000d01 10043 100 524288 1436233 21627 15267
0b000501 0b000601 10315 100 524288 1453518 4344 1614
0b000d01 0b000601 10044 100 524288 1437255 20626 15267
0b000301 0b000401 10307 100 524288 1450938 7014 1614
0b000701 0b000001 10314 100 524288 1455744 2342 1614
0b000101 0b000201 10310 100 524288 1452791 5317 1614
0b000c01 0b000501 10044 100 524288 1429025 29372 15267
0b000b01 0b000c01 10315 100 524288 1454334 4343 1614
0b000301 0b000401 10308 100 524288 1451638 7064 1614
0b000e01 0b000f01 10308 100 524288 1451220 7520 1614
0b000e01 0b000f01 10309 100 524288 1451245 7495 1614
0b000c01 0b000d01 10316 100 524288 1453528 5337 1614
0b000b01 0b000c01 10316 100 524288 1454440 4543 1614
0b000601 0b000701 10309 100 524288 1448461 10606 1614
0b000f01 0b000801 10313 100 524288 1457594 1613 1614
0b000101 0b000201 10311 100 524288 1452991 6217 1614
0b000401 0b000501 10312 100 524288 1457712 1582 1614
0b000501 0b000601 10316 100 524288 1457767 1600 1614
0b000201 0b000301 10305 100 524288 1446327 13051 1614
0b000701 0b000801 10044 100 524288 1438387 21145 15267
0b000b01 0b000c01 10317 100 524288 1455067 4516 1614
0b000e01 0b000f01 10310 100 524288 1451876 8039 1614
0b000c01 0b000d01 10317 100 524288 1454340 5637 1614
0b000c01 0b000d01 10318 100 524288 1454419 5633 1614
0b000601 0b000701 10310 100 524288 1448786 11289 1614
0b000701 0b000001 10315 100 524288 1456828 3420 1614
0b000701 0b000001 10316 100 524288 1456828 3445 1614
0b000301 0b000401 10309 100 524288 1453256 7052 1614
0b000b01 0b000c01 10318 100 524288 1457148 3161 1614
0b000b01 0b000401 10044 100 524288 1445123 15279 15267
0b000d01 0b000e01 10311 100 524288 1449993 10452 1614
0b000901 0b000a01 10312 100 524288 1458924 1600 1614
0b000001 0b000101 10313 100 524288 1449289 11295 1614
0b000101 0b000201 10312 100 524288 1453452 7162 1614
0b000c01 0b000d01 10319 100 524288 1457034 3662 1614
0b000601 0b000701 10311 100 524288 1449036 11806 1614
0b000d01 0b000e01 10312 100 524288 1450374 10620 1614
0b000e01 0b000f01 10311 100 524288 1452777 8275 1614
0b000201 0b000301 10306 100 524288 1447652 13682 1614
0b000601 0b000701 10312 100 524288 1449336 12056 1614
0b000d01 0b000e01 10313 100 524288 1450874 10943 1614
0b000301 0b000401 10310 100 524288 1455387 6327 1614
0b000201 0b000301 10307 100 524288 1448058 13851 1614
0b000301 0b000401 10311 100 524288 1455855 6065 1614
0b000e01 0b000f01 10312 100 524288 1453919 8039 1614
0b000301 0b000401 10312 100 524288 1457299 4871 1614
0b000001 0b000901 10042 100 524288 1426695 35546 15267
0b000d01 0b000e01 10314 100 524288 1451324 11068 1614
0b000001 0b000101 10314 100 524288 1451534 11050 1614
0b000f01 0b000001 10044 100 524288 1434259 28485 15267
0b000101 0b000201 10313 100 524288 1454562 8308 1614
0b000401 0b000501 10313 100 524288 1460212 2680 1614
0b000a01 0b000b01 10314 100 524288 1459784 3181 1614
0b000001 0b000101 10315 100 524288 1451984 11056 1614
0b000001 0b000101 10316 100 524288 1452084 10956 1614
0b000e01 0b000f01 10313 100 524288 1456099 7171 1614
0b000001 0b000101 10317 100 524288 1452409 10851 1614
0b000d01 0b000e01 10315 100 524288 1452249 11068 1614
0b000d01 0b000e01 10316 100 524288 1452399 11118 1614
0b000e01 0b000f01 10314 100 524288 1457086 6490 1614
0b000401 0b000d01 10044 100 524288 1443077 20606 15267
0b000001 0b000101 10318 100 524288 1453884 9976 1614
0b000501 0b000e01 10044 100 524288 1447337 16534 15267
0b000e01 0b000f01 10315 100 524288 1458486 5440 1614
0b000601 0b000f01 10044 100 524288 1448486 15397 15267
0b000801 0b000101 10044 100 524288 1432435 31507 15267
0b000001 0b000101 10319 100 524288 1454222 9788 1614
0b000001 0b000901 10043 100 524288 1428043 36056 15267
0b000201 0b000301 10308 100 524288 1449314 14801 1614
0b000201 0b000301 10309 100 524288 1449314 14801 1614
0b000801 0b000901 10310 100 524288 1455999 8231 1614
0b000801 0b000901 10311 100 524288 1456004 8226 1614
0b000601 0b000701 10313 100 524288 1450942 13400 1614
0b000201 0b000301 10310 100 524288 1449439 14926 1614
0b000a01 0b000b01 10315 100 524288 1460359 3937 1614
0b000a01 0b000b01 10316 100 524288 1460784 3918 1614
0b000101 0b000201 10314 100 524288 1455769 8731 1614
0b000601 0b000701 10314 100 524288 1451380 13462 1614
0b000801 0b000901 10312 100 524288 1456299 8806 1614
0b000f01 0b000001 10045 100 524288 1438765 26471 15267
0b000401 0b000501 10314 100 524288 1460962 4307 1614
0b000101 0b000201 10315 100 524288 1456676 8699 1614
0b000101 0b000201 10316 100 524288 1456931 8644 1614
0b000501 0b000601 10317 100 524288 1460692 4957 1614
0b000501 0b000601 10318 100 524288 1460692 4957 1614
0b000a01 0b000b01 10317 100 524288 1463534 2222 1614
0b000701 0b000001 10317 100 524288 1463085 2737 1614
0b000001 0b000101 10320 100 524288 1461096 4745 1614
0b000c01 0b000d01 10320 100 524288 1461717 4284 1614
0b000201 0b000301 10311 100 524288 1451277 14931 1614
0b000301 0b000c01 10044 100 524288 1450938 15298 15267
0b000f01 0b000801 10314 100 524288 1461780 4413 1614
0b000f01 0b000801 10315 100 524288 1461780 4413 1614
0b000001 0b000101 10321 100 524288 1463258 3233 1614
0b000501 0b000601 10319 100 524288 1461407 5092 1614
0b000e01 0b000701 10045 100 524288 1448796 18014 15267
0b000901 0b000a01 10313 100 524288 1465281 1586 1614
0b000301 0b000401 10313 100 524288 1464344 2525 1614
0b000c01 0b000d01 10321 100 524288 1461993 4882 1614
0b000101 0b000201 10317 100 524288 1458909 8078 1614
0b000801 0b000901 10313 100 524288 1457263 9804 1614
0b000501 0b000601 10320 100 524288 1462304 4801 1614
0b000401 0b000501 10315 100 524288 1461712 5438 1614
0b000701 0b000001 10318 100 524288 1463852 3470 1614
0b000201 0b000301 10312 100 524288 1452239 15100 1614
0b000801 0b000901 10314 100 524288 1457530 9912 1614
0b000c01 0b000d01 10322 100 524288 1462593 4882 1614
0b000a01 0b000301 10045 100 524288 1452174 15402 15267
0b000201 0b000301 10313 100 524288 1452495 15069 1614
0b000701 0b000001 10319 100 524288 1464402 3195 1614
0b000b01 0b000c01 10319 100 524288 1465975 1706 1614
0b000c01 0b000d01 10323 100 524288 1463319 4362 1614
0b000001 0b000101 10322 100 524288 1465784 1880 1614
0b000301 0b000401 10314 100 524288 1464919 2862 1614
0b000601 0b000701 10315 100 524288 1454059 13932 1614
0b000e01 0b000f01 10316 100 524288 1463485 4591 1614
0b000501 0b000601 10321 100 524288 1465932 2173 1614
0b000801 0b000901 10315 100 524288 1458555 9687 1614
0b000d01 0b000e01 10317 100 524288 1456601 11648 1614
0b000601 0b000701 10316 100 524288 1454359 14048 1614
0b000d01 0b000e01 10318 100 524288 1456801 11648 1614
0b000801 0b000901 10316 100 524288 1459180 9387 1614
0b000101 0b000201 10318 100 524288 1460109 8462 1614
0b000201 0b000301 10314 100 524288 1453832 14788 1614
0b000f01 0b000801 10316 100 524288 1462955 5869 1614
0b000801 0b000901 10317 100 524288 1460730 8293 1614
0b000801 0b000901 10318 100 524288 1462542 6706 1614
0b000601 0b000701 10317 100 524288 1455359 14056 1614
0b000701 0b000001 10320 100 524288 1467882 1608 1614
0b000401 0b000501 10316 100 524288 1463318 6338 1614
0b000401 0b000501 10317 100 524288 1463412 6319 1614
0b000201 0b000301 10315 100 524288 1455688 14132 1614
0b000e01 0b000f01 10317 100 524288 1464004 6334 1614
0b000401 0b000501 10318 100 524288 1464930 5576 1614
0b000401 0b000501 10319 100 524288 1465180 5376 1614
0b000f01 0b000801 10317 100 524288 1464092 6613 1614
0b000001 0b000101 10323 100 524288 1468246 2674 1614
0b000b01 0b000c01 10320 100 524288 1467306 3571 1614
0b000c01 0b000d01 10324 100 524288 1469246 1641 1614
0b000601 0b000701 10318 100 524288 1456946 14169 1614
0b000901 0b000a01 10314 100 524288 1467139 4239 1614
0b000b01 0b000c01 10321 100 524288 1467712 3696 1614
0b000a01 0b000b01 10318 100 524288 1469877 1593 1614
0b000901 0b000201 10045 100 524288 1444925 26554 15267
0b000201 0b000301 10316 100 524288 1458559 12961 1614
0b000701 0b000001 10321 100 524288 1469820 1926 1614
0b000501 0b000601 10322 100 524288 1470190 1601 1614
0b000b01 0b000c01 10322 100 524288 1468766 3161 1614
0b000901 0b000a01 10315 100 524288 1467270 4808 1614
0b000c01 0b000d01 10325 100 524288 1470691 1597 1614
0b000801 0b000901 10319 100 524288 1469203 3151 1614
0b000801 0b000901 10320 100 524288 1469233 3171 1614
0b000e01 0b000f01 10318 100 524288 1464827 7661 1614
0b000401 0b000501 10320 100 524288 1470791 1590 1614
0b000001 0b000101 10324 100 524288 1468832 3794 1614
0b000d01 0b000e01 10319 100 524288 1460769 12042 1614
0b000d01 0b000e01 10320 100 524288 1460900 12136 1614
0b000201 0b000301 10317 100 524288 1461118 11952 1614
0b000601 0b000701 10319 100 524288 1459060 14056 1614
0b000801 0b000101 10045 100 524288 1439540 33847 15267
0b000e01 0b000f01 10319 100 524288 1465432 8068 1614
0b000f01 0b000801 10318 100 524288 1466280 7287 1614
0b000101 0b000201 10319 100 524288 1463594 10064 1614
0b000201 0b000301 10318 100 524288 1462218 11483 1614
0b000801 0b000901 10321 100 524288 1471864 1846 1614
0b000601 0b000701 10320 100 524288 1459840 13951 1614
0b000f01 0b000801 10319 100 524288 1466586 7406 1614
0b000301 0b000401 10315 100 524288 1467125 6886 1614
0b000301 0b000401 10316 100 524288 1467125 6886 1614
0b000d01 0b000e01 10321 100 524288 1461905 12162 1614
0b000d01 0b000601 10045 100 524288 1448918 25266 15267
0b000f01 0b000801 10321 100 524288 1466893 7349 1614
0b000f01 0b000801 10320 100 524288 1466936 7306 1614
0b000201 0b000301 10319 100 524288 1463624 10677 1614
0b000e01 0b000f01 10320 100 524288 1466357 8024 1614
0b000e01 0b000f01 10321 100 524288 1466527 7954 1614
0b000301 0b000401 10317 100 524288 1467375 7092 1614
0b000c01 0b000501 10045 100 524288 1448346 26232 15267
0b000601 0b000701 10321 100 524288 1460721 13870 1614
0b000901 0b000201 10046 100 524288 1448674 25936 15267
0b000601 0b000701 10322 100 524288 1460891 13700 1614
0b000e01 0b000f01 10322 100 524288 1466881 7750 1614
0b000101 0b000a01 10043 100 524288 1441590 33023 15267
0b000e01 0b000701 10046 100 524288 1456469 18205 15267
0b000001 0b000101 10325 100 524288 1470362 4539 1614
0b000901 0b000a01 10316 100 524288 1468115 6905 1614
0b000f01 0b000801 10322 100 524288 1471086 3949 1614
0b000001 0b000101 10326 100 524288 1470607 4500 1614
0b000701 0b000001 10322 100 524288 1471001 4119 1614
0b000d01 0b000e01 10322 100 524288 1463017 12276 1614
0b000d01 0b000e01 10323 100 524288 1463092 12201 1614
0b000801 0b000901 10322 100 524288 1473745 1587 1614
0b000e01 0b000f01 10323 100 524288 1471459 3934 1614
0b000201 0b000301 10320 100 524288 1465880 9596 1614
0b000601 0b000701 10323 100 524288 1462377 13114 1614
0b000701 0b000001 10323 100 524288 1471447 4329 1614
0b000d01 0b000e01 10324 100 524288 1463736 12257 1614
0b000a01 0b000b01 10319 100 524288 1474388 1619 1614
0b000101 0b000a01 10044 100 524288 1442390 33680 15267
0b000b01 0b000c01 10323 100 524288 1474510 1583 1614
0b000601 0b000f01 10045 100 524288 1460872 15424 15267
0b000001 0b000101 10327 100 524288 1472500 3863 1614
0b000701 0b000001 10324 100 524288 1472425 4476 1614
0b000201 0b000301 10321 100 524288 1468615 8311 1614
0b000c01 0b000d01 10326 100 524288 1474418 2531 1614
0b000001 0b000101 10328 100 524288 1474786 2358 1614
0b000c01 0b000501 10046 100 524288 1453928 23427 15267
0b000101 0b000201 10320 100 524288 1465594 11885 1614
0b000c01 0b000d01 10327 100 524288 1474937 2537 1614
0b000001 0b000901 10044 100 524288 1439841 37681 15267
0b000501 0b000601 10323 100 524288 1472666 5030 1614
0b000f01 0b000801 10323 100 524288 1475528 2168 1614
0b000201 0b000301 10322 100 524288 1469997 7735 1614
0b000501 0b000601 10324 100 524288 1472741 5180 1614
0b000d01 0b000e01 10325 100 524288 1466723 11348 1614
0b000101 0b000201 10321 100 524288 1466080 12480 1614
0b000201 0b000301 10323 100 524288 1471581 7057 1614
0b000301 0b000401 10318 100 524288 1469218 9573 1614
0b000501 0b000601 10325 100 524288 1473516 5530 1614
0b000501 0b000601 10326 100 524288 1473566 5530 1614
0b000101 0b000201 10322 100 524288 1466270 12865 1614
0b000a01 0b000b01 10320 100 524288 1477653 1604 1614
0b000601 0b000701 10324 100 524288 1468659 10556 1614
0b000601 0b000701 10325 100 524288 1468659 10556 1614
0b000301 0b000c01 10045 100 524288 1462388 16881 15267
0b000d01 0b000e01 10326 100 524288 1469011 10442 1614
0b000701 0b000001 10325 100 524288 1474125 5313 1614
0b000d01 0b000601 10046 100 524288 1453836 25626 15267
0b000601 0b000701 10326 100 524288 1469509 10106 1614
0b000801 0b000101 10046 100 524288 1447685 32073 15267
0b000601 0b000701 10327 100 524288 1470145 9620 1614
0b000601 0b000701 10328 100 524288 1471115 8875 1614
0b000e01 0b000f01 10324 100 524288 1475821 4215 1614
0b000501 0b000601 10327 100 524288 1477588 2508 1614
0b000201 0b000301 10324 100 524288 1474489 5642 1614
0b000d01 0b000e01 10327 100 524288 1470485 9768 1614
0b000101 0b000201 10323 100 524288 1466870 13340 1614
0b000101 0b000201 10324 100 524288 1466982 13228 1614
0b000d01 0b000e01 10328 100 524288 1470691 9637 1614
0b000101 0b000201 10325 100 524288 1467050 13410 1614
0b000b01 0b000c01 10324 100 524288 1479017 1593 1614
0b000001 0b000101 10329 100 524288 1478160 2440 1614
0b000c01 0b000d01 10328 100 524288 1479103 1595 1614
0b000a01 0b000b01 10321 100 524288 1479110 1603 1614
0b000901 0b000a01 10317 100 524288 1470077 10675 1614
0b000e01 0b000f01 10325 100 524288 1476046 4802 1614
0b000601 0b000701 10329 100 524288 1477194 3696 1614
0b000d01 0b000e01 10329 100 524288 1473897 7261 1614
0b000001 0b000101 10330 100 524288 1478786 2439 1614
0b000401 0b000501 10321 100 524288 1477021 4284 1614
0b000401 0b000501 10322 100 524288 1477021 4284 1614
0b000201 0b000301 10325 100 524288 1476668 4744 1614
0b000301 0b000401 10319 100 524288 1470349 11079 1614
0b000901 0b000a01 10318 100 524288 1470452 11050 1614
0b000d01 0b000e01 10330 100 524288 1475328 6255 1614
0b000401 0b000501 10323 100 524288 1477477 4059 1614
0b000201 0b000b01 10044 100 524288 1453307 28372 15267
0b000301 0b000401 10320 100 524288 1470586 11292 1614
0b000301 0b000401 10321 100 524288 1470604 11274 1614
0b000501 0b000601 10328 100 524288 1480365 1611 1614
0b000801 0b000901 10323 100 524288 1476577 5432 1614
0b000201 0b000301 10326 100 524288 1477620 4367 1614
0b000001 0b000901 10045 100 524288 1445552 36567 15267
0b000f01 0b000001 10046 100 524288 1464968 17319 15267
0b000101 0b000201 10326 100 524288 1468881 13603 1614
0b000701 0b000801 10045 100 524288 1462077 20572 15267
0b000d01 0b000e01 10331 100 524288 1480514 2165 1614
0b000e01 0b000f01 10326 100 524288 1477077 5838 1614
0b000f01 0b000801 10324 100 524288 1476510 6429 1614
0b000901 0b000a01 10319 100 524288 1471252 11831 1614
0b000901 0b000a01 10320 100 524288 1471577 11906 1614
0b000401 0b000501 10324 100 524288 1481801 1597 1614
0b000b01 0b000c01 10325 100 524288 1482267 1595 1614
0b000c01 0b000d01 10329 100 524288 1482279 1719 1614
0b000901 0b000a01 10321 100 524288 1472033 11981 1614
0b000801 0b000901 10324 100 524288 1477002 7013 1614
0b000001 0b000101 10331 100 524288 1482448 1602 1614
0b000b01 0b000401 10045 100 524288 1458773 25410 15267
0b000701 0b000001 10326 100 524288 1476156 8206 1614
0b000901 0b000a01 10322 100 524288 1472258 12081 1614
0b000301 0b000401 10322 100 524288 1472830 11604 1614
0b000101 0b000201 10327 100 524288 1470674 13810 1614
0b000801 0b000901 10325 100 524288 1477252 7288 1614
0b000801 0b000901 10326 100 524288 1477252 7288 1614
0b000901 0b000201 10047 100 524288 1467270 17365 15267
0b000b01 0b000401 10046 100 524288 1459248 25482 15267
0b000801 0b000901 10327 100 524288 1478045 6895 1614
0b000e01 0b000f01 10327 100 524288 1478303 6968 1614
0b000401 0b000d01 10045 100 524288 1464724 20563 15267
0b000e01 0b000f01 10328 100 524288 1478303 6993 1614
0b000f01 0b000801 10325 100 524288 1477391 7910 1614
0b000c01 0b000d01 10330 100 524288 1483620 1703 1614
0b000d01 0b000e01 10332 100 524288 1483738 1588 1614
0b000f01 0b000801 10326 100 524288 1477491 7935 1614
0b000801 0b000901 10328 100 524288 1480706 4746 1614
0b000f01 0b000801 10327 100 524288 1477641 7985 1614
0b000b01 0b000c01 10326 100 524288 1483723 2064 1614
0b000801 0b000101 10047 100 524288 1462217 23772 15267
0b000a01 0b000b01 10322 100 524288 1483762 2331 1614
0b000201 0b000301 10327 100 524288 1480489 5585 1614
0b000f01 0b000801 10328 100 524288 1478403 7823 1614
0b000601 0b000701 10330 100 524288 1480706 5459 1614
0b000301 0b000401 10323 100 524288 1474530 12085 1614
0b000701 0b000001 10327 100 524288 1476801 9842 1614
0b000f01 0b000801 10329 100 524288 1479306 7445 1614
0b000b01 0b000c01 10327 100 524288 1484719 2049 1614
0b000001 0b000101 10332 100 524288 1485297 1615 1614
0b000501 0b000e01 10045 100 524288 1468309 18760 15267
0b000901 0b000a01 10323 100 524288 1475364 11820 1614
0b000901 0b000a01 10324 100 524288 1475414 11770 1614
0b000601 0b000701 10331 100 524288 1480931 6434 1614
0b000201 0b000b01 10045 100 524288 1455488 32016 15267
0b000501 0b000601 10329 100 524288 1484315 3473 1614
0b000501 0b000601 10330 100 524288 1484315 3498 1614
0b000101 0b000201 10328 100 524288 1473930 14017 1614
0b000a01 0b000b01 10323 100 524288 1484512 3674 1614
0b000901 0b000a01 10325 100 524288 1476720 11514 1614
0b000f01 0b000801 10330 100 524288 1483858 4493 1614
0b000801 0b000901 10329 100 524288 1485659 2767 1614
0b000c01 0b000d01 10331 100 524288 1486872 1591 1614
0b000301 0b000401 10324 100 524288 1476080 12560 1614
0b000401 0b000501 10325 100 524288 1484438 4203 1614
0b000201 0b000301 10328 100 524288 1481570 7185 1614
0b000501 0b000601 10331 100 524288 1486408 2436 1614
0b000701 0b000001 10328 100 524288 1477601 11273 1614
0b000701 0b000801 10046 100 524288 1467352 21532 15267
0b000701 0b000001 10329 100 524288 1477601 11298 1614
0b000001 0b000101 10333 100 524288 1487372 1602 1614
0b000d01 0b000e01 10333 100 524288 1487038 1989 1614
0b000701 0b000001 10330 100 524288 1477714 11360 1614
0b000c01 0b000501 10047 100 524288 1473887 15207 15267
0b000f01 0b000801 10331 100 524288 1485925 3207 1614
0b000e01 0b000f01 10329 100 524288 1481081 8063 1614
0b000001 0b000901 10046 100 524288 1463283 25954 15267
0b000301 0b000401 10325 100 524288 1476711 12660 1614
0b000801 0b000901 10330 100 524288 1485979 3403 1614
0b000101 0b000201 10329 100 524288 1475636 13935 1614
0b000e01 0b000701 10047 100 524288 1471259 18357 15267
0b000901 0b000a01 10326 100 524288 1478342 11304 1614
0b000301 0b000401 10326 100 524288 1477311 12585 1614
0b000701 0b000001 10331 100 524288 1478501 11448 1614
0b000601 0b000701 10332 100 524288 1482056 8055 1614
0b000601 0b000701 10333 100 524288 1482106 8105 1614
0b000f01 0b000801 10332 100 524288 1488281 1951 1614
0b000601 0b000f01 10046 100 524288 1474801 15441 15267
0b000101 0b000201 10330 100 524288 1476397 13881 1614
0b000d01 0b000601 10047 100 524288 1469885 20539 15267
0b000601 0b000701 10334 100 524288 1482472 7989 1614
0b000201 0b000301 10329 100 524288 1482145 8347 1614
0b000401 0b000d01 10046 100 524288 1469879 20733 15267
0b000301 0b000401 10327 100 524288 1478486 12166 1614
0b000601 0b000701 10335 100 524288 1483106 7605 1614
0b000b01 0b000c01 10328 100 524288 1489133 1691 1614
0b000901 0b000a01 10327 100 524288 1480532 10314 1614
0b000401 0b000501 10326 100 524288 1484888 6071 1614
0b000c01 0b000d01 10332 100 524288 1488827 2112 1614
0b000401 0b000501 10327 100 524288 1484918 6166 1614
0b000101 0b000a01 10045 100 524288 1452541 38565 15267
0b000601 0b000701 10336 100 524288 1484986 6150 1614
0b000001 0b000101 10334 100 524288 1489653 1608 1614
0b000301 0b000401 10328 100 524288 1479936 11491 1614
0b000e01 0b000f01 10330 100 524288 1482493 8926 1614
0b000d01 0b000e01 10334 100 524288 1488297 3261 1614
0b000d01 0b000e01 10335 100 524288 1488333 3225 1614
0b000101 0b000201 10331 100 524288 1477911 13716 1614
0b000101 0b000201 10332 100 524288 1478117 13735 1614
0b000c01 0b000d01 10333 100 524288 1489778 2111 1614
0b000301 0b000c01 10046 100 524288 1471630 20485 15267
0b000a01 0b000b01 10324 100 524288 1486093 5955 1614
0b000301 0b000401 10329 100 524288 1481648 10554 1614
0b000101 0b000201 10333 100 524288 1479373 13261 1614
0b000e01 0b000f01 10331 100 524288 1483293 9455 1614
0b000e01 0b000f01 10332 100 524288 1483368 9380 1614
0b000201 0b000301 10330 100 524288 1483220 9640 1614
0b000201 0b000301 10331 100 524288 1483220 9640 1614
0b000301 0b000401 10330 100 524288 1483141 9748 1614
0b000b01 0b000c01 10329 100 524288 1490514 2522 1614
0b000d01 0b000e01 10336 100 524288 1491473 1602 1614
0b000a01 0b000b01 10325 100 524288 1486493 6605 1614
0b000601 0b000701 10337 100 524288 1490823 2203 1614
0b000201 0b000301 10332 100 524288 1483470 9646 1614
0b000101 0b000201 10334 100 524288 1480154 13005 1614
0b000e01 0b000f01 10333 100 524288 1484198 9306 1614
0b000301 0b000401 10331 100 524288 1484997 8598 1614
0b000b01 0b000c01 10330 100 524288 1491196 2440 1614
0b000e01 0b000f01 10334 100 524288 1484623 9099 1614
0b000a01 0b000b01 10326 100 524288 1487054 6919 1614
0b000f01 0b000001 10047 100 524288 1473378 20692 15267
0b000f01 0b000801 10333 100 524288 1492154 1983 1614
0b000a01 0b000b01 10327 100 524288 1487379 7019 1614
0b000501 0b000601 10332 100 524288 1491651 2730 1614
0b000601 0b000701 10338 100 524288 1491854 2528 1614
0b000201 0b000301 10333 100 524288 1485494 9172 1614
0b000701 0b000001 10332 100 524288 1482225 12516 1614
0b000901 0b000a01 10328 100 524288 1485019 9977 1614
0b000101 0b000201 10335 100 524288 1482768 12291 1614
0b000401 0b000501 10328 100 524288 1487193 7871 1614
0b000301 0b000401 10332 100 524288 1489084 5992 1614
0b000901 0b000a01 10329 100 524288 1485129 10042 1614
0b000701 0b000001 10333 100 524288 1482625 12722 1614
0b000601 0b000701 10339 100 524288 1493434 1973 1614
0b000401 0b000501 10329 100 524288 1487444 7995 1614
0b000701 0b000001 10334 100 524288 1482775 12834 1614
0b000c01 0b000d01 10334 100 524288 1493834 1774 1614
0b000501 0b000601 10333 100 524288 1492104 3614 1614
0b000f01 0b000801 10334 100 524288 1493252 2610 1614
0b000701 0b000001 10335 100 524288 1483000 12884 1614
0b000401 0b000501 10330 100 524288 1487740 8230 1614
0b000101 0b000201 10336 100 524288 1484235 11749 1614
0b000301 0b000401 10333 100 524288 1491765 4236 1614
0b000e01 0b000f01 10335 100 524288 1488366 7706 1614
0b000701 0b000001 10336 100 524288 1483900 12659 1614
0b000201 0b000301 10334 100 524288 1487494 9284 1614
0b000b01 0b000c01 10331 100 524288 1495058 1590 1614
0b000201 0b000301 10335 100 524288 1487645 9308 1614
0b000901 0b000a01 10330 100 524288 1487025 9796 1614
0b000801 0b000901 10331 100 524288 1488311 8655 1614
0b000d01 0b000e01 10337 100 524288 1493622 3393 1614
0b000901 0b000a01 10331 100 524288 1487550 9627 1614
0b000901 0b000a01 10332 100 524288 1487550 9652 1614
0b000801 0b000901 10332 100 524288 1488436 8905 1614
0b000001 0b000101 10335 100 524288 1491884 5557 1614
0b000001 0b000101 10336 100 524288 1491909 5532 1614
0b000e01 0b000f01 10336 100 524288 1490079 7349 1614
0b000501 0b000601 10334 100 524288 1493969 3630 1614
0b000101 0b000201 10337 100 524288 1487060 10542 1614
0b000501 0b000601 10335 100 524288 1494094 3530 1614
0b000d01 0b000e01 10338 100 524288 1493949 3716 1614
0b000001 0b000101 10337 100 524288 1492084 5582 1614
0b000a01 0b000b01 10328 100 524288 1490194 7584 1614
0b000001 0b000901 10047 100 524288 1479911 17926 15267
0b000801 0b000901 10333 100 524288 1488636 9230 1614
0b000301 0b000401 10334 100 524288 1493502 4511 1614
0b000c01 0b000d01 10335 100 524288 1495125 2883 1614
0b000d01 0b000e01 10339 100 524288 1494899 3247 1614
0b000d01 0b000601 10048 100 524288 1479989 18209 15267
0b000001 0b000101 10338 100 524288 1492959 5307 1614
0b000101 0b000201 10338 100 524288 1488999 9434 1614
0b000701 0b000801 10047 100 524288 1482225 16306 15267
0b000e01 0b000f01 10337 100 524288 1492037 6479 1614
0b000101 0b000201 10339 100 524288 1489922 8811 1614
0b000f01 0b000801 10335 100 524288 1494429 4326 1614
0b000401 0b000501 10331 100 524288 1489625 9126 1614
0b000801 0b000901 10334 100 524288 1489236 9536 1614
0b000a01 0b000b01 10329 100 524288 1491244 7559 1614
0b000901 0b000a01 10333 100 524288 1491436 7559 1614
0b000601 0b000701 10340 100 524288 1497391 1733 1614
0b000101 0b000201 10340 100 524288 1491984 7199 1614
0b000501 0b000e01 10046 100 524288 1475391 23872 15267
0b000901 0b000a01 10334 100 524288 1492247 7073 1614
0b000901 0b000a01 10335 100 524288 1492392 6928 1614
0b000101 0b000201 10341 100 524288 1494271 5262 1614
0b000801 0b000901 10335 100 524288 1489761 9711 1614
0b000c01 0b000d01 10336 100 524288 1496046 3462 1614
0b000a01 0b000301 10046 100 524288 1475088 24476 15267
0b000b01 0b000c01 10332 100 524288 1496983 2652 1614
0b000c01 0b000d01 10337 100 524288 1496646 3168 1614
0b000b01 0b000c01 10333 100 524288 1497408 2627 1614
0b000a01 0b000b01 10330 100 524288 1492656 7545 1614
0b000201 0b000301 10336 100 524288 1490957 9269 1614
0b000d01 0b000e01 10340 100 524288 1498618 1590 1614
0b000601 0b000701 10341 100 524288 1498728 1721 1614
0b000e01 0b000f01 10338 100 524288 1494568 5929 1614
0b000e01 0b000f01 10339 100 524288 1494568 5929 1614
0b000201 0b000b01 10046 100 524288 1467510 33540 15267
0b000801 0b000901 10336 100 524288 1491361 9761 1614
0b000c01 0b000d01 10338 100 524288 1499658 1605 1614
0b000e01 0b000f01 10340 100 524288 1496085 5208 1614
0b000801 0b000901 10337 100 524288 1491894 9528 1614
0b000f01 0b000801 10336 100 524288 1495758 5740 1614
0b000f01 0b000801 10337 100 524288 1495758 5740 1614
0b000501 0b000601 10336 100 524288 1498074 3531 1614
0b000a01 0b000b01 10331 100 524288 1493856 7945 1614
0b000001 0b000101 10339 100 524288 1497080 4811 1614
0b000701 0b000001 10337 100 524288 1489175 12834 1614
0b000a01 0b000b01 10332 100 524288 1494116 7985 1614
0b000801 0b000901 10338 100 524288 1493242 8892 1614
0b000b01 0b000c01 10334 100 524288 1500788 1590 1614
0b000f01 0b000801 10338 100 524288 1496514 5934 1614
0b000201 0b000b01 10047 100 524288 1468415 33909 15267
0b000501 0b000601 10337 100 524288 1498449 4081 1614
0b000d01 0b000e01 10341 100 524288 1501018 1605 1614
0b000301 0b000401 10335 100 524288 1495870 6899 1614
0b000301 0b000401 10336 100 524288 1495870 6899 1614
0b000501 0b000601 10338 100 524288 1498980 4100 1614
0b000601 0b000701 10342 100 524288 1500634 2508 1614
0b000301 0b000401 10337 100 524288 1496126 7018 1614
0b000201 0b000301 10337 100 524288 1493288 10013 1614
0b000801 0b000901 10339 100 524288 1497147 6418 1614
0b000401 0b000501 10332 100 524288 1492381 11238 1614
0b000601 0b000701 10343 100 524288 1501208 2484 1614
0b000701 0b000001 10338 100 524288 1490375 13364 1614
0b000e01 0b000701 10048 100 524288 1479003 24987 15267
0b000d01 0b000e01 10342 100 524288 1502518 1627 1614
0b000801 0b000901 10340 100 524288 1498872 5318 1614
0b000501 0b000601 10339 100 524288 1501761 2275 1614
0b000001 0b000101 10340 100 524288 1498357 6021 1614
0b000101 0b000a01 10046 100 524288 1466050 38350 15267
0b000401 0b000501 10333 100 524288 1492906 11513 1614
0b000001 0b000101 10341 100 524288 1498619 6134 1614
0b000801 0b000901 10341 100 524288 1501541 3349 1614
0b000501 0b000e01 10047 100 524288 1484546 20406 15267
0b000301 0b000401 10338 100 524288 1497676 7299 1614
0b000001 0b000101 10342 100 524288 1498894 6084 1614
0b000001 0b000101 10343 100 524288 1499569 5559 1614
0b000f01 0b000801 10339 100 524288 1499082 6166 1614
0b000c01 0b000d01 10339 100 524288 1502645 2691 1614
0b000401 0b000501 10334 100 524288 1493662 11638 1614
0b000a01 0b000301 10047 100 524288 1478060 27422 15267
0b000e01 0b000f01 10341 100 524288 1500025 5523 1614
0b000c01 0b000d01 10340 100 524288 1503045 2666 1614
0b000d01 0b000e01 10343 100 524288 1504273 1581 1614
0b000b01 0b000c01 10335 100 524288 1503211 2717 1614
0b000901 0b000a01 10336 100 524288 1499976 5961 1614
0b000201 0b000301 10338 100 524288 1494637 11139 1614
0b000401 0b000501 10335 100 524288 1494437 11488 1614
0b000201 0b000301 10339 100 524288 1494862 11114 1614
0b000101 0b000201 10342 100 524288 1500451 5793 1614
0b000101 0b000201 10343 100 524288 1500451 5818 1614
0b000101 0b000a01 10047 100 524288 1469531 36918 15267
0b000101 0b000201 10344 100 524288 1500676 5886 1614
0b000001 0b000101 10344 100 524288 1505019 1609 1614
0b000401 0b000501 10336 100 524288 1495212 11463 1614
0b000e01 0b000f01 10342 100 524288 1500675 6071 1614
0b000601 0b000f01 10047 100 524288 1490798 16027 15267
0b000201 0b000301 10340 100 524288 1495644 11225 1614
0b000f01 0b000801 10340 100 524288 1500438 6447 1614
0b000101 0b000201 10345 100 524288 1501276 5698 1614
0b000601 0b000701 10344 100 524288 1504615 2419 1614
0b000701 0b000001 10339 100 524288 1492626 14495 1614
0b000301 0b000401 10339 100 524288 1499788 7461 1614
0b000201 0b000301 10341 100 524288 1496169 11156 1614
0b000301 0b000401 10340 100 524288 1499963 7386 1614
0b000401 0b000501 10337 100 524288 1495899 11488 1614
0b000e01 0b000f01 10343 100 524288 1501156 6221 1614
0b000301 0b000c01 10047 100 524288 1480742 26755 15267
0b000a01 0b000b01 10333 100 524288 1498006 9476 1614
0b000a01 0b000b01 10334 100 524288 1498181 9651 1614
0b000f01 0b000801 10341 100 524288 1501526 6340 1614
0b000e01 0b000701 10049 100 524288 1485719 22198 15267
0b000401 0b000501 10338 100 524288 1496605 11382 1614
0b000701 0b000001 10340 100 524288 1493121 14900 1614
0b000701 0b000001 10341 100 524288 1493221 14800 1614
0b000701 0b000001 10342 100 524288 1493471 14800 1614
0b000001 0b000101 10345 100 524288 1506749 1603 1614
0b000801 0b000101 10048 100 524288 1492142 16258 15267
0b000101 0b000201 10346 100 524288 1504901 3548 1614
0b000701 0b000001 10343 100 524288 1493721 14775 1614
0b000301 0b000401 10341 100 524288 1502574 6050 1614
0b000801 0b000901 10342 100 524288 1504508 4150 1614
0b000801 0b000901 10343 100 524288 1504508 4150 1614
0b000701 0b000001 10344 100 524288 1494146 14550 1614
0b000201 0b000301 10342 100 524288 1498069 10762 1614
0b000401 0b000501 10339 100 524288 1498086 10932 1614
0b000801 0b000901 10344 100 524288 1505458 3625 1614
0b000e01 0b000f01 10344 100 524288 1502273 6823 1614
0b000b01 0b000c01 10336 100 524288 1504060 5180 1614
0b000301 0b000401 10342 100 524288 1503236 5919 1614
0b000901 0b000a01 10337 100 524288 1500351 8964 1614
0b000201 0b000301 10343 100 524288 1498994 10337 1614
0b000301 0b000c01 10048 100 524288 1484422 25259 15267
0b000601 0b000701 10345 100 524288 1505540 4164 1614
0b000a01 0b000b01 10335 100 524288 1499831 9932 1614
0b000501 0b000601 10340 100 524288 1507429 2449 1614
0b000f01 0b000801 10342 100 524288 1503507 6446 1614
0b000401 0b000d01 10047 100 524288 1491650 18316 15267
0b000f01 0b000801 10343 100 524288 1503507 6471 1614
0b000e01 0b000f01 10345 100 524288 1503218 6778 1614
0b000a01 0b000b01 10336 100 524288 1500187 9951 1614
0b000a01 0b000b01 10337 100 524288 1500212 9926 1614
0b000601 0b000701 10346 100 524288 1506090 4170 1614
0b000b01 0b000c01 10337 100 524288 1504811 5572 1614
0b000c01 0b000d01 10341 100 524288 1508938 1597 1614
0b000b01 0b000c01 10338 100 524288 1505111 5472 1614
0b000601 0b000701 10347 100 524288 1507046 3539 1614
0b000f01 0b000801 10344 100 524288 1504303 6300 1614
0b000b01 0b000c01 10339 100 524288 1505334 5299 1614
0b000101 0b000a01 10048 100 524288 1483610 27390 15267
0b000d01 0b000e01 10344 100 524288 1508346 2686 1614
0b000401 0b000501 10340 100 524288 1501023 10076 1614
0b000701 0b000001 10345 100 524288 1497392 13739 1614
0b000701 0b000801 10048 100 524288 1496036 15330 15267
0b000d01 0b000e01 10345 100 524288 1508721 2686 1614
0b000201 0b000301 10344 100 524288 1501443 9963 1614
0b000e01 0b000f01 10346 100 524288 1505633 5868 1614
0b000a01 0b000b01 10338 100 524288 1502005 9508 1614
0b000a01 0b000b01 10339 100 524288 1502330 9408 1614
0b000201 0b000301 10345 100 524288 1501743 9988 1614
0b000901 0b000a01 10338 100 524288 1500847 11023 1614
0b000901 0b000a01 10339 100 524288 1500876 11019 1614
0b000801 0b000901 10345 100 524288 1509895 2081 1614
0b000301 0b000401 10343 100 524288 1506311 5587 1614
0b000101 0b000201 10347 100 524288 1507388 4543 1614
0b000c01 0b000d01 10342 100 524288 1510507 1585 1614
0b000e01 0b000f01 10347 100 524288 1507155 4996 1614
0b000701 0b000001 10346 100 524288 1498417 13714 1614
0b000201 0b000301 10346 100 524288 1502543 9644 1614
0b000e01 0b000f01 10348 100 524288 1507962 4389 1614
0b000101 0b000201 10348 100 524288 1507763 4868 1614
0b000501 0b000601 10341 100 524288 1508310 4324 1614
0b000801 0b000901 10346 100 524288 1510876 2075 1614
0b000001 0b000901 10048 100 524288 1497751 15214 15267
0b000101 0b000201 10349 100 524288 1508138 4868 1614
0b000f01 0b000001 10048 100 524288 1483076 29933 15267
0b000901 0b000201 10048 100 524288 1487950 25196 15267
0b000001 0b000101 10346 100 524288 1510131 3320 1614
0b000b01 0b000c01 10340 100 524288 1510492 2928 1614
0b000501 0b000601 10342 100 524288 1508935 4924 1614
0b000a01 0b000b01 10340 100 524288 1507410 6490 1614
0b000901 0b000201 10049 100 524288 1488462 25476 15267
0b000901 0b000a01 10340 100 524288 1501782 12331 1614
0b000601 0b000701 10348 100 524288 1512888 1609 1614
0b000a01 0b000b01 10341 100 524288 1508947 5584 1614
0b000d01 0b000e01 10346 100 524288 1512976 1599 1614
0b000a01 0b000b01 10342 100 524288 1509459 5222 1614
0b000b01 0b000c01 10341 100 524288 1510842 3921 1614
0b000101 0b000201 10350 100 524288 1511362 3775 1614
0b000701 0b000001 10347 100 524288 1502134 13003 1614
0b000101 0b000201 10351 100 524288 1511410 3752 1614
0b000f01 0b000801 10345 100 524288 1508558 6609 1614
0b000901 0b000a01 10341 100 524288 1502482 13031 1614
0b000501 0b000601 10343 100 524288 1510397 5249 1614
0b000401 0b000501 10341 100 524288 1505779 9926 1614
0b000401 0b000501 10342 100 524288 1505779 9926 1614
0b000301 0b000401 10344 100 524288 1508492 7362 1614
0b000801 0b000901 10347 100 524288 1512963 2894 1614
0b000a01 0b000301 10048 100 524288 1490224 25768 15267
0b000e01 0b000f01 10349 100 524288 1514417 1610 1614
0b000501 0b000601 10344 100 524288 1510997 5055 1614
0b000401 0b000501 10343 100 524288 1506154 9907 1614
0b000b01 0b000401 10047 100 524288 1496108 20051 15267
0b000701 0b000001 10348 100 524288 1503459 12703 1614
0b000501 0b000601 10345 100 524288 1512028 4274 1614
0b000301 0b000401 10345 100 524288 1508786 7593 1614
0b000d01 0b000e01 10347 100 524288 1515102 1598 1614
0b000c01 0b000d01 10343 100 524288 1512250 4579 1614
0b000601 0b000f01 10048 100 524288 1500609 16390 15267
0b000801 0b000901 10348 100 524288 1513613 3494 1614
0b000f01 0b000801 10346 100 524288 1509756 7444 1614
0b000f01 0b000801 10347 100 524288 1509835 7515 1614
0b000801 0b000901 10349 100 524288 1514376 3093 1614
0b000401 0b000d01 10048 100 524288 1499011 18645 15267
0b000401 0b000501 10344 100 524288 1507985 9732 1614
0b000a01 0b000b01 10343 100 524288 1514010 3952 1614
0b000f01 0b000801 10348 100 524288 1510387 7598 1614
0b000101 0b000201 10352 100 524288 1516461 1601 1614
0b000701 0b000001 10349 100 524288 1506152 12017 1614
0b000d01 0b000601 10049 100 524288 1502824 15370 15267
0b000201 0b000301 10347 100 524288 1509254 8988 1614
0b000201 0b000301 10348 100 524288 1509279 8963 1614
0b000001 0b000101 10347 100 524288 1511031 7388 1614
0b000601 0b000701 10349 100 524288 1516869 1581 1614
0b000301 0b000401 10346 100 524288 1509879 8612 1614
0b000901 0b000a01 10342 100 524288 1504132 14295 1614
0b000701 0b000001 10350 100 524288 1506702 11816 1614
0b000701 0b000001 10351 100 524288 1507000 11668 1614
0b000901 0b000a01 10343 100 524288 1504432 14270 1614
0b000f01 0b000001 10049 100 524288 1488306 30428 15267
0b000201 0b000301 10349 100 524288 1509572 9357 1614
0b000301 0b000401 10347 100 524288 1510335 8662 1614
0b000e01 0b000f01 10350 100 524288 1517585 1590 1614
0b000c01 0b000d01 10344 100 524288 1512691 6488 1614
0b000001 0b000101 10348 100 524288 1511281 7900 1614
0b000201 0b000301 10350 100 524288 1509984 9345 1614
0b000001 0b000101 10349 100 524288 1511506 8125 1614
0b000901 0b000a01 10344 100 524288 1505144 14533 1614
0b000f01 0b000801 10349 100 524288 1512106 7577 1614
0b000801 0b000901 10350 100 524288 1518177 1604 1614
0b000a01 0b000b01 10344 100 524288 1514880 4950 1614
0b000001 0b000101 10350 100 524288 1511706 8200 1614
0b000a01 0b000b01 10345 100 524288 1514905 4950 1614
0b000401 0b000501 10345 100 524288 1510259 9895 1614
0b000401 0b000501 10346 100 524288 1510359 9820 1614
0b000701 0b000001 10352 100 524288 1510044 10412 1614
0b000b01 0b000c01 10342 100 524288 1512773 7758 1614
0b000301 0b000401 10348 100 524288 1511841 8637 1614
0b000701 0b000001 10353 100 524288 1510927 9929 1614
0b000301 0b000401 10349 100 524288 1512341 8543 1614
0b000c01 0b000d01 10345 100 524288 1513393 7567 1614
0b000201 0b000301 10351 100 524288 1511459 9457 1614
0b000c01 0b000501 10048 100 524288 1505388 15606 15267
0b000901 0b000a01 10345 100 524288 1506575 14510 1614
0b000c01 0b000d01 10346 100 524288 1513593 7567 1614
0b000c01 0b000d01 10347 100 524288 1513643 7592 1614
0b000401 0b000501 10347 100 524288 1511634 9532 1614
0b000e01 0b000f01 10351 100 524288 1519710 1604 1614
0b000601 0b000701 10350 100 524288 1518656 2659 1614
0b000b01 0b000c01 10343 100 524288 1513148 8189 1614
0b000b01 0b000c01 10344 100 524288 1513148 8189 1614
0b000a01 0b000b01 10346 100 524288 1517123 4238 1614
0b000f01 0b000801 10350 100 524288 1514511 6949 1614
0b000401 0b000501 10348 100 524288 1512165 9301 1614
0b000901 0b000a01 10346 100 524288 1507200 14585 1614
0b000201 0b000b01 10048 100 524288 1492581 29179 15267
0b000f01 0b000801 10351 100 524288 1515161 6674 1614
0b000701 0b000001 10354 100 524288 1513270 8542 1614
0b000f01 0b000801 10352 100 524288 1515361 6524 1614
0b000701 0b000001 10355 100 524288 1513595 8267 1614
0b000a01 0b000b01 10347 100 524288 1518523 3519 1614
0b000d01 0b000e01 10348 100 524288 1519839 2216 1614
0b000601 0b000701 10351 100 524288 1519062 3028 1614
0b000301 0b000401 10350 100 524288 1514416 7743 1614
0b000b01 0b000401 10048 100 524288 1501813 20398 15267
0b000c01 0b000d01 10348 100 524288 1516430 5892 1614
0b000301 0b000401 10351 100 524288 1514741 7618 1614
0b000701 0b000001 10356 100 524288 1517507 4861 1614
0b000901 0b000a01 10347 100 524288 1507900 14485 1614
0b000001 0b000101 10351 100 524288 1514141 8338 1614
0b000c01 0b000d01 10349 100 524288 1517773 4799 1614
0b000401 0b000501 10349 100 524288 1514908 8095 1614
0b000b01 0b000c01 10345 100 524288 1514523 8445 1614
0b000601 0b000701 10352 100 524288 1521204 1961 1614
0b000b01 0b000c01 10346 100 524288 1514748 8520 1614
0b000f01 0b000801 10353 100 524288 1520009 3401 1614
0b000d01 0b000e01 10349 100 524288 1520666 2785 1614
0b000001 0b000101 10352 100 524288 1515141 8788 1614
0b000501 0b000601 10346 100 524288 1518715 5298 1614
0b000501 0b000601 10347 100 524288 1518715 5298 1614
0b000f01 0b000801 10354 100 524288 1522185 2150 1614
0b000801 0b000901 10351 100 524288 1520210 4364 1614
0b000101 0b000201 10353 100 524288 1521429 3194 1614
0b000d01 0b000e01 10350 100 524288 1522189 2683 1614
0b000901 0b000a01 10348 100 524288 1511668 13429 1614
0b000801 0b000901 10352 100 524288 1520360 4789 1614
0b000501 0b000601 10348 100 524288 1519071 5992 1614
0b000001 0b000101 10353 100 524288 1516019 9181 1614
0b000301 0b000401 10352 100 524288 1519002 6307 1614
0b000901 0b000a01 10349 100 524288 1512093 13354 1614
0b000b01 0b000c01 10347 100 524288 1516910 8683 1614
0b000201 0b000301 10352 100 524288 1514941 10694 1614
0b000f01 0b000801 10355 100 524288 1524324 1616 1614
0b000c01 0b000d01 10350 100 524288 1524347 1593 1614
0b000801 0b000101 10049 100 524288 1501765 24231 15267
0b000a01 0b000b01 10348 100 524288 1521437 4723 1614
0b000b01 0b000c01 10348 100 524288 1517691 8658 1614
0b000e01 0b000f01 10352 100 524288 1525065 1667 1614
0b000401 0b000501 10350 100 524288 1518864 7745 1614
0b000a01 0b000b01 10349 100 524288 1521712 5073 1614
0b000801 0b000901 10353 100 524288 1520995 5815 1614
0b000201 0b000301 10353 100 524288 1516016 10669 1614
0b000701 0b000001 10357 100 524288 1524325 2479 1614
0b000201 0b000301 10354 100 524288 1516156 10660 1614
0b000101 0b000201 10354 100 524288 1522191 4663 1614
0b000401 0b000501 10351 100 524288 1519169 7790 1614
0b000201 0b000301 10355 100 524288 1516948 10168 1614
0b000901 0b000a01 10350 100 524288 1514986 12292 1614
0b000a01 0b000301 10049 100 524288 1502330 25129 15267
0b000301 0b000401 10353 100 524288 1521252 6156 1614
0b000101 0b000201 10355 100 524288 1522641 4813 1614
0b000201 0b000301 10356 100 524288 1518147 9431 1614
0b000201 0b000301 10357 100 524288 1518172 9431 1614
0b000101 0b000201 10356 100 524288 1522916 4688 1614
0b000301 0b000401 10354 100 524288 1521939 5986 1614
0b000901 0b000a01 10351 100 524288 1515961 11817 1614
0b000901 0b000a01 10352 100 524288 1515975 11803 1614
0b000201 0b000301 10358 100 524288 1521072 6906 1614
0b000301 0b000401 10355 100 524288 1522339 5811 1614
0b000e01 0b000f01 10353 100 524288 1526461 1746 1614
0b000701 0b000001 10358 100 524288 1525100 3223 1614
0b000f01 0b000001 10050 100 524288 1496732 31832 15267
0b000301 0b000401 10356 100 524288 1523926 4624 1614
0b000a01 0b000b01 10350 100 524288 1522687 5891 1614
0b000901 0b000a01 10353 100 524288 1518867 9836 1614
0b000b01 0b000c01 10349 100 524288 1520972 7739 1614
0b000501 0b000601 10349 100 524288 1520727 8023 1614
0b000c01 0b000d01 10351 100 524288 1525978 2824 1614
0b000d01 0b000601 10050 100 524288 1513545 15305 15267
0b000701 0b000001 10359 100 524288 1526175 2673 1614
0b000601 0b000701 10353 100 524288 1527023 2016 1614
0b000001 0b000101 10354 100 524288 1519172 10081 1614
0b000901 0b000a01 10354 100 524288 1520479 8774 1614
0b000101 0b000201 10357 100 524288 1526939 2496 1614
0b000c01 0b000d01 10352 100 524288 1526278 3074 1614
0b000e01 0b000701 10050 100 524288 1508864 20503 15267
0b000901 0b000201 10050 100 524288 1511668 17762 15267
0b000d01 0b000e01 10351 100 524288 1523970 5520 1614
0b000e01 0b000f01 10354 100 524288 1527882 1681 1614
0b000701 0b000801 10049 100 524288 1512714 16938 15267
0b000901 0b000a01 10355 100 524288 1522791 7012 1614
0b000401 0b000501 10352 100 524288 1521501 8394 1614
0b000d01 0b000e01 10352 100 524288 1524170 5745 1614
0b000301 0b000c01 10049 100 524288 1508986 20967 15267
0b000d01 0b000e01 10353 100 524288 1524245 5745 1614
0b000001 0b000901 10049 100 524288 1511031 18948 15267
0b000601 0b000701 10354 100 524288 1528073 1991 1614
0b000801 0b000901 10354 100 524288 1522693 7499 1614
0b000a01 0b000b01 10351 100 524288 1524095 6426 1614
0b000b01 0b000c01 10350 100 524288 1522840 7752 1614
0b000b01 0b000c01 10351 100 524288 1522865 7727 1614
0b000401 0b000501 10353 100 524288 1522007 8663 1614
0b000d01 0b000e01 10354 100 524288 1525582 5208 1614
0b000101 0b000201 10358 100 524288 1528210 3175 1614
0b000f01 0b000801 10356 100 524288 1529742 1592 1614
0b000a01 0b000b01 10352 100 524288 1524795 6582 1614
0b000901 0b000a01 10356 100 524288 1528159 3300 1614
0b000c01 0b000d01 10353 100 524288 1528603 2886 1614
0b000d01 0b000e01 10355 100 524288 1528950 2671 1614
0b000301 0b000401 10357 100 524288 1528645 3044 1614
0b000101 0b000201 10359 100 524288 1529006 2779 1614
0b000c01 0b000d01 10354 100 524288 1529359 2686 1614
0b000a01 0b000b01 10353 100 524288 1525395 6657 1614
0b000b01 0b000c01 10352 100 524288 1524770 7334 1614
0b000901 0b000a01 10357 100 524288 1529820 2339 1614
0b000b01 0b000c01 10353 100 524288 1525052 7127 1614
0b000801 0b000901 10355 100 524288 1524470 8428 1614
0b000101 0b000a01 10049 100 524288 1507988 24891 15267
0b000f01 0b000801 10357 100 524288 1531217 1708 1614
0b000a01 0b000301 10050 100 524288 1512325 20640 15267
0b000401 0b000501 10354 100 524288 1523488 9613 1614
0b000501 0b000601 10350 100 524288 1523164 10054 1614
0b000501 0b000601 10351 100 524288 1523189 10029 1614
0b000601 0b000701 10355 100 524288 1531860 1591 1614
0b000801 0b000901 10356 100 524288 1524845 8678 1614
0b000801 0b000901 10357 100 524288 1524895 8628 1614
0b000201 0b000301 10359 100 524288 1529864 3674 1614
0b000c01 0b000d01 10355 100 524288 1531721 1980 1614
0b000101 0b000201 10360 100 524288 1532263 1597 1614
0b000b01 0b000c01 10354 100 524288 1529170 4709 1614
0b000001 0b000101 10355 100 524288 1521179 12870 1614
0b000501 0b000601 10352 100 524288 1524004 10164 1614
0b000b01 0b000c01 10355 100 524288 1529795 4359 1614
0b000501 0b000601 10353 100 524288 1524176 10142 1614
0b000f01 0b000801 10358 100 524288 1532573 1727 1614
0b000d01 0b000e01 10356 100 524288 1531812 2521 1614
0b000501 0b000601 10354 100 524288 1524476 10117 1614
0b000001 0b000101 10356 100 524288 1521528 13071 1614
0b000501 0b000e01 10048 100 524288 1506629 28011 15267
0b000e01 0b000701 10051 100 524288 1514042 20650 15267
0b000701 0b000001 10360 100 524288 1532049 2723 1614
0b000801 0b000901 10358 100 524288 1526420 8369 1614
0b000001 0b000101 10357 100 524288 1521678 13177 1614
0b000001 0b000101 10358 100 524288 1521744 13340 1614
0b000701 0b000001 10361 100 524288 1532377 2732 1614
0b000d01 0b000e01 10357 100 524288 1532362 2721 1614
0b000401 0b000501 10355 100 524288 1525169 10207 1614
0b000401 0b000501 10356 100 524288 1525221 10155 1614
0b000801 0b000901 10359 100 524288 1527345 8144 1614
0b000401 0b000501 10357 100 524288 1525369 10132 1614
0b000501 0b000601 10355 100 524288 1526013 9573 1614
0b000901 0b000a01 10358 100 524288 1532989 2850 1614
0b000901 0b000a01 10359 100 524288 1533202 2837 1614
0b000801 0b000901 10360 100 524288 1528950 7383 1614
0b000101 0b000a01 10050 100 524288 1509638 26746 15267
0b000201 0b000301 10360 100 524288 1530464 5987 1614
0b000801 0b000101 10050 100 524288 1508258 28534 15267
0b000201 0b000301 10361 100 524288 1530614 6237 1614
0b000b01 0b000c01 10356 100 524288 1533531 3298 1614
0b000001 0b000101 10359 100 524288 1523466 13445 1614
0b000e01 0b000f01 10355 100 524288 1532500 4424 1614
0b000b01 0b000401 10049 100 524288 1517541 19458 15267
0b000a01 0b000b01 10354 100 524288 1528457 8551 1614
0b000401 0b000501 10358 100 524288 1528319 8882 1614
0b000001 0b000101 10360 100 524288 1523866 13395 1614
0b000501 0b000601 10356 100 524288 1529619 7898 1614
0b000501 0b000601 10357 100 524288 1529969 7698 1614
0b000d01 0b000e01 10358 100 524288 1534499 3234 1614
0b000b01 0b000c01 10357 100 524288 1534387 3573 1614
0b000001 0b000101 10361 100 524288 1524822 13189 1614
0b000001 0b000101 10362 100 524288 1524872 13139 1614
0b000b01 0b000c01 10358 100 524288 1535062 3223 1614
0b000201 0b000b01 10049 100 524288 1500612 37575 15267
0b000801 0b000901 10361 100 524288 1532662 5721 1614
0b000401 0b000501 10359 100 524288 1530418 7783 1614
0b000d01 0b000e01 10359 100 524288 1535055 3353 1614
0b000701 0b000001 10362 100 524288 1536461 1842 1614
0b000401 0b000501 10360 100 524288 1530935 7422 1614
0b000301 0b000401 10358 100 524288 1529695 8687 1614
0b000401 0b000501 10361 100 524288 1531560 6897 1614
0b000c01 0b000d01 10356 100 524288 1532963 5598 1614
0b000e01 0b000f01 10356 100 524288 1532925 5661 1614
0b000e01 0b000f01 10357 100 524288 1533000 5711 1614
0b000501 0b000601 10358 100 524288 1533680 5173 1614
0b000301 0b000401 10359 100 524288 1529826 9081 1614
0b000d01 0b000e01 10360 100 524288 1536711 2528 1614
0b000701 0b000801 10050 100 524288 1521460 17891 15267
0b000801 0b000101 10051 100 524288 1512988 26399 15267
0b000801 0b000901 10362 100 524288 1534344 5089 1614
0b000301 0b000401 10360 100 524288 1530126 9381 1614
0b000701 0b000001 10363 100 524288 1537702 1826 1614
0b000e01 0b000f01 10358 100 524288 1533800 5999 1614
0b000201 0b000301 10363 100 524288 1532440 7394 1614
0b000201 0b000301 10362 100 524288 1532445 7389 1614
0b000901 0b000a01 10360 100 524288 1535908 4099 1614
0b000301 0b000401 10361 100 524288 1530469 9500 1614
0b000c01 0b000d01 10357 100 524288 1533602 6568 1614
0b000c01 0b000d01 10358 100 524288 1533602 6574 1614
0b000301 0b000401 10362 100 524288 1530613 9506 1614
0b000801 0b000901 10363 100 524288 1535935 4374 1614
0b000301 0b000401 10363 100 524288 1530988 9406 1614
0b000201 0b000b01 10050 100 524288 1502193 38360 15267
0b000801 0b000901 10364 100 524288 1537310 3449 1614
0b000001 0b000101 10363 100 524288 1529814 10920 1614
0b000d01 0b000601 10051 100 524288 1525332 15677 15267
0b000f01 0b000001 10051 100 524288 1513006 28153 15267
0b000a01 0b000b01 10355 100 524288 1530288 10901 1614
0b000201 0b000301 10364 100 524288 1534395 6739 1614
0b000201 0b000301 10365 100 524288 1534795 6489 1614
0b000501 0b000601 10359 100 524288 1536111 5273 1614
0b000001 0b000101 10364 100 524288 1531333 10101 1614
0b000f01 0b000801 10359 100 524288 1539934 1590 1614
0b000001 0b000101 10365 100 524288 1531574 9960 1614
0b000001 0b000101 10366 100 524288 1531858 9751 1614
0b000201 0b000301 10366 100 524288 1536870 4789 1614
0b000401 0b000501 10362 100 524288 1540009 1678 1614
0b000c01 0b000d01 10359 100 524288 1535114 6908 1614
0b000c01 0b000d01 10360 100 524288 1535189 6933 1614
0b000101 0b000201 10361 100 524288 1537059 4973 1614
0b000501 0b000e01 10049 100 524288 1509685 32449 15267
0b000a01 0b000b01 10356 100 524288 1530788 11651 1614
0b000a01 0b000b01 10357 100 524288 1530788 11676 1614
0b000b01 0b000c01 10359 100 524288 1541197 1606 1614
0b000901 0b000201 10051 100 524288 1520117 22828 15267
0b000601 0b000f01 10049 100 524288 1515644 27518 15267
0b000d01 0b000e01 10361 100 524288 1541571 1623 1614
0b000c01 0b000d01 10361 100 524288 1537164 6091 1614
0b000001 0b000101 10367 100 524288 1538119 5146 1614
0b000901 0b000a01 10361 100 524288 1536533 6878 1614
0b000901 0b000a01 10362 100 524288 1536533 6878 1614
0b000601 0b000701 10356 100 524288 1536228 7271 1614
0b000601 0b000701 10357 100 524288 1536228 7271 1614
0b000a01 0b000b01 10358 100 524288 1531713 12013 1614
0b000e01 0b000f01 10359 100 524288 1537343 6512 1614
0b000301 0b000401 10364 100 524288 1535975 8065 1614
0b000801 0b000901 10365 100 524288 1542361 1610 1614
0b000f01 0b000001 10052 100 524288 1519037 25035 15267
0b000e01 0b000f01 10360 100 524288 1537650 6580 1614
0b000301 0b000401 10365 100 524288 1536548 7892 1614
0b000101 0b000a01 10051 100 524288 1525489 18989 15267
0b000e01 0b000f01 10361 100 524288 1538093 6437 1614
0b000a01 0b000b01 10359 100 524288 1532263 12288 1614
0b000001 0b000901 10050 100 524288 1518147 26461 15267
0b000401 0b000d01 10049 100 524288 1519389 25250 15267
0b000d01 0b000e01 10362 100 524288 1543180 1589 1614
0b000001 0b000101 10368 100 524288 1541313 3502 1614
0b000c01 0b000d01 10362 100 524288 1540970 3993 1614
0b000c01 0b000d01 10363 100 524288 1541295 3743 1614
0b000a01 0b000b01 10360 100 524288 1532813 12438 1614
0b000f01 0b000801 10360 100 524288 1541596 3746 1614
0b000f01 0b000801 10361 100 524288 1541721 3821 1614
0b000301 0b000c01 10050 100 524288 1515197 30598 15267
0b000001 0b000101 10369 100 524288 1542538 3427 1614
0b000f01 0b000801 10362 100 524288 1542809 3283 1614
0b000b01 0b000c01 10360 100 524288 1543563 2633 1614
0b000901 0b000a01 10363 100 524288 1537799 8522 1614
0b000401 0b000501 10363 100 524288 1541392 4932 1614
0b000501 0b000601 10360 100 524288 1538386 7985 1614
0b000501 0b000601 10361 100 524288 1538386 7985 1614
0b000501 0b000601 10362 100 524288 1538511 8010 1614
0b000a01 0b000b01 10361 100 524288 1534469 12163 1614
0b000101 0b000201 10362 100 524288 1537609 8997 1614
0b000001 0b000101 10370 100 524288 1544169 2515 1614
0b000601 0b000701 10358 100 524288 1537178 9689 1614
0b000a01 0b000301 10051 100 524288 1528107 19098 15267
0b000301 0b000401 10366 100 524288 1539461 7744 1614
0b000601 0b000701 10359 100 524288 1537328 9889 1614
0b000501 0b000e01 10050 100 524288 1514109 33165 15267
0b000c01 0b000d01 10364 100 524288 1545813 1606 1614
0b000901 0b000a01 10364 100 524288 1538499 8928 1614
0b000e01 0b000f01 10362 100 524288 1540743 6689 1614
0b000201 0b000301 10367 100 524288 1545955 1616 1614
0b000301 0b000401 10367 100 524288 1539861 7785 1614
0b000a01 0b000b01 10362 100 524288 1535889 11824 1614
0b000601 0b000701 10360 100 524288 1537603 10064 1614
0b000b01 0b000c01 10361 100 524288 1544199 3559 1614
0b000101 0b000201 10363 100 524288 1537865 9992 1614
0b000e01 0b000f01 10363 100 524288 1541418 6639 1614
0b000701 0b000001 10364 100 524288 1546509 1599 1614
0b000501 0b000601 10363 100 524288 1540211 7910 1614
0b000901 0b000201 10052 100 524288 1527584 20821 15267
0b000f01 0b000801 10363 100 524288 1546172 2257 1614
0b000901 0b000a01 10365 100 524288 1539343 9109 1614
0b000101 0b000201 10364 100 524288 1538094 10519 1614
0b000601 0b000701 10361 100 524288 1538596 10077 1614
0b000001 0b000101 10371 100 524288 1547082 1601 1614
0b000e01 0b000f01 10364 100 524288 1542249 6508 1614
0b000501 0b000601 10364 100 524288 1541367 7504 1614
0b000501 0b000601 10365 100 524288 1541467 7404 1614
0b000401 0b000501 10364 100 524288 1541917 7144 1614
0b000701 0b000801 10051 100 524288 1533074 16012 15267
0b000201 0b000b01 10051 100 524288 1515641 33736 15267
0b000501 0b000601 10366 100 524288 1544697 4755 1614
0b000d01 0b000e01 10363 100 524288 1545032 4673 1614
0b000a01 0b000b01 10363 100 524288 1538849 11045 1614
0b000a01 0b000b01 10364 100 524288 1539049 10995 1614
0b000d01 0b000e01 10364 100 524288 1545132 4948 1614
0b000601 0b000701 10362 100 524288 1540527 9625 1614
0b000b01 0b000c01 10362 100 524288 1545474 4696 1614
0b000601 0b000701 10363 100 524288 1540677 9625 1614
0b000a01 0b000b01 10365 100 524288 1539394 10900 1614
0b000f01 0b000801 10364 100 524288 1547240 3295 1614
0b000e01 0b000701 10052 100 524288 1534631 16140 15267
0b000f01 0b000801 10365 100 524288 1547540 3251 1614
0b000e01 0b000f01 10365 100 524288 1545144 5675 1614
0b000901 0b000a01 10366 100 524288 1541393 9434 1614
0b000401 0b000501 10365 100 524288 1542517 8344 1614
0b000801 0b000901 10366 100 524288 1548352 2888 1614
0b000801 0b000901 10367 100 524288 1548552 2863 1614
0b000201 0b000301 10368 100 524288 1549616 1817 1614
0b000e01 0b000f01 10366 100 524288 1546204 5365 1614
0b000401 0b000501 10366 100 524288 1542979 8644 1614
0b000301 0b000401 10368 100 524288 1542844 8803 1614
0b000301 0b000401 10369 100 524288 1542844 8803 1614
0b000401 0b000501 10367 100 524288 1543129 8594 1614
0b000c01 0b000d01 10365 100 524288 1548805 2926 1614
0b000901 0b000a01 10367 100 524288 1542443 9296 1614
0b000001 0b000901 10051 100 524288 1525378 26397 15267
0b000301 0b000c01 10051 100 524288 1521252 30550 15267
0b000401 0b000501 10368 100 524288 1543404 8494 1614
0b000a01 0b000b01 10366 100 524288 1543017 9114 1614
0b000901 0b000a01 10368 100 524288 1543319 8920 1614
0b000e01 0b000f01 10367 100 524288 1547779 4490 1614
0b000901 0b000a01 10369 100 524288 1543769 8695 1614
0b000c01 0b000d01 10366 100 524288 1549206 3325 1614
0b000b01 0b000c01 10363 100 524288 1546736 5896 1614
0b000001 0b000101 10372 100 524288 1551118 1609 1614
0b000301 0b000401 10370 100 524288 1544144 8653 1614
0b000d01 0b000e01 10365 100 524288 1546265 6552 1614
0b000301 0b000401 10371 100 524288 1544294 8603 1614
0b000701 0b000001 10365 100 524288 1549877 3130 1614
0b000301 0b000401 10372 100 524288 1544669 8378 1614
0b000601 0b000701 10364 100 524288 1544019 9052 1614
0b000e01 0b000f01 10368 100 524288 1550284 2916 1614
0b000401 0b000501 10369 100 524288 1547050 6166 1614
0b000101 0b000201 10365 100 524288 1539802 13445 1614
0b000401 0b000501 10370 100 524288 1547450 5816 1614
0b000c01 0b000d01 10367 100 524288 1550768 2544 1614
0b000901 0b000a01 10370 100 524288 1546981 6433 1614
0b000601 0b000701 10365 100 524288 1544394 9052 1614
0b000901 0b000a01 10371 100 524288 1547618 5896 1614
0b000101 0b000201 10366 100 524288 1539921 13601 1614
0b000f01 0b000801 10366 100 524288 1550442 3217 1614
0b000501 0b000601 10367 100 524288 1552071 1592 1614
0b000801 0b000901 10368 100 524288 1551439 2457 1614
0b000701 0b000001 10366 100 524288 1550227 3761 1614
0b000101 0b000201 10367 100 524288 1540271 13776 1614
0b000b01 0b000401 10050 100 524288 1524371 29829 15267
0b000e01 0b000f01 10369 100 524288 1552715 1760 1614
0b000b01 0b000c01 10364 100 524288 1547561 6977 1614
0b000a01 0b000b01 10367 100 524288 1546421 8154 1614
0b000d01 0b000e01 10366 100 524288 1547649 6981 1614
0b000c01 0b000501 10049 100 524288 1523541 31227 15267
0b000c01 0b000d01 10368 100 524288 1553180 1588 1614
0b000201 0b000301 10369 100 524288 1550867 3959 1614
0b000d01 0b000e01 10367 100 524288 1547973 6864 1614
0b000d01 0b000e01 10368 100 524288 1548048 6889 1614
0b000101 0b000201 10368 100 524288 1541021 13932 1614
0b000301 0b000401 10373 100 524288 1550215 4913 1614
0b000f01 0b000801 10367 100 524288 1551067 4134 1614
0b000301 0b000401 10374 100 524288 1550581 4647 1614
0b000801 0b000901 10369 100 524288 1552096 3131 1614
0b000201 0b000301 10370 100 524288 1551415 4067 1614
0b000a01 0b000b01 10368 100 524288 1547488 8012 1614
0b000201 0b000301 10371 100 524288 1551623 3959 1614
0b000601 0b000f01 10050 100 524288 1519312 36446 15267
0b000d01 0b000e01 10369 100 524288 1550429 5508 1614
0b000801 0b000901 10370 100 524288 1553545 2407 1614
0b000b01 0b000c01 10365 100 524288 1548261 7858 1614
0b000301 0b000c01 10052 100 524288 1530588 25628 15267
0b000c01 0b000d01 10369 100 524288 1554812 1612 1614
0b000101 0b000201 10369 100 524288 1542397 13970 1614
0b000f01 0b000801 10368 100 524288 1551767 4810 1614
0b000301 0b000401 10375 100 524288 1554443 2039 1614
0b000201 0b000b01 10052 100 524288 1527633 29343 15267
0b000a01 0b000301 10052 100 524288 1535169 21865 15267
0b000c01 0b000501 10050 100 524288 1524347 32788 15267
0b000901 0b000a01 10372 100 524288 1554425 2769 1614
0b000701 0b000001 10367 100 524288 1551683 5505 1614
0b000e01 0b000f01 10370 100 524288 1555827 1597 1614
0b000a01 0b000b01 10369 100 524288 1549331 8200 1614
0b000501 0b000601 10368 100 524288 1553871 3836 1614
0b000901 0b000a01 10373 100 524288 1554785 3109 1614
0b000d01 0b000e01 10370 100 524288 1554741 3157 1614
0b000001 0b000101 10373 100 524288 1556017 2078 1614
0b000801 0b000901 10371 100 524288 1556669 1614 1614
0b000101 0b000201 10370 100 524288 1544544 13754 1614
0b000101 0b000201 10371 100 524288 1544619 13679 1614
0b000b01 0b000c01 10366 100 524288 1549642 8683 1614
0b000001 0b000901 10052 100 524288 1537782 20665 15267
0b000d01 0b000e01 10371 100 524288 1555541 3107 1614
0b000601 0b000701 10366 100 524288 1549381 9271 1614
0b000601 0b000701 10367 100 524288 1549381 9296 1614
0b000601 0b000701 10368 100 524288 1549531 9271 1614
0b000a01 0b000b01 10370 100 524288 1550437 8500 1614
0b000001 0b000101 10374 100 524288 1556998 2097 1614
0b000d01 0b000601 10052 100 524288 1543186 15934 15267
0b000101 0b000201 10372 100 524288 1546275 12882 1614
0b000c01 0b000d01 10370 100 524288 1557548 1607 1614
0b000901 0b000a01 10374 100 524288 1556906 2830 1614
0b000101 0b000201 10373 100 524288 1547825 11957 1614
0b000801 0b000901 10372 100 524288 1558211 1672 1614
0b000601 0b000701 10369 100 524288 1551131 8771 1614
0b000701 0b000001 10368 100 524288 1553162 6750 1614
0b000d01 0b000e01 10372 100 524288 1557778 2148 1614
0b000401 0b000d01 10050 100 524288 1523894 36081 15267
0b000b01 0b000c01 10367 100 524288 1550723 9308 1614
0b000701 0b000001 10369 100 524288 1553312 6800 1614
0b000a01 0b000b01 10371 100 524288 1551462 8681 1614
0b000101 0b000201 10374 100 524288 1548975 11182 1614
0b000f01 0b000801 10369 100 524288 1553829 6361 1614
0b000601 0b000701 10370 100 524288 1551881 8421 1614
0b000101 0b000201 10375 100 524288 1549694 10613 1614
0b000701 0b000001 10370 100 524288 1553781 6643 1614
0b000601 0b000701 10371 100 524288 1552462 7990 1614
0b000101 0b000201 10376 100 524288 1551693 8789 1614
0b000401 0b000501 10371 100 524288 1554657 6254 1614
0b000401 0b000501 10372 100 524288 1554657 6254 1614
0b000c01 0b000d01 10371 100 524288 1559226 1610 1614
0b000201 0b000301 10372 100 524288 1556257 4704 1614
0b000e01 0b000f01 10371 100 524288 1557640 3402 1614
0b000d01 0b000e01 10373 100 524288 1559434 1762 1614
0b000301 0b000401 10376 100 524288 1557836 3427 1614
0b000801 0b000901 10373 100 524288 1559587 1702 1614
0b000601 0b000701 10372 100 524288 1556673 4729 1614
0b000f01 0b000801 10370 100 524288 1554579 6842 1614
0b000901 0b000a01 10375 100 524288 1558237 3250 1614
0b000701 0b000001 10371 100 524288 1556081 5499 1614
0b000501 0b000601 10369 100 524288 1554633 7011 1614
0b000701 0b000001 10372 100 524288 1556456 5199 1614
0b000501 0b000601 10370 100 524288 1554733 7161 1614
0b000e01 0b000f01 10372 100 524288 1557947 4048 1614
0b000901 0b000a01 10376 100 524288 1558962 3125 1614
0b000f01 0b000801 10371 100 524288 1555279 6948 1614
0b000501 0b000601 10371 100 524288 1554908 7186 1614
0b000201 0b000301 10373 100 524288 1556532 5748 1614
0b000b01 0b000c01 10368 100 524288 1552387 10250 1614
0b000f01 0b000001 10053 100 524288 1546865 15774 15267
0b000601 0b000701 10373 100 524288 1560717 2178 1614
0b000a01 0b000b01 10372 100 524288 1553837 8993 1614
0b000f01 0b000801 10372 100 524288 1556210 6717 1614
0b000c01 0b000d01 10372 100 524288 1561335 1607 1614
0b000501 0b000601 10372 100 524288 1556226 6843 1614
0b000101 0b000201 10377 100 524288 1561105 2067 1614
0b000301 0b000401 10377 100 524288 1558492 4752 1614
0b000301 0b000401 10378 100 524288 1558592 4752 1614
0b000901 0b000a01 10377 100 524288 1561457 1843 1614
0b000b01 0b000c01 10369 100 524288 1552904 10539 1614
0b000f01 0b000801 10373 100 524288 1557485 6042 1614
0b000b01 0b000c01 10370 100 524288 1553054 10564 1614
0b000e01 0b000f01 10373 100 524288 1558947 4693 1614
0b000501 0b000601 10373 100 524288 1557778 5941 1614
0b000b01 0b000c01 10371 100 524288 1553304 10464 1614
0b000301 0b000401 10379 100 524288 1560044 3775 1614
0b000f01 0b000801 10374 100 524288 1558768 5015 1614
0b000601 0b000701 10374 100 524288 1562130 1927 1614
0b000201 0b000b01 10053 100 524288 1545042 19033 15267
0b000201 0b000301 10374 100 524288 1557057 7114 1614
0b000101 0b000201 10378 100 524288 1562105 2067 1614
0b000401 0b000501 10373 100 524288 1555807 8414 1614
0b000a01 0b000b01 10373 100 524288 1555249 9061 1614
0b000401 0b000501 10374 100 524288 1555907 8439 1614
0b000501 0b000601 10374 100 524288 1560145 4211 1614
0b000a01 0b000b01 10374 100 524288 1555474 9086 1614
0b000d01 0b000e01 10374 100 524288 1562165 2468 1614
0b000c01 0b000d01 10373 100 524288 1563041 1619 1614
0b000801 0b000901 10374 100 524288 1563200 1827 1614
0b000a01 0b000b01 10375 100 524288 1556424 8936 1614
0b000a01 0b000b01 10376 100 524288 1556524 8836 1614
0b000501 0b000e01 10051 100 524288 1532905 32662 15267
0b000301 0b000401 10380 100 524288 1563971 1604 1614
0b000f01 0b000801 10375 100 524288 1564052 1606 1614
0b000501 0b000601 10375 100 524288 1563921 1735 1614
0b000401 0b000501 10375 100 524288 1557210 8752 1614
0b000e01 0b000f01 10374 100 524288 1560908 5113 1614
0b000d01 0b000e01 10375 100 524288 1562985 3337 1614
0b000801 0b000901 10375 100 524288 1564431 1981 1614
0b000701 0b000001 10373 100 524288 1561662 5117 1614
0b000e01 0b000f01 10375 100 524288 1561658 5119 1614
0b000701 0b000001 10374 100 524288 1561687 5117 1614
0b000201 0b000301 10375 100 524288 1557963 8968 1614
0b000401 0b000501 10376 100 524288 1558138 8855 1614
0b000401 0b000501 10377 100 524288 1558238 8761 1614
0b000b01 0b000401 10051 100 524288 1531588 35398 15267
0b000b01 0b000c01 10372 100 524288 1557585 9532 1614
0b000d01 0b000e01 10376 100 524288 1563846 3326 1614
0b000e01 0b000f01 10376 100 524288 1562936 4672 1614
0b000401 0b000501 10378 100 524288 1559492 8414 1614
0b000b01 0b000c01 10373 100 524288 1558510 9607 1614
0b000001 0b000101 10375 100 524288 1562922 5227 1614
0b000e01 0b000f01 10377 100 524288 1564206 3952 1614
0b000f01 0b000801 10376 100 524288 1566650 1607 1614
0b000d01 0b000e01 10377 100 524288 1565952 2520 1614
0b000a01 0b000b01 10377 100 524288 1560904 7733 1614
0b000301 0b000401 10381 100 524288 1567181 1600 1614
0b000001 0b000101 10376 100 524288 1563122 5727 1614
0b000601 0b000701 10375 100 524288 1564654 4202 1614
0b000c01 0b000d01 10374 100 524288 1565647 3350 1614
0b000001 0b000101 10377 100 524288 1563434 5865 1614
0b000701 0b000801 10052 100 524288 1546509 22959 15267
0b000801 0b000101 10052 100 524288 1544534 24768 15267
0b000d01 0b000e01 10378 100 524288 1567670 1933 1614
0b000b01 0b000c01 10374 100 524288 1559986 9637 1614
0b000901 0b000a01 10378 100 524288 1568037 1675 1614
0b000701 0b000001 10375 100 524288 1562912 6798 1614
0b000a01 0b000b01 10378 100 524288 1562746 7097 1614
0b000801 0b000901 10376 100 524288 1565937 4044 1614
0b000b01 0b000c01 10375 100 524288 1560541 9613 1614
0b000601 0b000701 10376 100 524288 1564904 5077 1614
0b000201 0b000301 10376 100 524288 1559377 10710 1614
0b000001 0b000101 10378 100 524288 1564590 5540 1614
0b000701 0b000001 10376 100 524288 1563462 6954 1614
0b000e01 0b000f01 10378 100 524288 1567643 2938 1614
0b000001 0b000101 10379 100 524288 1565649 5037 1614
0b000a01 0b000b01 10379 100 524288 1564497 6246 1614
0b000a01 0b000b01 10380 100 524288 1565097 5896 1614
0b000901 0b000a01 10379 100 524288 1569422 1671 1614
0b000801 0b000901 10377 100 524288 1566537 4644 1614
0b000501 0b000601 10376 100 524288 1567231 3899 1614
0b000b01 0b000c01 10376 100 524288 1561947 9256 1614
0b000701 0b000001 10377 100 524288 1564412 6754 1614
0b000601 0b000f01 10051 100 524288 1527023 44151 15267
0b000a01 0b000b01 10381 100 524288 1566310 4955 1614
0b000801 0b000901 10378 100 524288 1566793 4663 1614
0b000501 0b000601 10377 100 524288 1567356 4199 1614
0b000401 0b000501 10379 100 524288 1564273 7445 1614
0b000f01 0b000801 10377 100 524288 1569031 2732 1614
0b000701 0b000001 10378 100 524288 1565905 5861 1614
0b000001 0b000101 10380 100 524288 1569814 1984 1614
0b000c01 0b000d01 10375 100 524288 1566453 5487 1614
0b000701 0b000001 10379 100 524288 1567067 4924 1614
0b000d01 0b000601 10053 100 524288 1556322 15889 15267
0b000c01 0b000d01 10376 100 524288 1566628 5637 1614
0b000601 0b000701 10377 100 524288 1566079 6214 1614
0b000c01 0b000d01 10377 100 524288 1566778 5637 1614
0b000a01 0b000301 10053 100 524288 1546421 26265 15267
0b000801 0b000901 10379 100 524288 1568668 4119 1614
0b000e01 0b000f01 10379 100 524288 1568577 4230 1614
0b000601 0b000701 10378 100 524288 1566729 6239 1614
0b000601 0b000701 10379 100 524288 1567366 5902 1614
0b000201 0b000301 10377 100 524288 1561308 12001 1614
0b000201 0b000301 10378 100 524288 1561308 12026 1614
0b000601 0b000701 10380 100 524288 1568666 4852 1614
0b000d01 0b000e01 10379 100 524288 1572007 1589 1614
0b000701 0b000001 10380 100 524288 1571866 1954 1614
0b000e01 0b000f01 10380 100 524288 1569332 4580 1614
0b000501 0b000601 10378 100 524288 1568972 4964 1614
0b000f01 0b000801 10378 100 524288 1569787 4238 1614
0b000e01 0b000701 10053 100 524288 1553090 21012 15267
0b000201 0b000301 10379 100 524288 1562167 12067 1614
0b000401 0b000501 10380 100 524288 1566254 8018 1614
0b000401 0b000501 10381 100 524288 1566354 7918 1614
0b000a01 0b000b01 10382 100 524288 1572722 1669 1614
0b000801 0b000901 10380 100 524288 1571267 3151 1614
0b000e01 0b000f01 10381 100 524288 1570182 4286 1614
0b000401 0b000501 10382 100 524288 1566829 7743 1614
0b000501 0b000601 10379 100 524288 1570003 4651 1614
0b000501 0b000601 10380 100 524288 1570009 4645 1614
0b000301 0b000401 10382 100 524288 1573097 1589 1614
0b000201 0b000301 10380 100 524288 1562792 11942 1614
0b000201 0b000301 10381 100 524288 1563167 11767 1614
0b000701 0b000001 10381 100 524288 1572991 1949 1614
0b000901 0b000a01 10380 100 524288 1572991 2032 1614
0b000201 0b000301 10382 100 524288 1563317 11692 1614
0b000201 0b000301 10383 100 524288 1563492 11517 1614
0b000801 0b000901 10381 100 524288 1572478 2596 1614
0b000f01 0b000801 10379 100 524288 1570618 4463 1614
0b000e01 0b000f01 10382 100 524288 1572613 2637 1614
0b000101 0b000201 10379 100 524288 1571159 4111 1614
0b000201 0b000301 10384 100 524288 1566182 9133 1614
0b000101 0b000a01 10052 100 524288 1541021 34313 15267
0b000f01 0b000801 10380 100 524288 1571168 4255 1614
0b000c01 0b000d01 10378 100 524288 1570127 5488 1614
0b000a01 0b000b01 10383 100 524288 1574103 1669 1614
0b000001 0b000101 10381 100 524288 1572720 3033 1614
0b000401 0b000501 10383 100 524288 1568585 7211 1614
0b000b01 0b000c01 10377 100 524288 1565840 10112 1614
0b000501 0b000601 10381 100 524288 1574728 1588 1614
0b000401 0b000501 10384 100 524288 1569996 6325 1614
0b000c01 0b000d01 10379 100 524288 1571127 5244 1614
0b000401 0b000501 10385 100 524288 1571791 4855 1614
0b000801 0b000901 10382 100 524288 1574773 1682 1614
0b000f01 0b000801 10381 100 524288 1574184 2772 1614
0b000601 0b000f01 10052 100 524288 1531760 45239 15267
0b000c01 0b000d01 10380 100 524288 1572633 4638 1614
0b000c01 0b000d01 10381 100 524288 1573164 4282 1614
0b000d01 0b000e01 10380 100 524288 1574950 2581 1614
0b000601 0b000701 10381 100 524288 1574140 3517 1614
0b000b01 0b000c01 10378 100 524288 1567085 10692 1614
0b000c01 0b000501 10051 100 524288 1536889 40956 15267
0b000d01 0b000e01 10381 100 524288 1575425 2581 1614
0b000901 0b000201 10053 100 524288 1554250 23781 15267
0b000e01 0b000f01 10383 100 524288 1576606 1605 1614
0b000b01 0b000c01 10379 100 524288 1567320 10938 1614
0b000901 0b000a01 10381 100 524288 1574191 4094 1614
0b000401 0b000d01 10051 100 524288 1531160 47243 15267
0b000501 0b000e01 10052 100 524288 1541211 37325 15267
0b000801 0b000901 10383 100 524288 1577035 1676 1614
0b000901 0b000a01 10382 100 524288 1574466 4350 1614
0b000001 0b000101 10382 100 524288 1573426 5527 1614
0b000401 0b000501 10386 100 524288 1577696 1600 1614
0b000701 0b000001 10382 100 524288 1575303 4068 1614
0b000101 0b000201 10380 100 524288 1571859 7548 1614
0b000b01 0b000c01 10380 100 524288 1568370 11113 1614
0b000b01 0b000c01 10381 100 524288 1568370 11113 1614
0b000601 0b000701 10382 100 524288 1574565 5067 1614
0b000f01 0b000801 10382 100 524288 1575817 3849 1614
0b000801 0b000901 10384 100 524288 1578433 1659 1614
0b000001 0b000101 10383 100 524288 1574176 6283 1614
0b000c01 0b000d01 10382 100 524288 1578962 1608 1614
0b000101 0b000201 10381 100 524288 1572309 8454 1614
0b000101 0b000201 10382 100 524288 1572312 8451 1614
0b000a01 0b000b01 10384 100 524288 1578033 2751 1614
0b000601 0b000701 10383 100 524288 1575221 5711 1614
0b000901 0b000a01 10383 100 524288 1575797 5169 1614
0b000001 0b000101 10384 100 524288 1574776 6283 1614
0b000a01 0b000b01 10385 100 524288 1578344 2746 1614
0b000001 0b000101 10385 100 524288 1575001 6158 1614
0b000701 0b000801 10053 100 524288 1550677 30715 15267
0b000c01 0b000501 10052 100 524288 1539839 41465 15267
0b000301 0b000401 10383 100 524288 1575696 5770 1614
0b000101 0b000201 10383 100 524288 1573140 8426 1614
0b000801 0b000901 10385 100 524288 1579966 1601 1614
0b000001 0b000101 10386 100 524288 1576830 4779 1614
0b000e01 0b000701 10054 100 524288 1557847 23946 15267
0b000101 0b000201 10384 100 524288 1573696 8195 1614
0b000701 0b000001 10383 100 524288 1575978 5980 1614
0b000f01 0b000801 10383 100 524288 1576922 5144 1614
0b000d01 0b000e01 10382 100 524288 1579381 2856 1614
0b000101 0b000201 10385 100 524288 1574808 7583 1614
0b000c01 0b000d01 10383 100 524288 1580787 1614 1614
0b000701 0b000001 10384 100 524288 1576278 6130 1614
0b000b01 0b000c01 10382 100 524288 1571647 10829 1614
0b000201 0b000b01 10054 100 524288 1567182 15285 15267
0b000701 0b000001 10385 100 524288 1576528 6030 1614
0b000601 0b000701 10384 100 524288 1576946 5711 1614
0b000201 0b000301 10385 100 524288 1581041 1685 1614
0b000701 0b000001 10386 100 524288 1577112 5627 1614
0b000401 0b000d01 10052 100 524288 1534699 48073 15267
0b000901 0b000a01 10384 100 524288 1577428 5448 1614
0b000a01 0b000301 10054 100 524288 1554749 28269 15267
0b000601 0b000701 10385 100 524288 1577664 5368 1614
0b000601 0b000701 10386 100 524288 1577664 5368 1614
0b000f01 0b000801 10384 100 524288 1577478 5713 1614
0b000901 0b000a01 10385 100 524288 1578084 5267 1614
0b000801 0b000101 10053 100 524288 1549102 34260 15267
0b000a01 0b000b01 10386 100 524288 1581826 1601 1614
0b000f01 0b000001 10054 100 524288 1560434 23031 15267
0b000b01 0b000c01 10383 100 524288 1572853 10615 1614
0b000101 0b000a01 10053 100 524288 1543744 39827 15267
0b000101 0b000201 10386 100 524288 1578763 4943 1614
0b000e01 0b000f01 10384 100 524288 1580541 3321 1614
0b000001 0b000101 10387 100 524288 1582381 1611 1614
0b000f01 0b000801 10385 100 524288 1578260 5687 1614
0b000b01 0b000c01 10384 100 524288 1573753 10240 1614
0b000101 0b000a01 10054 100 524288 1544444 39674 15267
0b000b01 0b000c01 10385 100 524288 1574003 10123 1614
0b000b01 0b000c01 10386 100 524288 1574275 9926 1614
0b000701 0b000001 10387 100 524288 1582642 1756 1614
0b000201 0b000301 10386 100 524288 1582417 2046 1614
0b000801 0b000901 10386 100 524288 1582676 1609 1614
0b000101 0b000201 10387 100 524288 1581963 2540 1614
0b000901 0b000a01 10386 100 524288 1579465 5087 1614
0b000e01 0b000f01 10385 100 524288 1581016 3746 1614
0b000f01 0b000801 10386 100 524288 1580009 4869 1614
0b000501 0b000601 10382 100 524288 1577282 7744 1614
0b000501 0b000601 10383 100 524288 1577282 7744 1614
0b000e01 0b000f01 10386 100 524288 1581546 3516 1614
0b000f01 0b000801 10387 100 524288 1581221 3956 1614
0b000b01 0b000c01 10387 100 524288 1577401 7850 1614
0b000d01 0b000e01 10383 100 524288 1580281 4987 1614
0b000d01 0b000e01 10384 100 524288 1580456 5041 1614
0b000c01 0b000d01 10384 100 524288 1582493 3038 1614
0b000c01 0b000d01 10385 100 524288 1582493 3063 1614
0b000a01 0b000b01 10387 100 524288 1583976 1607 1614
0b000001 0b000901 10053 100 524288 1560198 25579 15267
0b000501 0b000601 10384 100 524288 1577582 8319 1614
0b000401 0b000501 10387 100 524288 1584476 1601 1614
0b000a01 0b000301 10055 100 524288 1560204 25991 15267
0b000301 0b000401 10384 100 524288 1576319 10034 1614
0b000301 0b000401 10385 100 524288 1576344 10009 1614
0b000901 0b000a01 10387 100 524288 1581721 4731 1614
0b000601 0b000f01 10053 100 524288 1541863 44694 15267
0b000301 0b000c01 10053 100 524288 1565290 21279 15267
0b000d01 0b000e01 10385 100 524288 1581413 5223 1614
0b000b01 0b000401 10052 100 524288 1540018 46812 15267
0b000e01 0b000f01 10387 100 524288 1585247 1583 1614
0b000801 0b000901 10387 100 524288 1584402 2645 1614
0b000701 0b000001 10388 100 524288 1583942 3226 1614
0b000901 0b000a01 10388 100 524288 1583102 4106 1614
0b000101 0b000201 10388 100 524288 1584169 3049 1614
0b000901 0b000a01 10389 100 524288 1584577 3406 1614
0b000c01 0b000d01 10386 100 524288 1585486 2645 1614
0b000101 0b000a01 10055 100 524288 1555737 32432 15267
0b000101 0b000201 10389 100 524288 1584619 3649 1614
0b000501 0b000601 10385 100 524288 1578806 9505 1614
0b000d01 0b000e01 10386 100 524288 1583580 5012 1614
0b000b01 0b000c01 10388 100 524288 1583794 4892 1614
0b000301 0b000401 10386 100 524288 1577244 11509 1614
0b000b01 0b000c01 10389 100 524288 1584100 4911 1614
0b000501 0b000601 10386 100 524288 1579331 9630 1614
0b000501 0b000601 10387 100 524288 1579656 9630 1614
0b000901 0b000a01 10390 100 524288 1587295 2088 1614
0b000f01 0b000801 10388 100 524288 1586872 2606 1614
0b000801 0b000901 10388 100 524288 1585076 4527 1614
0b000e01 0b000701 10055 100 524288 1571482 18138 15267
0b000301 0b000401 10387 100 524288 1577744 11959 1614
0b000801 0b000101 10054 100 524288 1553801 35933 15267
0b000301 0b000401 10388 100 524288 1577944 11934 1614
0b000e01 0b000f01 10388 100 524288 1588278 1708 1614
0b000701 0b000001 10389 100 524288 1584803 5183 1614
0b000301 0b000401 10389 100 524288 1578019 12009 1614
0b000101 0b000201 10390 100 524288 1586372 3671 1614
0b000301 0b000401 10390 100 524288 1578029 12024 1614
0b000501 0b000601 10388 100 524288 1580855 9233 1614
0b000301 0b000401 10391 100 524288 1578325 11828 1614
0b000001 0b000101 10388 100 524288 1584968 5192 1614
0b000101 0b000201 10391 100 524288 1587002 3247 1614
0b000d01 0b000e01 10387 100 524288 1585411 5081 1614
0b000b01 0b000c01 10390 100 524288 1585477 5109 1614
0b000201 0b000301 10387 100 524288 1583773 6902 1614
0b000201 0b000301 10388 100 524288 1583773 6902 1614
0b000501 0b000601 10389 100 524288 1582306 8382 1614
0b000d01 0b000e01 10388 100 524288 1585782 5085 1614
0b000901 0b000a01 10391 100 524288 1588787 2252 1614
0b000501 0b000601 10390 100 524288 1584314 6874 1614
0b000a01 0b000b01 10388 100 524288 1586361 4852 1614
0b000b01 0b000c01 10391 100 524288 1586437 4805 1614
0b000701 0b000001 10390 100 524288 1585667 5594 1614
0b000301 0b000c01 10054 100 524288 1569941 21362 15267
0b000e01 0b000f01 10389 100 524288 1589646 1702 1614
0b000701 0b000001 10391 100 524288 1586042 5469 1614
0b000701 0b000001 10392 100 524288 1586042 5494 1614
0b000b01 0b000c01 10392 100 524288 1588593 3174 1614
0b000801 0b000901 10389 100 524288 1586201 5602 1614
0b000501 0b000601 10391 100 524288 1589087 2901 1614
0b000201 0b000301 10389 100 524288 1584576 7599 1614
0b000001 0b000101 10389 100 524288 1585418 6837 1614
0b000901 0b000a01 10392 100 524288 1590057 2013 1614
0b000601 0b000701 10387 100 524288 1588036 4356 1614
0b000601 0b000701 10388 100 524288 1588036 4362 1614
0b000a01 0b000b01 10389 100 524288 1586581 5817 1614
0b000801 0b000901 10390 100 524288 1586957 5571 1614
0b000001 0b000101 10390 100 524288 1585568 6993 1614
0b000201 0b000301 10390 100 524288 1584901 7699 1614
0b000f01 0b000801 10389 100 524288 1587772 4905 1614
0b000001 0b000101 10391 100 524288 1585749 6981 1614
0b000f01 0b000001 10055 100 524288 1565005 27835 15267
0b000301 0b000401 10392 100 524288 1585736 7116 1614
0b000301 0b000401 10393 100 524288 1586028 6880 1614
0b000201 0b000301 10391 100 524288 1585401 7568 1614
0b000f01 0b000801 10390 100 524288 1588072 5061 1614
0b000001 0b000101 10392 100 524288 1586475 6630 1614
0b000801 0b000901 10391 100 524288 1587888 5302 1614
0b000e01 0b000f01 10390 100 524288 1591602 1596 1614
0b000801 0b000901 10392 100 524288 1588187 5078 1614
0b000d01 0b000e01 10389 100 524288 1588541 4751 1614
0b000d01 0b000e01 10390 100 524288 1588566 4726 1614
0b000301 0b000401 10394 100 524288 1589205 4128 1614
0b000501 0b000e01 10053 100 524288 1549334 44537 15267
0b000601 0b000701 10389 100 524288 1588911 4969 1614
0b000a01 0b000b01 10390 100 524288 1587128 6935 1614
0b000d01 0b000e01 10391 100 524288 1591141 2951 1614
0b000901 0b000a01 10393 100 524288 1592613 1591 1614
0b000201 0b000301 10392 100 524288 1587513 6656 1614
0b000c01 0b000d01 10387 100 524288 1586478 7745 1614
0b000601 0b000f01 10054 100 524288 1551881 42321 15267
0b000701 0b000001 10393 100 524288 1592630 1599 1614
0b000f01 0b000801 10391 100 524288 1589567 5210 1614
0b000001 0b000101 10393 100 524288 1590178 4541 1614
0b000a01 0b000b01 10391 100 524288 1587562 7426 1614
0b000f01 0b000801 10392 100 524288 1589840 5262 1614
0b000201 0b000301 10393 100 524288 1590228 4841 1614
0b000101 0b000201 10392 100 524288 1592744 2635 1614
0b000401 0b000501 10388 100 524288 1589363 6147 1614
0b000401 0b000501 10389 100 524288 1589363 6147 1614
0b000201 0b000b01 10055 100 524288 1578280 17291 15267
0b000201 0b000301 10394 100 524288 1593053 2697 1614
0b000b01 0b000401 10053 100 524288 1545449 50528 15267
0b000b01 0b000c01 10393 100 524288 1594223 1887 1614
0b000e01 0b000f01 10391 100 524288 1593502 2700 1614
0b000101 0b000201 10393 100 524288 1593170 3259 1614
0b000901 0b000a01 10394 100 524288 1594813 1724 1614
0b000f01 0b000801 10393 100 524288 1592996 3743 1614
0b000c01 0b000d01 10388 100 524288 1587003 9751 1614
0b000e01 0b000f01 10392 100 524288 1593877 2931 1614
0b000401 0b000d01 10053 100 524288 1550215 46665 15267
0b000701 0b000801 10054 100 524288 1561812 35129 15267
0b000701 0b000001 10394 100 524288 1595402 1627 1614
0b000401 0b000d01 10054 100 524288 1550656 46407 15267
0b000c01 0b000d01 10389 100 524288 1587136 10068 1614
0b000c01 0b000d01 10390 100 524288 1587211 9993 1614
0b000f01 0b000001 10056 100 524288 1573591 23618 15267
0b000f01 0b000801 10394 100 524288 1594358 2856 1614
0b000b01 0b000c01 10394 100 524288 1595408 1952 1614
0b000401 0b000501 10390 100 524288 1589840 7420 1614
0b000d01 0b000601 10054 100 524288 1575275 22423 15267
0b000701 0b000801 10055 100 524288 1563312 34540 15267
0b000801 0b000101 10055 100 524288 1565237 32779 15267
0b000301 0b000401 10395 100 524288 1593685 4346 1614
0b000301 0b000401 10396 100 524288 1593685 4346 1614
0b000001 0b000101 10394 100 524288 1592996 5219 1614
0b000601 0b000701 10390 100 524288 1591321 7019 1614
0b000701 0b000001 10395 100 524288 1596890 1620 1614
0b000401 0b000d01 10055 100 524288 1556057 42645 15267
0b000801 0b000901 10393 100 524288 1595687 2900 1614
0b000b01 0b000c01 10395 100 524288 1597073 1687 1614
0b000c01 0b000d01 10391 100 524288 1588261 10530 1614
0b000f01 0b000801 10395 100 524288 1597212 1602 1614
0b000d01 0b000e01 10392 100 524288 1597233 1589 1614
0b000901 0b000201 10054 100 524288 1561293 37533 15267
0b000601 0b000701 10391 100 524288 1591971 7124 1614
0b000a01 0b000b01 10392 100 524288 1590218 8876 1614
0b000901 0b000a01 10395 100 524288 1596200 3093 1614
0b000901 0b000a01 10396 100 524288 1596275 3043 1614
0b000c01 0b000501 10053 100 524288 1555642 44210 15267
0b000801 0b000901 10394 100 524288 1596143 3819 1614
0b000a01 0b000b01 10393 100 524288 1590993 9098 1614
0b000501 0b000601 10392 100 524288 1598520 1611 1614
0b000101 0b000201 10394 100 524288 1595265 4895 1614
0b000b01 0b000c01 10396 100 524288 1598581 1597 1614
0b000a01 0b000b01 10394 100 524288 1591179 9049 1614
0b000201 0b000301 10395 100 524288 1598389 2023 1614
0b000601 0b000701 10392 100 524288 1593098 7322 1614
0b000501 0b000e01 10054 100 524288 1556276 44194 15267
0b000301 0b000401 10397 100 524288 1595185 5385 1614
0b000c01 0b000d01 10392 100 524288 1589579 11085 1614
0b000901 0b000201 10055 100 524288 1562893 37981 15267
0b000101 0b000201 10395 100 524288 1595740 5095 1614
0b000601 0b000701 10393 100 524288 1593698 7197 1614
0b000301 0b000401 10398 100 524288 1595610 5435 1614
0b000d01 0b000601 10055 100 524288 1578625 22532 15267
0b000101 0b000201 10396 100 524288 1596115 4995 1614
0b000a01 0b000b01 10395 100 524288 1592393 8841 1614
0b000601 0b000701 10394 100 524288 1594198 7072 1614
0b000201 0b000301 10396 100 524288 1599439 2010 1614
0b000601 0b000701 10395 100 524288 1594998 6597 1614
0b000f01 0b000801 10396 100 524288 1599212 2452 1614
0b000001 0b000901 10054 100 524288 1564665 36999 15267
0b000001 0b000101 10395 100 524288 1594271 7554 1614
0b000501 0b000601 10393 100 524288 1600270 1611 1614
0b000e01 0b000f01 10393 100 524288 1596302 5562 1614
0b000e01 0b000f01 10394 100 524288 1596302 5562 1614
0b000901 0b000201 10056 100 524288 1564299 37850 15267
0b000f01 0b000801 10397 100 524288 1599818 2439 1614
0b000e01 0b000f01 10395 100 524288 1596881 5408 1614
0b000301 0b000401 10399 100 524288 1598079 4257 1614
0b000a01 0b000b01 10396 100 524288 1594049 8291 1614
0b000e01 0b000f01 10396 100 524288 1597102 5262 1614
0b000001 0b000101 10396 100 524288 1594521 7854 1614
0b000001 0b000101 10397 100 524288 1594546 7829 1614
0b000101 0b000201 10397 100 524288 1597729 4699 1614
0b000301 0b000401 10400 100 524288 1598760 3801 1614
0b000601 0b000701 10396 100 524288 1600708 2017 1614
0b000a01 0b000b01 10397 100 524288 1595080 7941 1614
0b000601 0b000f01 10055 100 524288 1565104 37836 15267
0b000401 0b000501 10391 100 524288 1591763 11249 1614
0b000c01 0b000d01 10393 100 524288 1591696 11605 1614
0b000201 0b000301 10397 100 524288 1601836 1719 1614
0b000701 0b000001 10396 100 524288 1601350 2366 1614
0b000c01 0b000d01 10394 100 524288 1592021 11705 1614
0b000e01 0b000701 10056 100 524288 1588507 15449 15267
0b000001 0b000101 10398 100 524288 1595850 8156 1614
0b000a01 0b000b01 10398 100 524288 1597214 6983 1614
0b000c01 0b000501 10054 100 524288 1559129 45138 15267
0b000101 0b000201 10398 100 524288 1601026 3408 1614
0b000501 0b000601 10394 100 524288 1602862 1625 1614
0b000101 0b000201 10399 100 524288 1601225 3309 1614
0b000901 0b000a01 10397 100 524288 1602972 1627 1614
0b000a01 0b000b01 10399 100 524288 1599547 5302 1614
0b000801 0b000901 10395 100 524288 1597787 7087 1614
0b000c01 0b000d01 10395 100 524288 1593596 11355 1614
0b000001 0b000101 10399 100 524288 1597239 7892 1614
0b000601 0b000701 10397 100 524288 1603141 2090 1614
0b000e01 0b000f01 10397 100 524288 1603480 1609 1614
0b000301 0b000401 10401 100 524288 1603422 2020 1614
0b000c01 0b000d01 10396 100 524288 1594252 11149 1614
0b000c01 0b000d01 10397 100 524288 1594313 11088 1614
0b000a01 0b000b01 10400 100 524288 1602303 3146 1614
0b000801 0b000901 10396 100 524288 1598112 7512 1614
0b000501 0b000e01 10055 100 524288 1563921 41874 15267
0b000401 0b000501 10392 100 524288 1592713 13240 1614
0b000901 0b000a01 10398 100 524288 1604674 1587 1614
0b000301 0b000c01 10055 100 524288 1587473 18800 15267
0b000401 0b000501 10393 100 524288 1592888 13415 1614
0b000d01 0b000e01 10393 100 524288 1599764 6644 1614
0b000301 0b000401 10402 100 524288 1604459 2033 1614
0b000401 0b000501 10394 100 524288 1593038 13559 1614
0b000401 0b000501 10395 100 524288 1593063 13534 1614
0b000001 0b000101 10400 100 524288 1600039 6667 1614
0b000001 0b000101 10401 100 524288 1600219 6537 1614
0b000a01 0b000301 10056 100 524288 1581295 25286 15267
0b000701 0b000001 10397 100 524288 1602105 4767 1614
0b000801 0b000101 10056 100 524288 1578091 28890 15267
0b000001 0b000101 10402 100 524288 1601520 5417 1614
0b000d01 0b000e01 10394 100 524288 1599890 7193 1614
0b000d01 0b000e01 10395 100 524288 1600073 7385 1614
0b000601 0b000701 10398 100 524288 1604167 3130 1614
0b000101 0b000201 10400 100 524288 1604835 2607 1614
0b000601 0b000701 10399 100 524288 1604891 2781 1614
0b000d01 0b000e01 10396 100 524288 1600214 7469 1614
0b000b01 0b000c01 10397 100 524288 1603101 4582 1614
0b000501 0b000601 10395 100 524288 1606022 1789 1614
0b000c01 0b000d01 10398 100 524288 1599120 8712 1614
0b000b01 0b000c01 10398 100 524288 1603238 5096 1614
0b000301 0b000401 10403 100 524288 1606565 1602 1614
0b000c01 0b000d01 10399 100 524288 1600370 7993 1614
0b000701 0b000801 10056 100 524288 1580667 27532 15267
0b000b01 0b000401 10054 100 524288 1555141 53395 15267
0b000101 0b000201 10401 100 524288 1605385 3257 1614
0b000c01 0b000d01 10400 100 524288 1601770 6993 1614
0b000c01 0b000d01 10401 100 524288 1603188 5750 1614
0b000201 0b000301 10398 100 524288 1603170 5802 1614
0b000501 0b000601 10396 100 524288 1607277 1784 1614
0b000601 0b000701 10400 100 524288 1607497 1615 1614
0b000401 0b000d01 10056 100 524288 1593163 15959 15267
0b000a01 0b000b01 10401 100 524288 1607609 1625 1614
0b000801 0b000901 10397 100 524288 1599749 9550 1614
0b000d01 0b000e01 10397 100 524288 1601712 7643 1614
0b000001 0b000901 10055 100 524288 1569789 39452 15267
0b000501 0b000e01 10056 100 524288 1570916 38338 15267
0b000901 0b000a01 10399 100 524288 1607884 1608 1614
0b000801 0b000901 10398 100 524288 1599951 9623 1614
0b000f01 0b000801 10398 100 524288 1604874 4806 1614
0b000801 0b000901 10399 100 524288 1600224 9731 1614
0b000801 0b000901 10400 100 524288 1600862 9618 1614
0b000401 0b000501 10396 100 524288 1595862 14704 1614
0b000401 0b000501 10397 100 524288 1595918 14648 1614
0b000b01 0b000c01 10399 100 524288 1604244 6558 1614
0b000a01 0b000b01 10402 100 524288 1609271 1598 1614
0b000701 0b000001 10398 100 524288 1603430 7327 1614
0b000801 0b000901 10401 100 524288 1601824 9106 1614
0b000c01 0b000d01 10402 100 524288 1609283 1661 1614
0b000101 0b000201 10402 100 524288 1607016 3791 1614
0b000401 0b000501 10398 100 524288 1596343 14673 1614
0b000601 0b000f01 10056 100 524288 1579326 31805 15267
0b000301 0b000401 10404 100 524288 1609591 1607 1614
0b000f01 0b000801 10399 100 524288 1605299 5981 1614
0b000d01 0b000e01 10398 100 524288 1603674 7640 1614
0b000f01 0b000801 10400 100 524288 1605374 6006 1614
0b000001 0b000101 10403 100 524288 1609882 1611 1614
0b000f01 0b000801 10401 100 524288 1605950 5830 1614
0b000801 0b000901 10402 100 524288 1604674 7249 1614
0b000801 0b000901 10403 100 524288 1605267 6881 1614
0b000701 0b000001 10399 100 524288 1603905 8266 1614
0b000b01 0b000c01 10400 100 524288 1605350 6839 1614
0b000f01 0b000801 10402 100 524288 1608099 4206 1614
0b000e01 0b000f01 10398 100 524288 1608805 3770 1614
0b000101 0b000201 10403 100 524288 1608141 4657 1614
0b000b01 0b000c01 10401 100 524288 1606031 6821 1614
0b000701 0b000001 10400 100 524288 1604280 8766 1614
0b000201 0b000301 10400 100 524288 1603845 9289 1614
0b000201 0b000301 10399 100 524288 1603884 9275 1614
0b000801 0b000101 10057 100 524288 1592488 20681 15267
0b000c01 0b000d01 10403 100 524288 1610693 2488 1614
0b000501 0b000601 10397 100 524288 1609313 3941 1614
0b000801 0b000901 10404 100 524288 1611209 2092 1614
0b000701 0b000001 10401 100 524288 1604605 8891 1614
0b000b01 0b000c01 10402 100 524288 1607207 6320 1614
0b000301 0b000401 10405 100 524288 1611982 1609 1614
0b000201 0b000301 10401 100 524288 1604120 9489 1614
0b000601 0b000701 10401 100 524288 1612071 1598 1614
0b000101 0b000a01 10056 100 524288 1583469 30272 15267
0b000c01 0b000d01 10404 100 524288 1611344 2468 1614
0b000501 0b000601 10398 100 524288 1609607 4297 1614
0b000501 0b000601 10399 100 524288 1609617 4312 1614
0b000b01 0b000c01 10403 100 524288 1608459 5603 1614
0b000401 0b000501 10399 100 524288 1598987 15194 1614
0b000a01 0b000b01 10403 100 524288 1612502 1599 1614
0b000f01 0b000001 10057 100 524288 1596208 18043 15267
0b000701 0b000001 10402 100 524288 1605735 8882 1614
0b000201 0b000301 10402 100 524288 1605159 9900 1614
0b000101 0b000201 10404 100 524288 1609766 5451 1614
0b000201 0b000301 10403 100 524288 1605438 9889 1614
0b000101 0b000201 10406 100 524288 1609947 5406 1614
0b000101 0b000201 10405 100 524288 1609991 5362 1614
0b000001 0b000101 10404 100 524288 1613767 1600 1614
0b000c01 0b000d01 10405 100 524288 1613812 1681 1614
0b000701 0b000001 10403 100 524288 1606966 8557 1614
0b000c01 0b000501 10055 100 524288 1574213 41521 15267
0b000b01 0b000c01 10404 100 524288 1612244 3524 1614
0b000f01 0b000801 10403 100 524288 1614141 1645 1614
0b000d01 0b000e01 10399 100 524288 1606736 9082 1614
0b000101 0b000a01 10057 100 524288 1584069 31892 15267
0b000601 0b000f01 10057 100 524288 1592296 23749 15267
0b000701 0b000801 10057 100 524288 1595408 20924 15267
0b000b01 0b000c01 10405 100 524288 1613879 2464 1614
0b000401 0b000501 10400 100 524288 1601041 15403 1614
0b000401 0b000501 10401 100 524288 1601041 15403 1614
0b000e01 0b000f01 10399 100 524288 1609418 7063 1614
0b000001 0b000901 10056 100 524288 1577950 38618 15267
0b000101 0b000201 10407 100 524288 1614503 2428 1614
0b000201 0b000301 10404 100 524288 1607444 9489 1614
0b000201 0b000301 10405 100 524288 1607544 9389 1614
0b000f01 0b000801 10404 100 524288 1615585 1607 1614
0b000e01 0b000701 10057 100 524288 1601832 15457 15267
0b000701 0b000001 10404 100 524288 1610307 7007 1614
0b000701 0b000001 10405 100 524288 1610682 6807 1614
0b000801 0b000901 10405 100 524288 1614290 3286 1614
0b000701 0b000001 10406 100 524288 1612122 5767 1614
0b000c01 0b000d01 10406 100 524288 1615199 2812 1614
0b000101 0b000201 10408 100 524288 1616179 1902 1614
0b000201 0b000301 10406 100 524288 1610452 7692 1614
0b000401 0b000501 10402 100 524288 1603580 14664 1614
0b000501 0b000601 10400 100 524288 1613576 4702 1614
0b000501 0b000601 10401 100 524288 1613576 4727 1614
0b000a01 0b000b01 10404 100 524288 1616751 1600 1614
0b000e01 0b000f01 10400 100 524288 1610093 8338 1614
0b000801 0b000901 10406 100 524288 1614790 3761 1614
0b000b01 0b000401 10055 100 524288 1563153 55440 15267
0b000b01 0b000c01 10406 100 524288 1617111 1588 1614
0b000801 0b000901 10407 100 524288 1615315 3486 1614
0b000501 0b000601 10402 100 524288 1614026 4583 1614
0b000401 0b000501 10403 100 524288 1604055 14564 1614
0b000d01 0b000e01 10400 100 524288 1607961 11013 1614
0b000701 0b000001 10407 100 524288 1616679 2285 1614
0b000e01 0b000f01 10401 100 524288 1610468 8619 1614
0b000401 0b000501 10404 100 524288 1605346 13873 1614
0b000c01 0b000d01 10407 100 524288 1615862 3425 1614
0b000e01 0b000f01 10402 100 524288 1610693 8669 1614
0b000401 0b000501 10405 100 524288 1605571 13773 1614
0b000201 0b000301 10407 100 524288 1613817 5885 1614
0b000901 0b000201 10057 100 524288 1595538 24176 15267
0b000601 0b000701 10402 100 524288 1616914 3035 1614
0b000601 0b000701 10403 100 524288 1616939 3035 1614
0b000101 0b000201 10409 100 524288 1618377 1604 1614
0b000d01 0b000e01 10401 100 524288 1608411 11594 1614
0b000d01 0b000e01 10402 100 524288 1608411 11594 1614
0b000001 0b000101 10405 100 524288 1616056 4081 1614
0b000a01 0b000301 10057 100 524288 1585886 34438 15267
0b000401 0b000501 10406 100 524288 1608452 11917 1614
0b000201 0b000b01 10056 100 524288 1586716 33793 15267
0b000c01 0b000501 10056 100 524288 1581268 39199 15267
0b000a01 0b000b01 10405 100 524288 1618971 1605 1614
0b000f01 0b000801 10405 100 524288 1619055 1592 1614
0b000e01 0b000f01 10404 100 524288 1612264 8385 1614
0b000e01 0b000f01 10403 100 524288 1612365 8284 1614
0b000501 0b000e01 10057 100 524288 1598520 22294 15267
0b000c01 0b000d01 10408 100 524288 1617072 3952 1614
0b000901 0b000a01 10401 100 524288 1612251 8870 1614
0b000201 0b000301 10408 100 524288 1615808 5361 1614
0b000401 0b000501 10407 100 524288 1611177 10017 1614
0b000e01 0b000f01 10405 100 524288 1614324 7000 1614
0b000501 0b000601 10403 100 524288 1617191 4073 1614
0b000401 0b000501 10408 100 524288 1611546 9748 1614
0b000901 0b000a01 10400 100 524288 1612309 9262 1614
0b000401 0b000501 10409 100 524288 1614208 7336 1614
0b000801 0b000901 10408 100 524288 1618796 3020 1614
0b000701 0b000001 10408 100 524288 1620299 1589 1614
0b000e01 0b000f01 10406 100 524288 1618828 3221 1614
0b000301 0b000401 10406 100 524288 1616144 6439 1614
0b000301 0b000401 10407 100 524288 1616169 6439 1614
0b000901 0b000a01 10402 100 524288 1612584 10224 1614
0b000c01 0b000d01 10409 100 524288 1618778 4033 1614
0b000001 0b000101 10406 100 524288 1616506 6362 1614
0b000801 0b000901 10409 100 524288 1619342 3549 1614
0b000b01 0b000c01 10407 100 524288 1621361 1581 1614
0b000f01 0b000001 10058 100 524288 1604874 18083 15267
0b000b01 0b000401 10056 100 524288 1567570 55574 15267
0b000c01 0b000d01 10410 100 524288 1619353 3846 1614
0b000401 0b000501 10410 100 524288 1621603 1603 1614
0b000801 0b000901 10410 100 524288 1620202 3114 1614
0b000301 0b000c01 10056 100 524288 1595979 27313 15267
0b000001 0b000901 10057 100 524288 1587408 35901 15267
0b000a01 0b000301 10058 100 524288 1589462 34321 15267
0b000901 0b000a01 10403 100 524288 1612965 10967 1614
0b000301 0b000401 10408 100 524288 1616619 7364 1614
0b000e01 0b000f01 10407 100 524288 1621984 2046 1614
0b000301 0b000c01 10057 100 524288 1597179 26842 15267
0b000d01 0b000e01 10403 100 524288 1610842 13248 1614
0b000c01 0b000d01 10411 100 524288 1621709 2435 1614
0b000501 0b000601 10404 100 524288 1618744 5744 1614
0b000201 0b000301 10409 100 524288 1618227 6320 1614
0b000101 0b000201 10410 100 524288 1623147 1621 1614
0b000201 0b000301 10410 100 524288 1618363 6424 1614
0b000901 0b000a01 10404 100 524288 1613490 11442 1614
0b000d01 0b000e01 10404 100 524288 1611373 13717 1614
0b000f01 0b000801 10406 100 524288 1621441 3699 1614
0b000701 0b000801 10058 100 524288 1608241 17010 15267
0b000801 0b000901 10411 100 524288 1623657 1615 1614
0b000001 0b000101 10407 100 524288 1617261 8313 1614
0b000901 0b000a01 10405 100 524288 1613940 11797 1614
0b000a01 0b000b01 10406 100 524288 1624131 1606 1614
0b000d01 0b000e01 10405 100 524288 1611773 14017 1614
0b000d01 0b000e01 10406 100 524288 1611948 14042 1614
0b000c01 0b000501 10057 100 524288 1594777 31287 15267
0b000e01 0b000f01 10408 100 524288 1623015 3058 1614
0b000601 0b000701 10404 100 524288 1621288 4773 1614
0b000601 0b000701 10405 100 524288 1621313 4748 1614
0b000d01 0b000e01 10407 100 524288 1612132 14045 1614
0b000601 0b000701 10406 100 524288 1621619 4742 1614
0b000201 0b000301 10411 100 524288 1619941 6546 1614
0b000e01 0b000f01 10409 100 524288 1623824 2680 1614
0b000001 0b000101 10408 100 524288 1617627 8903 1614
0b000b01 0b000c01 10408 100 524288 1623519 2999 1614
0b000b01 0b000c01 10409 100 524288 1623586 3007 1614
0b000301 0b000401 10409 100 524288 1618069 8757 1614
0b000101 0b000a01 10058 100 524288 1595571 31494 15267
0b000601 0b000701 10407 100 524288 1624274 2987 1614
0b000301 0b000401 10410 100 524288 1618337 8970 1614
0b000201 0b000301 10412 100 524288 1621091 6233 1614
0b000201 0b000b01 10057 100 524288 1591278 36195 15267
0b000d01 0b000e01 10408 100 524288 1613954 13598 1614
0b000901 0b000a01 10406 100 524288 1615158 12410 1614
0b000a01 0b000b01 10407 100 524288 1625818 1950 1614
0b000501 0b000601 10405 100 524288 1619454 8364 1614
0b000501 0b000601 10406 100 524288 1619454 8364 1614
0b000001 0b000101 10409 100 524288 1618533 9578 1614
0b000201 0b000301 10413 100 524288 1622724 5525 1614
0b000a01 0b000301 10059 100 524288 1602328 26098 15267
0b000201 0b000301 10414 100 524288 1622991 5358 1614
0b000401 0b000d01 10057 100 524288 1609502 19204 15267
0b000301 0b000401 10411 100 524288 1619943 9026 1614
0b000301 0b000401 10412 100 524288 1619943 9026 1614
0b000d01 0b000e01 10409 100 524288 1616191 12711 1614
0b000901 0b000a01 10407 100 524288 1616311 12614 1614
0b000601 0b000701 10408 100 524288 1627498 1600 1614
0b000d01 0b000e01 10410 100 524288 1616822 12330 1614
0b000f01 0b000801 10407 100 524288 1622097 7309 1614
0b000e01 0b000f01 10410 100 524288 1627100 2322 1614
0b000c01 0b000d01 10412 100 524288 1625952 3495 1614
0b000201 0b000b01 10058 100 524288 1593259 36398 15267
0b000201 0b000301 10415 100 524288 1627778 1881 1614
0b000901 0b000201 10058 100 524288 1601597 27992 15267
0b000b01 0b000401 10057 100 524288 1578782 50826 15267
0b000501 0b000e01 10058 100 524288 1608963 20918 15267
0b000a01 0b000b01 10408 100 524288 1626942 3132 1614
0b000c01 0b000d01 10413 100 524288 1626302 3995 1614
0b000b01 0b000c01 10410 100 524288 1628747 1608 1614
0b000f01 0b000801 10408 100 524288 1622372 8009 1614
0b000001 0b000101 10410 100 524288 1620324 10072 1614
0b000001 0b000101 10411 100 524288 1620499 10022 1614
0b000101 0b000a01 10059 100 524288 1605385 25139 15267
0b000301 0b000401 10413 100 524288 1622712 7956 1614
0b000101 0b000201 10411 100 524288 1628584 2089 1614
0b000d01 0b000e01 10411 100 524288 1621021 9843 1614
0b000001 0b000101 10412 100 524288 1620899 9922 1614
0b000401 0b000501 10411 100 524288 1625593 5355 1614
0b000401 0b000501 10412 100 524288 1625618 5330 1614
0b000301 0b000401 10414 100 524288 1623334 7646 1614
0b000c01 0b000d01 10414 100 524288 1627031 4027 1614
0b000801 0b000901 10412 100 524288 1628150 2959 1614
0b000801 0b000901 10413 100 524288 1628261 2948 1614
0b000d01 0b000e01 10412 100 524288 1622297 9048 1614
0b000001 0b000101 10413 100 524288 1621974 9297 1614
0b000401 0b000501 10413 100 524288 1626154 5619 1614
0b000d01 0b000e01 10413 100 524288 1624034 7661 1614
0b000c01 0b000d01 10415 100 524288 1629528 2405 1614
0b000101 0b000201 10412 100 524288 1629540 2476 1614
0b000d01 0b000e01 10414 100 524288 1626209 5797 1614
0b000001 0b000101 10414 100 524288 1624898 7198 1614
0b000601 0b000f01 10058 100 524288 1610821 21287 15267
0b000001 0b000101 10415 100 524288 1625967 6279 1614
0b000901 0b000a01 10408 100 524288 1619578 12752 1614
0b000601 0b000701 10409 100 524288 1630828 1595 1614
0b000401 0b000501 10414 100 524288 1626993 5430 1614
0b000a01 0b000b01 10409 100 524288 1627942 4588 1614
0b000301 0b000401 10415 100 524288 1626793 5981 1614
0b000501 0b000601 10407 100 524288 1621629 11188 1614
0b000901 0b000a01 10409 100 524288 1620586 12455 1614
0b000901 0b000201 10059 100 524288 1608634 24415 15267
0b000101 0b000201 10413 100 524288 1631121 1978 1614
0b000701 0b000001 10409 100 524288 1629071 4156 1614
0b000701 0b000001 10410 100 524288 1629071 4162 1614
0b000f01 0b000801 10409 100 524288 1623659 9697 1614
0b000f01 0b000801 10410 100 524288 1623659 9722 1614
0b000d01 0b000e01 10415 100 524288 1631716 1665 1614
0b000301 0b000401 10416 100 524288 1627797 5777 1614
0b000b01 0b000c01 10411 100 524288 1630483 3103 1614
0b000901 0b000a01 10410 100 524288 1621561 12105 1614
0b000901 0b000a01 10411 100 524288 1621811 11980 1614
0b000d01 0b000601 10056 100 524288 1600214 33715 15267
0b000f01 0b000801 10411 100 524288 1624334 9647 1614
0b000801 0b000901 10414 100 524288 1632416 1586 1614
0b000a01 0b000b01 10410 100 524288 1628747 5376 1614
0b000201 0b000301 10416 100 524288 1632599 1607 1614
0b000e01 0b000f01 10411 100 524288 1628100 6082 1614
0b000501 0b000601 10408 100 524288 1622354 11888 1614
0b000701 0b000001 10411 100 524288 1630271 4118 1614
0b000401 0b000501 10415 100 524288 1629836 4599 1614
0b000b01 0b000c01 10412 100 524288 1630778 3639 1614
0b000f01 0b000801 10412 100 524288 1625059 9428 1614
0b000c01 0b000501 10058 100 524288 1616537 18081 15267
0b000c01 0b000d01 10416 100 524288 1633365 1605 1614
0b000701 0b000001 10412 100 524288 1632108 2912 1614
0b000001 0b000901 10058 100 524288 1606726 28735 15267
0b000901 0b000a01 10412 100 524288 1624826 10622 1614
0b000a01 0b000b01 10411 100 524288 1630075 5404 1614
0b000f01 0b000801 10413 100 524288 1627040 8522 1614
0b000401 0b000d01 10058 100 524288 1616601 19068 15267
0b000d01 0b000e01 10416 100 524288 1633307 2580 1614
0b000901 0b000a01 10413 100 524288 1625901 10053 1614
0b000501 0b000601 10409 100 524288 1623379 12594 1614
0b000a01 0b000b01 10412 100 524288 1630578 5432 1614
0b000201 0b000b01 10059 100 524288 1611652 24369 15267
0b000901 0b000a01 10415 100 524288 1626319 9785 1614
0b000901 0b000a01 10414 100 524288 1626326 9778 1614
0b000501 0b000601 10410 100 524288 1623477 12696 1614
0b000e01 0b000f01 10412 100 524288 1628800 7513 1614
0b000301 0b000401 10417 100 524288 1631259 5017 1614
0b000301 0b000401 10418 100 524288 1631359 4992 1614
0b000401 0b000501 10416 100 524288 1631979 4418 1614
0b000f01 0b000801 10414 100 524288 1629083 7385 1614
0b000e01 0b000f01 10413 100 524288 1629000 7563 1614
0b000f01 0b000801 10415 100 524288 1629514 7060 1614
0b000201 0b000301 10417 100 524288 1635026 1605 1614
0b000301 0b000401 10419 100 524288 1632669 3985 1614
0b000b01 0b000c01 10413 100 524288 1632667 3962 1614
0b000801 0b000101 10058 100 524288 1612690 24025 15267
0b000e01 0b000f01 10414 100 524288 1629187 7651 1614
0b000501 0b000601 10411 100 524288 1624204 12681 1614
0b000501 0b000601 10412 100 524288 1624304 12581 1614
0b000401 0b000501 10417 100 524288 1632618 4316 1614
0b000b01 0b000c01 10414 100 524288 1633084 3826 1614
0b000701 0b000001 10413 100 524288 1635433 1606 1614
0b000501 0b000601 10413 100 524288 1624554 12506 1614
0b000a01 0b000b01 10413 100 524288 1631935 5062 1614
0b000901 0b000a01 10416 100 524288 1634119 3022 1614
0b000601 0b000f01 10059 100 524288 1616264 20987 15267
0b000401 0b000501 10418 100 524288 1633990 3400 1614
0b000d01 0b000e01 10417 100 524288 1634068 3328 1614
0b000b01 0b000401 10058 100 524288 1597998 39673 15267
0b000501 0b000601 10414 100 524288 1626216 11648 1614
0b000d01 0b000e01 10418 100 524288 1634943 2878 1614
0b000f01 0b000801 10416 100 524288 1635118 2762 1614
0b000e01 0b000f01 10415 100 524288 1630562 7670 1614
0b000d01 0b000601 10057 100 524288 1601801 36543 15267
0b000301 0b000c01 10058 100 524288 1621154 17324 15267
0b000501 0b000e01 10059 100 524288 1621254 17303 15267
0b000101 0b000201 10414 100 524288 1633406 5193 1614
0b000801 0b000101 10059 100 524288 1614390 24136 15267
0b000b01 0b000c01 10415 100 524288 1635540 2995 1614
0b000901 0b000a01 10417 100 524288 1637012 1604 1614
0b000b01 0b000401 10059 100 524288 1602104 36701 15267
0b000c01 0b000d01 10417 100 524288 1636596 2217 1614
0b000101 0b000201 10415 100 524288 1633531 5368 1614
0b000001 0b000901 10059 100 524288 1615181 23888 15267
0b000f01 0b000801 10417 100 524288 1637192 1869 1614
0b000501 0b000601 10415 100 524288 1629074 10090 1614
0b000101 0b000201 10416 100 524288 1633831 5393 1614
0b000101 0b000201 10417 100 524288 1634281 5093 1614
0b000b01 0b000c01 10416 100 524288 1637133 2427 1614
0b000c01 0b000d01 10418 100 524288 1637427 2242 1614
0b000001 0b000101 10416 100 524288 1637399 2426 1614
0b000e01 0b000f01 10416 100 524288 1632891 6888 1614
0b000601 0b000701 10410 100 524288 1636939 2938 1614
0b000e01 0b000701 10058 100 524288 1623015 16946 15267
0b000901 0b000a01 10418 100 524288 1638471 1595 1614
0b000d01 0b000e01 10419 100 524288 1638679 1594 1614
0b000e01 0b000f01 10417 100 524288 1633874 6424 1614
0b000001 0b000101 10417 100 524288 1638030 2420 1614
0b000b01 0b000c01 10417 100 524288 1639020 1790 1614
0b000601 0b000701 10411 100 524288 1637252 3725 1614
0b000501 0b000601 10416 100 524288 1633958 7123 1614
0b000e01 0b000f01 10418 100 524288 1636391 4732 1614
0b000101 0b000201 10418 100 524288 1639725 1581 1614
0b000501 0b000601 10417 100 524288 1634783 6598 1614
0b000a01 0b000b01 10414 100 524288 1635340 6026 1614
0b000f01 0b000001 10059 100 524288 1619491 22034 15267
0b000f01 0b000801 10418 100 524288 1639848 1681 1614
0b000e01 0b000f01 10419 100 524288 1638897 2907 1614
0b000801 0b000901 10415 100 524288 1636366 5663 1614
0b000801 0b000901 10416 100 524288 1636391 5638 1614
0b000401 0b000501 10419 100 524288 1640681 1589 1614
0b000501 0b000601 10418 100 524288 1637628 4648 1614
0b000501 0b000601 10419 100 524288 1639944 2982 1614
0b000a01 0b000b01 10415 100 524288 1636051 6571 1614
0b000f01 0b000801 10419 100 524288 1641242 1667 1614
0b000801 0b000901 10417 100 524288 1636991 5943 1614
0b000d01 0b000601 10058 100 524288 1606311 36686 15267
0b000c01 0b000d01 10419 100 524288 1641488 1581 1614
0b000801 0b000901 10418 100 524288 1637497 5793 1614
0b000a01 0b000b01 10416 100 524288 1636676 6752 1614
0b000a01 0b000b01 10417 100 524288 1636801 6708 1614
0b000801 0b000901 10419 100 524288 1639478 4293 1614
0b000101 0b000201 10419 100 524288 1642835 1599 1614
0b000201 0b000301 10418 100 524288 1641909 2731 1614
0b000a01 0b000b01 10418 100 524288 1639114 5562 1614
0b000a01 0b000b01 10419 100 524288 1640151 4725 1614
0b000201 0b000301 10419 100 524288 1642234 2712 1614
0b000701 0b000801 10059 100 524288 1622959 22319 15267
0b000701 0b000001 10414 100 524288 1642887 2964 1614
0b000701 0b000001 10415 100 524288 1642971 2955 1614
0b000b01 0b000c01 10418 100 524288 1644376 1781 1614
0b000601 0b000701 10412 100 524288 1639183 7474 1614
0b000301 0b000c01 10059 100 524288 1629497 17353 15267
0b000d01 0b000601 10059 100 524288 1618503 28681 15267
0b000b01 0b000c01 10419 100 524288 1645632 1781 1614
0b000901 0b000a01 10419 100 524288 1645944 1581 1614
0b000601 0b000701 10413 100 524288 1639895 8518 1614
0b000601 0b000701 10414 100 524288 1639895 8524 1614
0b000e01 0b000701 10059 100 524288 1631912 16864 15267
0b000601 0b000701 10415 100 524288 1640874 8801 1614
0b000601 0b000701 10416 100 524288 1641354 8838 1614
0b000001 0b000101 10418 100 524288 1648861 1606 1614
0b000601 0b000701 10417 100 524288 1642174 8468 1614
0b000701 0b000001 10416 100 524288 1649667 1595 1614
0b000601 0b000701 10418 100 524288 1644391 7002 1614
0b000601 0b000701 10419 100 524288 1646007 5622 1614
0b000701 0b000001 10417 100 524288 1651429 1781 1614
0b000401 0b000d01 10059 100 524288 1639361 15122 15267
0b000c01 0b000501 10059 100 524288 1639920 15131 15267
0b000701 0b000001 10418 100 524288 1652685 2931 1614
0b000701 0b000001 10419 100 524288 1653202 2720 1614
0b000001 0b000101 10419 100 524288 1656220 1581 1614
